locus_tag	tx_id	protein_id	protein_length	protein_name	PreferredName	GOAnnotAvail	source	origin	biotype	Accession	Begin	End	Orientation	Uniprot	Uniprot_name	description	Length	Gene Names	Protein existence	UniParc	Last seen	GO_GO	GO_IDs	GO_CC	Transmembrane	GO_MF	GO_BP	Subcellular location [CC]	EC number	Catalytic activity	Rhea ID	Cofactor	Function [CC]	Active site	Binding site	Pathway	DNA binding
EPVG_00001	JF974311.1_cds_AET97889.1_1	AET97889.1	263	hypothetical protein	Recombination endonuclease VII	TRUE	Genbank	virus	protein-coding	JF974311.1	60	851	minus	G9E4K4	G9E4K4_9PHYC	Recombination endonuclease VII	263	EPVG_00001	Predicted	UPI00022A4856	2025-06-18	membrane [GO:0016020]	GO:0016020	membrane [GO:0016020]	TRANSMEM 228..246; /note=""Helical""; /evidence=""ECO:0000256|SAM:Phobius""	NA	NA	NA	NA	NA	NA	NA	NA	NA	NA	NA	NA
EPVG_00002	JF974311.1_cds_AET97890.1_2	AET97890.1	100	hypothetical protein	Uncharacterized protein	TRUE	Genbank	virus	protein-coding	JF974311.1	929	1231	minus	G9E4K5	G9E4K5_9PHYC	Uncharacterized protein	100	EPVG_00002	Predicted	UPI00022A4857	2025-06-18	membrane [GO:0016020]	GO:0016020	membrane [GO:0016020]	TRANSMEM 70..89; /note=""Helical""; /evidence=""ECO:0000256|SAM:Phobius""	NA	NA	NA	NA	NA	NA	NA	NA	NA	NA	NA	NA
EPVG_00003	JF974311.1_cds_AET97891.1_3	AET97891.1	155	hypothetical protein	Uncharacterized protein	TRUE	Genbank	virus	protein-coding	JF974311.1	1306	1773	minus	G9E4K6	G9E4K6_9PHYC	Uncharacterized protein	155	EPVG_00003	Predicted	UPI0000585749	2026-06-10	membrane [GO:0016020]	GO:0016020	membrane [GO:0016020]	TRANSMEM 12..29; /note=""Helical""; /evidence=""ECO:0000256|SAM:Phobius""; TRANSMEM 35..53; /note=""Helical""; /evidence=""ECO:0000256|SAM:Phobius""; TRANSMEM 93..115; /note=""Helical""; /evidence=""ECO:0000256|SAM:Phobius""	NA	NA	NA	NA	NA	NA	NA	NA	NA	NA	NA	NA
EPVG_00004	JF974311.1_cds_AET97892.1_4	AET97892.1	205	hypothetical protein	CRAL-TRIO domain-containing protein	FALSE	Genbank	virus	protein-coding	JF974311.1	1795	2412	plus	G9E4K7	G9E4K7_9PHYC	CRAL-TRIO domain-containing protein	205	EPVG_00004	Predicted	UPI000058574A	2026-06-10	NA	NA	NA	NA	NA	NA	NA	NA	NA	NA	NA	NA	NA	NA	NA	NA
EPVG_00005	JF974311.1_cds_AET97893.1_5	AET97893.1	115	hypothetical protein	Uncharacterized protein	TRUE	Genbank	virus	protein-coding	JF974311.1	2485	2832	plus	G9E4K8	G9E4K8_9PHYC	Uncharacterized protein	115	EPVG_00005	Predicted	UPI000058574B	2026-06-10	membrane [GO:0016020]	GO:0016020	membrane [GO:0016020]	TRANSMEM 62..86; /note=""Helical""; /evidence=""ECO:0000256|SAM:Phobius""	NA	NA	NA	NA	NA	NA	NA	NA	NA	NA	NA	NA
EPVG_00006	JF974311.1_cds_AET97894.1_6	AET97894.1	244	hypothetical protein	Uncharacterized protein	TRUE	Genbank	virus	protein-coding	JF974311.1	2901	3635	minus	G9E4K9	G9E4K9_9PHYC	Uncharacterized protein	244	EPVG_00006	Predicted	UPI00022A4858	2025-06-18	membrane [GO:0016020]	GO:0016020	membrane [GO:0016020]	TRANSMEM 12..30; /note=""Helical""; /evidence=""ECO:0000256|SAM:Phobius""; TRANSMEM 73..94; /note=""Helical""; /evidence=""ECO:0000256|SAM:Phobius""; TRANSMEM 101..123; /note=""Helical""; /evidence=""ECO:0000256|SAM:Phobius""; TRANSMEM 135..153; /note=""Helical""; /evidence=""ECO:0000256|SAM:Phobius""; TRANSMEM 165..186; /note=""Helical""; /evidence=""ECO:0000256|SAM:Phobius""	NA	NA	NA	NA	NA	NA	NA	NA	NA	NA	NA	NA
EPVG_00007	JF974311.1_cds_AET97895.1_7	AET97895.1	456	hypothetical protein	Uncharacterized protein	FALSE	Genbank	virus	protein-coding	JF974311.1	3640	5010	minus	G9E4L0	G9E4L0_9PHYC	Uncharacterized protein	456	EPVG_00007	Predicted	UPI00022A4859	2025-06-18	NA	NA	NA	NA	NA	NA	NA	NA	NA	NA	NA	NA	NA	NA	NA	NA
EPVG_00008	JF974311.1_cds_AET97896.1_8	AET97896.1	162	hypothetical protein	Uncharacterized protein	TRUE	Genbank	virus	protein-coding	JF974311.1	5030	5518	minus	G9E4L1	G9E4L1_9PHYC	Uncharacterized protein	162	EPVG_00008	Predicted	UPI000058574E	2026-06-10	membrane [GO:0016020]	GO:0016020	membrane [GO:0016020]	TRANSMEM 133..151; /note=""Helical""; /evidence=""ECO:0000256|SAM:Phobius""	NA	NA	NA	NA	NA	NA	NA	NA	NA	NA	NA	NA
EPVG_00009	JF974311.1_cds_AET97897.1_9	AET97897.1	362	hypothetical protein	Uncharacterized protein	FALSE	Genbank	virus	protein-coding	JF974311.1	5541	6629	minus	G9E4L2	G9E4L2_9PHYC	Uncharacterized protein	362	EPVG_00009	Predicted	UPI00022A485A	2025-06-18	NA	NA	NA	NA	NA	NA	NA	NA	NA	NA	NA	NA	NA	NA	NA	NA
EPVG_00010	JF974311.1_cds_AET97898.1_10	AET97898.1	125	hypothetical protein	Peptidase M48 domain-containing protein	TRUE	Genbank	virus	protein-coding	JF974311.1	6634	7011	minus	G9E4L3	G9E4L3_9PHYC	Peptidase M48 domain-containing protein	125	EPVG_00010	Predicted	UPI00022A485B	2025-06-18	membrane [GO:0016020]	GO:0016020	membrane [GO:0016020]	TRANSMEM 6..26; /note=""Helical""; /evidence=""ECO:0000256|SAM:Phobius""	NA	NA	NA	NA	NA	NA	NA	NA	NA	NA	NA	NA
EPVG_00011	JF974311.1_cds_AET97899.1_11	AET97899.1	175	hypothetical protein	Transcription factor CBF/NF-Y/archaeal histone domain-containing protein	FALSE	Genbank	virus	protein-coding	JF974311.1	7068	7595	plus	G9E4L4	G9E4L4_9PHYC	Transcription factor CBF/NF-Y/archaeal histone domain-containing protein	175	EPVG_00011	Predicted	UPI00022A485C	2025-06-18	NA	NA	NA	NA	NA	NA	NA	NA	NA	NA	NA	NA	NA	NA	NA	NA
EPVG_00012	JF974311.1_cds_AET97900.1_12	AET97900.1	72	hypothetical protein	Uncharacterized protein	FALSE	Genbank	virus	protein-coding	JF974311.1	7598	7816	minus	G9E4L5	G9E4L5_9PHYC	Uncharacterized protein	72	EPVG_00012	Predicted	UPI00022A4CEB	2025-06-18	NA	NA	NA	NA	NA	NA	NA	NA	NA	NA	NA	NA	NA	NA	NA	NA
EPVG_00013	JF974311.1_cds_AET97901.1_13	AET97901.1	57	hypothetical protein	Uncharacterized protein	TRUE	Genbank	virus	protein-coding	JF974311.1	8026	8199	plus	G9E4L6	G9E4L6_9PHYC	Uncharacterized protein	57	EPVG_00013	Predicted	UPI00022A485D	2025-06-18	membrane [GO:0016020]	GO:0016020	membrane [GO:0016020]	TRANSMEM 6..25; /note=""Helical""; /evidence=""ECO:0000256|SAM:Phobius""	NA	NA	NA	NA	NA	NA	NA	NA	NA	NA	NA	NA
EPVG_00014	JF974311.1_cds_AET97902.1_14	AET97902.1	288	hypothetical protein	TLC domain-containing protein	TRUE	Genbank	virus	protein-coding	JF974311.1	8204	9070	plus	G9E4L7	G9E4L7_9PHYC	TLC domain-containing protein	288	EPVG_00014	Predicted	UPI00022A485E	2025-06-18	membrane [GO:0016020]; sphingosine N-acyltransferase activity [GO:0050291]; ceramide biosynthetic process [GO:0046513]	GO:0016020; GO:0046513; GO:0050291	membrane [GO:0016020]	TRANSMEM 20..42; /note=""Helical""; /evidence=""ECO:0000256|SAM:Phobius""; TRANSMEM 62..81; /note=""Helical""; /evidence=""ECO:0000256|SAM:Phobius""; TRANSMEM 136..155; /note=""Helical""; /evidence=""ECO:0000256|SAM:Phobius""; TRANSMEM 188..206; /note=""Helical""; /evidence=""ECO:0000256|SAM:Phobius""; TRANSMEM 248..268; /note=""Helical""; /evidence=""ECO:0000256|SAM:Phobius""	sphingosine N-acyltransferase activity [GO:0050291]	ceramide biosynthetic process [GO:0046513]	SUBCELLULAR LOCATION: Membrane {ECO:0000256|ARBA:ARBA00004141}; Multi-pass membrane protein {ECO:0000256|ARBA:ARBA00004141}.	NA	NA	NA	NA	NA	NA	NA	NA	NA
EPVG_00015	JF974311.1_cds_AET97903.1_15	AET97903.1	122	hypothetical protein	Transmembrane protein	TRUE	Genbank	virus	protein-coding	JF974311.1	9125	9493	plus	G9E4L8	G9E4L8_9PHYC	Transmembrane protein	122	EPVG_00015	Predicted	UPI00022A485F	2025-06-18	membrane [GO:0016020]	GO:0016020	membrane [GO:0016020]	TRANSMEM 25..45; /note=""Helical""; /evidence=""ECO:0000256|SAM:Phobius""	NA	NA	NA	NA	NA	NA	NA	NA	NA	NA	NA	NA
EPVG_00016	JF974311.1_cds_AET97904.1_16	AET97904.1	78	hypothetical protein	Uncharacterized protein	TRUE	Genbank	virus	protein-coding	JF974311.1	9518	9754	plus	G9E4L9	G9E4L9_9PHYC	Uncharacterized protein	78	EPVG_00016	Predicted	UPI00022A4860	2025-06-18	membrane [GO:0016020]	GO:0016020	membrane [GO:0016020]	TRANSMEM 6..25; /note=""Helical""; /evidence=""ECO:0000256|SAM:Phobius""; TRANSMEM 37..57; /note=""Helical""; /evidence=""ECO:0000256|SAM:Phobius""	NA	NA	NA	NA	NA	NA	NA	NA	NA	NA	NA	NA
EPVG_00017	JF974311.1_cds_AET97905.1_17	AET97905.1	767	hypothetical protein	Uncharacterized protein	FALSE	Genbank	virus	protein-coding	JF974311.1	9756	12059	minus	G9E4M0	G9E4M0_9PHYC	Uncharacterized protein	767	EPVG_00017	Predicted	UPI00022A4861	2025-06-18	NA	NA	NA	NA	NA	NA	NA	NA	NA	NA	NA	NA	NA	NA	NA	NA
EPVG_00018	JF974311.1_cds_AET97906.1_18	AET97906.1	358	flap endonuclease-1	Flap endonuclease-1	TRUE	Genbank	virus	protein-coding	JF974311.1	12070	13146	minus	G9E4M1	G9E4M1_9PHYC	Flap endonuclease-1	358	EPVG_00018	Inferred from homology	UPI00022A4862	2025-06-18	5'-3' exonuclease activity [GO:0008409]; 5'-flap endonuclease activity [GO:0017108]; DNA binding [GO:0003677]; metal ion binding [GO:0046872]; DNA repair [GO:0006281]; DNA replication [GO:0006260]	GO:0003677; GO:0006260; GO:0006281; GO:0008409; GO:0017108; GO:0046872	NA	NA	5'-3' exonuclease activity [GO:0008409]; 5'-flap endonuclease activity [GO:0017108]; DNA binding [GO:0003677]; metal ion binding [GO:0046872]	DNA repair [GO:0006281]; DNA replication [GO:0006260]	NA	NA	NA	NA	COFACTOR: Name=Mg(2+); Xref=ChEBI:CHEBI:18420; Evidence={ECO:0000256|ARBA:ARBA00001946};	NA	NA	NA	NA	NA
EPVG_00019	JF974311.1_cds_AET97907.1_19	AET97907.1	591	hypothetical protein	Protein kinase domain-containing protein	FALSE	Genbank	virus	protein-coding	JF974311.1	13156	14931	minus	G9E4M2	G9E4M2_9PHYC	Protein kinase domain-containing protein	591	EPVG_00019	Predicted	UPI00022A4956	2025-06-18	NA	NA	NA	NA	NA	NA	NA	NA	NA	NA	NA	NA	NA	NA	NA	NA
EPVG_00020	JF974311.1_cds_AET97908.1_20	AET97908.1	259	proliferating cell nuclear antigen	Proliferating cell nuclear antigen	TRUE	Genbank	virus	protein-coding	JF974311.1	14937	15716	minus	G9E4M3	G9E4M3_9PHYC	Proliferating cell nuclear antigen	259	EPVG_00020	Inferred from homology	UPI00022A4957	2025-06-18	DNA binding [GO:0003677]; DNA polymerase processivity factor activity [GO:0030337]; leading strand elongation [GO:0006272]; mismatch repair [GO:0006298]; regulation of DNA replication [GO:0006275]; translesion synthesis [GO:0019985]	GO:0003677; GO:0006272; GO:0006275; GO:0006298; GO:0019985; GO:0030337	NA	NA	DNA binding [GO:0003677]; DNA polymerase processivity factor activity [GO:0030337]	leading strand elongation [GO:0006272]; mismatch repair [GO:0006298]; regulation of DNA replication [GO:0006275]; translesion synthesis [GO:0019985]	NA	NA	NA	NA	NA	NA	NA	NA	NA	NA
EPVG_00021	JF974311.1_cds_AET97909.1_21	AET97909.1	409	serine protease	Serine protease	TRUE	Genbank	virus	protein-coding	JF974311.1	15765	16994	plus	G9E4M4	G9E4M4_9PHYC	Serine protease	409	EPVG_00021	Predicted	UPI00022A4958	2025-06-18	membrane [GO:0016020]; serine-type endopeptidase activity [GO:0004252]; proteolysis [GO:0006508]	GO:0004252; GO:0006508; GO:0016020	membrane [GO:0016020]	TRANSMEM 334..354; /note=""Helical""; /evidence=""ECO:0000256|SAM:Phobius""	serine-type endopeptidase activity [GO:0004252]	proteolysis [GO:0006508]	NA	NA	NA	NA	NA	NA	NA	NA	NA	NA
EPVG_00022	JF974311.1_cds_AET97910.1_22	AET97910.1	429	phosphoglycerate mutase	Phosphoglycerate mutase	FALSE	Genbank	virus	protein-coding	JF974311.1	16979	18268	minus	G9E4M5	G9E4M5_9PHYC	Phosphoglycerate mutase	429	EPVG_00022	Predicted	UPI00022A530B	2025-06-18	NA	NA	NA	NA	NA	NA	NA	NA	NA	NA	NA	NA	NA	NA	NA	NA
EPVG_00023	JF974311.1_cds_AET97911.1_23	AET97911.1	173	deoxycytidylate deaminase	Deoxycytidylate deaminase	TRUE	Genbank	virus	protein-coding	JF974311.1	18513	19034	minus	G9E4M6	G9E4M6_9PHYC	Deoxycytidylate deaminase	173	EPVG_00023	Predicted	UPI00022A495A	2025-06-18	dCMP deaminase activity [GO:0004132]; zinc ion binding [GO:0008270]; cytidine deamination [GO:0009972]; pyrimidine nucleotide metabolic process [GO:0006220]	GO:0004132; GO:0006220; GO:0008270; GO:0009972	NA	NA	dCMP deaminase activity [GO:0004132]; zinc ion binding [GO:0008270]	cytidine deamination [GO:0009972]; pyrimidine nucleotide metabolic process [GO:0006220]	NA	NA	NA	NA	COFACTOR: Name=Zn(2+); Xref=ChEBI:CHEBI:29105; Evidence={ECO:0000256|ARBA:ARBA00001947, ECO:0000256|PIRSR:PIRSR006019-2};	NA	ACT_SITE 94; /note=""Proton donor""; /evidence=""ECO:0000256|PIRSR:PIRSR006019-1""	BINDING 92; /ligand=""Zn(2+)""; /ligand_id=""ChEBI:CHEBI:29105""; /ligand_note=""catalytic""; /evidence=""ECO:0000256|PIRSR:PIRSR006019-2""; BINDING 118; /ligand=""Zn(2+)""; /ligand_id=""ChEBI:CHEBI:29105""; /ligand_note=""catalytic""; /evidence=""ECO:0000256|PIRSR:PIRSR006019-2""; BINDING 121; /ligand=""Zn(2+)""; /ligand_id=""ChEBI:CHEBI:29105""; /ligand_note=""catalytic""; /evidence=""ECO:0000256|PIRSR:PIRSR006019-2""	NA	NA
EPVG_00024	JF974311.1_cds_AET97912.1_24	AET97912.1	171	hypothetical protein	Uncharacterized protein	TRUE	Genbank	virus	protein-coding	JF974311.1	19072	19587	minus	G9E4M7	G9E4M7_9PHYC	Uncharacterized protein	171	EPVG_00024	Predicted	UPI00022A495B	2025-06-18	membrane [GO:0016020]	GO:0016020	membrane [GO:0016020]	TRANSMEM 67..95; /note=""Helical""; /evidence=""ECO:0000256|SAM:Phobius""; TRANSMEM 101..131; /note=""Helical""; /evidence=""ECO:0000256|SAM:Phobius""	NA	NA	NA	NA	NA	NA	NA	NA	NA	NA	NA	NA
EPVG_00025	JF974311.1_cds_AET97913.1_25	AET97913.1	325	ribonucleoside-diphosphate reductase small subunit	Ribonucleoside-diphosphate reductase small chain (EC 1.17.4.1) (Ribonucleotide reductase small subunit)	TRUE	Genbank	virus	protein-coding	JF974311.1	19682	20659	plus	G9E4M8	G9E4M8_9PHYC	Ribonucleoside-diphosphate reductase small chain (EC 1.17.4.1) (Ribonucleotide reductase small subunit)	325	EPVG_00025	Inferred from homology	UPI00022A48A4	2025-06-18	membrane [GO:0016020]; ribonucleoside-diphosphate reductase activity, thioredoxin disulfide as acceptor [GO:0004748]; deoxyribonucleotide biosynthetic process [GO:0009263]	GO:0004748; GO:0009263; GO:0016020	membrane [GO:0016020]	TRANSMEM 157..178; /note=""Helical""; /evidence=""ECO:0000256|SAM:Phobius""	ribonucleoside-diphosphate reductase activity, thioredoxin disulfide as acceptor [GO:0004748]	deoxyribonucleotide biosynthetic process [GO:0009263]	NA	1.17.4.1	NA	NA	COFACTOR: Name=Fe cation; Xref=ChEBI:CHEBI:24875; Evidence={ECO:0000256|ARBA:ARBA00001962};	FUNCTION: Ribonucleoside-diphosphate reductase holoenzyme provides the precursors necessary for viral DNA synthesis. Allows virus growth in non-dividing cells. Catalyzes the biosynthesis of deoxyribonucleotides from the corresponding ribonucleotides. {ECO:0000256|ARBA:ARBA00025523}.	NA	NA	NA	NA
EPVG_00026	JF974311.1_cds_AET97914.1_26	AET97914.1	150	hypothetical protein	Uncharacterized protein	FALSE	Genbank	virus	protein-coding	JF974311.1	20685	21137	minus	G9E4M9	G9E4M9_9PHYC	Uncharacterized protein	150	EPVG_00026	Predicted	UPI00022A48A3	2025-06-18	NA	NA	NA	NA	NA	NA	NA	NA	NA	NA	NA	NA	NA	NA	NA	NA
EPVG_00027	JF974311.1_cds_AET97915.1_27	AET97915.1	197	hypothetical protein	Uncharacterized protein	FALSE	Genbank	virus	protein-coding	JF974311.1	21152	21745	minus	G9E4N0	G9E4N0_9PHYC	Uncharacterized protein	197	EPVG_00027	Predicted	UPI00022A48A2	2025-06-18	NA	NA	NA	NA	NA	NA	NA	NA	NA	NA	NA	NA	NA	NA	NA	NA
EPVG_00028	JF974311.1_cds_AET97916.1_28	AET97916.1	263	hypothetical protein	Fungal lipase-type domain-containing protein	TRUE	Genbank	virus	protein-coding	JF974311.1	21792	22583	minus	G9E4N1	G9E4N1_9PHYC	Fungal lipase-type domain-containing protein	263	EPVG_00028	Predicted	UPI00022A48A1	2025-06-18	lipid metabolic process [GO:0006629]	GO:0006629	NA	NA	NA	lipid metabolic process [GO:0006629]	NA	NA	NA	NA	NA	NA	NA	NA	NA	NA
EPVG_00029	JF974311.1_cds_AET97917.1_29	AET97917.1	215	hypothetical protein	Uncharacterized protein	TRUE	Genbank	virus	protein-coding	JF974311.1	22642	23289	minus	G9E4N2	G9E4N2_9PHYC	Uncharacterized protein	215	EPVG_00029	Predicted	UPI00022A48A0	2025-06-18	membrane [GO:0016020]	GO:0016020	membrane [GO:0016020]	TRANSMEM 6..31; /note=""Helical""; /evidence=""ECO:0000256|SAM:Phobius""; TRANSMEM 43..64; /note=""Helical""; /evidence=""ECO:0000256|SAM:Phobius""; TRANSMEM 70..87; /note=""Helical""; /evidence=""ECO:0000256|SAM:Phobius""; TRANSMEM 99..124; /note=""Helical""; /evidence=""ECO:0000256|SAM:Phobius""; TRANSMEM 130..151; /note=""Helical""; /evidence=""ECO:0000256|SAM:Phobius""	NA	NA	NA	NA	NA	NA	NA	NA	NA	NA	NA	NA
EPVG_00030	JF974311.1_cds_AET97918.1_30	AET97918.1	1012	DNA polymerase	DNA polymerase (EC 2.7.7.7)	TRUE	Genbank	virus	protein-coding	JF974311.1	23361	26399	plus	G9E4N3	G9E4N3_9PHYC	DNA polymerase (EC 2.7.7.7)	1012	EPVG_00030	Inferred from homology	UPI00022A489F	2025-06-18	3'-5'-DNA exonuclease activity [GO:0008296]; DNA binding [GO:0003677]; DNA-directed DNA polymerase activity [GO:0003887]; nucleotide binding [GO:0000166]; base-excision repair, gap-filling [GO:0006287]; DNA replication proofreading [GO:0045004]; nucleotide-excision repair, DNA gap filling [GO:0006297]; viral DNA genome replication [GO:0039693]	GO:0000166; GO:0003677; GO:0003887; GO:0006287; GO:0006297; GO:0008296; GO:0039693; GO:0045004	NA	NA	3'-5'-DNA exonuclease activity [GO:0008296]; DNA binding [GO:0003677]; DNA-directed DNA polymerase activity [GO:0003887]; nucleotide binding [GO:0000166]	base-excision repair, gap-filling [GO:0006287]; DNA replication proofreading [GO:0045004]; nucleotide-excision repair, DNA gap filling [GO:0006297]; viral DNA genome replication [GO:0039693]	NA	2.7.7.7	CATALYTIC ACTIVITY: Reaction=DNA(n) + a 2'-deoxyribonucleoside 5'-triphosphate = DNA(n+1) + diphosphate; Xref=Rhea:RHEA:22508, Rhea:RHEA-COMP:17339, Rhea:RHEA-COMP:17340, ChEBI:CHEBI:33019, ChEBI:CHEBI:61560, ChEBI:CHEBI:173112; EC=2.7.7.7; Evidence={ECO:0000256|ARBA:ARBA00049244, ECO:0000256|RuleBase:RU000442};	RHEA:22508	NA	NA	NA	NA	NA	NA
EPVG_00031	JF974311.1_cds_AET97919.1_31	AET97919.1	328	hypothetical protein	Fatty acid hydroxylase domain-containing protein	TRUE	Genbank	virus	protein-coding	JF974311.1	26404	27390	plus	G9E4N4	G9E4N4_9PHYC	Fatty acid hydroxylase domain-containing protein	328	EPVG_00031	Predicted	UPI00022A489E	2025-06-18	membrane [GO:0016020]; iron ion binding [GO:0005506]; oxidoreductase activity [GO:0016491]; lipid biosynthetic process [GO:0008610]	GO:0005506; GO:0008610; GO:0016020; GO:0016491	membrane [GO:0016020]	TRANSMEM 6..25; /note=""Helical""; /evidence=""ECO:0000256|SAM:Phobius""; TRANSMEM 46..69; /note=""Helical""; /evidence=""ECO:0000256|SAM:Phobius""; TRANSMEM 89..113; /note=""Helical""; /evidence=""ECO:0000256|SAM:Phobius""; TRANSMEM 149..167; /note=""Helical""; /evidence=""ECO:0000256|SAM:Phobius""; TRANSMEM 187..203; /note=""Helical""; /evidence=""ECO:0000256|SAM:Phobius""; TRANSMEM 254..273; /note=""Helical""; /evidence=""ECO:0000256|SAM:Phobius""	iron ion binding [GO:0005506]; oxidoreductase activity [GO:0016491]	lipid biosynthetic process [GO:0008610]	SUBCELLULAR LOCATION: Membrane {ECO:0000256|ARBA:ARBA00004370}.	NA	NA	NA	NA	NA	NA	NA	NA	NA
EPVG_00032	JF974311.1_cds_AET97920.1_32	AET97920.1	190	hypothetical protein	TLC domain-containing protein	TRUE	Genbank	virus	protein-coding	JF974311.1	27400	27972	minus	G9E4N5	G9E4N5_9PHYC	TLC domain-containing protein	190	EPVG_00032	Predicted	UPI0001C13613	2025-06-18	membrane [GO:0016020]	GO:0016020	membrane [GO:0016020]	TRANSMEM 31..52; /note=""Helical""; /evidence=""ECO:0000256|SAM:Phobius""; TRANSMEM 73..91; /note=""Helical""; /evidence=""ECO:0000256|SAM:Phobius""; TRANSMEM 97..115; /note=""Helical""; /evidence=""ECO:0000256|SAM:Phobius""; TRANSMEM 127..147; /note=""Helical""; /evidence=""ECO:0000256|SAM:Phobius""; TRANSMEM 159..179; /note=""Helical""; /evidence=""ECO:0000256|SAM:Phobius""	NA	NA	SUBCELLULAR LOCATION: Membrane {ECO:0000256|ARBA:ARBA00004141}; Multi-pass membrane protein {ECO:0000256|ARBA:ARBA00004141}.	NA	NA	NA	NA	NA	NA	NA	NA	NA
EPVG_00033	JF974311.1_cds_AET97921.1_33	AET97921.1	190	hypothetical protein	TLC domain-containing protein	TRUE	Genbank	virus	protein-coding	JF974311.1	27981	28553	minus	G9E4N6	G9E4N6_9PHYC	TLC domain-containing protein	190	EPVG_00033	Predicted	UPI00022A489D	2025-06-18	membrane [GO:0016020]	GO:0016020	membrane [GO:0016020]	TRANSMEM 5..22; /note=""Helical""; /evidence=""ECO:0000256|SAM:Phobius""; TRANSMEM 29..47; /note=""Helical""; /evidence=""ECO:0000256|SAM:Phobius""; TRANSMEM 101..118; /note=""Helical""; /evidence=""ECO:0000256|SAM:Phobius""; TRANSMEM 130..152; /note=""Helical""; /evidence=""ECO:0000256|SAM:Phobius""; TRANSMEM 158..181; /note=""Helical""; /evidence=""ECO:0000256|SAM:Phobius""	NA	NA	SUBCELLULAR LOCATION: Membrane {ECO:0000256|ARBA:ARBA00004141}; Multi-pass membrane protein {ECO:0000256|ARBA:ARBA00004141}.	NA	NA	NA	NA	NA	NA	NA	NA	NA
EPVG_00034	JF974311.1_cds_AET97922.1_34	AET97922.1	1251	hypothetical protein	Hedgehog protein Hint domain-containing protein	TRUE	Genbank	virus	protein-coding	JF974311.1	28603	32358	minus	G9E4N7	G9E4N7_9PHYC	Hedgehog protein Hint domain-containing protein	1251	EPVG_00034	Predicted	UPI00022A489C	2025-06-18	membrane [GO:0016020]; protein autoprocessing [GO:0016540]	GO:0016020; GO:0016540	membrane [GO:0016020]	TRANSMEM 27..50; /note=""Helical""; /evidence=""ECO:0000256|SAM:Phobius""; TRANSMEM 1223..1246; /note=""Helical""; /evidence=""ECO:0000256|SAM:Phobius""	NA	protein autoprocessing [GO:0016540]	NA	NA	NA	NA	NA	NA	NA	NA	NA	NA
EPVG_00035	JF974311.1_cds_AET97923.1_35	AET97923.1	399	hypothetical protein	Capsid protein	FALSE	Genbank	virus	protein-coding	JF974311.1	32415	33614	minus	G9E4N8	G9E4N8_9PHYC	Capsid protein	399	EPVG_00035	Predicted	UPI00022A489B	2025-06-18	NA	NA	NA	NA	NA	NA	NA	NA	NA	NA	NA	NA	NA	NA	NA	NA
EPVG_00036	JF974311.1_cds_AET97924.1_36	AET97924.1	170	hypothetical protein	Uncharacterized protein	TRUE	Genbank	virus	protein-coding	JF974311.1	33882	34394	minus	G9E4N9	G9E4N9_9PHYC	Uncharacterized protein	170	EPVG_00036	Predicted	UPI00022A489A	2025-06-18	membrane [GO:0016020]	GO:0016020	membrane [GO:0016020]	TRANSMEM 28..46; /note=""Helical""; /evidence=""ECO:0000256|SAM:Phobius""; TRANSMEM 138..161; /note=""Helical""; /evidence=""ECO:0000256|SAM:Phobius""	NA	NA	NA	NA	NA	NA	NA	NA	NA	NA	NA	NA
EPVG_00037	JF974311.1_cds_AET97925.1_37	AET97925.1	175	hypothetical protein	Uncharacterized protein	TRUE	Genbank	virus	protein-coding	JF974311.1	34421	34948	minus	G9E4P0	G9E4P0_9PHYC	Uncharacterized protein	175	EPVG_00037	Predicted	UPI00022A4899	2025-06-18	membrane [GO:0016020]	GO:0016020	membrane [GO:0016020]	TRANSMEM 76..97; /note=""Helical""; /evidence=""ECO:0000256|SAM:Phobius""	NA	NA	NA	NA	NA	NA	NA	NA	NA	NA	NA	NA
EPVG_00038	JF974311.1_cds_AET97926.1_38	AET97926.1	113	hypothetical protein	t-SNARE coiled-coil homology domain-containing protein	TRUE	Genbank	virus	protein-coding	JF974311.1	34985	35326	minus	G9E4P1	G9E4P1_9PHYC	t-SNARE coiled-coil homology domain-containing protein	113	EPVG_00038	Predicted	UPI00022A4898	2025-06-18	membrane [GO:0016020]	GO:0016020	membrane [GO:0016020]	TRANSMEM 73..97; /note=""Helical""; /evidence=""ECO:0000256|SAM:Phobius""	NA	NA	NA	NA	NA	NA	NA	NA	NA	NA	NA	NA
EPVG_00039	JF974311.1_cds_AET97927.1_39	AET97927.1	150	hypothetical protein	Capsid protein	FALSE	Genbank	virus	protein-coding	JF974311.1	35402	35854	minus	G9E4P2	G9E4P2_9PHYC	Capsid protein	150	EPVG_00039	Predicted	UPI00022A4897	2025-06-18	NA	NA	NA	NA	NA	NA	NA	NA	NA	NA	NA	NA	NA	NA	NA	NA
EPVG_00040	JF974311.1_cds_AET97928.1_40	AET97928.1	322	hypothetical protein	GIY-YIG domain-containing protein	FALSE	Genbank	virus	protein-coding	JF974311.1	35887	36855	minus	G9E4P3	G9E4P3_9PHYC	GIY-YIG domain-containing protein	322	EPVG_00040	Predicted	UPI00022A4896	2025-06-18	NA	NA	NA	NA	NA	NA	NA	NA	NA	NA	NA	NA	NA	NA	NA	NA
EPVG_00041	JF974311.1_cds_AET97929.1_41	AET97929.1	135	hypothetical protein	Cathepsin propeptide inhibitor domain-containing protein	TRUE	Genbank	virus	protein-coding	JF974311.1	37337	37744	minus	G9E4P4	G9E4P4_9PHYC	Cathepsin propeptide inhibitor domain-containing protein	135	EPVG_00041	Predicted	UPI00022A495C	2025-06-18	membrane [GO:0016020]	GO:0016020	membrane [GO:0016020]	TRANSMEM 6..27; /note=""Helical""; /evidence=""ECO:0000256|SAM:Phobius""	NA	NA	NA	NA	NA	NA	NA	NA	NA	NA	NA	NA
EPVG_00042	JF974311.1_cds_AET97930.1_42	AET97930.1	420	hypothetical protein	Protein kinase domain-containing protein	FALSE	Genbank	virus	protein-coding	JF974311.1	38164	39426	plus	G9E4P5	G9E4P5_9PHYC	Protein kinase domain-containing protein	420	EPVG_00042	Predicted	UPI00022A4894	2025-06-18	NA	NA	NA	NA	NA	NA	NA	NA	NA	NA	NA	NA	NA	NA	NA	NA
EPVG_00043	JF974311.1_cds_AET97931.1_43	AET97931.1	112	hypothetical protein	Uncharacterized protein	TRUE	Genbank	virus	protein-coding	JF974311.1	39883	40221	minus	G9E4P6	G9E4P6_9PHYC	Uncharacterized protein	112	EPVG_00043	Predicted	UPI00022A4893	2025-06-18	membrane [GO:0016020]	GO:0016020	membrane [GO:0016020]	TRANSMEM 6..27; /note=""Helical""; /evidence=""ECO:0000256|SAM:Phobius""	NA	NA	NA	NA	NA	NA	NA	NA	NA	NA	NA	NA
EPVG_00044	JF974311.1_cds_AET97932.1_44	AET97932.1	173	hypothetical protein	Uncharacterized protein	TRUE	Genbank	virus	protein-coding	JF974311.1	40262	40783	minus	G9E4P7	G9E4P7_9PHYC	Uncharacterized protein	173	EPVG_00044	Predicted	UPI00022A4892	2025-06-18	membrane [GO:0016020]	GO:0016020	membrane [GO:0016020]	TRANSMEM 6..27; /note=""Helical""; /evidence=""ECO:0000256|SAM:Phobius""	NA	NA	NA	NA	NA	NA	NA	NA	NA	NA	NA	NA
EPVG_00045	JF974311.1_cds_AET97933.1_45	AET97933.1	219	hypothetical protein	TNFR-Cys domain-containing protein	FALSE	Genbank	virus	protein-coding	JF974311.1	41177	41836	minus	G9E4P8	G9E4P8_9PHYC	TNFR-Cys domain-containing protein	219	EPVG_00045	Predicted	UPI00022A4891	2025-06-18	NA	NA	NA	NA	NA	NA	NA	NA	NA	NA	NA	NA	NA	NA	NA	NA
EPVG_00046	JF974311.1_cds_AET97934.1_46	AET97934.1	198	hypothetical protein	LRAT domain-containing protein	TRUE	Genbank	virus	protein-coding	JF974311.1	41846	42442	plus	G9E4P9	G9E4P9_9PHYC	LRAT domain-containing protein	198	EPVG_00046	Predicted	UPI00022A4890	2025-06-18	membrane [GO:0016020]	GO:0016020	membrane [GO:0016020]	TRANSMEM 175..194; /note=""Helical""; /evidence=""ECO:0000256|SAM:Phobius""	NA	NA	NA	NA	NA	NA	NA	NA	NA	NA	NA	NA
EPVG_00047	JF974311.1_cds_AET97935.1_47	AET97935.1	105	hypothetical protein	Uncharacterized protein	FALSE	Genbank	virus	protein-coding	JF974311.1	42466	42783	plus	G9E4Q0	G9E4Q0_9PHYC	Uncharacterized protein	105	EPVG_00047	Predicted	UPI00022A488F	2025-06-18	NA	NA	NA	NA	NA	NA	NA	NA	NA	NA	NA	NA	NA	NA	NA	NA
EPVG_00048	JF974311.1_cds_AET97936.1_48	AET97936.1	870	serine palmitoyltransferase	Serine palmitoyltransferase	TRUE	Genbank	virus	protein-coding	JF974311.1	42778	45390	minus	G9E4Q1	G9E4Q1_9PHYC	Serine palmitoyltransferase	870	EPVG_00048	Predicted	UPI00022A488E	2025-06-18	membrane [GO:0016020]; serine palmitoyltransferase complex [GO:0017059]; pyridoxal phosphate binding [GO:0030170]; serine C-palmitoyltransferase activity [GO:0004758]; ceramide biosynthetic process [GO:0046513]; sphingosine biosynthetic process [GO:0046512]	GO:0004758; GO:0016020; GO:0017059; GO:0030170; GO:0046512; GO:0046513	membrane [GO:0016020]; serine palmitoyltransferase complex [GO:0017059]	NA	pyridoxal phosphate binding [GO:0030170]; serine C-palmitoyltransferase activity [GO:0004758]	ceramide biosynthetic process [GO:0046513]; sphingosine biosynthetic process [GO:0046512]	NA	NA	NA	NA	COFACTOR: Name=pyridoxal 5'-phosphate; Xref=ChEBI:CHEBI:597326; Evidence={ECO:0000256|ARBA:ARBA00001933};	NA	NA	NA	NA	NA
EPVG_00049	JF974311.1_cds_AET97937.1_49	AET97937.1	142	hypothetical protein	Uncharacterized protein	FALSE	Genbank	virus	protein-coding	JF974311.1	45403	45831	minus	G9E4Q2	G9E4Q2_9PHYC	Uncharacterized protein	142	EPVG_00049	Predicted	UPI00022A4774	2025-06-18	NA	NA	NA	NA	NA	NA	NA	NA	NA	NA	NA	NA	NA	NA	NA	NA
EPVG_00050	JF974311.1_cds_AET97938.1_50	AET97938.1	172	hypothetical protein	PLAC8 family protein	FALSE	Genbank	virus	protein-coding	JF974311.1	46021	46539	minus	G9E4Q3	G9E4Q3_9PHYC	PLAC8 family protein	172	EPVG_00050	Predicted	UPI00022A4773	2025-06-18	NA	NA	NA	NA	NA	NA	NA	NA	NA	NA	NA	NA	NA	NA	NA	NA
EPVG_00051	JF974311.1_cds_AET97939.1_51	AET97939.1	131	hypothetical protein	Uncharacterized protein	FALSE	Genbank	virus	protein-coding	JF974311.1	46600	46995	minus	G9E4Q4	G9E4Q4_9PHYC	Uncharacterized protein	131	EPVG_00051	Predicted	UPI00022A4772	2025-06-18	NA	NA	NA	NA	NA	NA	NA	NA	NA	NA	NA	NA	NA	NA	NA	NA
EPVG_00052	JF974311.1_cds_AET97940.1_52	AET97940.1	309	hypothetical protein	Uncharacterized protein	TRUE	Genbank	virus	protein-coding	JF974311.1	47054	47983	minus	G9E4Q5	G9E4Q5_9PHYC	Uncharacterized protein	309	EPVG_00052	Predicted	UPI00022A4771	2025-06-18	membrane [GO:0016020]	GO:0016020	membrane [GO:0016020]	TRANSMEM 12..32; /note=""Helical""; /evidence=""ECO:0000256|SAM:Phobius""; TRANSMEM 63..85; /note=""Helical""; /evidence=""ECO:0000256|SAM:Phobius""; TRANSMEM 134..155; /note=""Helical""; /evidence=""ECO:0000256|SAM:Phobius""; TRANSMEM 176..195; /note=""Helical""; /evidence=""ECO:0000256|SAM:Phobius""; TRANSMEM 201..222; /note=""Helical""; /evidence=""ECO:0000256|SAM:Phobius""; TRANSMEM 242..262; /note=""Helical""; /evidence=""ECO:0000256|SAM:Phobius""	NA	NA	NA	NA	NA	NA	NA	NA	NA	NA	NA	NA
EPVG_00053	JF974311.1_cds_AET97941.1_53	AET97941.1	238	hypothetical protein	Methyltransferase domain-containing protein	FALSE	Genbank	virus	protein-coding	JF974311.1	48048	48764	plus	G9E4Q6	G9E4Q6_9PHYC	Methyltransferase domain-containing protein	238	EPVG_00053	Predicted	UPI00022A4770	2025-06-18	NA	NA	NA	NA	NA	NA	NA	NA	NA	NA	NA	NA	NA	NA	NA	NA
EPVG_00054	JF974311.1_cds_AET97942.1_54	AET97942.1	295	hypothetical protein	Uncharacterized protein	FALSE	Genbank	virus	protein-coding	JF974311.1	48730	49617	minus	G9E4Q7	G9E4Q7_9PHYC	Uncharacterized protein	295	EPVG_00054	Predicted	UPI00022A476F	2025-06-18	NA	NA	NA	NA	NA	NA	NA	NA	NA	NA	NA	NA	NA	NA	NA	NA
EPVG_00055	JF974311.1_cds_AET97943.1_55	AET97943.1	76	hypothetical protein	Uncharacterized protein	TRUE	Genbank	virus	protein-coding	JF974311.1	49660	49890	plus	G9E4Q8	G9E4Q8_9PHYC	Uncharacterized protein	76	EPVG_00055	Predicted	UPI00022A495E	2025-06-18	membrane [GO:0016020]	GO:0016020	membrane [GO:0016020]	TRANSMEM 40..61; /note=""Helical""; /evidence=""ECO:0000256|SAM:Phobius""	NA	NA	NA	NA	NA	NA	NA	NA	NA	NA	NA	NA
EPVG_00056	JF974311.1_cds_AET97944.1_56	AET97944.1	867	hypothetical protein	Helicase ATP-binding domain-containing protein	TRUE	Genbank	virus	protein-coding	JF974311.1	49868	52471	plus	G9E4Q9	G9E4Q9_9PHYC	Helicase ATP-binding domain-containing protein	867	EPVG_00056	Inferred from homology	UPI00022A476E	2025-06-18	chromatin DNA binding [GO:0031490]; histone binding [GO:0042393]; regulation of DNA-templated transcription [GO:0006355]	GO:0006355; GO:0031490; GO:0042393	NA	NA	chromatin DNA binding [GO:0031490]; histone binding [GO:0042393]	regulation of DNA-templated transcription [GO:0006355]	NA	NA	NA	NA	NA	NA	NA	NA	NA	NA
EPVG_00057	JF974311.1_cds_AET97945.1_57	AET97945.1	138	hypothetical protein	Uncharacterized protein	TRUE	Genbank	virus	protein-coding	JF974311.1	52528	52944	plus	G9E4R0	G9E4R0_9PHYC	Uncharacterized protein	138	EPVG_00057	Predicted	UPI00022A476D	2025-06-18	membrane [GO:0016020]	GO:0016020	membrane [GO:0016020]	TRANSMEM 6..25; /note=""Helical""; /evidence=""ECO:0000256|SAM:Phobius""	NA	NA	NA	NA	NA	NA	NA	NA	NA	NA	NA	NA
EPVG_00058	JF974311.1_cds_AET97946.1_58	AET97946.1	1990	hypothetical protein	C-type lectin domain-containing protein	TRUE	Genbank	virus	protein-coding	JF974311.1	52983	58955	minus	G9E4R1	G9E4R1_9PHYC	C-type lectin domain-containing protein	1990	EPVG_00058	Predicted	UPI00022A476C	2025-06-18	membrane [GO:0016020]	GO:0016020	membrane [GO:0016020]	TRANSMEM 1721..1743; /note=""Helical""; /evidence=""ECO:0000256|SAM:Phobius""	NA	NA	NA	NA	NA	NA	NA	NA	NA	NA	NA	NA
EPVG_00059	JF974311.1_cds_AET97947.1_59	AET97947.1	320	fatty acid desaturase	sphingolipid 4-desaturase (EC 1.14.19.17)	TRUE	Genbank	virus	protein-coding	JF974311.1	59008	59970	minus	G9E4R2	G9E4R2_9PHYC	sphingolipid 4-desaturase (EC 1.14.19.17)	320	EPVG_00059	Inferred from homology	UPI00022A476B	2025-06-18	membrane [GO:0016020]; sphingolipid delta-4 desaturase activity [GO:0042284]; ceramide biosynthetic process [GO:0046513]	GO:0016020; GO:0042284; GO:0046513	membrane [GO:0016020]	TRANSMEM 41..59; /note=""Helical""; /evidence=""ECO:0000256|SAM:Phobius""; TRANSMEM 65..87; /note=""Helical""; /evidence=""ECO:0000256|SAM:Phobius""; TRANSMEM 99..117; /note=""Helical""; /evidence=""ECO:0000256|SAM:Phobius""; TRANSMEM 154..170; /note=""Helical""; /evidence=""ECO:0000256|SAM:Phobius""; TRANSMEM 207..228; /note=""Helical""; /evidence=""ECO:0000256|SAM:Phobius""	sphingolipid delta-4 desaturase activity [GO:0042284]	ceramide biosynthetic process [GO:0046513]	SUBCELLULAR LOCATION: Membrane {ECO:0000256|ARBA:ARBA00004141}; Multi-pass membrane protein {ECO:0000256|ARBA:ARBA00004141}.	1.14.19.17	NA	NA	NA	NA	NA	NA	NA	NA
EPVG_00060	JF974311.1_cds_AET97948.1_60	AET97948.1	204	hypothetical protein	Uncharacterized protein	TRUE	Genbank	virus	protein-coding	JF974311.1	60031	60645	plus	G9E4R3	G9E4R3_9PHYC	Uncharacterized protein	204	EPVG_00060	Predicted	UPI00022A476A	2025-06-18	membrane [GO:0016020]	GO:0016020	membrane [GO:0016020]	TRANSMEM 89..115; /note=""Helical""; /evidence=""ECO:0000256|SAM:Phobius""	NA	NA	NA	NA	NA	NA	NA	NA	NA	NA	NA	NA
EPVG_00061	JF974311.1_cds_AET97949.1_61	AET97949.1	137	hypothetical protein	Uncharacterized protein	FALSE	Genbank	virus	protein-coding	JF974311.1	60642	61055	minus	G9E4R4	G9E4R4_9PHYC	Uncharacterized protein	137	EPVG_00061	Predicted	UPI00022A4769	2025-06-18	NA	NA	NA	NA	NA	NA	NA	NA	NA	NA	NA	NA	NA	NA	NA	NA
EPVG_00062	JF974311.1_cds_AET97950.1_62	AET97950.1	1468	RNA polymerase subunit beta	DNA-directed RNA polymerase subunit (EC 2.7.7.6)	TRUE	Genbank	virus	protein-coding	JF974311.1	61077	65554	minus	G9E4R5	G9E4R5_9PHYC	DNA-directed RNA polymerase subunit (EC 2.7.7.6)	1468	EPVG_00062	Inferred from homology	UPI00022A4768	2025-06-18	DNA-directed RNA polymerase complex [GO:0000428]; DNA binding [GO:0003677]; plastid single subunit type RNA polymerase activity [GO:0001066]; RNA polymerase I activity [GO:0001054]; RNA polymerase II activity [GO:0001055]; RNA polymerase III activity [GO:0001056]; RNA polymerase IV activity [GO:0001057]; RNA polymerase V activity [GO:0001058]	GO:0000428; GO:0001054; GO:0001055; GO:0001056; GO:0001057; GO:0001058; GO:0001066; GO:0003677	DNA-directed RNA polymerase complex [GO:0000428]	NA	DNA binding [GO:0003677]; plastid single subunit type RNA polymerase activity [GO:0001066]; RNA polymerase I activity [GO:0001054]; RNA polymerase II activity [GO:0001055]; RNA polymerase III activity [GO:0001056]; RNA polymerase IV activity [GO:0001057]; RNA polymerase V activity [GO:0001058]	NA	NA	2.7.7.6	CATALYTIC ACTIVITY: Reaction=RNA(n) + a ribonucleoside 5'-triphosphate = RNA(n+1) + diphosphate; Xref=Rhea:RHEA:21248, Rhea:RHEA-COMP:14527, Rhea:RHEA-COMP:17342, ChEBI:CHEBI:33019, ChEBI:CHEBI:61557, ChEBI:CHEBI:140395; EC=2.7.7.6; Evidence={ECO:0000256|ARBA:ARBA00048552, ECO:0000256|RuleBase:RU004279};	RHEA:21248	NA	FUNCTION: DNA-dependent RNA polymerase catalyzes the transcription of DNA into RNA using the four ribonucleoside triphosphates as substrates. {ECO:0000256|RuleBase:RU004279}.	NA	NA	NA	NA
EPVG_00063	JF974311.1_cds_AET97951.1_63	AET97951.1	176	hypothetical protein	Uncharacterized protein	FALSE	Genbank	virus	protein-coding	JF974311.1	65601	66131	minus	G9E4R6	G9E4R6_9PHYC	Uncharacterized protein	176	EPVG_00063	Predicted	UPI00022A4767	2025-06-18	NA	NA	NA	NA	NA	NA	NA	NA	NA	NA	NA	NA	NA	NA	NA	NA
EPVG_00064	JF974311.1_cds_AET97952.1_64	AET97952.1	413	hypothetical protein	Uncharacterized protein	TRUE	Genbank	virus	protein-coding	JF974311.1	66173	67414	plus	G9E4R7	G9E4R7_9PHYC	Uncharacterized protein	413	EPVG_00064	Predicted	UPI00022A4766	2025-06-18	membrane [GO:0016020]	GO:0016020	membrane [GO:0016020]	TRANSMEM 29..50; /note=""Helical""; /evidence=""ECO:0000256|SAM:Phobius""; TRANSMEM 70..94; /note=""Helical""; /evidence=""ECO:0000256|SAM:Phobius""; TRANSMEM 106..128; /note=""Helical""; /evidence=""ECO:0000256|SAM:Phobius""	NA	NA	NA	NA	NA	NA	NA	NA	NA	NA	NA	NA
EPVG_00065	JF974311.1_cds_AET97953.1_65	AET97953.1	397	hypothetical protein	Uncharacterized protein	FALSE	Genbank	virus	protein-coding	JF974311.1	67558	68751	plus	G9E4R8	G9E4R8_9PHYC	Uncharacterized protein	397	EPVG_00065	Predicted	UPI00022A4765	2025-06-18	NA	NA	NA	NA	NA	NA	NA	NA	NA	NA	NA	NA	NA	NA	NA	NA
EPVG_00066	JF974311.1_cds_AET97954.1_66	AET97954.1	447	hypothetical protein	PD-(D/E)XK endonuclease-like domain-containing protein	FALSE	Genbank	virus	protein-coding	JF974311.1	68766	70109	minus	G9E4R9	G9E4R9_9PHYC	PD-(D/E)XK endonuclease-like domain-containing protein	447	EPVG_00066	Predicted	UPI00022A4764	2025-06-18	NA	NA	NA	NA	NA	NA	NA	NA	NA	NA	NA	NA	NA	NA	NA	NA
EPVG_00067	JF974311.1_cds_AET97955.1_67	AET97955.1	279	hypothetical protein	Uncharacterized protein	TRUE	Genbank	virus	protein-coding	JF974311.1	70152	70991	plus	G9E4S0	G9E4S0_9PHYC	Uncharacterized protein	279	EPVG_00067	Predicted	UPI00022A4763	2025-06-18	membrane [GO:0016020]	GO:0016020	membrane [GO:0016020]	TRANSMEM 5..21; /note=""Helical""; /evidence=""ECO:0000256|SAM:Phobius""; TRANSMEM 27..48; /note=""Helical""; /evidence=""ECO:0000256|SAM:Phobius""	NA	NA	NA	NA	NA	NA	NA	NA	NA	NA	NA	NA
EPVG_00068	JF974311.1_cds_AET97956.1_68	AET97956.1	132	hypothetical protein	Uncharacterized protein	FALSE	Genbank	virus	protein-coding	JF974311.1	70981	71379	minus	G9E4S1	G9E4S1_9PHYC	Uncharacterized protein	132	EPVG_00068	Predicted	UPI00022A4762	2025-06-18	NA	NA	NA	NA	NA	NA	NA	NA	NA	NA	NA	NA	NA	NA	NA	NA
EPVG_00069	JF974311.1_cds_AET97957.1_69	AET97957.1	180	hypothetical protein	Uncharacterized protein	FALSE	Genbank	virus	protein-coding	JF974311.1	71393	71935	minus	G9E4S2	G9E4S2_9PHYC	Uncharacterized protein	180	EPVG_00069	Predicted	UPI00022A4761	2025-06-18	NA	NA	NA	NA	NA	NA	NA	NA	NA	NA	NA	NA	NA	NA	NA	NA
EPVG_00070	JF974311.1_cds_AET97958.1_70	AET97958.1	293	hypothetical protein	DNA-binding protein	FALSE	Genbank	virus	protein-coding	JF974311.1	71985	72866	plus	G9E4S3	G9E4S3_9PHYC	DNA-binding protein	293	EPVG_00070	Predicted	UPI00022A4760	2026-03-19	NA	NA	NA	NA	NA	NA	NA	NA	NA	NA	NA	NA	NA	NA	NA	NA
EPVG_00071	JF974311.1_cds_AET97959.1_71	AET97959.1	159	hypothetical protein	Uncharacterized protein	FALSE	Genbank	virus	protein-coding	JF974311.1	73157	73636	minus	G9E4S4	G9E4S4_9PHYC	Uncharacterized protein	159	EPVG_00071	Predicted	UPI00022A475F	2025-06-18	NA	NA	NA	NA	NA	NA	NA	NA	NA	NA	NA	NA	NA	NA	NA	NA
EPVG_00072	JF974311.1_cds_AET97960.1_72	AET97960.1	154	hypothetical protein	Uncharacterized protein	FALSE	Genbank	virus	protein-coding	JF974311.1	73572	74036	minus	G9E4S5	G9E4S5_9PHYC	Uncharacterized protein	154	EPVG_00072	Predicted	UPI00022A475E	2025-06-18	NA	NA	NA	NA	NA	NA	NA	NA	NA	NA	NA	NA	NA	NA	NA	NA
EPVG_00073	JF974311.1_cds_AET97961.1_73	AET97961.1	120	hypothetical protein	Uncharacterized protein	TRUE	Genbank	virus	protein-coding	JF974311.1	74154	74516	minus	G9E4S6	G9E4S6_9PHYC	Uncharacterized protein	120	EPVG_00073	Predicted	UPI00022A475D	2025-06-18	membrane [GO:0016020]	GO:0016020	membrane [GO:0016020]	TRANSMEM 6..26; /note=""Helical""; /evidence=""ECO:0000256|SAM:Phobius""	NA	NA	NA	NA	NA	NA	NA	NA	NA	NA	NA	NA
EPVG_00074	JF974311.1_cds_AET97962.1_74	AET97962.1	318	hypothetical protein	Uncharacterized protein	TRUE	Genbank	virus	protein-coding	JF974311.1	74537	75493	minus	G9E4S7	G9E4S7_9PHYC	Uncharacterized protein	318	EPVG_00074	Predicted	UPI00022A475C	2025-06-18	membrane [GO:0016020]	GO:0016020	membrane [GO:0016020]	TRANSMEM 292..315; /note=""Helical""; /evidence=""ECO:0000256|SAM:Phobius""	NA	NA	NA	NA	NA	NA	NA	NA	NA	NA	NA	NA
EPVG_00075	JF974311.1_cds_AET97963.1_75	AET97963.1	322	fatty acid elongase	Fatty acid elongase	TRUE	Genbank	virus	protein-coding	JF974311.1	75373	76341	minus	G9E4S8	G9E4S8_9PHYC	Fatty acid elongase	322	EPVG_00075	Predicted	UPI00022A475B	2025-06-18	membrane [GO:0016020]; fatty acid elongase activity [GO:0009922]; fatty acid elongation, monounsaturated fatty acid [GO:0034625]; fatty acid elongation, polyunsaturated fatty acid [GO:0034626]; fatty acid elongation, saturated fatty acid [GO:0019367]; sphingolipid biosynthetic process [GO:0030148]; very long-chain fatty acid biosynthetic process [GO:0042761]	GO:0009922; GO:0016020; GO:0019367; GO:0030148; GO:0034625; GO:0034626; GO:0042761	membrane [GO:0016020]	TRANSMEM 73..91; /note=""Helical""; /evidence=""ECO:0000256|SAM:Phobius""; TRANSMEM 112..132; /note=""Helical""; /evidence=""ECO:0000256|SAM:Phobius""; TRANSMEM 166..187; /note=""Helical""; /evidence=""ECO:0000256|SAM:Phobius""; TRANSMEM 194..211; /note=""Helical""; /evidence=""ECO:0000256|SAM:Phobius""; TRANSMEM 217..238; /note=""Helical""; /evidence=""ECO:0000256|SAM:Phobius""; TRANSMEM 259..280; /note=""Helical""; /evidence=""ECO:0000256|SAM:Phobius""; TRANSMEM 292..310; /note=""Helical""; /evidence=""ECO:0000256|SAM:Phobius""	fatty acid elongase activity [GO:0009922]	fatty acid elongation, monounsaturated fatty acid [GO:0034625]; fatty acid elongation, polyunsaturated fatty acid [GO:0034626]; fatty acid elongation, saturated fatty acid [GO:0019367]; sphingolipid biosynthetic process [GO:0030148]; very long-chain fatty acid biosynthetic process [GO:0042761]	SUBCELLULAR LOCATION: Membrane {ECO:0000256|ARBA:ARBA00004141}; Multi-pass membrane protein {ECO:0000256|ARBA:ARBA00004141}.	NA	NA	NA	NA	NA	NA	NA	NA	NA
EPVG_00076	JF974311.1_cds_AET97964.1_76	AET97964.1	288	hypothetical protein	Uncharacterized protein	TRUE	Genbank	virus	protein-coding	JF974311.1	76379	77245	plus	G9E4S9	G9E4S9_9PHYC	Uncharacterized protein	288	EPVG_00076	Predicted	UPI0002392C7C	2025-06-18	membrane [GO:0016020]	GO:0016020	membrane [GO:0016020]	TRANSMEM 12..33; /note=""Helical""; /evidence=""ECO:0000256|SAM:Phobius""; TRANSMEM 68..90; /note=""Helical""; /evidence=""ECO:0000256|SAM:Phobius""; TRANSMEM 111..128; /note=""Helical""; /evidence=""ECO:0000256|SAM:Phobius""; TRANSMEM 134..157; /note=""Helical""; /evidence=""ECO:0000256|SAM:Phobius""; TRANSMEM 177..197; /note=""Helical""; /evidence=""ECO:0000256|SAM:Phobius""; TRANSMEM 209..232; /note=""Helical""; /evidence=""ECO:0000256|SAM:Phobius""; TRANSMEM 244..263; /note=""Helical""; /evidence=""ECO:0000256|SAM:Phobius""	NA	NA	NA	NA	NA	NA	NA	NA	NA	NA	NA	NA
EPVG_00077	JF974311.1_cds_AET97965.1_77	AET97965.1	243	hypothetical protein	Phosphatidic acid phosphatase type 2/haloperoxidase domain-containing protein	TRUE	Genbank	virus	protein-coding	JF974311.1	77249	77980	minus	G9E4T0	G9E4T0_9PHYC	Phosphatidic acid phosphatase type 2/haloperoxidase domain-containing protein	243	EPVG_00077	Inferred from homology	UPI00022A4759	2025-06-18	membrane [GO:0016020]; phosphatidate phosphatase activity [GO:0008195]; phospholipid dephosphorylation [GO:0046839]; phospholipid metabolic process [GO:0006644]	GO:0006644; GO:0008195; GO:0016020; GO:0046839	membrane [GO:0016020]	TRANSMEM 12..33; /note=""Helical""; /evidence=""ECO:0000256|SAM:Phobius""; TRANSMEM 70..92; /note=""Helical""; /evidence=""ECO:0000256|SAM:Phobius""; TRANSMEM 104..125; /note=""Helical""; /evidence=""ECO:0000256|SAM:Phobius""; TRANSMEM 156..174; /note=""Helical""; /evidence=""ECO:0000256|SAM:Phobius""; TRANSMEM 195..213; /note=""Helical""; /evidence=""ECO:0000256|SAM:Phobius""; TRANSMEM 225..242; /note=""Helical""; /evidence=""ECO:0000256|SAM:Phobius""	phosphatidate phosphatase activity [GO:0008195]	phospholipid dephosphorylation [GO:0046839]; phospholipid metabolic process [GO:0006644]	SUBCELLULAR LOCATION: Membrane {ECO:0000256|ARBA:ARBA00004141}; Multi-pass membrane protein {ECO:0000256|ARBA:ARBA00004141}.	NA	NA	NA	NA	NA	NA	NA	NA	NA
EPVG_00078	JF974311.1_cds_AET97966.1_78	AET97966.1	89	hypothetical protein	Uncharacterized protein	TRUE	Genbank	virus	protein-coding	JF974311.1	78024	78293	plus	G9E4T1	G9E4T1_9PHYC	Uncharacterized protein	89	EPVG_00078	Predicted	UPI00022A4758	2025-06-18	membrane [GO:0016020]	GO:0016020	membrane [GO:0016020]	TRANSMEM 32..50; /note=""Helical""; /evidence=""ECO:0000256|SAM:Phobius""; TRANSMEM 62..81; /note=""Helical""; /evidence=""ECO:0000256|SAM:Phobius""	NA	NA	NA	NA	NA	NA	NA	NA	NA	NA	NA	NA
EPVG_00079	JF974311.1_cds_AET97967.1_79	AET97967.1	96	hypothetical protein	Uncharacterized protein	TRUE	Genbank	virus	protein-coding	JF974311.1	78296	78586	minus	G9E4T2	G9E4T2_9PHYC	Uncharacterized protein	96	EPVG_00079	Predicted	UPI00022A4757	2025-06-18	membrane [GO:0016020]	GO:0016020	membrane [GO:0016020]	TRANSMEM 6..28; /note=""Helical""; /evidence=""ECO:0000256|SAM:Phobius""	NA	NA	NA	NA	NA	NA	NA	NA	NA	NA	NA	NA
EPVG_00080	JF974311.1_cds_AET97968.1_80	AET97968.1	175	hypothetical protein	Uncharacterized protein	TRUE	Genbank	virus	protein-coding	JF974311.1	78654	79181	minus	G9E4T3	G9E4T3_9PHYC	Uncharacterized protein	175	EPVG_00080	Predicted	UPI00022A4756	2025-06-18	membrane [GO:0016020]	GO:0016020	membrane [GO:0016020]	TRANSMEM 53..78; /note=""Helical""; /evidence=""ECO:0000256|SAM:Phobius""	NA	NA	NA	NA	NA	NA	NA	NA	NA	NA	NA	NA
EPVG_00081	JF974311.1_cds_AET97969.1_81	AET97969.1	274	hypothetical protein	Uncharacterized protein	FALSE	Genbank	virus	protein-coding	JF974311.1	79230	80054	plus	G9E4T4	G9E4T4_9PHYC	Uncharacterized protein	274	EPVG_00081	Predicted	UPI00022A4755	2025-06-18	NA	NA	NA	NA	NA	NA	NA	NA	NA	NA	NA	NA	NA	NA	NA	NA
EPVG_00082	JF974311.1_cds_AET97970.1_82	AET97970.1	394	hypothetical protein	Peptidase C19 ubiquitin carboxyl-terminal hydrolase domain-containing protein	TRUE	Genbank	virus	protein-coding	JF974311.1	80082	81266	minus	G9E4T5	G9E4T5_9PHYC	Peptidase C19 ubiquitin carboxyl-terminal hydrolase domain-containing protein	394	EPVG_00082	Predicted	UPI00022A4754	2025-06-18	membrane [GO:0016020]	GO:0016020	membrane [GO:0016020]	TRANSMEM 81..99; /note=""Helical""; /evidence=""ECO:0000256|SAM:Phobius""	NA	NA	NA	NA	NA	NA	NA	NA	NA	NA	NA	NA
EPVG_00083	JF974311.1_cds_AET97971.1_83	AET97971.1	496	major capsid protein	Major capsid protein	TRUE	Genbank	virus	protein-coding	JF974311.1	81471	82961	minus	G9E4T6	G9E4T6_9PHYC	Major capsid protein	496	EPVG_00083	Evidence at protein level	UPI00006758F8	2026-06-10	viral capsid [GO:0019028]; structural molecule activity [GO:0005198]	GO:0005198; GO:0019028	viral capsid [GO:0019028]	NA	structural molecule activity [GO:0005198]	NA	SUBCELLULAR LOCATION: Virion {ECO:0000256|ARBA:ARBA00004328}.	NA	NA	NA	NA	NA	NA	NA	NA	NA
EPVG_00084	JF974311.1_cds_AET97972.1_84	AET97972.1	601	hypothetical protein	HNH nuclease domain-containing protein	FALSE	Genbank	virus	protein-coding	JF974311.1	83168	84973	plus	G9E4T7	G9E4T7_9PHYC	HNH nuclease domain-containing protein	601	EPVG_00084	Predicted	UPI00022A4709	2025-06-18	NA	NA	NA	NA	NA	NA	NA	NA	NA	NA	NA	NA	NA	NA	NA	NA
EPVG_00085	JF974311.1_cds_AET97973.1_85	AET97973.1	205	hypothetical protein	Fatty acid hydroxylase domain-containing protein	TRUE	Genbank	virus	protein-coding	JF974311.1	84989	85606	minus	G9E4T8	G9E4T8_9PHYC	Fatty acid hydroxylase domain-containing protein	205	EPVG_00085	Predicted	UPI00022A4708	2025-06-18	membrane [GO:0016020]; iron ion binding [GO:0005506]; oxidoreductase activity [GO:0016491]; lipid biosynthetic process [GO:0008610]	GO:0005506; GO:0008610; GO:0016020; GO:0016491	membrane [GO:0016020]	TRANSMEM 6..23; /note=""Helical""; /evidence=""ECO:0000256|SAM:Phobius""; TRANSMEM 35..54; /note=""Helical""; /evidence=""ECO:0000256|SAM:Phobius""; TRANSMEM 66..86; /note=""Helical""; /evidence=""ECO:0000256|SAM:Phobius""; TRANSMEM 142..163; /note=""Helical""; /evidence=""ECO:0000256|SAM:Phobius""	iron ion binding [GO:0005506]; oxidoreductase activity [GO:0016491]	lipid biosynthetic process [GO:0008610]	SUBCELLULAR LOCATION: Membrane {ECO:0000256|ARBA:ARBA00004370}.	NA	NA	NA	NA	NA	NA	NA	NA	NA
EPVG_00086	JF974311.1_cds_AET97974.1_86	AET97974.1	192	hypothetical protein	Uncharacterized protein	TRUE	Genbank	virus	protein-coding	JF974311.1	85680	86258	plus	G9E4T9	G9E4T9_9PHYC	Uncharacterized protein	192	EPVG_00086	Predicted	UPI00022A4B5A	2025-06-18	membrane [GO:0016020]	GO:0016020	membrane [GO:0016020]	TRANSMEM 5..23; /note=""Helical""; /evidence=""ECO:0000256|SAM:Phobius""; TRANSMEM 29..50; /note=""Helical""; /evidence=""ECO:0000256|SAM:Phobius""	NA	NA	NA	NA	NA	NA	NA	NA	NA	NA	NA	NA
EPVG_00087	JF974311.1_cds_AET97975.1_87	AET97975.1	203	hypothetical protein	Uncharacterized protein	FALSE	Genbank	virus	protein-coding	JF974311.1	86279	86890	plus	G9E4U0	G9E4U0_9PHYC	Uncharacterized protein	203	EPVG_00087	Predicted	UPI00022A4B59	2025-06-18	NA	NA	NA	NA	NA	NA	NA	NA	NA	NA	NA	NA	NA	NA	NA	NA
EPVG_00088	JF974311.1_cds_AET97976.1_88	AET97976.1	116	hypothetical protein	RING-type domain-containing protein	TRUE	Genbank	virus	protein-coding	JF974311.1	86926	87276	minus	G9E4U1	G9E4U1_9PHYC	RING-type domain-containing protein	116	EPVG_00088	Predicted	UPI00022A4B58	2025-06-18	membrane [GO:0016020]; zinc ion binding [GO:0008270]	GO:0008270; GO:0016020	membrane [GO:0016020]	TRANSMEM 81..103; /note=""Helical""; /evidence=""ECO:0000256|SAM:Phobius""	zinc ion binding [GO:0008270]	NA	NA	NA	NA	NA	NA	NA	NA	NA	NA	NA
EPVG_00089	JF974311.1_cds_AET97977.1_89	AET97977.1	181	hypothetical protein	Uncharacterized protein	FALSE	Genbank	virus	protein-coding	JF974311.1	87284	87829	minus	G9E4U2	G9E4U2_9PHYC	Uncharacterized protein	181	EPVG_00089	Predicted	UPI00022A4B57	2025-06-18	NA	NA	NA	NA	NA	NA	NA	NA	NA	NA	NA	NA	NA	NA	NA	NA
EPVG_00090	JF974311.1_cds_AET97978.1_90	AET97978.1	126	HNH endonuclease	HNH endonuclease	TRUE	Genbank	virus	protein-coding	JF974311.1	87861	88241	plus	G9E3J6	G9E3J6_9PHYC	HNH endonuclease	126	EPVG_00090	Predicted	UPI00022A4B56	2025-06-18	endonuclease activity [GO:0004519]; nucleic acid binding [GO:0003676]; zinc ion binding [GO:0008270]	GO:0003676; GO:0004519; GO:0008270	NA	NA	endonuclease activity [GO:0004519]; nucleic acid binding [GO:0003676]; zinc ion binding [GO:0008270]	NA	NA	NA	NA	NA	NA	NA	NA	NA	NA	NA
EPVG_00091	JF974311.1_cds_AET97979.1_91	AET97979.1	120	hypothetical protein	Uncharacterized protein	TRUE	Genbank	virus	protein-coding	JF974311.1	88475	88837	plus	G9E3J7	G9E3J7_9PHYC	Uncharacterized protein	120	EPVG_00091	Predicted	UPI00005857A4	2026-06-10	membrane [GO:0016020]	GO:0016020	membrane [GO:0016020]	TRANSMEM 6..31; /note=""Helical""; /evidence=""ECO:0000256|SAM:Phobius""	NA	NA	NA	NA	NA	NA	NA	NA	NA	NA	NA	NA
EPVG_00092	JF974311.1_cds_AET97980.1_92	AET97980.1	530	hypothetical protein	TLC domain-containing protein	TRUE	Genbank	virus	protein-coding	JF974311.1	88880	90472	plus	G9E3J8	G9E3J8_9PHYC	TLC domain-containing protein	530	EPVG_00092	Predicted	UPI00022A4B55	2025-06-18	membrane [GO:0016020]	GO:0016020	membrane [GO:0016020]	TRANSMEM 53..70; /note=""Helical""; /evidence=""ECO:0000256|SAM:Phobius""; TRANSMEM 82..101; /note=""Helical""; /evidence=""ECO:0000256|SAM:Phobius""; TRANSMEM 121..142; /note=""Helical""; /evidence=""ECO:0000256|SAM:Phobius""; TRANSMEM 154..176; /note=""Helical""; /evidence=""ECO:0000256|SAM:Phobius""; TRANSMEM 204..228; /note=""Helical""; /evidence=""ECO:0000256|SAM:Phobius""; TRANSMEM 259..278; /note=""Helical""; /evidence=""ECO:0000256|SAM:Phobius""; TRANSMEM 310..331; /note=""Helical""; /evidence=""ECO:0000256|SAM:Phobius""; TRANSMEM 351..372; /note=""Helical""; /evidence=""ECO:0000256|SAM:Phobius""; TRANSMEM 410..429; /note=""Helical""; /evidence=""ECO:0000256|SAM:Phobius""; TRANSMEM 435..456; /note=""Helical""; /evidence=""ECO:0000256|SAM:Phobius""; TRANSMEM 493..509; /note=""Helical""; /evidence=""ECO:0000256|SAM:Phobius""	NA	NA	NA	NA	NA	NA	NA	NA	NA	NA	NA	NA
EPVG_00093	JF974311.1_cds_AET97981.1_93	AET97981.1	109	hypothetical protein	MSP domain-containing protein	FALSE	Genbank	virus	protein-coding	JF974311.1	90420	90749	minus	G9E3J9	G9E3J9_9PHYC	MSP domain-containing protein	109	EPVG_00093	Predicted	UPI00022A4A72	2025-06-18	NA	NA	NA	NA	NA	NA	NA	NA	NA	NA	NA	NA	NA	NA	NA	NA
EPVG_00094	JF974311.1_cds_AET97982.1_94	AET97982.1	157	hypothetical protein	Uncharacterized protein	TRUE	Genbank	virus	protein-coding	JF974311.1	90771	91244	minus	G9E3K0	G9E3K0_9PHYC	Uncharacterized protein	157	EPVG_00094	Predicted	UPI00005857A7	2026-06-10	membrane [GO:0016020]	GO:0016020	membrane [GO:0016020]	TRANSMEM 105..126; /note=""Helical""; /evidence=""ECO:0000256|SAM:Phobius""	NA	NA	NA	NA	NA	NA	NA	NA	NA	NA	NA	NA
EPVG_00095	JF974311.1_cds_AET97983.1_95	AET97983.1	115	hypothetical protein	Nascent polypeptide-associated complex subunit alpha-like UBA domain-containing protein	FALSE	Genbank	virus	protein-coding	JF974311.1	91286	91633	minus	G9E3K1	G9E3K1_9PHYC	Nascent polypeptide-associated complex subunit alpha-like UBA domain-containing protein	115	EPVG_00095	Predicted	UPI0001C13646	2025-06-18	NA	NA	NA	NA	NA	NA	NA	NA	NA	NA	NA	NA	NA	NA	NA	NA
EPVG_00096	JF974311.1_cds_AET97984.1_96	AET97984.1	442	hypothetical protein	Band 7 domain-containing protein	TRUE	Genbank	virus	protein-coding	JF974311.1	91682	93010	minus	G9E3K2	G9E3K2_9PHYC	Band 7 domain-containing protein	442	EPVG_00096	Predicted	UPI00022A4A71	2025-06-18	membrane [GO:0016020]	GO:0016020	membrane [GO:0016020]	TRANSMEM 41..58; /note=""Helical""; /evidence=""ECO:0000256|SAM:Phobius""; TRANSMEM 89..108; /note=""Helical""; /evidence=""ECO:0000256|SAM:Phobius""	NA	NA	NA	NA	NA	NA	NA	NA	NA	NA	NA	NA
EPVG_00097	JF974311.1_cds_AET97985.1_97	AET97985.1	71	hypothetical protein	Uncharacterized protein	FALSE	Genbank	virus	protein-coding	JF974311.1	93018	93233	minus	G9E3K3	G9E3K3_9PHYC	Uncharacterized protein	71	EPVG_00097	Predicted	UPI00022A4A70	2025-06-18	NA	NA	NA	NA	NA	NA	NA	NA	NA	NA	NA	NA	NA	NA	NA	NA
EPVG_00098	JF974311.1_cds_AET97986.1_98	AET97986.1	353	hypothetical protein	Uncharacterized protein	TRUE	Genbank	virus	protein-coding	JF974311.1	93275	94336	minus	G9E3K4	G9E3K4_9PHYC	Uncharacterized protein	353	EPVG_00098	Predicted	UPI00022A4A6F	2025-06-18	membrane [GO:0016020]	GO:0016020	membrane [GO:0016020]	TRANSMEM 214..232; /note=""Helical""; /evidence=""ECO:0000256|SAM:Phobius""	NA	NA	NA	NA	NA	NA	NA	NA	NA	NA	NA	NA
EPVG_00099	JF974311.1_cds_AET97987.1_99	AET97987.1	268	hypothetical protein	AB hydrolase-1 domain-containing protein	TRUE	Genbank	virus	protein-coding	JF974311.1	94362	95168	minus	G9E3K5	G9E3K5_9PHYC	AB hydrolase-1 domain-containing protein	268	EPVG_00099	Predicted	UPI00022A4A6E	2025-06-18	membrane [GO:0016020]	GO:0016020	membrane [GO:0016020]	NA	NA	NA	NA	NA	NA	NA	NA	NA	NA	NA	NA	NA
EPVG_00100	JF974311.1_cds_AET97988.1_100	AET97988.1	195	hypothetical protein	Uncharacterized protein	TRUE	Genbank	virus	protein-coding	JF974311.1	95201	95788	plus	G9E3K6	G9E3K6_9PHYC	Uncharacterized protein	195	EPVG_00100	Predicted	UPI00022A4A6D	2025-06-18	membrane [GO:0016020]	GO:0016020	membrane [GO:0016020]	TRANSMEM 7..25; /note=""Helical""; /evidence=""ECO:0000256|SAM:Phobius""	NA	NA	NA	NA	NA	NA	NA	NA	NA	NA	NA	NA
EPVG_00101	JF974311.1_cds_AET97989.1_101	AET97989.1	117	hypothetical protein	V-SNARE coiled-coil homology domain-containing protein	TRUE	Genbank	virus	protein-coding	JF974311.1	95785	96138	minus	G9E3K7	G9E3K7_9PHYC	V-SNARE coiled-coil homology domain-containing protein	117	EPVG_00101	Predicted	UPI00022A4A6C	2025-06-18	membrane [GO:0016020]	GO:0016020	membrane [GO:0016020]	TRANSMEM 79..101; /note=""Helical""; /evidence=""ECO:0000256|SAM:Phobius""	NA	NA	NA	NA	NA	NA	NA	NA	NA	NA	NA	NA
EPVG_00102	JF974311.1_cds_AET97990.1_102	AET97990.1	527	DNA helicase	DNA 3'-5' helicase (EC 5.6.2.4)	TRUE	Genbank	virus	protein-coding	JF974311.1	96143	97726	minus	G9E3K8	G9E3K8_9PHYC	DNA 3'-5' helicase (EC 5.6.2.4)	527	EPVG_00102	Predicted	UPI00022A4A6B	2025-06-18	transcription preinitiation complex [GO:0097550]; ATP binding [GO:0005524]; DNA binding [GO:0003677]; double-stranded DNA helicase activity [GO:0036121]; forked DNA-dependent helicase activity [GO:0061749]; four-way junction helicase activity [GO:0009378]; hydrolase activity [GO:0016787]; isomerase activity [GO:0016853]; single-stranded 3'-5' DNA helicase activity [GO:1990518]; transcription initiation at RNA polymerase II promoter [GO:0006367]	GO:0003677; GO:0005524; GO:0006367; GO:0009378; GO:0016787; GO:0016853; GO:0036121; GO:0061749; GO:0097550; GO:1990518	transcription preinitiation complex [GO:0097550]	NA	ATP binding [GO:0005524]; DNA binding [GO:0003677]; double-stranded DNA helicase activity [GO:0036121]; forked DNA-dependent helicase activity [GO:0061749]; four-way junction helicase activity [GO:0009378]; hydrolase activity [GO:0016787]; isomerase activity [GO:0016853]; single-stranded 3'-5' DNA helicase activity [GO:1990518]	transcription initiation at RNA polymerase II promoter [GO:0006367]	NA	5.6.2.4	CATALYTIC ACTIVITY: Reaction=ATP + H2O = ADP + phosphate + H(+); Xref=Rhea:RHEA:13065, ChEBI:CHEBI:15377, ChEBI:CHEBI:15378, ChEBI:CHEBI:30616, ChEBI:CHEBI:43474, ChEBI:CHEBI:456216; EC=5.6.2.4; Evidence={ECO:0000256|ARBA:ARBA00048988}; CATALYTIC ACTIVITY: Reaction=Couples ATP hydrolysis with the unwinding of duplex DNA by translocating in the 3'-5' direction.; EC=5.6.2.4; Evidence={ECO:0000256|ARBA:ARBA00034617};	RHEA:13065	NA	NA	NA	NA	NA	NA
EPVG_00103	JF974311.1_cds_AET97991.1_103	AET97991.1	168	transcription factor S-II family protein	Transcription factor S-II family protein	TRUE	Genbank	virus	protein-coding	JF974311.1	97812	98318	plus	G9E3K9	G9E3K9_9PHYC	Transcription factor S-II family protein	168	EPVG_00103	Predicted	UPI00022A4A6A	2025-06-18	DNA-directed 5'-3' RNA polymerase activity [GO:0003899]; nucleic acid binding [GO:0003676]; zinc ion binding [GO:0008270]; DNA-templated transcription [GO:0006351]	GO:0003676; GO:0003899; GO:0006351; GO:0008270	NA	NA	DNA-directed 5'-3' RNA polymerase activity [GO:0003899]; nucleic acid binding [GO:0003676]; zinc ion binding [GO:0008270]	DNA-templated transcription [GO:0006351]	NA	NA	NA	NA	NA	NA	NA	NA	NA	NA
EPVG_00104	JF974311.1_cds_AET97992.1_104	AET97992.1	467	hypothetical protein	Uncharacterized protein	FALSE	Genbank	virus	protein-coding	JF974311.1	98384	99787	plus	G9E3L0	G9E3L0_9PHYC	Uncharacterized protein	467	EPVG_00104	Predicted	UPI00022A4A69	2025-06-18	NA	NA	NA	NA	NA	NA	NA	NA	NA	NA	NA	NA	NA	NA	NA	NA
EPVG_00105	JF974311.1_cds_AET97993.1_105	AET97993.1	669	hypothetical protein	Uncharacterized protein	TRUE	Genbank	virus	protein-coding	JF974311.1	99827	101836	plus	G9E3L1	G9E3L1_9PHYC	Uncharacterized protein	669	EPVG_00105	Predicted	UPI00022A4A68	2025-06-18	ATP binding [GO:0005524]; DNA binding [GO:0003677]; double-stranded DNA helicase activity [GO:0036121]; forked DNA-dependent helicase activity [GO:0061749]; four-way junction helicase activity [GO:0009378]; hydrolase activity [GO:0016787]; single-stranded 3'-5' DNA helicase activity [GO:1990518]; recombinational repair [GO:0000725]	GO:0000725; GO:0003677; GO:0005524; GO:0009378; GO:0016787; GO:0036121; GO:0061749; GO:1990518	NA	NA	ATP binding [GO:0005524]; DNA binding [GO:0003677]; double-stranded DNA helicase activity [GO:0036121]; forked DNA-dependent helicase activity [GO:0061749]; four-way junction helicase activity [GO:0009378]; hydrolase activity [GO:0016787]; single-stranded 3'-5' DNA helicase activity [GO:1990518]	recombinational repair [GO:0000725]	NA	NA	NA	NA	NA	NA	NA	NA	NA	NA
EPVG_00106	JF974311.1_cds_AET97994.1_106	AET97994.1	214	hypothetical protein	RNA polymerase subunit H/Rpb5 C-terminal domain-containing protein	TRUE	Genbank	virus	protein-coding	JF974311.1	101888	102532	plus	G9E3L2	G9E3L2_9PHYC	RNA polymerase subunit H/Rpb5 C-terminal domain-containing protein	214	EPVG_00106	Predicted	UPI00022A4A67	2025-06-18	DNA binding [GO:0003677]; RNA polymerase I activity [GO:0001054]; RNA polymerase II activity [GO:0001055]; RNA polymerase III activity [GO:0001056]; transcription elongation by RNA polymerase I [GO:0006362]; tRNA transcription by RNA polymerase III [GO:0042797]	GO:0001054; GO:0001055; GO:0001056; GO:0003677; GO:0006362; GO:0042797	NA	NA	DNA binding [GO:0003677]; RNA polymerase I activity [GO:0001054]; RNA polymerase II activity [GO:0001055]; RNA polymerase III activity [GO:0001056]	transcription elongation by RNA polymerase I [GO:0006362]; tRNA transcription by RNA polymerase III [GO:0042797]	NA	NA	NA	NA	NA	NA	NA	NA	NA	NA
EPVG_00107	JF974311.1_cds_AET97995.1_107	AET97995.1	175	hypothetical protein	OTU domain-containing protein	TRUE	Genbank	virus	protein-coding	JF974311.1	102533	103060	minus	G9E3L3	G9E3L3_9PHYC	OTU domain-containing protein	175	EPVG_00107	Predicted	UPI00022A4A66	2025-06-18	membrane [GO:0016020]; cysteine-type deubiquitinase activity [GO:0004843]; protein deubiquitination [GO:0016579]	GO:0004843; GO:0016020; GO:0016579	membrane [GO:0016020]	TRANSMEM 10..28; /note=""Helical""; /evidence=""ECO:0000256|SAM:Phobius""	cysteine-type deubiquitinase activity [GO:0004843]	protein deubiquitination [GO:0016579]	NA	NA	NA	NA	NA	NA	NA	NA	NA	NA
EPVG_00108	JF974311.1_cds_AET97996.1_108	AET97996.1	278	hypothetical protein	RING-type domain-containing protein	TRUE	Genbank	virus	protein-coding	JF974311.1	103093	103929	plus	G9E3L4	G9E3L4_9PHYC	RING-type domain-containing protein	278	EPVG_00108	Predicted	UPI00022A4A65	2025-06-18	membrane [GO:0016020]; ubiquitin protein ligase activity [GO:0061630]; zinc ion binding [GO:0008270]; protein ubiquitination [GO:0016567]	GO:0008270; GO:0016020; GO:0016567; GO:0061630	membrane [GO:0016020]	TRANSMEM 168..189; /note=""Helical""; /evidence=""ECO:0000256|SAM:Phobius""	ubiquitin protein ligase activity [GO:0061630]; zinc ion binding [GO:0008270]	protein ubiquitination [GO:0016567]	NA	NA	NA	NA	NA	NA	NA	NA	NA	NA
EPVG_00109	JF974311.1_cds_AET97997.1_109	AET97997.1	260	hypothetical protein	Uncharacterized protein	FALSE	Genbank	virus	protein-coding	JF974311.1	104008	104790	plus	G9E3L5	G9E3L5_9PHYC	Uncharacterized protein	260	EPVG_00109	Predicted	UPI00022A4EFC	2025-06-18	NA	NA	NA	NA	NA	NA	NA	NA	NA	NA	NA	NA	NA	NA	NA	NA
EPVG_00110	JF974311.1_cds_AET97998.1_110	AET97998.1	246	hypothetical protein	Uncharacterized protein	FALSE	Genbank	virus	protein-coding	JF974311.1	104816	105556	minus	G9E3L6	G9E3L6_9PHYC	Uncharacterized protein	246	EPVG_00110	Predicted	UPI00022A4A63	2025-06-18	NA	NA	NA	NA	NA	NA	NA	NA	NA	NA	NA	NA	NA	NA	NA	NA
EPVG_00111	JF974311.1_cds_AET97999.1_111	AET97999.1	480	thymidylate synthase	Thymidylate synthase	TRUE	Genbank	virus	protein-coding	JF974311.1	105664	107106	plus	G9E3L7	G9E3L7_9PHYC	Thymidylate synthase	480	EPVG_00111	Inferred from homology	UPI0002392C93	2025-06-18	dihydrofolate reductase activity [GO:0004146]; thymidylate synthase activity [GO:0004799]; dTMP biosynthetic process [GO:0006231]; methylation [GO:0032259]; one-carbon metabolic process [GO:0006730]; tetrahydrofolate biosynthetic process [GO:0046654]	GO:0004146; GO:0004799; GO:0006231; GO:0006730; GO:0032259; GO:0046654	NA	NA	dihydrofolate reductase activity [GO:0004146]; thymidylate synthase activity [GO:0004799]	dTMP biosynthetic process [GO:0006231]; methylation [GO:0032259]; one-carbon metabolic process [GO:0006730]; tetrahydrofolate biosynthetic process [GO:0046654]	NA	NA	CATALYTIC ACTIVITY: Reaction=(6S)-5,6,7,8-tetrahydrofolate + NADP(+) = 7,8-dihydrofolate + NADPH + H(+); Xref=Rhea:RHEA:15009, ChEBI:CHEBI:15378, ChEBI:CHEBI:57451, ChEBI:CHEBI:57453, ChEBI:CHEBI:57783, ChEBI:CHEBI:58349; EC=1.5.1.3; Evidence={ECO:0000256|ARBA:ARBA00048873}; CATALYTIC ACTIVITY: Reaction=dUMP + (6R)-5,10-methylene-5,6,7,8-tetrahydrofolate = 7,8-dihydrofolate + dTMP; Xref=Rhea:RHEA:12104, ChEBI:CHEBI:15636, ChEBI:CHEBI:57451, ChEBI:CHEBI:63528, ChEBI:CHEBI:246422; EC=2.1.1.45; Evidence={ECO:0000256|ARBA:ARBA00047344};	RHEA:15009 RHEA:12104	NA	NA	ACT_SITE 362; /evidence=""ECO:0000256|PROSITE-ProRule:PRU10016""	NA	PATHWAY: Cofactor biosynthesis; tetrahydrofolate biosynthesis; 5,6,7,8-tetrahydrofolate from 7,8-dihydrofolate: step 1/1. {ECO:0000256|ARBA:ARBA00004903}.	NA
EPVG_00112	JF974311.1_cds_AET98000.1_112	AET98000.1	112	hypothetical protein	Uncharacterized protein	TRUE	Genbank	virus	protein-coding	JF974311.1	107107	107445	minus	G9E3L8	G9E3L8_9PHYC	Uncharacterized protein	112	EPVG_00112	Predicted	UPI00022A4A61	2025-06-18	membrane [GO:0016020]	GO:0016020	membrane [GO:0016020]	TRANSMEM 6..29; /note=""Helical""; /evidence=""ECO:0000256|SAM:Phobius""	NA	NA	NA	NA	NA	NA	NA	NA	NA	NA	NA	NA
EPVG_00113	JF974311.1_cds_AET98001.1_113	AET98001.1	139	hypothetical protein	HNH nuclease domain-containing protein	FALSE	Genbank	virus	protein-coding	JF974311.1	107507	107926	plus	G9E3L9	G9E3L9_9PHYC	HNH nuclease domain-containing protein	139	EPVG_00113	Predicted	UPI00022A4A60	2025-06-18	NA	NA	NA	NA	NA	NA	NA	NA	NA	NA	NA	NA	NA	NA	NA	NA
EPVG_00114	JF974311.1_cds_AET98002.1_114	AET98002.1	327	hypothetical protein	Fatty acid hydroxylase domain-containing protein	TRUE	Genbank	virus	protein-coding	JF974311.1	107921	108904	minus	G9E3M0	G9E3M0_9PHYC	Fatty acid hydroxylase domain-containing protein	327	EPVG_00114	Predicted	UPI00022A4A5F	2025-06-18	membrane [GO:0016020]; iron ion binding [GO:0005506]; oxidoreductase activity [GO:0016491]; lipid biosynthetic process [GO:0008610]	GO:0005506; GO:0008610; GO:0016020; GO:0016491	membrane [GO:0016020]	TRANSMEM 38..56; /note=""Helical""; /evidence=""ECO:0000256|SAM:Phobius""; TRANSMEM 128..149; /note=""Helical""; /evidence=""ECO:0000256|SAM:Phobius""; TRANSMEM 161..181; /note=""Helical""; /evidence=""ECO:0000256|SAM:Phobius""; TRANSMEM 244..262; /note=""Helical""; /evidence=""ECO:0000256|SAM:Phobius""	iron ion binding [GO:0005506]; oxidoreductase activity [GO:0016491]	lipid biosynthetic process [GO:0008610]	SUBCELLULAR LOCATION: Membrane {ECO:0000256|ARBA:ARBA00004370}.	NA	NA	NA	NA	NA	NA	NA	NA	NA
EPVG_00115	JF974311.1_cds_AET98003.1_115	AET98003.1	534	phosphate permease	Phosphate permease	TRUE	Genbank	virus	protein-coding	JF974311.1	109010	110614	plus	G9E3M1	G9E3M1_9PHYC	Phosphate permease	534	EPVG_00115	Predicted	UPI00022A4A5E	2025-06-18	membrane [GO:0016020]; phosphate transmembrane transporter activity [GO:0005315]; phosphate ion transmembrane transport [GO:0035435]	GO:0005315; GO:0016020; GO:0035435	membrane [GO:0016020]	TRANSMEM 7..25; /note=""Helical""; /evidence=""ECO:0000256|SAM:Phobius""; TRANSMEM 45..68; /note=""Helical""; /evidence=""ECO:0000256|SAM:Phobius""; TRANSMEM 89..108; /note=""Helical""; /evidence=""ECO:0000256|SAM:Phobius""; TRANSMEM 157..180; /note=""Helical""; /evidence=""ECO:0000256|SAM:Phobius""; TRANSMEM 200..220; /note=""Helical""; /evidence=""ECO:0000256|SAM:Phobius""; TRANSMEM 404..421; /note=""Helical""; /evidence=""ECO:0000256|SAM:Phobius""; TRANSMEM 442..460; /note=""Helical""; /evidence=""ECO:0000256|SAM:Phobius""; TRANSMEM 494..516; /note=""Helical""; /evidence=""ECO:0000256|SAM:Phobius""	phosphate transmembrane transporter activity [GO:0005315]	phosphate ion transmembrane transport [GO:0035435]	SUBCELLULAR LOCATION: Membrane {ECO:0000256|ARBA:ARBA00004141}; Multi-pass membrane protein {ECO:0000256|ARBA:ARBA00004141}.	NA	NA	NA	NA	NA	NA	NA	NA	NA
EPVG_00116	JF974311.1_cds_AET98004.1_116	AET98004.1	407	hypothetical protein	Uncharacterized protein	TRUE	Genbank	virus	protein-coding	JF974311.1	110632	111855	minus	G9E3M2	G9E3M2_9PHYC	Uncharacterized protein	407	EPVG_00116	Predicted	UPI00022A4A5D	2025-06-18	membrane [GO:0016020]	GO:0016020	membrane [GO:0016020]	TRANSMEM 12..32; /note=""Helical""; /evidence=""ECO:0000256|SAM:Phobius""	NA	NA	NA	NA	NA	NA	NA	NA	NA	NA	NA	NA
EPVG_00117	JF974311.1_cds_AET98005.1_117	AET98005.1	129	hypothetical protein	Uncharacterized protein	TRUE	Genbank	virus	protein-coding	JF974311.1	111896	112285	plus	G9E3M3	G9E3M3_9PHYC	Uncharacterized protein	129	EPVG_00117	Predicted	UPI0001C13680	2026-03-19	membrane [GO:0016020]	GO:0016020	membrane [GO:0016020]	TRANSMEM 63..81; /note=""Helical""; /evidence=""ECO:0000256|SAM:Phobius""	NA	NA	NA	NA	NA	NA	NA	NA	NA	NA	NA	NA
EPVG_00118	JF974311.1_cds_AET98006.1_118	AET98006.1	185	hypothetical protein	Uncharacterized protein	FALSE	Genbank	virus	protein-coding	JF974311.1	112266	112823	minus	G9E3M4	G9E3M4_9PHYC	Uncharacterized protein	185	EPVG_00118	Predicted	UPI00022A5007	2025-06-18	NA	NA	NA	NA	NA	NA	NA	NA	NA	NA	NA	NA	NA	NA	NA	NA
EPVG_00119	JF974311.1_cds_AET98007.1_119	AET98007.1	268	hypothetical protein	DUF659 domain-containing protein	FALSE	Genbank	virus	protein-coding	JF974311.1	112862	113668	minus	G9E3M5	G9E3M5_9PHYC	DUF659 domain-containing protein	268	EPVG_00119	Predicted	UPI00022A4A5B	2025-06-18	NA	NA	NA	NA	NA	NA	NA	NA	NA	NA	NA	NA	NA	NA	NA	NA
EPVG_00120	JF974311.1_cds_AET98008.1_120	AET98008.1	351	hypothetical protein	AAA+ ATPase domain-containing protein	TRUE	Genbank	virus	protein-coding	JF974311.1	113698	114753	plus	G9E3M6	G9E3M6_9PHYC	AAA+ ATPase domain-containing protein	351	EPVG_00120	Predicted	UPI00022A4A5A	2025-06-18	ATP binding [GO:0005524]; ATP hydrolysis activity [GO:0016887]	GO:0005524; GO:0016887	NA	NA	ATP binding [GO:0005524]; ATP hydrolysis activity [GO:0016887]	NA	NA	NA	NA	NA	NA	NA	NA	NA	NA	NA
EPVG_00121	JF974311.1_cds_AET98009.1_121	AET98009.1	80	hypothetical protein	Uncharacterized protein	FALSE	Genbank	virus	protein-coding	JF974311.1	114789	115031	plus	G9E3M7	G9E3M7_9PHYC	Uncharacterized protein	80	EPVG_00121	Predicted	UPI00022A4A59	2025-06-18	NA	NA	NA	NA	NA	NA	NA	NA	NA	NA	NA	NA	NA	NA	NA	NA
EPVG_00122	JF974311.1_cds_AET98010.1_122	AET98010.1	367	hypothetical protein	Uncharacterized protein	FALSE	Genbank	virus	protein-coding	JF974311.1	115062	116165	plus	G9E3M8	G9E3M8_9PHYC	Uncharacterized protein	367	EPVG_00122	Predicted	UPI00022A4A58	2025-06-18	NA	NA	NA	NA	NA	NA	NA	NA	NA	NA	NA	NA	NA	NA	NA	NA
EPVG_00123	JF974311.1_cds_AET98011.1_123	AET98011.1	170	hypothetical protein	Sulfhydryl oxidase (EC 1.8.3.2)	TRUE	Genbank	virus	protein-coding	JF974311.1	116294	116806	plus	G9E3M9	G9E3M9_9PHYC	Sulfhydryl oxidase (EC 1.8.3.2)	170	EPVG_00123	Predicted	UPI00022A4A57	2025-06-18	membrane [GO:0016020]; flavin adenine dinucleotide binding [GO:0050660]; flavin-dependent sulfhydryl oxidase activity [GO:0016971]	GO:0016020; GO:0016971; GO:0050660	membrane [GO:0016020]	TRANSMEM 144..164; /note=""Helical""; /evidence=""ECO:0000256|RuleBase:RU371123""	flavin adenine dinucleotide binding [GO:0050660]; flavin-dependent sulfhydryl oxidase activity [GO:0016971]	NA	NA	1.8.3.2	CATALYTIC ACTIVITY: Reaction=2 R'C(R)SH + O2 = R'C(R)S-S(R)CR' + H2O2; Xref=Rhea:RHEA:17357, ChEBI:CHEBI:15379, ChEBI:CHEBI:16240, ChEBI:CHEBI:16520, ChEBI:CHEBI:17412; EC=1.8.3.2; Evidence={ECO:0000256|ARBA:ARBA00048864, ECO:0000256|RuleBase:RU371123};	RHEA:17357	COFACTOR: Name=FAD; Xref=ChEBI:CHEBI:57692; Evidence={ECO:0000256|ARBA:ARBA00001974, ECO:0000256|RuleBase:RU371123};	NA	NA	NA	NA	NA
EPVG_00124	JF974311.1_cds_AET98012.1_124	AET98012.1	100	hypothetical protein	Uncharacterized protein	FALSE	Genbank	virus	protein-coding	JF974311.1	116803	117105	minus	G9E3N0	G9E3N0_9PHYC	Uncharacterized protein	100	EPVG_00124	Predicted	UPI00022A4A56	2025-06-18	NA	NA	NA	NA	NA	NA	NA	NA	NA	NA	NA	NA	NA	NA	NA	NA
EPVG_00125	JF974311.1_cds_AET98013.1_125	AET98013.1	141	hypothetical protein	Uncharacterized protein	FALSE	Genbank	virus	protein-coding	JF974311.1	117106	117531	minus	G9E3N1	G9E3N1_9PHYC	Uncharacterized protein	141	EPVG_00125	Predicted	UPI00022A4A55	2025-06-18	NA	NA	NA	NA	NA	NA	NA	NA	NA	NA	NA	NA	NA	NA	NA	NA
EPVG_00126	JF974311.1_cds_AET98014.1_126	AET98014.1	528	hypothetical protein	Apple domain-containing protein	TRUE	Genbank	virus	protein-coding	JF974311.1	117569	119155	minus	G9E3N2	G9E3N2_9PHYC	Apple domain-containing protein	528	EPVG_00126	Predicted	UPI00022A4A54	2025-06-18	membrane [GO:0016020]	GO:0016020	membrane [GO:0016020]	TRANSMEM 12..30; /note=""Helical""; /evidence=""ECO:0000256|SAM:Phobius""	NA	NA	NA	NA	NA	NA	NA	NA	NA	NA	NA	NA
EPVG_00127	JF974311.1_cds_AET98015.1_127	AET98015.1	376	hypothetical protein	C962R-like N-terminal AEP domain-containing protein	FALSE	Genbank	virus	protein-coding	JF974311.1	119209	120339	plus	G9E3N3	G9E3N3_9PHYC	C962R-like N-terminal AEP domain-containing protein	376	EPVG_00127	Predicted	UPI00022A4A53	2025-06-18	NA	NA	NA	NA	NA	NA	NA	NA	NA	NA	NA	NA	NA	NA	NA	NA
EPVG_00128	JF974311.1_cds_AET98016.1_128	AET98016.1	238	hypothetical protein	ATP-dependent protease proteolytic subunit	TRUE	Genbank	virus	protein-coding	JF974311.1	120343	121059	plus	G9E3N4	G9E3N4_9PHYC	ATP-dependent protease proteolytic subunit	238	EPVG_00128	Inferred from homology	UPI00022A4A52	2025-06-18	endopeptidase Clp complex [GO:0009368]; ATP-dependent peptidase activity [GO:0004176]; ATPase binding [GO:0051117]; serine-type endopeptidase activity [GO:0004252]; protein quality control for misfolded or incompletely synthesized proteins [GO:0006515]	GO:0004176; GO:0004252; GO:0006515; GO:0009368; GO:0051117	endopeptidase Clp complex [GO:0009368]	NA	ATP-dependent peptidase activity [GO:0004176]; ATPase binding [GO:0051117]; serine-type endopeptidase activity [GO:0004252]	protein quality control for misfolded or incompletely synthesized proteins [GO:0006515]	NA	NA	NA	NA	NA	NA	NA	NA	NA	NA
EPVG_00129	JF974311.1_cds_AET98017.1_129	AET98017.1	94	hypothetical protein	Uncharacterized protein	FALSE	Genbank	virus	protein-coding	JF974311.1	121067	121351	plus	G9E3N5	G9E3N5_9PHYC	Uncharacterized protein	94	EPVG_00129	Predicted	UPI00022A4A51	2025-06-18	NA	NA	NA	NA	NA	NA	NA	NA	NA	NA	NA	NA	NA	NA	NA	NA
EPVG_00130	JF974311.1_cds_AET98018.1_130	AET98018.1	105	hypothetical protein	Uncharacterized protein	TRUE	Genbank	virus	protein-coding	JF974311.1	121368	121685	minus	G9E3N6	G9E3N6_9PHYC	Uncharacterized protein	105	EPVG_00130	Predicted	UPI00022A4A50	2025-06-18	membrane [GO:0016020]	GO:0016020	membrane [GO:0016020]	TRANSMEM 20..39; /note=""Helical""; /evidence=""ECO:0000256|SAM:Phobius""; TRANSMEM 46..65; /note=""Helical""; /evidence=""ECO:0000256|SAM:Phobius""	NA	NA	NA	NA	NA	NA	NA	NA	NA	NA	NA	NA
EPVG_00131	JF974311.1_cds_AET98019.1_131	AET98019.1	211	hypothetical protein	Nucleic acid-binding protein	FALSE	Genbank	virus	protein-coding	JF974311.1	121713	122348	plus	G9E3N7	G9E3N7_9PHYC	Nucleic acid-binding protein	211	EPVG_00131	Predicted	UPI00022A5009	2025-06-18	NA	NA	NA	NA	NA	NA	NA	NA	NA	NA	NA	NA	NA	NA	NA	NA
EPVG_00132	JF974311.1_cds_AET98020.1_132	AET98020.1	239	hypothetical protein	ABC transmembrane type-1 domain-containing protein	TRUE	Genbank	virus	protein-coding	JF974311.1	123997	124716	minus	G9E3N8	G9E3N8_9PHYC	ABC transmembrane type-1 domain-containing protein	239	EPVG_00132	Predicted	UPI0002392C94	2025-06-18	membrane [GO:0016020]	GO:0016020	membrane [GO:0016020]	TRANSMEM 7..31; /note=""Helical""; /evidence=""ECO:0000256|SAM:Phobius""; TRANSMEM 43..66; /note=""Helical""; /evidence=""ECO:0000256|SAM:Phobius""; TRANSMEM 78..101; /note=""Helical""; /evidence=""ECO:0000256|SAM:Phobius""; TRANSMEM 121..154; /note=""Helical""; /evidence=""ECO:0000256|SAM:Phobius""; TRANSMEM 161..182; /note=""Helical""; /evidence=""ECO:0000256|SAM:Phobius""; TRANSMEM 202..230; /note=""Helical""; /evidence=""ECO:0000256|SAM:Phobius""	NA	NA	NA	NA	NA	NA	NA	NA	NA	NA	NA	NA
EPVG_00133	JF974311.1_cds_AET98021.1_133	AET98021.1	366	hypothetical protein	Uncharacterized protein	FALSE	Genbank	virus	protein-coding	JF974311.1	125577	126675	minus	G9E3N9	G9E3N9_9PHYC	Uncharacterized protein	366	EPVG_00133	Predicted	UPI0002392C95	2025-06-18	NA	NA	NA	NA	NA	NA	NA	NA	NA	NA	NA	NA	NA	NA	NA	NA
EPVG_00134	JF974311.1_cds_AET98022.1_134	AET98022.1	117	hypothetical protein	Uncharacterized protein	FALSE	Genbank	virus	protein-coding	JF974311.1	126757	127110	minus	G9E3P0	G9E3P0_9PHYC	Uncharacterized protein	117	EPVG_00134	Predicted	UPI00022A4DE8	2025-06-18	NA	NA	NA	NA	NA	NA	NA	NA	NA	NA	NA	NA	NA	NA	NA	NA
EPVG_00135	JF974311.1_cds_AET98023.1_135	AET98023.1	146	hypothetical protein	Uncharacterized protein	TRUE	Genbank	virus	protein-coding	JF974311.1	127212	127652	plus	G9E3P1	G9E3P1_9PHYC	Uncharacterized protein	146	EPVG_00135	Predicted	UPI00022A4DE7	2025-06-18	membrane [GO:0016020]	GO:0016020	membrane [GO:0016020]	TRANSMEM 21..41; /note=""Helical""; /evidence=""ECO:0000256|SAM:Phobius""	NA	NA	NA	NA	NA	NA	NA	NA	NA	NA	NA	NA
EPVG_00136	JF974311.1_cds_AET98024.1_136	AET98024.1	194	hypothetical protein	Uncharacterized protein	FALSE	Genbank	virus	protein-coding	JF974311.1	127722	128306	plus	G9E3P2	G9E3P2_9PHYC	Uncharacterized protein	194	EPVG_00136	Predicted	UPI00022A4DE6	2025-06-18	NA	NA	NA	NA	NA	NA	NA	NA	NA	NA	NA	NA	NA	NA	NA	NA
EPVG_00137	JF974311.1_cds_AET98025.1_137	AET98025.1	138	hypothetical protein	Uncharacterized protein	TRUE	Genbank	virus	protein-coding	JF974311.1	128334	128750	plus	G9E3P3	G9E3P3_9PHYC	Uncharacterized protein	138	EPVG_00137	Predicted	UPI00022A4DE5	2025-06-18	membrane [GO:0016020]	GO:0016020	membrane [GO:0016020]	TRANSMEM 20..40; /note=""Helical""; /evidence=""ECO:0000256|SAM:Phobius""	NA	NA	NA	NA	NA	NA	NA	NA	NA	NA	NA	NA
EPVG_00138	JF974311.1_cds_AET98026.1_138	AET98026.1	61	hypothetical protein	S1 motif domain-containing protein	FALSE	Genbank	virus	protein-coding	JF974311.1	128770	128955	plus	G9E3P4	G9E3P4_9PHYC	S1 motif domain-containing protein	61	EPVG_00138	Predicted	UPI0000585887	2026-06-10	NA	NA	NA	NA	NA	NA	NA	NA	NA	NA	NA	NA	NA	NA	NA	NA
EPVG_00139	JF974311.1_cds_AET98027.1_139	AET98027.1	165	hypothetical protein	Uncharacterized protein	TRUE	Genbank	virus	protein-coding	JF974311.1	129071	129568	minus	G9E3P5	G9E3P5_9PHYC	Uncharacterized protein	165	EPVG_00139	Predicted	UPI0000585886	2026-06-10	membrane [GO:0016020]	GO:0016020	membrane [GO:0016020]	TRANSMEM 38..63; /note=""Helical""; /evidence=""ECO:0000256|SAM:Phobius""; TRANSMEM 75..100; /note=""Helical""; /evidence=""ECO:0000256|SAM:Phobius""; TRANSMEM 125..149; /note=""Helical""; /evidence=""ECO:0000256|SAM:Phobius""	NA	NA	NA	NA	NA	NA	NA	NA	NA	NA	NA	NA
EPVG_00140	JF974311.1_cds_AET98028.1_140	AET98028.1	61	hypothetical protein	Uncharacterized protein	FALSE	Genbank	virus	protein-coding	JF974311.1	129694	129879	minus	G9E3P6	G9E3P6_9PHYC	Uncharacterized protein	61	EPVG_00140	Predicted	UPI00022A4DD6	2025-06-18	NA	NA	NA	NA	NA	NA	NA	NA	NA	NA	NA	NA	NA	NA	NA	NA
EPVG_00141	JF974311.1_cds_AET98029.1_141	AET98029.1	118	hypothetical protein	Uncharacterized protein	TRUE	Genbank	virus	protein-coding	JF974311.1	129895	130251	minus	G9E3P7	G9E3P7_9PHYC	Uncharacterized protein	118	EPVG_00141	Predicted	UPI0000585885	2026-06-10	membrane [GO:0016020]	GO:0016020	membrane [GO:0016020]	TRANSMEM 83..104; /note=""Helical""; /evidence=""ECO:0000256|SAM:Phobius""	NA	NA	NA	NA	NA	NA	NA	NA	NA	NA	NA	NA
EPVG_00142	JF974311.1_cds_AET98030.1_142	AET98030.1	168	hypothetical protein	HMG box domain-containing protein	FALSE	Genbank	virus	protein-coding	JF974311.1	130331	130837	minus	G9E3P8	G9E3P8_9PHYC	HMG box domain-containing protein	168	EPVG_00142	Predicted	UPI00022A4CD0	2025-06-18	NA	NA	NA	NA	NA	NA	NA	NA	NA	NA	NA	NA	NA	NA	NA	NA
EPVG_00143	JF974311.1_cds_AET98031.1_143	AET98031.1	152	hypothetical protein	Uncharacterized protein	FALSE	Genbank	virus	protein-coding	JF974311.1	130991	131449	plus	G9E3P9	G9E3P9_9PHYC	Uncharacterized protein	152	EPVG_00143	Predicted	UPI00022A4CCF	2025-06-18	NA	NA	NA	NA	NA	NA	NA	NA	NA	NA	NA	NA	NA	NA	NA	NA
EPVG_00144	JF974311.1_cds_AET98032.1_144	AET98032.1	110	hypothetical protein	Uncharacterized protein	TRUE	Genbank	virus	protein-coding	JF974311.1	131507	131839	plus	G9E3Q0	G9E3Q0_9PHYC	Uncharacterized protein	110	EPVG_00144	Predicted	UPI00022A4CCE	2025-06-18	membrane [GO:0016020]	GO:0016020	membrane [GO:0016020]	TRANSMEM 6..25; /note=""Helical""; /evidence=""ECO:0000256|SAM:Phobius""	NA	NA	NA	NA	NA	NA	NA	NA	NA	NA	NA	NA
EPVG_00145	JF974311.1_cds_AET98033.1_145	AET98033.1	134	hypothetical protein	Uncharacterized protein	FALSE	Genbank	virus	protein-coding	JF974311.1	131862	132266	minus	G9E3Q1	G9E3Q1_9PHYC	Uncharacterized protein	134	EPVG_00145	Predicted	UPI00022A4CCD	2025-06-18	NA	NA	NA	NA	NA	NA	NA	NA	NA	NA	NA	NA	NA	NA	NA	NA
EPVG_00146	JF974311.1_cds_AET98034.1_146	AET98034.1	442	hypothetical protein	RING-type domain-containing protein	FALSE	Genbank	virus	protein-coding	JF974311.1	132598	133926	minus	G9E3Q2	G9E3Q2_9PHYC	RING-type domain-containing protein	442	EPVG_00146	Predicted	UPI00022A4CCC	2025-06-18	NA	NA	NA	NA	NA	NA	NA	NA	NA	NA	NA	NA	NA	NA	NA	NA
EPVG_00147	JF974311.1_cds_AET98035.1_147	AET98035.1	111	hypothetical protein	Uncharacterized protein	FALSE	Genbank	virus	protein-coding	JF974311.1	134075	134410	plus	G9E3Q3	G9E3Q3_9PHYC	Uncharacterized protein	111	EPVG_00147	Predicted	UPI00022A4CCB	2025-06-18	NA	NA	NA	NA	NA	NA	NA	NA	NA	NA	NA	NA	NA	NA	NA	NA
EPVG_00148	JF974311.1_cds_AET98036.1_148	AET98036.1	327	hypothetical protein	USP domain-containing protein	FALSE	Genbank	virus	protein-coding	JF974311.1	135149	136132	minus	G9E3Q4	G9E3Q4_9PHYC	USP domain-containing protein	327	EPVG_00148	Predicted	UPI00022A4CCA	2025-06-18	NA	NA	NA	NA	NA	NA	NA	NA	NA	NA	NA	NA	NA	NA	NA	NA
EPVG_00149	JF974311.1_cds_AET98037.1_149	AET98037.1	142	hypothetical protein	Uncharacterized protein	TRUE	Genbank	virus	protein-coding	JF974311.1	136172	136600	plus	G9E3Q5	G9E3Q5_9PHYC	Uncharacterized protein	142	EPVG_00149	Predicted	UPI00022A4CC9	2025-06-18	membrane [GO:0016020]	GO:0016020	membrane [GO:0016020]	TRANSMEM 6..25; /note=""Helical""; /evidence=""ECO:0000256|SAM:Phobius""	NA	NA	NA	NA	NA	NA	NA	NA	NA	NA	NA	NA
EPVG_00150	JF974311.1_cds_AET98038.1_150	AET98038.1	211	hypothetical protein	Secreted protein	TRUE	Genbank	virus	protein-coding	JF974311.1	136602	137237	minus	G9E3Q6	G9E3Q6_9PHYC	Secreted protein	211	EPVG_00150	Predicted	UPI00022A4CC8	2025-06-18	membrane [GO:0016020]	GO:0016020	membrane [GO:0016020]	TRANSMEM 6..28; /note=""Helical""; /evidence=""ECO:0000256|SAM:Phobius""	NA	NA	NA	NA	NA	NA	NA	NA	NA	NA	NA	NA
EPVG_00151	JF974311.1_cds_AET98039.1_151	AET98039.1	114	hypothetical protein	Uncharacterized protein	FALSE	Genbank	virus	protein-coding	JF974311.1	137276	137620	minus	G9E3Q7	G9E3Q7_9PHYC	Uncharacterized protein	114	EPVG_00151	Predicted	UPI00022A4CC7	2025-06-18	NA	NA	NA	NA	NA	NA	NA	NA	NA	NA	NA	NA	NA	NA	NA	NA
EPVG_00152	JF974311.1_cds_AET98040.1_152	AET98040.1	149	hypothetical protein	Uncharacterized protein	FALSE	Genbank	virus	protein-coding	JF974311.1	137648	138097	plus	G9E3Q8	G9E3Q8_9PHYC	Uncharacterized protein	149	EPVG_00152	Predicted	UPI00022A4CC6	2025-06-18	NA	NA	NA	NA	NA	NA	NA	NA	NA	NA	NA	NA	NA	NA	NA	NA
EPVG_00153	JF974311.1_cds_AET98041.1_153	AET98041.1	267	hypothetical protein	Uncharacterized protein	TRUE	Genbank	virus	protein-coding	JF974311.1	138134	138937	plus	G9E3Q9	G9E3Q9_9PHYC	Uncharacterized protein	267	EPVG_00153	Predicted	UPI00022A4CC5	2025-06-18	membrane [GO:0016020]	GO:0016020	membrane [GO:0016020]	TRANSMEM 20..37; /note=""Helical""; /evidence=""ECO:0000256|SAM:Phobius""; TRANSMEM 49..70; /note=""Helical""; /evidence=""ECO:0000256|SAM:Phobius""; TRANSMEM 82..101; /note=""Helical""; /evidence=""ECO:0000256|SAM:Phobius""; TRANSMEM 108..127; /note=""Helical""; /evidence=""ECO:0000256|SAM:Phobius""; TRANSMEM 139..158; /note=""Helical""; /evidence=""ECO:0000256|SAM:Phobius""; TRANSMEM 163..183; /note=""Helical""; /evidence=""ECO:0000256|SAM:Phobius""; TRANSMEM 203..223; /note=""Helical""; /evidence=""ECO:0000256|SAM:Phobius""	NA	NA	NA	NA	NA	NA	NA	NA	NA	NA	NA	NA
EPVG_00154	JF974311.1_cds_AET98042.1_154	AET98042.1	381	hypothetical protein	EGF domain-specific O-linked N-acetylglucosamine transferase (EC 2.4.1.255) (Extracellular O-linked N-acetylglucosamine transferase)	TRUE	Genbank	virus	protein-coding	JF974311.1	138964	140109	plus	G9E3R0	G9E3R0_9PHYC	EGF domain-specific O-linked N-acetylglucosamine transferase (EC 2.4.1.255) (Extracellular O-linked N-acetylglucosamine transferase)	381	EPVG_00154	Predicted	UPI00022A4CC4	2025-06-18	glycosyltransferase activity [GO:0016757]	GO:0016757	NA	NA	glycosyltransferase activity [GO:0016757]	NA	NA	2.4.1.255	CATALYTIC ACTIVITY: Reaction=L-seryl-[protein] + UDP-N-acetyl-alpha-D-glucosamine = 3-O-(N-acetyl-beta-D-glucosaminyl)-L-seryl-[protein] + UDP + H(+); Xref=Rhea:RHEA:48904, Rhea:RHEA-COMP:9863, Rhea:RHEA-COMP:12251, ChEBI:CHEBI:15378, ChEBI:CHEBI:29999, ChEBI:CHEBI:57705, ChEBI:CHEBI:58223, ChEBI:CHEBI:90838; EC=2.4.1.255; Evidence={ECO:0000256|ARBA:ARBA00048317}; CATALYTIC ACTIVITY: Reaction=L-threonyl-[protein] + UDP-N-acetyl-alpha-D-glucosamine = 3-O-(N-acetyl-beta-D-glucosaminyl)-L-threonyl-[protein] + UDP + H(+); Xref=Rhea:RHEA:48908, Rhea:RHEA-COMP:11060, Rhea:RHEA-COMP:12252, ChEBI:CHEBI:15378, ChEBI:CHEBI:30013, ChEBI:CHEBI:57705, ChEBI:CHEBI:58223, ChEBI:CHEBI:90840; EC=2.4.1.255; Evidence={ECO:0000256|ARBA:ARBA00049432};	RHEA:48904 RHEA:48908	NA	NA	NA	NA	NA	NA
EPVG_00155	JF974311.1_cds_AET98043.1_155	AET98043.1	142	hypothetical protein	AraC-type arabinose-binding/dimerisation domain-containing protein	FALSE	Genbank	virus	protein-coding	JF974311.1	140120	140548	minus	G9E3R1	G9E3R1_9PHYC	AraC-type arabinose-binding/dimerisation domain-containing protein	142	EPVG_00155	Predicted	UPI00022A4CC3	2025-06-18	NA	NA	NA	NA	NA	NA	NA	NA	NA	NA	NA	NA	NA	NA	NA	NA
EPVG_00156	JF974311.1_cds_AET98044.1_156	AET98044.1	153	hypothetical protein	Uncharacterized protein	FALSE	Genbank	virus	protein-coding	JF974311.1	140583	141044	minus	G9E3R2	G9E3R2_9PHYC	Uncharacterized protein	153	EPVG_00156	Predicted	UPI00022A4CC2	2025-06-18	NA	NA	NA	NA	NA	NA	NA	NA	NA	NA	NA	NA	NA	NA	NA	NA
EPVG_00157	JF974311.1_cds_AET98045.1_157	AET98045.1	131	hypothetical protein	Uncharacterized protein	TRUE	Genbank	virus	protein-coding	JF974311.1	141082	141477	plus	G9E3R3	G9E3R3_9PHYC	Uncharacterized protein	131	EPVG_00157	Predicted	UPI00022A4CC1	2025-06-18	membrane [GO:0016020]	GO:0016020	membrane [GO:0016020]	TRANSMEM 6..27; /note=""Helical""; /evidence=""ECO:0000256|SAM:Phobius""	NA	NA	NA	NA	NA	NA	NA	NA	NA	NA	NA	NA
EPVG_00158	JF974311.1_cds_AET98046.1_158	AET98046.1	123	hypothetical protein	Uncharacterized protein	TRUE	Genbank	virus	protein-coding	JF974311.1	141510	141881	plus	G9E3R4	G9E3R4_9PHYC	Uncharacterized protein	123	EPVG_00158	Predicted	UPI00022A4CC0	2025-06-18	membrane [GO:0016020]	GO:0016020	membrane [GO:0016020]	TRANSMEM 7..23; /note=""Helical""; /evidence=""ECO:0000256|SAM:Phobius""; TRANSMEM 29..50; /note=""Helical""; /evidence=""ECO:0000256|SAM:Phobius""	NA	NA	NA	NA	NA	NA	NA	NA	NA	NA	NA	NA
EPVG_00159	JF974311.1_cds_AET98047.1_159	AET98047.1	140	hypothetical protein	Uncharacterized protein	FALSE	Genbank	virus	protein-coding	JF974311.1	141911	142333	minus	G9E3R5	G9E3R5_9PHYC	Uncharacterized protein	140	EPVG_00159	Predicted	UPI0000585898	2026-06-10	NA	NA	NA	NA	NA	NA	NA	NA	NA	NA	NA	NA	NA	NA	NA	NA
EPVG_00160	JF974311.1_cds_AET98048.1_160	AET98048.1	192	hypothetical protein	Uncharacterized protein	TRUE	Genbank	virus	protein-coding	JF974311.1	142375	142953	minus	G9E3R6	G9E3R6_9PHYC	Uncharacterized protein	192	EPVG_00160	Predicted	UPI00022A4CBF	2025-06-18	membrane [GO:0016020]	GO:0016020	membrane [GO:0016020]	TRANSMEM 21..49; /note=""Helical""; /evidence=""ECO:0000256|SAM:Phobius""; TRANSMEM 55..74; /note=""Helical""; /evidence=""ECO:0000256|SAM:Phobius""	NA	NA	NA	NA	NA	NA	NA	NA	NA	NA	NA	NA
EPVG_00161	JF974311.1_cds_AET98049.1_161	AET98049.1	93	hypothetical protein	Major capsid protein	FALSE	Genbank	virus	protein-coding	JF974311.1	143187	143468	minus	G9E3R7	G9E3R7_9PHYC	Major capsid protein	93	EPVG_00161	Predicted	UPI00022A4CBE	2025-06-18	NA	NA	NA	NA	NA	NA	NA	NA	NA	NA	NA	NA	NA	NA	NA	NA
EPVG_00163	JF974311.1_cds_AET98050.1_162	AET98050.1	197	hypothetical protein	Uncharacterized protein	FALSE	Genbank	virus	protein-coding	JF974311.1	144095	144688	plus	G9E3R8	G9E3R8_9PHYC	Uncharacterized protein	197	EPVG_00163	Predicted	UPI00022A4CBB	2025-06-18	NA	NA	NA	NA	NA	NA	NA	NA	NA	NA	NA	NA	NA	NA	NA	NA
EPVG_00164	JF974311.1_cds_AET98051.1_163	AET98051.1	292	hypothetical protein	Uncharacterized protein	FALSE	Genbank	virus	protein-coding	JF974311.1	144708	145586	plus	G9E3R9	G9E3R9_9PHYC	Uncharacterized protein	292	EPVG_00164	Predicted	UPI00022A4CBA	2025-06-18	NA	NA	NA	NA	NA	NA	NA	NA	NA	NA	NA	NA	NA	NA	NA	NA
EPVG_00165	JF974311.1_cds_AET98052.1_164	AET98052.1	132	hypothetical protein	Uncharacterized protein	TRUE	Genbank	virus	protein-coding	JF974311.1	145587	145985	minus	G9E3S0	G9E3S0_9PHYC	Uncharacterized protein	132	EPVG_00165	Predicted	UPI00022A4CB9	2025-06-18	membrane [GO:0016020]	GO:0016020	membrane [GO:0016020]	TRANSMEM 23..46; /note=""Helical""; /evidence=""ECO:0000256|SAM:Phobius""	NA	NA	NA	NA	NA	NA	NA	NA	NA	NA	NA	NA
EPVG_00166	JF974311.1_cds_AET98053.1_165	AET98053.1	163	hypothetical protein	Uncharacterized protein	TRUE	Genbank	virus	protein-coding	JF974311.1	146043	146534	plus	G9E3S1	G9E3S1_9PHYC	Uncharacterized protein	163	EPVG_00166	Predicted	UPI00022A4CB8	2025-06-18	membrane [GO:0016020]	GO:0016020	membrane [GO:0016020]	TRANSMEM 27..45; /note=""Helical""; /evidence=""ECO:0000256|SAM:Phobius""; TRANSMEM 117..138; /note=""Helical""; /evidence=""ECO:0000256|SAM:Phobius""	NA	NA	NA	NA	NA	NA	NA	NA	NA	NA	NA	NA
EPVG_00167	JF974311.1_cds_AET98054.1_166	AET98054.1	181	hypothetical protein	Uncharacterized protein	FALSE	Genbank	virus	protein-coding	JF974311.1	146539	147084	plus	G9E3S2	G9E3S2_9PHYC	Uncharacterized protein	181	EPVG_00167	Predicted	UPI00005858A0	2026-06-10	NA	NA	NA	NA	NA	NA	NA	NA	NA	NA	NA	NA	NA	NA	NA	NA
EPVG_00168	JF974311.1_cds_AET98055.1_167	AET98055.1	321	hypothetical protein	Sugar fermentation stimulation protein C-terminal domain-containing protein	TRUE	Genbank	virus	protein-coding	JF974311.1	147112	148077	plus	G9E3S3	G9E3S3_9PHYC	Sugar fermentation stimulation protein C-terminal domain-containing protein	321	EPVG_00168	Predicted	UPI00022A4CB7	2025-06-18	DNA binding [GO:0003677]	GO:0003677	NA	NA	DNA binding [GO:0003677]	NA	NA	NA	NA	NA	NA	NA	NA	NA	NA	NA
EPVG_00169	JF974311.1_cds_AET98056.1_168	AET98056.1	125	hypothetical protein	DUF5872 domain-containing protein	FALSE	Genbank	virus	protein-coding	JF974311.1	148063	148440	minus	G9E3S4	G9E3S4_9PHYC	DUF5872 domain-containing protein	125	EPVG_00169	Predicted	UPI00005858A3	2026-06-10	NA	NA	NA	NA	NA	NA	NA	NA	NA	NA	NA	NA	NA	NA	NA	NA
EPVG_00170	JF974311.1_cds_AET98057.1_169	AET98057.1	164	hypothetical protein	Uncharacterized protein	FALSE	Genbank	virus	protein-coding	JF974311.1	148506	149000	minus	G9E3S5	G9E3S5_9PHYC	Uncharacterized protein	164	EPVG_00170	Predicted	UPI00022A4CB6	2025-06-18	NA	NA	NA	NA	NA	NA	NA	NA	NA	NA	NA	NA	NA	NA	NA	NA
EPVG_00171	JF974311.1_cds_AET98058.1_170	AET98058.1	154	hypothetical protein	Uncharacterized protein	TRUE	Genbank	virus	protein-coding	JF974311.1	148931	149395	plus	G9E3S6	G9E3S6_9PHYC	Uncharacterized protein	154	EPVG_00171	Predicted	UPI00022A4CB5	2025-06-18	membrane [GO:0016020]	GO:0016020	membrane [GO:0016020]	TRANSMEM 34..52; /note=""Helical""; /evidence=""ECO:0000256|SAM:Phobius""	NA	NA	NA	NA	NA	NA	NA	NA	NA	NA	NA	NA
EPVG_00172	JF974311.1_cds_AET98059.1_171	AET98059.1	210	hypothetical protein	Fe2OG dioxygenase domain-containing protein	TRUE	Genbank	virus	protein-coding	JF974311.1	149397	150029	minus	G9E3S7	G9E3S7_9PHYC	Fe2OG dioxygenase domain-containing protein	210	EPVG_00172	Predicted	UPI00022A4CB4	2025-06-18	dioxygenase activity [GO:0051213]; DNA alkylation repair [GO:0006307]	GO:0006307; GO:0051213	NA	NA	dioxygenase activity [GO:0051213]	DNA alkylation repair [GO:0006307]	NA	NA	NA	NA	NA	NA	NA	NA	NA	NA
EPVG_00173	JF974311.1_cds_AET98060.1_172	AET98060.1	234	hypothetical protein	OTU domain-containing protein	TRUE	Genbank	virus	protein-coding	JF974311.1	150050	150754	minus	G9E3S8	G9E3S8_9PHYC	OTU domain-containing protein	234	EPVG_00173	Predicted	UPI00022A4CB3	2025-06-18	cysteine-type deubiquitinase activity [GO:0004843]; protein deubiquitination [GO:0016579]	GO:0004843; GO:0016579	NA	NA	cysteine-type deubiquitinase activity [GO:0004843]	protein deubiquitination [GO:0016579]	NA	NA	NA	NA	NA	NA	NA	NA	NA	NA
EPVG_00174	JF974311.1_cds_AET98061.1_173	AET98061.1	384	hypothetical protein	RING-type domain-containing protein	FALSE	Genbank	virus	protein-coding	JF974311.1	150777	151931	minus	G9E3S9	G9E3S9_9PHYC	RING-type domain-containing protein	384	EPVG_00174	Predicted	UPI00022A4CB2	2025-06-18	NA	NA	NA	NA	NA	NA	NA	NA	NA	NA	NA	NA	NA	NA	NA	NA
EPVG_00175	JF974311.1_cds_AET98062.1_174	AET98062.1	205	hypothetical protein	Uncharacterized protein	FALSE	Genbank	virus	protein-coding	JF974311.1	151980	152597	minus	G9E3T0	G9E3T0_9PHYC	Uncharacterized protein	205	EPVG_00175	Predicted	UPI00022A4C14	2025-06-18	NA	NA	NA	NA	NA	NA	NA	NA	NA	NA	NA	NA	NA	NA	NA	NA
EPVG_00176	JF974311.1_cds_AET98063.1_175	AET98063.1	116	hypothetical protein	Uncharacterized protein	FALSE	Genbank	virus	protein-coding	JF974311.1	152666	153016	plus	G9E3T1	G9E3T1_9PHYC	Uncharacterized protein	116	EPVG_00176	Predicted	UPI00022A4C13	2025-06-18	NA	NA	NA	NA	NA	NA	NA	NA	NA	NA	NA	NA	NA	NA	NA	NA
EPVG_00177	JF974311.1_cds_AET98064.1_176	AET98064.1	157	hypothetical protein	CMP/dCMP-type deaminase domain-containing protein	TRUE	Genbank	virus	protein-coding	JF974311.1	153067	153540	minus	G9E3T2	G9E3T2_9PHYC	CMP/dCMP-type deaminase domain-containing protein	157	EPVG_00177	Predicted	UPI00022A4C12	2025-06-18	hydrolase activity [GO:0016787]; zinc ion binding [GO:0008270]	GO:0008270; GO:0016787	NA	NA	hydrolase activity [GO:0016787]; zinc ion binding [GO:0008270]	NA	NA	NA	NA	NA	NA	NA	NA	NA	NA	NA
EPVG_00178	JF974311.1_cds_AET98065.1_177	AET98065.1	620	hypothetical protein	Calpain catalytic domain-containing protein	FALSE	Genbank	virus	protein-coding	JF974311.1	153610	155472	plus	G9E3T3	G9E3T3_9PHYC	Calpain catalytic domain-containing protein	620	EPVG_00178	Predicted	UPI00022A4C11	2025-06-18	NA	NA	NA	NA	NA	NA	NA	NA	NA	NA	NA	NA	NA	NA	NA	NA
EPVG_00179	JF974311.1_cds_AET98066.1_178	AET98066.1	261	hypothetical protein	Phytanoyl-CoA dioxygenase	FALSE	Genbank	virus	protein-coding	JF974311.1	155465	156250	plus	G9E3T4	G9E3T4_9PHYC	Phytanoyl-CoA dioxygenase	261	EPVG_00179	Predicted	UPI00022A4C10	2025-06-18	NA	NA	NA	NA	NA	NA	NA	NA	NA	NA	NA	NA	NA	NA	NA	NA
EPVG_00180	JF974311.1_cds_AET98067.1_179	AET98067.1	681	hypothetical protein	Helicase/UvrB N-terminal domain-containing protein	TRUE	Genbank	virus	protein-coding	JF974311.1	156270	158315	minus	G9E3T5	G9E3T5_9PHYC	Helicase/UvrB N-terminal domain-containing protein	681	EPVG_00180	Predicted	UPI00022A4C0F	2025-06-18	ATP binding [GO:0005524]; DNA binding [GO:0003677]; hydrolase activity [GO:0016787]	GO:0003677; GO:0005524; GO:0016787	NA	NA	ATP binding [GO:0005524]; DNA binding [GO:0003677]; hydrolase activity [GO:0016787]	NA	NA	NA	NA	NA	NA	NA	NA	NA	NA	NA
EPVG_00181	JF974311.1_cds_AET98068.1_180	AET98068.1	158	hypothetical protein	Thioredoxin domain-containing protein	TRUE	Genbank	virus	protein-coding	JF974311.1	158374	158850	minus	G9E3T6	G9E3T6_9PHYC	Thioredoxin domain-containing protein	158	EPVG_00181	Predicted	UPI00022A4C0E	2025-06-18	membrane [GO:0016020]	GO:0016020	membrane [GO:0016020]	TRANSMEM 7..27; /note=""Helical""; /evidence=""ECO:0000256|SAM:Phobius""	NA	NA	NA	NA	NA	NA	NA	NA	NA	NA	NA	NA
EPVG_00182	JF974311.1_cds_AET98069.1_181	AET98069.1	159	hypothetical protein	Uncharacterized protein	TRUE	Genbank	virus	protein-coding	JF974311.1	158926	159405	plus	G9E3T7	G9E3T7_9PHYC	Uncharacterized protein	159	EPVG_00182	Predicted	UPI00022A4C0D	2025-06-18	membrane [GO:0016020]	GO:0016020	membrane [GO:0016020]	TRANSMEM 137..157; /note=""Helical""; /evidence=""ECO:0000256|SAM:Phobius""	NA	NA	NA	NA	NA	NA	NA	NA	NA	NA	NA	NA
EPVG_00183	JF974311.1_cds_AET98070.1_182	AET98070.1	215	hypothetical protein	Uncharacterized protein	FALSE	Genbank	virus	protein-coding	JF974311.1	159423	160070	minus	G9E3T8	G9E3T8_9PHYC	Uncharacterized protein	215	EPVG_00183	Predicted	UPI00022A4C0C	2025-06-18	NA	NA	NA	NA	NA	NA	NA	NA	NA	NA	NA	NA	NA	NA	NA	NA
EPVG_00184	JF974311.1_cds_AET98071.1_183	AET98071.1	477	hypothetical protein	Peptidase S1 domain-containing protein	TRUE	Genbank	virus	protein-coding	JF974311.1	160057	161490	minus	G9E3T9	G9E3T9_9PHYC	Peptidase S1 domain-containing protein	477	EPVG_00184	Predicted	UPI00022A4C0B	2025-06-18	membrane [GO:0016020]; serine-type endopeptidase activity [GO:0004252]; proteolysis [GO:0006508]	GO:0004252; GO:0006508; GO:0016020	membrane [GO:0016020]	TRANSMEM 74..93; /note=""Helical""; /evidence=""ECO:0000256|SAM:Phobius""; TRANSMEM 440..461; /note=""Helical""; /evidence=""ECO:0000256|SAM:Phobius""	serine-type endopeptidase activity [GO:0004252]	proteolysis [GO:0006508]	NA	NA	NA	NA	NA	NA	NA	NA	NA	NA
EPVG_00185	JF974311.1_cds_AET98072.1_184	AET98072.1	85	hypothetical protein	Secreted protein	TRUE	Genbank	virus	protein-coding	JF974311.1	161402	161659	minus	G9E3U0	G9E3U0_9PHYC	Secreted protein	85	EPVG_00185	Predicted	UPI00022A4C0A	2025-06-18	membrane [GO:0016020]	GO:0016020	membrane [GO:0016020]	TRANSMEM 6..27; /note=""Helical""; /evidence=""ECO:0000256|SAM:Phobius""	NA	NA	NA	NA	NA	NA	NA	NA	NA	NA	NA	NA
EPVG_00186	JF974311.1_cds_AET98073.1_185	AET98073.1	263	hypothetical protein	AB hydrolase-1 domain-containing protein	TRUE	Genbank	virus	protein-coding	JF974311.1	161680	162471	minus	G9E3U1	G9E3U1_9PHYC	AB hydrolase-1 domain-containing protein	263	EPVG_00186	Predicted	UPI00022A4C09	2025-06-18	membrane [GO:0016020]; monoacylglycerol lipase activity [GO:0047372]; acylglycerol catabolic process [GO:0046464]	GO:0016020; GO:0046464; GO:0047372	membrane [GO:0016020]	NA	monoacylglycerol lipase activity [GO:0047372]	acylglycerol catabolic process [GO:0046464]	NA	NA	NA	NA	NA	NA	NA	NA	NA	NA
EPVG_00187	JF974311.1_cds_AET98074.1_186	AET98074.1	229	hypothetical protein	Homeobox domain-containing protein	TRUE	Genbank	virus	protein-coding	JF974311.1	162510	163199	minus	G9E3U2	G9E3U2_9PHYC	Homeobox domain-containing protein	229	EPVG_00187	Predicted	UPI00022A4C08	2025-06-18	membrane [GO:0016020]	GO:0016020	membrane [GO:0016020]	TRANSMEM 29..46; /note=""Helical""; /evidence=""ECO:0000256|SAM:Phobius""	NA	NA	NA	NA	NA	NA	NA	NA	NA	NA	NA	NA
EPVG_00188	JF974311.1_cds_AET98075.1_187	AET98075.1	154	hypothetical protein	Uncharacterized protein	FALSE	Genbank	virus	protein-coding	JF974311.1	163241	163705	plus	G9E3U3	G9E3U3_9PHYC	Uncharacterized protein	154	EPVG_00188	Predicted	UPI00022A4C07	2025-06-18	NA	NA	NA	NA	NA	NA	NA	NA	NA	NA	NA	NA	NA	NA	NA	NA
EPVG_00189	JF974311.1_cds_AET98076.1_188	AET98076.1	314	hypothetical protein	Uncharacterized protein	FALSE	Genbank	virus	protein-coding	JF974311.1	163730	164674	plus	G9E3U4	G9E3U4_9PHYC	Uncharacterized protein	314	EPVG_00189	Predicted	UPI00022A4C06	2025-06-18	NA	NA	NA	NA	NA	NA	NA	NA	NA	NA	NA	NA	NA	NA	NA	NA
EPVG_00190	JF974311.1_cds_AET98077.1_189	AET98077.1	140	hypothetical protein	Uncharacterized protein	FALSE	Genbank	virus	protein-coding	JF974311.1	164726	165148	plus	G9E3U5	G9E3U5_9PHYC	Uncharacterized protein	140	EPVG_00190	Predicted	UPI00022A4C05	2025-06-18	NA	NA	NA	NA	NA	NA	NA	NA	NA	NA	NA	NA	NA	NA	NA	NA
EPVG_00191	JF974311.1_cds_AET98078.1_190	AET98078.1	739	hypothetical protein	Uncharacterized protein	TRUE	Genbank	virus	protein-coding	JF974311.1	165316	167535	plus	G9E3U6	G9E3U6_9PHYC	Uncharacterized protein	739	EPVG_00191	Predicted	UPI0002392CB8	2025-06-18	membrane [GO:0016020]	GO:0016020	membrane [GO:0016020]	TRANSMEM 673..692; /note=""Helical""; /evidence=""ECO:0000256|SAM:Phobius""	NA	NA	NA	NA	NA	NA	NA	NA	NA	NA	NA	NA
EPVG_00192	JF974311.1_cds_AET98079.1_191	AET98079.1	198	hypothetical protein	Uncharacterized protein	TRUE	Genbank	virus	protein-coding	JF974311.1	167634	168230	plus	G9E3U7	G9E3U7_9PHYC	Uncharacterized protein	198	EPVG_00192	Predicted	UPI00022A4C03	2025-06-18	membrane [GO:0016020]	GO:0016020	membrane [GO:0016020]	TRANSMEM 6..25; /note=""Helical""; /evidence=""ECO:0000256|SAM:Phobius""	NA	NA	NA	NA	NA	NA	NA	NA	NA	NA	NA	NA
EPVG_00193	JF974311.1_cds_AET98080.1_192	AET98080.1	253	hypothetical protein	Transmembrane protein	TRUE	Genbank	virus	protein-coding	JF974311.1	168277	169038	plus	G9E3U8	G9E3U8_9PHYC	Transmembrane protein	253	EPVG_00193	Predicted	UPI00022A4CAF	2025-06-18	membrane [GO:0016020]	GO:0016020	membrane [GO:0016020]	TRANSMEM 7..26; /note=""Helical""; /evidence=""ECO:0000256|SAM:Phobius""	NA	NA	NA	NA	NA	NA	NA	NA	NA	NA	NA	NA
EPVG_00194	JF974311.1_cds_AET98081.1_193	AET98081.1	121	hypothetical protein	Uncharacterized protein	FALSE	Genbank	virus	protein-coding	JF974311.1	169040	169405	minus	G9E3U9	G9E3U9_9PHYC	Uncharacterized protein	121	EPVG_00194	Predicted	UPI00005858BE	2026-06-10	NA	NA	NA	NA	NA	NA	NA	NA	NA	NA	NA	NA	NA	NA	NA	NA
EPVG_00195	JF974311.1_cds_AET98082.1_194	AET98082.1	217	hypothetical protein	Uncharacterized protein	FALSE	Genbank	virus	protein-coding	JF974311.1	169436	170089	minus	G9E3V0	G9E3V0_9PHYC	Uncharacterized protein	217	EPVG_00195	Predicted	UPI00022A4C01	2025-06-18	NA	NA	NA	NA	NA	NA	NA	NA	NA	NA	NA	NA	NA	NA	NA	NA
EPVG_00196	JF974311.1_cds_AET98083.1_195	AET98083.1	105	hypothetical protein	Uncharacterized protein	TRUE	Genbank	virus	protein-coding	JF974311.1	170137	170454	minus	G9E3V1	G9E3V1_9PHYC	Uncharacterized protein	105	EPVG_00196	Predicted	UPI00022A4CAE	2025-06-18	membrane [GO:0016020]	GO:0016020	membrane [GO:0016020]	TRANSMEM 6..27; /note=""Helical""; /evidence=""ECO:0000256|SAM:Phobius""	NA	NA	NA	NA	NA	NA	NA	NA	NA	NA	NA	NA
EPVG_00197	JF974311.1_cds_AET98084.1_196	AET98084.1	189	hypothetical protein	Uncharacterized protein	TRUE	Genbank	virus	protein-coding	JF974311.1	170505	171074	plus	G9E3V2	G9E3V2_9PHYC	Uncharacterized protein	189	EPVG_00197	Predicted	UPI00005858C1	2026-06-10	membrane [GO:0016020]	GO:0016020	membrane [GO:0016020]	TRANSMEM 6..27; /note=""Helical""; /evidence=""ECO:0000256|SAM:Phobius""; TRANSMEM 39..62; /note=""Helical""; /evidence=""ECO:0000256|SAM:Phobius""; TRANSMEM 68..85; /note=""Helical""; /evidence=""ECO:0000256|SAM:Phobius""; TRANSMEM 106..124; /note=""Helical""; /evidence=""ECO:0000256|SAM:Phobius""	NA	NA	NA	NA	NA	NA	NA	NA	NA	NA	NA	NA
EPVG_00198	JF974311.1_cds_AET98085.1_197	AET98085.1	170	hypothetical protein	Uncharacterized protein	FALSE	Genbank	virus	protein-coding	JF974311.1	171105	171617	plus	G9E3V3	G9E3V3_9PHYC	Uncharacterized protein	170	EPVG_00198	Predicted	UPI00022A4BFE	2025-06-18	NA	NA	NA	NA	NA	NA	NA	NA	NA	NA	NA	NA	NA	NA	NA	NA
EPVG_00199	JF974311.1_cds_AET98086.1_198	AET98086.1	447	hypothetical protein	Replication protein A OB domain-containing protein	FALSE	Genbank	virus	protein-coding	JF974311.1	172004	173347	plus	G9E3V4	G9E3V4_9PHYC	Replication protein A OB domain-containing protein	447	EPVG_00199	Predicted	UPI00022A4BFD	2025-06-18	NA	NA	NA	NA	NA	NA	NA	NA	NA	NA	NA	NA	NA	NA	NA	NA
EPVG_00200	JF974311.1_cds_AET98087.1_199	AET98087.1	113	hypothetical protein	Uncharacterized protein	TRUE	Genbank	virus	protein-coding	JF974311.1	173372	173713	plus	G9E3V5	G9E3V5_9PHYC	Uncharacterized protein	113	EPVG_00200	Predicted	UPI00022A4BFC	2025-06-18	membrane [GO:0016020]	GO:0016020	membrane [GO:0016020]	TRANSMEM 48..73; /note=""Helical""; /evidence=""ECO:0000256|SAM:Phobius""; TRANSMEM 85..105; /note=""Helical""; /evidence=""ECO:0000256|SAM:Phobius""	NA	NA	NA	NA	NA	NA	NA	NA	NA	NA	NA	NA
EPVG_00201	JF974311.1_cds_AET98088.1_200	AET98088.1	125	hypothetical protein	Transmembrane protein	TRUE	Genbank	virus	protein-coding	JF974311.1	173747	174124	plus	G9E3V6	G9E3V6_9PHYC	Transmembrane protein	125	EPVG_00201	Predicted	UPI00022A4BFB	2025-06-18	membrane [GO:0016020]	GO:0016020	membrane [GO:0016020]	TRANSMEM 12..32; /note=""Helical""; /evidence=""ECO:0000256|SAM:Phobius""; TRANSMEM 44..63; /note=""Helical""; /evidence=""ECO:0000256|SAM:Phobius""; TRANSMEM 70..87; /note=""Helical""; /evidence=""ECO:0000256|SAM:Phobius""; TRANSMEM 99..119; /note=""Helical""; /evidence=""ECO:0000256|SAM:Phobius""	NA	NA	NA	NA	NA	NA	NA	NA	NA	NA	NA	NA
EPVG_00202	JF974311.1_cds_AET98089.1_201	AET98089.1	73	hypothetical protein	V-SNARE coiled-coil homology domain-containing protein	TRUE	Genbank	virus	protein-coding	JF974311.1	174162	174383	plus	G9E3V7	G9E3V7_9PHYC	V-SNARE coiled-coil homology domain-containing protein	73	EPVG_00202	Predicted	UPI00022A4BFA	2025-06-18	membrane [GO:0016020]	GO:0016020	membrane [GO:0016020]	TRANSMEM 50..69; /note=""Helical""; /evidence=""ECO:0000256|SAM:Phobius""	NA	NA	NA	NA	NA	NA	NA	NA	NA	NA	NA	NA
EPVG_00203	JF974311.1_cds_AET98090.1_202	AET98090.1	118	hypothetical protein	Uncharacterized protein	TRUE	Genbank	virus	protein-coding	JF974311.1	174394	174750	plus	G9E3V8	G9E3V8_9PHYC	Uncharacterized protein	118	EPVG_00203	Predicted	UPI00022A4BF9	2025-06-18	membrane [GO:0016020]	GO:0016020	membrane [GO:0016020]	TRANSMEM 26..46; /note=""Helical""; /evidence=""ECO:0000256|SAM:Phobius""; TRANSMEM 52..70; /note=""Helical""; /evidence=""ECO:0000256|SAM:Phobius""	NA	NA	NA	NA	NA	NA	NA	NA	NA	NA	NA	NA
EPVG_00204	JF974311.1_cds_AET98091.1_203	AET98091.1	129	hypothetical protein	Uncharacterized protein	TRUE	Genbank	virus	protein-coding	JF974311.1	174777	175166	plus	G9E3V9	G9E3V9_9PHYC	Uncharacterized protein	129	EPVG_00204	Predicted	UPI00022A4BF8	2025-06-18	membrane [GO:0016020]	GO:0016020	membrane [GO:0016020]	TRANSMEM 24..45; /note=""Helical""; /evidence=""ECO:0000256|SAM:Phobius""; TRANSMEM 65..89; /note=""Helical""; /evidence=""ECO:0000256|SAM:Phobius""	NA	NA	NA	NA	NA	NA	NA	NA	NA	NA	NA	NA
EPVG_00205	JF974311.1_cds_AET98092.1_204	AET98092.1	352	hypothetical protein	Uncharacterized protein	FALSE	Genbank	virus	protein-coding	JF974311.1	175225	176283	plus	G9E3W0	G9E3W0_9PHYC	Uncharacterized protein	352	EPVG_00205	Predicted	UPI00022A4BF7	2025-06-18	NA	NA	NA	NA	NA	NA	NA	NA	NA	NA	NA	NA	NA	NA	NA	NA
EPVG_00206	JF974311.1_cds_AET98093.1_205	AET98093.1	183	hypothetical protein	Uncharacterized protein	FALSE	Genbank	virus	protein-coding	JF974311.1	176334	176885	plus	G9E3W1	G9E3W1_9PHYC	Uncharacterized protein	183	EPVG_00206	Predicted	UPI00022A4BF6	2025-06-18	NA	NA	NA	NA	NA	NA	NA	NA	NA	NA	NA	NA	NA	NA	NA	NA
EPVG_00207	JF974311.1_cds_AET98094.1_206	AET98094.1	190	hypothetical protein	Uncharacterized protein	TRUE	Genbank	virus	protein-coding	JF974311.1	176930	177502	plus	G9E3W2	G9E3W2_9PHYC	Uncharacterized protein	190	EPVG_00207	Predicted	UPI00022A4BF5	2025-06-18	membrane [GO:0016020]	GO:0016020	membrane [GO:0016020]	TRANSMEM 126..143; /note=""Helical""; /evidence=""ECO:0000256|SAM:Phobius""	NA	NA	NA	NA	NA	NA	NA	NA	NA	NA	NA	NA
EPVG_00208	JF974311.1_cds_AET98095.1_207	AET98095.1	378	hypothetical protein	Telomere resolvase ResT/TelK catalytic domain-containing protein	FALSE	Genbank	virus	protein-coding	JF974311.1	177499	178635	minus	G9E3W3	G9E3W3_9PHYC	Telomere resolvase ResT/TelK catalytic domain-containing protein	378	EPVG_00208	Predicted	UPI00022A4BF4	2025-06-18	NA	NA	NA	NA	NA	NA	NA	NA	NA	NA	NA	NA	NA	NA	NA	NA
EPVG_00209	JF974311.1_cds_AET98096.1_208	AET98096.1	1240	hypothetical protein	Hint domain-containing protein	TRUE	Genbank	virus	protein-coding	JF974311.1	178700	182422	plus	G9E3W4	G9E3W4_9PHYC	Hint domain-containing protein	1240	EPVG_00209	Predicted	UPI00022A4BF3	2025-06-18	membrane [GO:0016020]	GO:0016020	membrane [GO:0016020]	TRANSMEM 21..39; /note=""Helical""; /evidence=""ECO:0000256|SAM:Phobius""; TRANSMEM 1218..1237; /note=""Helical""; /evidence=""ECO:0000256|SAM:Phobius""	NA	NA	NA	NA	NA	NA	NA	NA	NA	NA	NA	NA
EPVG_00210	JF974311.1_cds_AET98097.1_209	AET98097.1	172	hypothetical protein	Uncharacterized protein	FALSE	Genbank	virus	protein-coding	JF974311.1	182431	182949	minus	G9E3W5	G9E3W5_9PHYC	Uncharacterized protein	172	EPVG_00210	Predicted	UPI00022A4BF2	2025-06-18	NA	NA	NA	NA	NA	NA	NA	NA	NA	NA	NA	NA	NA	NA	NA	NA
EPVG_00211	JF974311.1_cds_AET98098.1_210	AET98098.1	393	hypothetical protein	Uncharacterized protein	FALSE	Genbank	virus	protein-coding	JF974311.1	183058	184239	plus	G9E3W6	G9E3W6_9PHYC	Uncharacterized protein	393	EPVG_00211	Predicted	UPI00022A4BF1	2025-06-18	NA	NA	NA	NA	NA	NA	NA	NA	NA	NA	NA	NA	NA	NA	NA	NA
EPVG_00212	JF974311.1_cds_AET98099.1_211	AET98099.1	148	hypothetical protein	Uncharacterized protein	FALSE	Genbank	virus	protein-coding	JF974311.1	184249	184695	minus	G9E3W7	G9E3W7_9PHYC	Uncharacterized protein	148	EPVG_00212	Predicted	UPI00022A4BF0	2025-06-18	NA	NA	NA	NA	NA	NA	NA	NA	NA	NA	NA	NA	NA	NA	NA	NA
EPVG_00213	JF974311.1_cds_AET98100.1_212	AET98100.1	252	hypothetical protein	Uncharacterized protein	FALSE	Genbank	virus	protein-coding	JF974311.1	184722	185480	minus	G9E3W8	G9E3W8_9PHYC	Uncharacterized protein	252	EPVG_00213	Predicted	UPI00022A4BEF	2025-06-18	NA	NA	NA	NA	NA	NA	NA	NA	NA	NA	NA	NA	NA	NA	NA	NA
EPVG_00214	JF974311.1_cds_AET98101.1_213	AET98101.1	336	DnaJ domain-containing protein	DnaJ domain-containing protein	FALSE	Genbank	virus	protein-coding	JF974311.1	185486	186496	minus	G9E3W9	G9E3W9_9PHYC	DnaJ domain-containing protein	336	EPVG_00214	Predicted	UPI00022A4BEE	2025-06-18	NA	NA	NA	NA	NA	NA	NA	NA	NA	NA	NA	NA	NA	NA	NA	NA
EPVG_00215	JF974311.1_cds_AET98102.1_214	AET98102.1	168	hypothetical protein	ADP ribosyltransferase domain-containing protein	FALSE	Genbank	virus	protein-coding	JF974311.1	186520	187026	plus	G9E3X0	G9E3X0_9PHYC	ADP ribosyltransferase domain-containing protein	168	EPVG_00215	Predicted	UPI00022A4B54	2025-06-18	NA	NA	NA	NA	NA	NA	NA	NA	NA	NA	NA	NA	NA	NA	NA	NA
EPVG_00216	JF974311.1_cds_AET98103.1_215	AET98103.1	215	hypothetical protein	CRAL-TRIO domain-containing protein	FALSE	Genbank	virus	protein-coding	JF974311.1	187026	187673	plus	G9E3X1	G9E3X1_9PHYC	CRAL-TRIO domain-containing protein	215	EPVG_00216	Predicted	UPI00022A4B53	2025-06-18	NA	NA	NA	NA	NA	NA	NA	NA	NA	NA	NA	NA	NA	NA	NA	NA
EPVG_00217	JF974311.1_cds_AET98104.1_216	AET98104.1	136	hypothetical protein	Uncharacterized protein	TRUE	Genbank	virus	protein-coding	JF974311.1	187666	188076	minus	G9E3X2	G9E3X2_9PHYC	Uncharacterized protein	136	EPVG_00217	Predicted	UPI00022A4B52	2025-06-18	membrane [GO:0016020]	GO:0016020	membrane [GO:0016020]	TRANSMEM 12..37; /note=""Helical""; /evidence=""ECO:0000256|SAM:Phobius""; TRANSMEM 43..63; /note=""Helical""; /evidence=""ECO:0000256|SAM:Phobius""; TRANSMEM 75..97; /note=""Helical""; /evidence=""ECO:0000256|SAM:Phobius""; TRANSMEM 103..123; /note=""Helical""; /evidence=""ECO:0000256|SAM:Phobius""	NA	NA	NA	NA	NA	NA	NA	NA	NA	NA	NA	NA
EPVG_00218	JF974311.1_cds_AET98105.1_217	AET98105.1	148	deoxyuridine 5'-triphosphate nucleotidohydrolase	dUTP diphosphatase (EC 3.6.1.23)	TRUE	Genbank	virus	protein-coding	JF974311.1	188099	188545	minus	G9E3X3	G9E3X3_9PHYC	dUTP diphosphatase (EC 3.6.1.23)	148	EPVG_00218	Inferred from homology	UPI00022A4B51	2025-06-18	dUTP diphosphatase activity [GO:0004170]; magnesium ion binding [GO:0000287]; dUMP biosynthetic process [GO:0006226]; dUTP catabolic process [GO:0046081]	GO:0000287; GO:0004170; GO:0006226; GO:0046081	NA	NA	dUTP diphosphatase activity [GO:0004170]; magnesium ion binding [GO:0000287]	dUMP biosynthetic process [GO:0006226]; dUTP catabolic process [GO:0046081]	NA	3.6.1.23	NA	NA	NA	FUNCTION: This enzyme is involved in nucleotide metabolism: it produces dUMP, the immediate precursor of thymidine nucleotides and it decreases the intracellular concentration of dUTP so that uracil cannot be incorporated into DNA. {ECO:0000256|ARBA:ARBA00003495}.	NA	NA	NA	NA
EPVG_00219	JF974311.1_cds_AET98106.1_218	AET98106.1	311	hypothetical protein	Nudix hydrolase domain-containing protein	FALSE	Genbank	virus	protein-coding	JF974311.1	188598	189533	plus	G9E3X4	G9E3X4_9PHYC	Nudix hydrolase domain-containing protein	311	EPVG_00219	Predicted	UPI00022A4B50	2025-06-18	NA	NA	NA	NA	NA	NA	NA	NA	NA	NA	NA	NA	NA	NA	NA	NA
EPVG_00220	JF974311.1_cds_AET98107.1_219	AET98107.1	229	hypothetical protein	DNA-directed RNA polymerase RpoA/D/Rpb3-type domain-containing protein	TRUE	Genbank	virus	protein-coding	JF974311.1	189496	190185	minus	G9E3X5	G9E3X5_9PHYC	DNA-directed RNA polymerase RpoA/D/Rpb3-type domain-containing protein	229	EPVG_00220	Predicted	UPI00022A4B4F	2025-06-18	DNA-directed RNA polymerase complex [GO:0000428]; DNA-directed 5'-3' RNA polymerase activity [GO:0003899]; protein dimerization activity [GO:0046983]; DNA-templated transcription [GO:0006351]	GO:0000428; GO:0003899; GO:0006351; GO:0046983	DNA-directed RNA polymerase complex [GO:0000428]	NA	DNA-directed 5'-3' RNA polymerase activity [GO:0003899]; protein dimerization activity [GO:0046983]	DNA-templated transcription [GO:0006351]	NA	NA	NA	NA	NA	NA	NA	NA	NA	NA
EPVG_00221	JF974311.1_cds_AET98108.1_220	AET98108.1	202	hypothetical protein	Lipocalin/cytosolic fatty-acid binding domain-containing protein	TRUE	Genbank	virus	protein-coding	JF974311.1	190222	190830	minus	G9E3X6	G9E3X6_9PHYC	Lipocalin/cytosolic fatty-acid binding domain-containing protein	202	EPVG_00221	Predicted	UPI00022A4B4E	2025-06-18	response to stress [GO:0006950]	GO:0006950	NA	NA	NA	response to stress [GO:0006950]	NA	NA	NA	NA	NA	NA	NA	NA	NA	NA
EPVG_00222	JF974311.1_cds_AET98109.1_221	AET98109.1	209	RNase HII	Ribonuclease HII (EC 3.1.26.4)	TRUE	Genbank	virus	protein-coding	JF974311.1	190910	191539	plus	G9E3X7	G9E3X7_9PHYC	Ribonuclease HII (EC 3.1.26.4)	209	EPVG_00222	Inferred from homology	UPI00022A4B4D	2025-06-18	ribonuclease H2 complex [GO:0032299]; metal ion binding [GO:0046872]; RNA binding [GO:0003723]; RNA-DNA hybrid ribonuclease activity [GO:0004523]; DNA replication, removal of RNA primer [GO:0043137]; mismatch repair [GO:0006298]	GO:0003723; GO:0004523; GO:0006298; GO:0032299; GO:0043137; GO:0046872	ribonuclease H2 complex [GO:0032299]	NA	metal ion binding [GO:0046872]; RNA binding [GO:0003723]; RNA-DNA hybrid ribonuclease activity [GO:0004523]	DNA replication, removal of RNA primer [GO:0043137]; mismatch repair [GO:0006298]	SUBCELLULAR LOCATION: Cytoplasm {ECO:0000256|ARBA:ARBA00004496}.	3.1.26.4	CATALYTIC ACTIVITY: Reaction=Endonucleolytic cleavage to 5'-phosphomonoester.; EC=3.1.26.4; Evidence={ECO:0000256|ARBA:ARBA00000077};	NA	NA	FUNCTION: Endonuclease that specifically degrades the RNA of RNA-DNA hybrids. {ECO:0000256|ARBA:ARBA00004065}.	NA	NA	NA	NA
EPVG_00223	JF974311.1_cds_AET98110.1_222	AET98110.1	342	hypothetical protein	Protein kinase domain-containing protein	TRUE	Genbank	virus	protein-coding	JF974311.1	191529	192557	minus	G9E3X8	G9E3X8_9PHYC	Protein kinase domain-containing protein	342	EPVG_00223	Predicted	UPI00022A4B4C	2025-06-18	ATP binding [GO:0005524]; protein kinase activity [GO:0004672]	GO:0004672; GO:0005524	NA	NA	ATP binding [GO:0005524]; protein kinase activity [GO:0004672]	NA	NA	NA	NA	NA	NA	NA	NA	BINDING 98; /ligand=""ATP""; /ligand_id=""ChEBI:CHEBI:30616""; /evidence=""ECO:0000256|PROSITE-ProRule:PRU10141""	NA	NA
EPVG_00224	JF974311.1_cds_AET98111.1_223	AET98111.1	378	hypothetical protein	Viral late gene transcription factor 3 zinc ribbon domain-containing protein	TRUE	Genbank	virus	protein-coding	JF974311.1	192637	193773	plus	G9E3X9	G9E3X9_9PHYC	Viral late gene transcription factor 3 zinc ribbon domain-containing protein	378	EPVG_00224	Predicted	UPI00022A4B4B	2025-06-18	regulation of viral transcription [GO:0046782]	GO:0046782	NA	NA	NA	regulation of viral transcription [GO:0046782]	NA	NA	NA	NA	NA	NA	NA	NA	NA	NA
EPVG_00225	JF974311.1_cds_AET98112.1_224	AET98112.1	82	hypothetical protein	HIG1 domain-containing protein	TRUE	Genbank	virus	protein-coding	JF974311.1	193794	194042	plus	G9E3Y0	G9E3Y0_9PHYC	HIG1 domain-containing protein	82	EPVG_00225	Predicted	UPI00022A4B4A	2025-06-18	membrane [GO:0016020]	GO:0016020	membrane [GO:0016020]	TRANSMEM 6..26; /note=""Helical""; /evidence=""ECO:0000256|SAM:Phobius""; TRANSMEM 38..58; /note=""Helical""; /evidence=""ECO:0000256|SAM:Phobius""	NA	NA	NA	NA	NA	NA	NA	NA	NA	NA	NA	NA
EPVG_00226	JF974311.1_cds_AET98113.1_225	AET98113.1	266	hypothetical protein	Uncharacterized protein	FALSE	Genbank	virus	protein-coding	JF974311.1	194202	195002	plus	G9E3Y1	G9E3Y1_9PHYC	Uncharacterized protein	266	EPVG_00226	Predicted	UPI00022A4B49	2025-06-18	NA	NA	NA	NA	NA	NA	NA	NA	NA	NA	NA	NA	NA	NA	NA	NA
EPVG_00227	JF974311.1_cds_AET98114.1_226	AET98114.1	171	hypothetical protein	Uncharacterized protein	FALSE	Genbank	virus	protein-coding	JF974311.1	195100	195615	plus	G9E3Y2	G9E3Y2_9PHYC	Uncharacterized protein	171	EPVG_00227	Predicted	UPI00022A4B48	2025-06-18	NA	NA	NA	NA	NA	NA	NA	NA	NA	NA	NA	NA	NA	NA	NA	NA
EPVG_00228	JF974311.1_cds_AET98115.1_227	AET98115.1	62	hypothetical protein	Uncharacterized protein	FALSE	Genbank	virus	protein-coding	JF974311.1	195674	195862	plus	G9E3Y3	G9E3Y3_9PHYC	Uncharacterized protein	62	EPVG_00228	Predicted	UPI00022A4B47	2025-06-18	NA	NA	NA	NA	NA	NA	NA	NA	NA	NA	NA	NA	NA	NA	NA	NA
EPVG_00229	JF974311.1_cds_AET98116.1_228	AET98116.1	161	hypothetical protein	Uncharacterized protein	TRUE	Genbank	virus	protein-coding	JF974311.1	195908	196393	plus	G9E3Y4	G9E3Y4_9PHYC	Uncharacterized protein	161	EPVG_00229	Predicted	UPI00022A4B46	2025-06-18	membrane [GO:0016020]	GO:0016020	membrane [GO:0016020]	TRANSMEM 6..24; /note=""Helical""; /evidence=""ECO:0000256|SAM:Phobius""	NA	NA	NA	NA	NA	NA	NA	NA	NA	NA	NA	NA
EPVG_00230	JF974311.1_cds_AET98117.1_229	AET98117.1	233	hypothetical protein	Permuted papain-like amidase YaeF/Yiix C92 family enzyme	FALSE	Genbank	virus	protein-coding	JF974311.1	196380	197081	minus	G9E3Y5	G9E3Y5_9PHYC	Permuted papain-like amidase YaeF/Yiix C92 family enzyme	233	EPVG_00230	Predicted	UPI00022A4B45	2025-06-18	NA	NA	NA	NA	NA	NA	NA	NA	NA	NA	NA	NA	NA	NA	NA	NA
EPVG_00231	JF974311.1_cds_AET98118.1_230	AET98118.1	82	hypothetical protein	Uncharacterized protein	FALSE	Genbank	virus	protein-coding	JF974311.1	197145	197393	plus	G9E3Y6	G9E3Y6_9PHYC	Uncharacterized protein	82	EPVG_00231	Predicted	UPI00005858E3	2026-06-10	NA	NA	NA	NA	NA	NA	NA	NA	NA	NA	NA	NA	NA	NA	NA	NA
EPVG_00232	JF974311.1_cds_AET98119.1_231	AET98119.1	217	hypothetical protein	Uncharacterized protein	FALSE	Genbank	virus	protein-coding	JF974311.1	197373	198026	minus	G9E3Y7	G9E3Y7_9PHYC	Uncharacterized protein	217	EPVG_00232	Predicted	UPI00022A4B44	2025-06-18	NA	NA	NA	NA	NA	NA	NA	NA	NA	NA	NA	NA	NA	NA	NA	NA
EPVG_00233	JF974311.1_cds_AET98120.1_232	AET98120.1	367	hypothetical protein	Glycosyltransferase 2-like domain-containing protein	TRUE	Genbank	virus	protein-coding	JF974311.1	198048	199151	plus	G9E3Y8	G9E3Y8_9PHYC	Glycosyltransferase 2-like domain-containing protein	367	EPVG_00233	Predicted	UPI00022A4B43	2025-06-18	membrane [GO:0016020]	GO:0016020	membrane [GO:0016020]	TRANSMEM 21..41; /note=""Helical""; /evidence=""ECO:0000256|SAM:Phobius""	NA	NA	NA	NA	NA	NA	NA	NA	NA	NA	NA	NA
EPVG_00234	JF974311.1_cds_AET98121.1_233	AET98121.1	125	hypothetical protein	Uncharacterized protein	TRUE	Genbank	virus	protein-coding	JF974311.1	199148	199525	minus	G9E3Y9	G9E3Y9_9PHYC	Uncharacterized protein	125	EPVG_00234	Predicted	UPI00022A4B42	2025-06-18	membrane [GO:0016020]	GO:0016020	membrane [GO:0016020]	TRANSMEM 6..27; /note=""Helical""; /evidence=""ECO:0000256|SAM:Phobius""	NA	NA	NA	NA	NA	NA	NA	NA	NA	NA	NA	NA
EPVG_00235	JF974311.1_cds_AET98122.1_234	AET98122.1	220	hypothetical protein	Uncharacterized protein	FALSE	Genbank	virus	protein-coding	JF974311.1	199551	200213	minus	G9E3Z0	G9E3Z0_9PHYC	Uncharacterized protein	220	EPVG_00235	Predicted	UPI00022A4B41	2025-06-18	NA	NA	NA	NA	NA	NA	NA	NA	NA	NA	NA	NA	NA	NA	NA	NA
EPVG_00236	JF974311.1_cds_AET98123.1_235	AET98123.1	131	hypothetical protein	Uncharacterized protein	FALSE	Genbank	virus	protein-coding	JF974311.1	200286	200681	plus	G9E3Z1	G9E3Z1_9PHYC	Uncharacterized protein	131	EPVG_00236	Predicted	UPI00022A4B40	2025-06-18	NA	NA	NA	NA	NA	NA	NA	NA	NA	NA	NA	NA	NA	NA	NA	NA
EPVG_00237	JF974311.1_cds_AET98124.1_236	AET98124.1	258	fatty-acid desaturase	Fatty-acid desaturase	TRUE	Genbank	virus	protein-coding	JF974311.1	200687	201463	minus	G9E3Z2	G9E3Z2_9PHYC	Fatty-acid desaturase	258	EPVG_00237	Predicted	UPI00022A4B3F	2025-06-18	membrane [GO:0016020]; oxidoreductase activity, acting on paired donors, with oxidation of a pair of donors resulting in the reduction of molecular oxygen to two molecules of water [GO:0016717]; fatty acid biosynthetic process [GO:0006633]	GO:0006633; GO:0016020; GO:0016717	membrane [GO:0016020]	TRANSMEM 6..27; /note=""Helical""; /evidence=""ECO:0000256|SAM:Phobius""; TRANSMEM 34..53; /note=""Helical""; /evidence=""ECO:0000256|SAM:Phobius""; TRANSMEM 65..86; /note=""Helical""; /evidence=""ECO:0000256|SAM:Phobius""	oxidoreductase activity, acting on paired donors, with oxidation of a pair of donors resulting in the reduction of molecular oxygen to two molecules of water [GO:0016717]	fatty acid biosynthetic process [GO:0006633]	SUBCELLULAR LOCATION: Membrane {ECO:0000256|ARBA:ARBA00004141}; Multi-pass membrane protein {ECO:0000256|ARBA:ARBA00004141}.	NA	NA	NA	NA	NA	NA	NA	NA	NA
EPVG_00238	JF974311.1_cds_AET98125.1_237	AET98125.1	250	hypothetical protein	Uncharacterized protein	TRUE	Genbank	virus	protein-coding	JF974311.1	201532	202284	plus	G9E3Z3	G9E3Z3_9PHYC	Uncharacterized protein	250	EPVG_00238	Predicted	UPI00022A4B3E	2025-06-18	membrane [GO:0016020]	GO:0016020	membrane [GO:0016020]	TRANSMEM 189..207; /note=""Helical""; /evidence=""ECO:0000256|SAM:Phobius""; TRANSMEM 227..249; /note=""Helical""; /evidence=""ECO:0000256|SAM:Phobius""	NA	NA	NA	NA	NA	NA	NA	NA	NA	NA	NA	NA
EPVG_00239	JF974311.1_cds_AET98126.1_238	AET98126.1	298	hypothetical protein	Uncharacterized protein	FALSE	Genbank	virus	protein-coding	JF974311.1	202341	203237	plus	G9E3Z4	G9E3Z4_9PHYC	Uncharacterized protein	298	EPVG_00239	Predicted	UPI00022A4B3D	2025-06-18	NA	NA	NA	NA	NA	NA	NA	NA	NA	NA	NA	NA	NA	NA	NA	NA
EPVG_00240	JF974311.1_cds_AET98127.1_239	AET98127.1	57	hypothetical protein	Uncharacterized protein	TRUE	Genbank	virus	protein-coding	JF974311.1	203252	203425	minus	G9E3Z5	G9E3Z5_9PHYC	Uncharacterized protein	57	EPVG_00240	Predicted	UPI0002392CE7	2025-06-18	membrane [GO:0016020]	GO:0016020	membrane [GO:0016020]	TRANSMEM 6..31; /note=""Helical""; /evidence=""ECO:0000256|SAM:Phobius""	NA	NA	NA	NA	NA	NA	NA	NA	NA	NA	NA	NA
EPVG_00241	JF974311.1_cds_AET98128.1_240	AET98128.1	469	hypothetical protein	Uncharacterized protein	FALSE	Genbank	virus	protein-coding	JF974311.1	203464	204873	minus	G9E3Z6	G9E3Z6_9PHYC	Uncharacterized protein	469	EPVG_00241	Predicted	UPI00022A4B3C	2025-06-18	NA	NA	NA	NA	NA	NA	NA	NA	NA	NA	NA	NA	NA	NA	NA	NA
EPVG_00242	JF974311.1_cds_AET98129.1_241	AET98129.1	322	hypothetical protein	Uncharacterized protein	FALSE	Genbank	virus	protein-coding	JF974311.1	204964	205932	minus	G9E3Z7	G9E3Z7_9PHYC	Uncharacterized protein	322	EPVG_00242	Predicted	UPI00022A4B3B	2025-06-18	NA	NA	NA	NA	NA	NA	NA	NA	NA	NA	NA	NA	NA	NA	NA	NA
EPVG_00243	JF974311.1_cds_AET98130.1_242	AET98130.1	285	hypothetical protein	Nucleotide-diphospho-sugar transferase domain-containing protein	FALSE	Genbank	virus	protein-coding	JF974311.1	206007	206864	minus	G9E3Z8	G9E3Z8_9PHYC	Nucleotide-diphospho-sugar transferase domain-containing protein	285	EPVG_00243	Predicted	UPI00022A4B3A	2025-06-18	NA	NA	NA	NA	NA	NA	NA	NA	NA	NA	NA	NA	NA	NA	NA	NA
EPVG_00244	JF974311.1_cds_AET98131.1_243	AET98131.1	233	hypothetical protein	Methyltransferase FkbM domain-containing protein	FALSE	Genbank	virus	protein-coding	JF974311.1	206867	207568	minus	G9E3Z9	G9E3Z9_9PHYC	Methyltransferase FkbM domain-containing protein	233	EPVG_00244	Predicted	UPI00022A4B39	2025-06-18	NA	NA	NA	NA	NA	NA	NA	NA	NA	NA	NA	NA	NA	NA	NA	NA
EPVG_00245	JF974311.1_cds_AET98132.1_244	AET98132.1	271	hypothetical protein	Nucleotide-diphospho-sugar transferase domain-containing protein	FALSE	Genbank	virus	protein-coding	JF974311.1	207595	208410	minus	G9E400	G9E400_9PHYC	Nucleotide-diphospho-sugar transferase domain-containing protein	271	EPVG_00245	Predicted	UPI00022A4B38	2025-06-18	NA	NA	NA	NA	NA	NA	NA	NA	NA	NA	NA	NA	NA	NA	NA	NA
EPVG_00246	JF974311.1_cds_AET98133.1_245	AET98133.1	248	hypothetical protein	Methyltransferase domain-containing protein	FALSE	Genbank	virus	protein-coding	JF974311.1	208459	209205	minus	G9E401	G9E401_9PHYC	Methyltransferase domain-containing protein	248	EPVG_00246	Predicted	UPI0002392CE8	2025-06-18	NA	NA	NA	NA	NA	NA	NA	NA	NA	NA	NA	NA	NA	NA	NA	NA
EPVG_00247	JF974311.1_cds_AET98134.1_246	AET98134.1	353	hypothetical protein	Methyltransferase FkbM domain-containing protein	TRUE	Genbank	virus	protein-coding	JF974311.1	209157	210218	plus	G9E402	G9E402_9PHYC	Methyltransferase FkbM domain-containing protein	353	EPVG_00247	Predicted	UPI00022A4BEC	2025-06-18	membrane [GO:0016020]	GO:0016020	membrane [GO:0016020]	TRANSMEM 6..33; /note=""Helical""; /evidence=""ECO:0000256|SAM:Phobius""; TRANSMEM 45..65; /note=""Helical""; /evidence=""ECO:0000256|SAM:Phobius""	NA	NA	NA	NA	NA	NA	NA	NA	NA	NA	NA	NA
EPVG_00248	JF974311.1_cds_AET98135.1_247	AET98135.1	105	hypothetical protein	Major facilitator superfamily (MFS) profile domain-containing protein	TRUE	Genbank	virus	protein-coding	JF974311.1	210249	210566	plus	G9E403	G9E403_9PHYC	Major facilitator superfamily (MFS) profile domain-containing protein	105	EPVG_00248	Predicted	UPI00022A4B35	2025-06-18	membrane [GO:0016020]	GO:0016020	membrane [GO:0016020]	TRANSMEM 31..52; /note=""Helical""; /evidence=""ECO:0000256|SAM:Phobius""; TRANSMEM 72..94; /note=""Helical""; /evidence=""ECO:0000256|SAM:Phobius""	NA	NA	NA	NA	NA	NA	NA	NA	NA	NA	NA	NA
EPVG_00249	JF974311.1_cds_AET98136.1_248	AET98136.1	355	hypothetical protein	Uncharacterized protein	FALSE	Genbank	virus	protein-coding	JF974311.1	210563	211630	minus	G9E404	G9E404_9PHYC	Uncharacterized protein	355	EPVG_00249	Predicted	UPI00022A4B34	2025-06-18	NA	NA	NA	NA	NA	NA	NA	NA	NA	NA	NA	NA	NA	NA	NA	NA
EPVG_00250	JF974311.1_cds_AET98137.1_249	AET98137.1	216	hypothetical protein	TLC domain-containing protein	TRUE	Genbank	virus	protein-coding	JF974311.1	211699	212349	plus	G9E405	G9E405_9PHYC	TLC domain-containing protein	216	EPVG_00250	Predicted	UPI00022A4B33	2025-06-18	membrane [GO:0016020]	GO:0016020	membrane [GO:0016020]	TRANSMEM 20..40; /note=""Helical""; /evidence=""ECO:0000256|SAM:Phobius""; TRANSMEM 52..74; /note=""Helical""; /evidence=""ECO:0000256|SAM:Phobius""; TRANSMEM 187..205; /note=""Helical""; /evidence=""ECO:0000256|SAM:Phobius""	NA	NA	NA	NA	NA	NA	NA	NA	NA	NA	NA	NA
EPVG_00251	JF974311.1_cds_AET98138.1_250	AET98138.1	746	ribonucleoside-diphosphate reductase	Ribonucleoside-diphosphate reductase (EC 1.17.4.1)	TRUE	Genbank	virus	protein-coding	JF974311.1	212440	214742	plus	G9E406	G9E406_9PHYC	Ribonucleoside-diphosphate reductase (EC 1.17.4.1)	746	EPVG_00251	Inferred from homology	UPI00022A4B32	2025-06-18	ATP binding [GO:0005524]; ribonucleoside-diphosphate reductase activity, thioredoxin disulfide as acceptor [GO:0004748]; deoxyribonucleotide biosynthetic process [GO:0009263]	GO:0004748; GO:0005524; GO:0009263	NA	NA	ATP binding [GO:0005524]; ribonucleoside-diphosphate reductase activity, thioredoxin disulfide as acceptor [GO:0004748]	deoxyribonucleotide biosynthetic process [GO:0009263]	NA	1.17.4.1	CATALYTIC ACTIVITY: Reaction=a 2'-deoxyribonucleoside 5'-diphosphate + [thioredoxin]-disulfide + H2O = a ribonucleoside 5'-diphosphate + [thioredoxin]-dithiol; Xref=Rhea:RHEA:23252, Rhea:RHEA-COMP:10698, Rhea:RHEA-COMP:10700, ChEBI:CHEBI:15377, ChEBI:CHEBI:29950, ChEBI:CHEBI:50058, ChEBI:CHEBI:57930, ChEBI:CHEBI:73316; EC=1.17.4.1; Evidence={ECO:0000256|RuleBase:RU003410};	RHEA:23252	NA	FUNCTION: Provides the precursors necessary for DNA synthesis. Catalyzes the biosynthesis of deoxyribonucleotides from the corresponding ribonucleotides. {ECO:0000256|RuleBase:RU003410}.	NA	NA	NA	NA
EPVG_00252	JF974311.1_cds_AET98139.1_251	AET98139.1	417	hypothetical protein	Uncharacterized protein	FALSE	Genbank	virus	protein-coding	JF974311.1	214916	216169	plus	G9E407	G9E407_9PHYC	Uncharacterized protein	417	EPVG_00252	Predicted	UPI0002392D3D	2025-06-18	NA	NA	NA	NA	NA	NA	NA	NA	NA	NA	NA	NA	NA	NA	NA	NA
EPVG_00253	JF974311.1_cds_AET98140.1_252	AET98140.1	169	hypothetical protein	Uncharacterized protein	FALSE	Genbank	virus	protein-coding	JF974311.1	216423	216932	plus	G9E408	G9E408_9PHYC	Uncharacterized protein	169	EPVG_00253	Predicted	UPI00022A4B30	2025-06-18	NA	NA	NA	NA	NA	NA	NA	NA	NA	NA	NA	NA	NA	NA	NA	NA
EPVG_00254	JF974311.1_cds_AET98141.1_253	AET98141.1	327	hypothetical protein	dTMP kinase (EC 2.7.4.9)	TRUE	Genbank	virus	protein-coding	JF974311.1	216963	217946	plus	G9E409	G9E409_9PHYC	dTMP kinase (EC 2.7.4.9)	327	EPVG_00254	Inferred from homology	UPI00022A4B2F	2025-06-18	ATP binding [GO:0005524]; nucleoside diphosphate kinase activity [GO:0004550]; thymidylate kinase activity [GO:0004798]; dTDP biosynthetic process [GO:0006233]; dTTP biosynthetic process [GO:0006235]; dUDP biosynthetic process [GO:0006227]	GO:0004550; GO:0004798; GO:0005524; GO:0006227; GO:0006233; GO:0006235	NA	NA	ATP binding [GO:0005524]; nucleoside diphosphate kinase activity [GO:0004550]; thymidylate kinase activity [GO:0004798]	dTDP biosynthetic process [GO:0006233]; dTTP biosynthetic process [GO:0006235]; dUDP biosynthetic process [GO:0006227]	NA	2.7.4.9	NA	NA	NA	NA	NA	NA	PATHWAY: Pyrimidine metabolism; dTTP biosynthesis. {ECO:0000256|ARBA:ARBA00004992}.	NA
EPVG_00255	JF974311.1_cds_AET98142.1_254	AET98142.1	244	hypothetical protein	Methyltransferase domain-containing protein	FALSE	Genbank	virus	protein-coding	JF974311.1	217976	218710	plus	G9E410	G9E410_9PHYC	Methyltransferase domain-containing protein	244	EPVG_00255	Predicted	UPI00022A4A4C	2025-06-18	NA	NA	NA	NA	NA	NA	NA	NA	NA	NA	NA	NA	NA	NA	NA	NA
EPVG_00256	JF974311.1_cds_AET98143.1_255	AET98143.1	113	hypothetical protein	Uncharacterized protein	FALSE	Genbank	virus	protein-coding	JF974311.1	218718	219059	plus	G9E411	G9E411_9PHYC	Uncharacterized protein	113	EPVG_00256	Predicted	UPI00022A4A4B	2025-06-18	NA	NA	NA	NA	NA	NA	NA	NA	NA	NA	NA	NA	NA	NA	NA	NA
EPVG_00257	JF974311.1_cds_AET98144.1_256	AET98144.1	1156	RNA polymerase II	DNA-directed RNA polymerase (EC 2.7.7.6)	TRUE	Genbank	virus	protein-coding	JF974311.1	219062	222532	minus	G9E412	G9E412_9PHYC	DNA-directed RNA polymerase (EC 2.7.7.6)	1156	EPVG_00257	Inferred from homology	UPI00022A498E	2025-06-18	DNA-directed RNA polymerase complex [GO:0000428]; DNA binding [GO:0003677]; plastid single subunit type RNA polymerase activity [GO:0001066]; ribonucleoside binding [GO:0032549]; RNA polymerase I activity [GO:0001054]; RNA polymerase II activity [GO:0001055]; RNA polymerase III activity [GO:0001056]; RNA polymerase IV activity [GO:0001057]; RNA polymerase V activity [GO:0001058]; zinc ion binding [GO:0008270]	GO:0000428; GO:0001054; GO:0001055; GO:0001056; GO:0001057; GO:0001058; GO:0001066; GO:0003677; GO:0008270; GO:0032549	DNA-directed RNA polymerase complex [GO:0000428]	NA	DNA binding [GO:0003677]; plastid single subunit type RNA polymerase activity [GO:0001066]; ribonucleoside binding [GO:0032549]; RNA polymerase I activity [GO:0001054]; RNA polymerase II activity [GO:0001055]; RNA polymerase III activity [GO:0001056]; RNA polymerase IV activity [GO:0001057]; RNA polymerase V activity [GO:0001058]; zinc ion binding [GO:0008270]	NA	NA	2.7.7.6	CATALYTIC ACTIVITY: Reaction=RNA(n) + a ribonucleoside 5'-triphosphate = RNA(n+1) + diphosphate; Xref=Rhea:RHEA:21248, Rhea:RHEA-COMP:14527, Rhea:RHEA-COMP:17342, ChEBI:CHEBI:33019, ChEBI:CHEBI:61557, ChEBI:CHEBI:140395; EC=2.7.7.6; Evidence={ECO:0000256|ARBA:ARBA00048552};	RHEA:21248	NA	NA	NA	NA	NA	NA
EPVG_00258	JF974311.1_cds_AET98145.1_257	AET98145.1	375	hypothetical protein	Uncharacterized protein	FALSE	Genbank	virus	protein-coding	JF974311.1	222633	223760	plus	G9E413	G9E413_9PHYC	Uncharacterized protein	375	EPVG_00258	Predicted	UPI00022A4BE8	2025-06-18	NA	NA	NA	NA	NA	NA	NA	NA	NA	NA	NA	NA	NA	NA	NA	NA
EPVG_00259	JF974311.1_cds_AET98146.1_258	AET98146.1	108	hypothetical protein	Uncharacterized protein	FALSE	Genbank	virus	protein-coding	JF974311.1	223726	224052	minus	G9E414	G9E414_9PHYC	Uncharacterized protein	108	EPVG_00259	Predicted	UPI00022A498C	2025-06-18	NA	NA	NA	NA	NA	NA	NA	NA	NA	NA	NA	NA	NA	NA	NA	NA
EPVG_00260	JF974311.1_cds_AET98147.1_259	AET98147.1	134	hypothetical protein	Uncharacterized protein	FALSE	Genbank	virus	protein-coding	JF974311.1	224098	224502	minus	G9E415	G9E415_9PHYC	Uncharacterized protein	134	EPVG_00260	Predicted	UPI00022A498B	2025-06-18	NA	NA	NA	NA	NA	NA	NA	NA	NA	NA	NA	NA	NA	NA	NA	NA
EPVG_00261	JF974311.1_cds_AET98148.1_260	AET98148.1	243	hypothetical protein	Uncharacterized protein	FALSE	Genbank	virus	protein-coding	JF974311.1	224495	225226	minus	G9E416	G9E416_9PHYC	Uncharacterized protein	243	EPVG_00261	Predicted	UPI00022A498A	2025-06-18	NA	NA	NA	NA	NA	NA	NA	NA	NA	NA	NA	NA	NA	NA	NA	NA
EPVG_00262	JF974311.1_cds_AET98149.1_261	AET98149.1	367	hypothetical protein	Uncharacterized protein	FALSE	Genbank	virus	protein-coding	JF974311.1	225269	226372	minus	G9E417	G9E417_9PHYC	Uncharacterized protein	367	EPVG_00262	Predicted	UPI00022A4989	2025-06-18	NA	NA	NA	NA	NA	NA	NA	NA	NA	NA	NA	NA	NA	NA	NA	NA
EPVG_00263	JF974311.1_cds_AET98150.1_262	AET98150.1	288	hypothetical protein	Uncharacterized protein	FALSE	Genbank	virus	protein-coding	JF974311.1	226381	227247	minus	G9E418	G9E418_9PHYC	Uncharacterized protein	288	EPVG_00263	Predicted	UPI00022A4988	2025-06-18	NA	NA	NA	NA	NA	NA	NA	NA	NA	NA	NA	NA	NA	NA	NA	NA
EPVG_00264	JF974311.1_cds_AET98151.1_263	AET98151.1	328	hypothetical protein	Uncharacterized protein	FALSE	Genbank	virus	protein-coding	JF974311.1	227287	228273	plus	G9E419	G9E419_9PHYC	Uncharacterized protein	328	EPVG_00264	Predicted	UPI00022A4987	2025-06-18	NA	NA	NA	NA	NA	NA	NA	NA	NA	NA	NA	NA	NA	NA	NA	NA
EPVG_00265	JF974311.1_cds_AET98152.1_264	AET98152.1	180	hypothetical protein	DUF3592 domain-containing protein	TRUE	Genbank	virus	protein-coding	JF974311.1	228270	228812	minus	G9E420	G9E420_9PHYC	DUF3592 domain-containing protein	180	EPVG_00265	Predicted	UPI00022A4986	2025-06-18	membrane [GO:0016020]	GO:0016020	membrane [GO:0016020]	TRANSMEM 20..39; /note=""Helical""; /evidence=""ECO:0000256|SAM:Phobius""; TRANSMEM 133..155; /note=""Helical""; /evidence=""ECO:0000256|SAM:Phobius""	NA	NA	NA	NA	NA	NA	NA	NA	NA	NA	NA	NA
EPVG_00266	JF974311.1_cds_AET98153.1_265	AET98153.1	1211	hypothetical protein	Uncharacterized protein	TRUE	Genbank	virus	protein-coding	JF974311.1	228879	232514	plus	G9E421	G9E421_9PHYC	Uncharacterized protein	1211	EPVG_00266	Predicted	UPI00022A4985	2025-06-18	membrane [GO:0016020]	GO:0016020	membrane [GO:0016020]	TRANSMEM 17..40; /note=""Helical""; /evidence=""ECO:0000256|SAM:Phobius""	NA	NA	NA	NA	NA	NA	NA	NA	NA	NA	NA	NA
EPVG_00267	JF974311.1_cds_AET98154.1_266	AET98154.1	894	hypothetical protein	Uncharacterized protein	FALSE	Genbank	virus	protein-coding	JF974311.1	232628	235312	minus	G9E422	G9E422_9PHYC	Uncharacterized protein	894	EPVG_00267	Predicted	UPI00022A4984	2025-06-18	NA	NA	NA	NA	NA	NA	NA	NA	NA	NA	NA	NA	NA	NA	NA	NA
EPVG_00268	JF974311.1_cds_AET98155.1_267	AET98155.1	107	hypothetical protein	Legume lectin domain-containing protein	FALSE	Genbank	virus	protein-coding	JF974311.1	235355	235678	minus	G9E423	G9E423_9PHYC	Legume lectin domain-containing protein	107	EPVG_00268	Predicted	UPI00022A4B2E	2025-06-18	NA	NA	NA	NA	NA	NA	NA	NA	NA	NA	NA	NA	NA	NA	NA	NA
EPVG_00269	JF974311.1_cds_AET98156.1_268	AET98156.1	352	hypothetical protein	Uncharacterized protein	TRUE	Genbank	virus	protein-coding	JF974311.1	235760	236818	minus	G9E424	G9E424_9PHYC	Uncharacterized protein	352	EPVG_00269	Predicted	UPI00022A4982	2025-06-18	membrane [GO:0016020]	GO:0016020	membrane [GO:0016020]	TRANSMEM 261..280; /note=""Helical""; /evidence=""ECO:0000256|SAM:Phobius""	NA	NA	NA	NA	NA	NA	NA	NA	NA	NA	NA	NA
EPVG_00270	JF974311.1_cds_AET98157.1_269	AET98157.1	269	hypothetical protein	ShKT domain-containing protein	FALSE	Genbank	virus	protein-coding	JF974311.1	237032	237841	minus	G9E425	G9E425_9PHYC	ShKT domain-containing protein	269	EPVG_00270	Predicted	UPI00022A4981	2025-06-18	NA	NA	NA	NA	NA	NA	NA	NA	NA	NA	NA	NA	NA	NA	NA	NA
EPVG_00271	JF974311.1_cds_AET98158.1_270	AET98158.1	241	hypothetical protein	Uncharacterized protein	TRUE	Genbank	virus	protein-coding	JF974311.1	240128	240853	plus	G9E426	G9E426_9PHYC	Uncharacterized protein	241	EPVG_00271	Predicted	UPI0002392D3E	2025-06-18	membrane [GO:0016020]	GO:0016020	membrane [GO:0016020]	TRANSMEM 16..40; /note=""Helical""; /evidence=""ECO:0000256|SAM:Phobius""; TRANSMEM 61..83; /note=""Helical""; /evidence=""ECO:0000256|SAM:Phobius""; TRANSMEM 103..125; /note=""Helical""; /evidence=""ECO:0000256|SAM:Phobius""	NA	NA	NA	NA	NA	NA	NA	NA	NA	NA	NA	NA
EPVG_00272	JF974311.1_cds_AET98159.1_271	AET98159.1	100	hypothetical protein	Uncharacterized protein	TRUE	Genbank	virus	protein-coding	JF974311.1	240887	241189	plus	G9E427	G9E427_9PHYC	Uncharacterized protein	100	EPVG_00272	Predicted	UPI00022A4DFA	2025-06-18	membrane [GO:0016020]	GO:0016020	membrane [GO:0016020]	TRANSMEM 7..26; /note=""Helical""; /evidence=""ECO:0000256|SAM:Phobius""	NA	NA	NA	NA	NA	NA	NA	NA	NA	NA	NA	NA
EPVG_00273	JF974311.1_cds_AET98160.1_272	AET98160.1	422	hypothetical protein	Uncharacterized protein	TRUE	Genbank	virus	protein-coding	JF974311.1	241212	242480	plus	G9E428	G9E428_9PHYC	Uncharacterized protein	422	EPVG_00273	Predicted	UPI00022A470E	2025-06-18	membrane [GO:0016020]	GO:0016020	membrane [GO:0016020]	TRANSMEM 307..330; /note=""Helical""; /evidence=""ECO:0000256|SAM:Phobius""	NA	NA	NA	NA	NA	NA	NA	NA	NA	NA	NA	NA
EPVG_00274	JF974311.1_cds_AET98161.1_273	AET98161.1	122	hypothetical protein	Uncharacterized protein	FALSE	Genbank	virus	protein-coding	JF974311.1	242483	242851	plus	G9E429	G9E429_9PHYC	Uncharacterized protein	122	EPVG_00274	Predicted	UPI00022A470F	2025-06-18	NA	NA	NA	NA	NA	NA	NA	NA	NA	NA	NA	NA	NA	NA	NA	NA
EPVG_00275	JF974311.1_cds_AET98162.1_274	AET98162.1	111	hypothetical protein	Uncharacterized protein	FALSE	Genbank	virus	protein-coding	JF974311.1	242880	243215	minus	G9E430	G9E430_9PHYC	Uncharacterized protein	111	EPVG_00275	Predicted	UPI0001C136F4	2025-06-18	NA	NA	NA	NA	NA	NA	NA	NA	NA	NA	NA	NA	NA	NA	NA	NA
EPVG_00276	JF974311.1_cds_AET98163.1_275	AET98163.1	243	hypothetical protein	Uncharacterized protein	FALSE	Genbank	virus	protein-coding	JF974311.1	243336	244067	plus	G9E431	G9E431_9PHYC	Uncharacterized protein	243	EPVG_00276	Predicted	UPI00022A4DF9	2025-06-18	NA	NA	NA	NA	NA	NA	NA	NA	NA	NA	NA	NA	NA	NA	NA	NA
EPVG_00277	JF974311.1_cds_AET98164.1_276	AET98164.1	100	hypothetical protein	Uncharacterized protein	FALSE	Genbank	virus	protein-coding	JF974311.1	244206	244508	plus	G9E432	G9E432_9PHYC	Uncharacterized protein	100	EPVG_00277	Predicted	UPI0002392D3F	2025-06-18	NA	NA	NA	NA	NA	NA	NA	NA	NA	NA	NA	NA	NA	NA	NA	NA
EPVG_00278	JF974311.1_cds_AET98165.1_277	AET98165.1	205	hypothetical protein	Uncharacterized protein	FALSE	Genbank	virus	protein-coding	JF974311.1	244712	245329	plus	G9E433	G9E433_9PHYC	Uncharacterized protein	205	EPVG_00278	Predicted	UPI00022A500C	2025-06-18	NA	NA	NA	NA	NA	NA	NA	NA	NA	NA	NA	NA	NA	NA	NA	NA
EPVG_00279	JF974311.1_cds_AET98166.1_278	AET98166.1	78	hypothetical protein	Uncharacterized protein	TRUE	Genbank	virus	protein-coding	JF974311.1	245366	245602	plus	G9E434	G9E434_9PHYC	Uncharacterized protein	78	EPVG_00279	Predicted	UPI00022A4713	2025-06-18	membrane [GO:0016020]	GO:0016020	membrane [GO:0016020]	TRANSMEM 6..23; /note=""Helical""; /evidence=""ECO:0000256|SAM:Phobius""	NA	NA	NA	NA	NA	NA	NA	NA	NA	NA	NA	NA
EPVG_00280	JF974311.1_cds_AET98167.1_279	AET98167.1	80	hypothetical protein	Uncharacterized protein	FALSE	Genbank	virus	protein-coding	JF974311.1	245642	245884	plus	G9E435	G9E435_9PHYC	Uncharacterized protein	80	EPVG_00280	Predicted	UPI00022A4714	2025-06-18	NA	NA	NA	NA	NA	NA	NA	NA	NA	NA	NA	NA	NA	NA	NA	NA
EPVG_00281	JF974311.1_cds_AET98168.1_280	AET98168.1	184	hypothetical protein	Uncharacterized protein	FALSE	Genbank	virus	protein-coding	JF974311.1	245906	246460	plus	G9E436	G9E436_9PHYC	Uncharacterized protein	184	EPVG_00281	Predicted	UPI0002392D40	2025-06-18	NA	NA	NA	NA	NA	NA	NA	NA	NA	NA	NA	NA	NA	NA	NA	NA
EPVG_00282	JF974311.1_cds_AET98169.1_281	AET98169.1	159	hypothetical protein	Uncharacterized protein	FALSE	Genbank	virus	protein-coding	JF974311.1	246447	246926	minus	G9E437	G9E437_9PHYC	Uncharacterized protein	159	EPVG_00282	Predicted	UPI00022A4716	2025-06-18	NA	NA	NA	NA	NA	NA	NA	NA	NA	NA	NA	NA	NA	NA	NA	NA
EPVG_00283	JF974311.1_cds_AET98170.1_282	AET98170.1	102	hypothetical protein	Uncharacterized protein	FALSE	Genbank	virus	protein-coding	JF974311.1	247013	247321	minus	G9E438	G9E438_9PHYC	Uncharacterized protein	102	EPVG_00283	Predicted	UPI00022A4717	2025-06-18	NA	NA	NA	NA	NA	NA	NA	NA	NA	NA	NA	NA	NA	NA	NA	NA
EPVG_00284	JF974311.1_cds_AET98171.1_283	AET98171.1	395	hypothetical protein	Uncharacterized protein	FALSE	Genbank	virus	protein-coding	JF974311.1	247562	248749	plus	G9E439	G9E439_9PHYC	Uncharacterized protein	395	EPVG_00284	Predicted	UPI00022A4718	2025-06-18	NA	NA	NA	NA	NA	NA	NA	NA	NA	NA	NA	NA	NA	NA	NA	NA
EPVG_00285	JF974311.1_cds_AET98172.1_284	AET98172.1	314	hypothetical protein	Uncharacterized protein	FALSE	Genbank	virus	protein-coding	JF974311.1	248836	249780	plus	G9E440	G9E440_9PHYC	Uncharacterized protein	314	EPVG_00285	Predicted	UPI00022A4719	2025-06-18	NA	NA	NA	NA	NA	NA	NA	NA	NA	NA	NA	NA	NA	NA	NA	NA
EPVG_00286	JF974311.1_cds_AET98173.1_285	AET98173.1	158	hypothetical protein	Uncharacterized protein	FALSE	Genbank	virus	protein-coding	JF974311.1	249874	250350	plus	G9E441	G9E441_9PHYC	Uncharacterized protein	158	EPVG_00286	Predicted	UPI00022A471A	2025-06-18	NA	NA	NA	NA	NA	NA	NA	NA	NA	NA	NA	NA	NA	NA	NA	NA
EPVG_00287	JF974311.1_cds_AET98174.1_286	AET98174.1	88	hypothetical protein	C2H2-type domain-containing protein	TRUE	Genbank	virus	protein-coding	JF974311.1	250331	250597	minus	G9E442	G9E442_9PHYC	C2H2-type domain-containing protein	88	EPVG_00287	Predicted	UPI00022A471B	2025-06-18	zinc ion binding [GO:0008270]	GO:0008270	NA	NA	zinc ion binding [GO:0008270]	NA	NA	NA	NA	NA	NA	NA	NA	NA	NA	NA
EPVG_00288	JF974311.1_cds_AET98175.1_287	AET98175.1	292	hypothetical protein	C2H2-type domain-containing protein	FALSE	Genbank	virus	protein-coding	JF974311.1	250638	251516	minus	G9E443	G9E443_9PHYC	C2H2-type domain-containing protein	292	EPVG_00288	Predicted	UPI00022A471C	2025-06-18	NA	NA	NA	NA	NA	NA	NA	NA	NA	NA	NA	NA	NA	NA	NA	NA
EPVG_00289	JF974311.1_cds_AET98176.1_288	AET98176.1	95	hypothetical protein	Uncharacterized protein	FALSE	Genbank	virus	protein-coding	JF974311.1	251608	251895	plus	G9E444	G9E444_9PHYC	Uncharacterized protein	95	EPVG_00289	Predicted	UPI00022A471D	2025-06-18	NA	NA	NA	NA	NA	NA	NA	NA	NA	NA	NA	NA	NA	NA	NA	NA
EPVG_00290	JF974311.1_cds_AET98177.1_289	AET98177.1	396	hypothetical protein	Uncharacterized protein	TRUE	Genbank	virus	protein-coding	JF974311.1	251884	253074	minus	G9E445	G9E445_9PHYC	Uncharacterized protein	396	EPVG_00290	Predicted	UPI00022A471E	2025-06-18	membrane [GO:0016020]	GO:0016020	membrane [GO:0016020]	TRANSMEM 93..111; /note=""Helical""; /evidence=""ECO:0000256|SAM:Phobius""; TRANSMEM 131..150; /note=""Helical""; /evidence=""ECO:0000256|SAM:Phobius""; TRANSMEM 157..176; /note=""Helical""; /evidence=""ECO:0000256|SAM:Phobius""; TRANSMEM 188..206; /note=""Helical""; /evidence=""ECO:0000256|SAM:Phobius""; TRANSMEM 218..241; /note=""Helical""; /evidence=""ECO:0000256|SAM:Phobius""; TRANSMEM 279..296; /note=""Helical""; /evidence=""ECO:0000256|SAM:Phobius""; TRANSMEM 317..333; /note=""Helical""; /evidence=""ECO:0000256|SAM:Phobius""; TRANSMEM 339..360; /note=""Helical""; /evidence=""ECO:0000256|SAM:Phobius""	NA	NA	NA	NA	NA	NA	NA	NA	NA	NA	NA	NA
EPVG_00291	JF974311.1_cds_AET98178.1_290	AET98178.1	226	hypothetical protein	HMG box domain-containing protein	FALSE	Genbank	virus	protein-coding	JF974311.1	253139	253819	minus	G9E446	G9E446_9PHYC	HMG box domain-containing protein	226	EPVG_00291	Predicted	UPI00022A471F	2025-06-18	NA	NA	NA	NA	NA	NA	NA	NA	NA	NA	NA	NA	NA	NA	NA	NA
EPVG_00292	JF974311.1_cds_AET98179.1_291	AET98179.1	390	zinc finger protein	Zinc finger protein	FALSE	Genbank	virus	protein-coding	JF974311.1	253939	255111	plus	G9E447	G9E447_9PHYC	Zinc finger protein	390	EPVG_00292	Predicted	UPI00022A500D	2025-06-18	NA	NA	NA	NA	NA	NA	NA	NA	NA	NA	NA	NA	NA	NA	NA	NA
EPVG_00293	JF974311.1_cds_AET98180.1_292	AET98180.1	778	hypothetical protein	Helicase C-terminal domain-containing protein	FALSE	Genbank	virus	protein-coding	JF974311.1	255199	257535	minus	G9E448	G9E448_9PHYC	Helicase C-terminal domain-containing protein	778	EPVG_00293	Predicted	UPI00022A4722	2025-06-18	NA	NA	NA	NA	NA	NA	NA	NA	NA	NA	NA	NA	NA	NA	NA	NA
EPVG_00294	JF974311.1_cds_AET98181.1_293	AET98181.1	274	hypothetical protein	Uncharacterized protein	FALSE	Genbank	virus	protein-coding	JF974311.1	257540	258364	minus	G9E449	G9E449_9PHYC	Uncharacterized protein	274	EPVG_00294	Predicted	UPI00022A4723	2025-06-18	NA	NA	NA	NA	NA	NA	NA	NA	NA	NA	NA	NA	NA	NA	NA	NA
EPVG_00295	JF974311.1_cds_AET98182.1_294	AET98182.1	121	hypothetical protein	Transmembrane protein	TRUE	Genbank	virus	protein-coding	JF974311.1	258408	258773	plus	G9E450	G9E450_9PHYC	Transmembrane protein	121	EPVG_00295	Predicted	UPI00022A4724	2025-06-18	membrane [GO:0016020]	GO:0016020	membrane [GO:0016020]	TRANSMEM 21..43; /note=""Helical""; /evidence=""ECO:0000256|SAM:Phobius""	NA	NA	NA	NA	NA	NA	NA	NA	NA	NA	NA	NA
EPVG_00296	JF974311.1_cds_AET98183.1_295	AET98183.1	128	endonuclease	Endonuclease	TRUE	Genbank	virus	protein-coding	JF974311.1	258783	259169	plus	G9E451	G9E451_9PHYC	Endonuclease	128	EPVG_00296	Predicted	UPI00022A4725	2025-06-18	endonuclease activity [GO:0004519]	GO:0004519	NA	NA	endonuclease activity [GO:0004519]	NA	NA	NA	NA	NA	NA	NA	ACT_SITE 23; /note=""Proton acceptor""; /evidence=""ECO:0000256|PIRSR:PIRSR001000-1""	NA	NA	NA
EPVG_00297	JF974311.1_cds_AET98184.1_296	AET98184.1	273	hypothetical protein	Uncharacterized protein	FALSE	Genbank	virus	protein-coding	JF974311.1	259166	259987	minus	G9E452	G9E452_9PHYC	Uncharacterized protein	273	EPVG_00297	Predicted	UPI00022A4726	2025-06-18	NA	NA	NA	NA	NA	NA	NA	NA	NA	NA	NA	NA	NA	NA	NA	NA
EPVG_00298	JF974311.1_cds_AET98185.1_297	AET98185.1	182	hypothetical protein	Apple domain-containing protein	TRUE	Genbank	virus	protein-coding	JF974311.1	260040	260588	plus	G9E453	G9E453_9PHYC	Apple domain-containing protein	182	EPVG_00298	Predicted	UPI00022A4727	2026-03-19	membrane [GO:0016020]	GO:0016020	membrane [GO:0016020]	TRANSMEM 6..28; /note=""Helical""; /evidence=""ECO:0000256|SAM:Phobius""	NA	NA	NA	NA	NA	NA	NA	NA	NA	NA	NA	NA
EPVG_00299	JF974311.1_cds_AET98186.1_298	AET98186.1	197	hypothetical protein	Uncharacterized protein	FALSE	Genbank	virus	protein-coding	JF974311.1	260568	261161	minus	G9E454	G9E454_9PHYC	Uncharacterized protein	197	EPVG_00299	Predicted	UPI00022A4728	2025-06-18	NA	NA	NA	NA	NA	NA	NA	NA	NA	NA	NA	NA	NA	NA	NA	NA
EPVG_00300	JF974311.1_cds_AET98187.1_299	AET98187.1	375	hypothetical protein	Uncharacterized protein	FALSE	Genbank	virus	protein-coding	JF974311.1	261198	262325	minus	G9E455	G9E455_9PHYC	Uncharacterized protein	375	EPVG_00300	Predicted	UPI00022A4729	2025-06-18	NA	NA	NA	NA	NA	NA	NA	NA	NA	NA	NA	NA	NA	NA	NA	NA
EPVG_00301	JF974311.1_cds_AET98188.1_300	AET98188.1	210	hypothetical protein	HMG box domain-containing protein	FALSE	Genbank	virus	protein-coding	JF974311.1	262425	263057	plus	G9E456	G9E456_9PHYC	HMG box domain-containing protein	210	EPVG_00301	Predicted	UPI00022A472A	2025-06-18	NA	NA	NA	NA	NA	NA	NA	NA	NA	NA	NA	NA	NA	NA	NA	NA
EPVG_00302	JF974311.1_cds_AET98189.1_301	AET98189.1	74	hypothetical protein	Phage protein	FALSE	Genbank	virus	protein-coding	JF974311.1	263213	263437	plus	G9E457	G9E457_9PHYC	Phage protein	74	EPVG_00302	Predicted	UPI00022A472B	2025-06-18	NA	NA	NA	NA	NA	NA	NA	NA	NA	NA	NA	NA	NA	NA	NA	NA
EPVG_00303	JF974311.1_cds_AET98190.1_302	AET98190.1	97	hypothetical protein	Uncharacterized protein	TRUE	Genbank	virus	protein-coding	JF974311.1	263430	263723	minus	G9E458	G9E458_9PHYC	Uncharacterized protein	97	EPVG_00303	Predicted	UPI00022A472C	2025-06-18	membrane [GO:0016020]	GO:0016020	membrane [GO:0016020]	TRANSMEM 6..28; /note=""Helical""; /evidence=""ECO:0000256|SAM:Phobius""	NA	NA	NA	NA	NA	NA	NA	NA	NA	NA	NA	NA
EPVG_00304	JF974311.1_cds_AET98191.1_303	AET98191.1	75	hypothetical protein	Uncharacterized protein	FALSE	Genbank	virus	protein-coding	JF974311.1	263837	264064	plus	G9E459	G9E459_9PHYC	Uncharacterized protein	75	EPVG_00304	Predicted	UPI00022A472D	2025-06-18	NA	NA	NA	NA	NA	NA	NA	NA	NA	NA	NA	NA	NA	NA	NA	NA
EPVG_00305	JF974311.1_cds_AET98192.1_304	AET98192.1	124	hypothetical protein	Uncharacterized protein	FALSE	Genbank	virus	protein-coding	JF974311.1	264293	264667	plus	G9E460	G9E460_9PHYC	Uncharacterized protein	124	EPVG_00305	Predicted	UPI00022A472E	2025-06-18	NA	NA	NA	NA	NA	NA	NA	NA	NA	NA	NA	NA	NA	NA	NA	NA
EPVG_00306	JF974311.1_cds_AET98193.1_305	AET98193.1	101	hypothetical protein	Uncharacterized protein	FALSE	Genbank	virus	protein-coding	JF974311.1	264822	265127	plus	G9E461	G9E461_9PHYC	Uncharacterized protein	101	EPVG_00306	Predicted	UPI0002392D99	2025-06-18	NA	NA	NA	NA	NA	NA	NA	NA	NA	NA	NA	NA	NA	NA	NA	NA
EPVG_00307	JF974311.1_cds_AET98194.1_306	AET98194.1	141	hypothetical protein	Uncharacterized protein	FALSE	Genbank	virus	protein-coding	JF974311.1	265201	265626	minus	G9E462	G9E462_9PHYC	Uncharacterized protein	141	EPVG_00307	Predicted	UPI00022A4730	2025-06-18	NA	NA	NA	NA	NA	NA	NA	NA	NA	NA	NA	NA	NA	NA	NA	NA
EPVG_00308	JF974311.1_cds_AET98195.1_307	AET98195.1	73	hypothetical protein	Uncharacterized protein	TRUE	Genbank	virus	protein-coding	JF974311.1	265795	266016	minus	G9E463	G9E463_9PHYC	Uncharacterized protein	73	EPVG_00308	Predicted	UPI00022A4B5D	2025-06-18	membrane [GO:0016020]	GO:0016020	membrane [GO:0016020]	TRANSMEM 45..69; /note=""Helical""; /evidence=""ECO:0000256|SAM:Phobius""	NA	NA	NA	NA	NA	NA	NA	NA	NA	NA	NA	NA
EPVG_00309	JF974311.1_cds_AET98196.1_308	AET98196.1	2581	hypothetical protein	Laminin G domain-containing protein	TRUE	Genbank	virus	protein-coding	JF974311.1	266036	273781	minus	G9E464	G9E464_9PHYC	Laminin G domain-containing protein	2581	EPVG_00309	Predicted	UPI0002392D9A	2025-06-18	membrane [GO:0016020]	GO:0016020	membrane [GO:0016020]	TRANSMEM 2531..2554; /note=""Helical""; /evidence=""ECO:0000256|SAM:Phobius""	NA	NA	NA	NA	NA	NA	NA	NA	NA	NA	NA	NA
EPVG_00310	JF974311.1_cds_AET98197.1_309	AET98197.1	70	hypothetical protein	Uncharacterized protein	TRUE	Genbank	virus	protein-coding	JF974311.1	274402	274614	plus	G9E465	G9E465_9PHYC	Uncharacterized protein	70	EPVG_00310	Predicted	UPI00022A4732	2025-06-18	membrane [GO:0016020]	GO:0016020	membrane [GO:0016020]	TRANSMEM 12..31; /note=""Helical""; /evidence=""ECO:0000256|SAM:Phobius""	NA	NA	NA	NA	NA	NA	NA	NA	NA	NA	NA	NA
EPVG_00311	JF974311.1_cds_AET98198.1_310	AET98198.1	170	hypothetical protein	Uncharacterized protein	FALSE	Genbank	virus	protein-coding	JF974311.1	274647	275159	plus	G9E466	G9E466_9PHYC	Uncharacterized protein	170	EPVG_00311	Predicted	UPI00022A4733	2025-06-18	NA	NA	NA	NA	NA	NA	NA	NA	NA	NA	NA	NA	NA	NA	NA	NA
EPVG_00312	JF974311.1_cds_AET98199.1_311	AET98199.1	169	hypothetical protein	Uncharacterized protein	TRUE	Genbank	virus	protein-coding	JF974311.1	275156	275665	minus	G9E467	G9E467_9PHYC	Uncharacterized protein	169	EPVG_00312	Predicted	UPI00022A4734	2025-06-18	membrane [GO:0016020]	GO:0016020	membrane [GO:0016020]	TRANSMEM 6..26; /note=""Helical""; /evidence=""ECO:0000256|SAM:Phobius""	NA	NA	NA	NA	NA	NA	NA	NA	NA	NA	NA	NA
EPVG_00313	JF974311.1_cds_AET98200.1_312	AET98200.1	129	hypothetical protein	Uncharacterized protein	FALSE	Genbank	virus	protein-coding	JF974311.1	275703	276092	minus	G9E468	G9E468_9PHYC	Uncharacterized protein	129	EPVG_00313	Predicted	UPI00022A4735	2025-06-18	NA	NA	NA	NA	NA	NA	NA	NA	NA	NA	NA	NA	NA	NA	NA	NA
EPVG_00314	JF974311.1_cds_AET98201.1_313	AET98201.1	254	hypothetical protein	C-type lectin domain-containing protein	TRUE	Genbank	virus	protein-coding	JF974311.1	276662	277426	plus	G9E469	G9E469_9PHYC	C-type lectin domain-containing protein	254	EPVG_00314	Predicted	UPI00022A4736	2025-06-18	membrane [GO:0016020]	GO:0016020	membrane [GO:0016020]	TRANSMEM 49..69; /note=""Helical""; /evidence=""ECO:0000256|SAM:Phobius""	NA	NA	NA	NA	NA	NA	NA	NA	NA	NA	NA	NA
EPVG_00315	JF974311.1_cds_AET98202.1_314	AET98202.1	87	hypothetical protein	Uncharacterized protein	FALSE	Genbank	virus	protein-coding	JF974311.1	277489	277752	minus	G9E470	G9E470_9PHYC	Uncharacterized protein	87	EPVG_00315	Predicted	UPI00022A482F	2025-06-18	NA	NA	NA	NA	NA	NA	NA	NA	NA	NA	NA	NA	NA	NA	NA	NA
EPVG_00316	JF974311.1_cds_AET98203.1_315	AET98203.1	95	hypothetical protein	Uncharacterized protein	FALSE	Genbank	virus	protein-coding	JF974311.1	277795	278082	minus	G9E471	G9E471_9PHYC	Uncharacterized protein	95	EPVG_00316	Predicted	UPI00022A4830	2025-06-18	NA	NA	NA	NA	NA	NA	NA	NA	NA	NA	NA	NA	NA	NA	NA	NA
EPVG_00317	JF974311.1_cds_AET98204.1_316	AET98204.1	137	hypothetical protein	Uncharacterized protein	FALSE	Genbank	virus	protein-coding	JF974311.1	278075	278488	minus	G9E472	G9E472_9PHYC	Uncharacterized protein	137	EPVG_00317	Predicted	UPI00022A4831	2025-06-18	NA	NA	NA	NA	NA	NA	NA	NA	NA	NA	NA	NA	NA	NA	NA	NA
EPVG_00318	JF974311.1_cds_AET98205.1_317	AET98205.1	88	hypothetical protein	Uncharacterized protein	TRUE	Genbank	virus	protein-coding	JF974311.1	278712	278978	plus	G9E473	G9E473_9PHYC	Uncharacterized protein	88	EPVG_00318	Predicted	UPI00022A4832	2025-06-18	membrane [GO:0016020]	GO:0016020	membrane [GO:0016020]	TRANSMEM 6..22; /note=""Helical""; /evidence=""ECO:0000256|SAM:Phobius""	NA	NA	NA	NA	NA	NA	NA	NA	NA	NA	NA	NA
EPVG_00319	JF974311.1_cds_AET98206.1_318	AET98206.1	123	hypothetical protein	Uncharacterized protein	FALSE	Genbank	virus	protein-coding	JF974311.1	279090	279461	plus	G9E474	G9E474_9PHYC	Uncharacterized protein	123	EPVG_00319	Predicted	UPI00022A4833	2025-06-18	NA	NA	NA	NA	NA	NA	NA	NA	NA	NA	NA	NA	NA	NA	NA	NA
EPVG_00320	JF974311.1_cds_AET98207.1_319	AET98207.1	91	hypothetical protein	Uncharacterized protein	FALSE	Genbank	virus	protein-coding	JF974311.1	279555	279830	plus	G9E475	G9E475_9PHYC	Uncharacterized protein	91	EPVG_00320	Predicted	UPI00022A4834	2025-06-18	NA	NA	NA	NA	NA	NA	NA	NA	NA	NA	NA	NA	NA	NA	NA	NA
EPVG_00321	JF974311.1_cds_AET98208.1_320	AET98208.1	116	hypothetical protein	Uncharacterized protein	FALSE	Genbank	virus	protein-coding	JF974311.1	279831	280181	minus	G9E476	G9E476_9PHYC	Uncharacterized protein	116	EPVG_00321	Predicted	UPI00022A4835	2025-06-18	NA	NA	NA	NA	NA	NA	NA	NA	NA	NA	NA	NA	NA	NA	NA	NA
EPVG_00322	JF974311.1_cds_AET98209.1_321	AET98209.1	71	hypothetical protein	Uncharacterized protein	FALSE	Genbank	virus	protein-coding	JF974311.1	280405	280620	plus	G9E477	G9E477_9PHYC	Uncharacterized protein	71	EPVG_00322	Predicted	UPI00022A4836	2025-06-18	NA	NA	NA	NA	NA	NA	NA	NA	NA	NA	NA	NA	NA	NA	NA	NA
EPVG_00323	JF974311.1_cds_AET98210.1_322	AET98210.1	170	hypothetical protein	Uncharacterized protein	TRUE	Genbank	virus	protein-coding	JF974311.1	280636	281148	minus	G9E478	G9E478_9PHYC	Uncharacterized protein	170	EPVG_00323	Predicted	UPI00022A4837	2025-06-18	membrane [GO:0016020]	GO:0016020	membrane [GO:0016020]	TRANSMEM 20..43; /note=""Helical""; /evidence=""ECO:0000256|SAM:Phobius""	NA	NA	NA	NA	NA	NA	NA	NA	NA	NA	NA	NA
EPVG_00324	JF974311.1_cds_AET98211.1_323	AET98211.1	146	hypothetical protein	Uncharacterized protein	FALSE	Genbank	virus	protein-coding	JF974311.1	281255	281695	plus	G9E479	G9E479_9PHYC	Uncharacterized protein	146	EPVG_00324	Predicted	UPI00022A4838	2025-06-18	NA	NA	NA	NA	NA	NA	NA	NA	NA	NA	NA	NA	NA	NA	NA	NA
EPVG_00325	JF974311.1_cds_AET98212.1_324	AET98212.1	141	hypothetical protein	C2H2-type domain-containing protein	FALSE	Genbank	virus	protein-coding	JF974311.1	281708	282133	minus	G9E480	G9E480_9PHYC	C2H2-type domain-containing protein	141	EPVG_00325	Predicted	UPI00022A4839	2025-06-18	NA	NA	NA	NA	NA	NA	NA	NA	NA	NA	NA	NA	NA	NA	NA	NA
EPVG_00326	JF974311.1_cds_AET98213.1_325	AET98213.1	53	hypothetical protein	Uncharacterized protein	FALSE	Genbank	virus	protein-coding	JF974311.1	282227	282388	plus	G9E481	G9E481_9PHYC	Uncharacterized protein	53	EPVG_00326	Predicted	UPI00022A483A	2026-03-19	NA	NA	NA	NA	NA	NA	NA	NA	NA	NA	NA	NA	NA	NA	NA	NA
EPVG_00327	JF974311.1_cds_AET98214.1_326	AET98214.1	90	hypothetical protein	Uncharacterized protein	FALSE	Genbank	virus	protein-coding	JF974311.1	282652	282924	minus	G9E482	G9E482_9PHYC	Uncharacterized protein	90	EPVG_00327	Predicted	UPI00022A483B	2025-06-18	NA	NA	NA	NA	NA	NA	NA	NA	NA	NA	NA	NA	NA	NA	NA	NA
EPVG_00328	JF974311.1_cds_AET98215.1_327	AET98215.1	128	hypothetical protein	Uncharacterized protein	FALSE	Genbank	virus	protein-coding	JF974311.1	283661	284047	plus	G9E483	G9E483_9PHYC	Uncharacterized protein	128	EPVG_00328	Predicted	UPI0002392D9B	2025-06-18	NA	NA	NA	NA	NA	NA	NA	NA	NA	NA	NA	NA	NA	NA	NA	NA
EPVG_00329	JF974311.1_cds_AET98216.1_328	AET98216.1	245	hypothetical protein	HMG box domain-containing protein	FALSE	Genbank	virus	protein-coding	JF974311.1	284151	284888	minus	G9E484	G9E484_9PHYC	HMG box domain-containing protein	245	EPVG_00329	Predicted	UPI0002392D9C	2025-06-18	NA	NA	NA	NA	NA	NA	NA	NA	NA	NA	NA	NA	NA	NA	NA	NA
EPVG_00330	JF974311.1_cds_AET98217.1_329	AET98217.1	225	hypothetical protein	HMG box domain-containing protein	FALSE	Genbank	virus	protein-coding	JF974311.1	285212	285889	plus	G9E485	G9E485_9PHYC	HMG box domain-containing protein	225	EPVG_00330	Predicted	UPI0002392DD9	2025-06-18	NA	NA	NA	NA	NA	NA	NA	NA	NA	NA	NA	NA	NA	NA	NA	NA
EPVG_00331	JF974311.1_cds_AET98218.1_330	AET98218.1	240	hypothetical protein	Uncharacterized protein	TRUE	Genbank	virus	protein-coding	JF974311.1	285992	286714	plus	G9E486	G9E486_9PHYC	Uncharacterized protein	240	EPVG_00331	Predicted	UPI00022A4840	2025-06-18	membrane [GO:0016020]	GO:0016020	membrane [GO:0016020]	TRANSMEM 6..27; /note=""Helical""; /evidence=""ECO:0000256|SAM:Phobius""	NA	NA	NA	NA	NA	NA	NA	NA	NA	NA	NA	NA
EPVG_00332	JF974311.1_cds_AET98219.1_331	AET98219.1	116	hypothetical protein	Uncharacterized protein	FALSE	Genbank	virus	protein-coding	JF974311.1	286868	287218	minus	G9E487	G9E487_9PHYC	Uncharacterized protein	116	EPVG_00332	Predicted	UPI0000585858	2026-06-10	NA	NA	NA	NA	NA	NA	NA	NA	NA	NA	NA	NA	NA	NA	NA	NA
EPVG_00333	JF974311.1_cds_AET98220.1_332	AET98220.1	106	hypothetical protein	Uncharacterized protein	FALSE	Genbank	virus	protein-coding	JF974311.1	287363	287683	minus	G9E488	G9E488_9PHYC	Uncharacterized protein	106	EPVG_00333	Predicted	UPI00022A4841	2025-06-18	NA	NA	NA	NA	NA	NA	NA	NA	NA	NA	NA	NA	NA	NA	NA	NA
EPVG_00334	JF974311.1_cds_AET98221.1_333	AET98221.1	162	hypothetical protein	Uncharacterized protein	FALSE	Genbank	virus	protein-coding	JF974311.1	287808	288296	plus	G9E489	G9E489_9PHYC	Uncharacterized protein	162	EPVG_00334	Predicted	UPI00022A4842	2025-06-18	NA	NA	NA	NA	NA	NA	NA	NA	NA	NA	NA	NA	NA	NA	NA	NA
EPVG_00335	JF974311.1_cds_AET98222.1_334	AET98222.1	79	hypothetical protein	Uncharacterized protein	FALSE	Genbank	virus	protein-coding	JF974311.1	288387	288626	plus	G9E490	G9E490_9PHYC	Uncharacterized protein	79	EPVG_00335	Predicted	UPI00022A4843	2025-06-18	NA	NA	NA	NA	NA	NA	NA	NA	NA	NA	NA	NA	NA	NA	NA	NA
EPVG_00336	JF974311.1_cds_AET98223.1_335	AET98223.1	136	hypothetical protein	Uncharacterized protein	TRUE	Genbank	virus	protein-coding	JF974311.1	288688	289098	minus	G9E491	G9E491_9PHYC	Uncharacterized protein	136	EPVG_00336	Predicted	UPI00022A4844	2025-06-18	membrane [GO:0016020]	GO:0016020	membrane [GO:0016020]	TRANSMEM 7..29; /note=""Helical""; /evidence=""ECO:0000256|SAM:Phobius""	NA	NA	NA	NA	NA	NA	NA	NA	NA	NA	NA	NA
EPVG_00337	JF974311.1_cds_AET98224.1_336	AET98224.1	170	hypothetical protein	Uncharacterized protein	FALSE	Genbank	virus	protein-coding	JF974311.1	289210	289722	minus	G9E492	G9E492_9PHYC	Uncharacterized protein	170	EPVG_00337	Predicted	UPI00022A4845	2025-06-18	NA	NA	NA	NA	NA	NA	NA	NA	NA	NA	NA	NA	NA	NA	NA	NA
EPVG_00338	JF974311.1_cds_AET98225.1_337	AET98225.1	175	hypothetical protein	Uncharacterized protein	FALSE	Genbank	virus	protein-coding	JF974311.1	289959	290486	minus	G9E493	G9E493_9PHYC	Uncharacterized protein	175	EPVG_00338	Predicted	UPI0002392DDA	2025-06-18	NA	NA	NA	NA	NA	NA	NA	NA	NA	NA	NA	NA	NA	NA	NA	NA
EPVG_00339	JF974311.1_cds_AET98226.1_338	AET98226.1	140	hypothetical protein	Uncharacterized protein	FALSE	Genbank	virus	protein-coding	JF974311.1	290647	291069	plus	G9E494	G9E494_9PHYC	Uncharacterized protein	140	EPVG_00339	Predicted	UPI00022A4847	2025-06-18	NA	NA	NA	NA	NA	NA	NA	NA	NA	NA	NA	NA	NA	NA	NA	NA
EPVG_00340	JF974311.1_cds_AET98227.1_339	AET98227.1	371	hypothetical protein	Peptidase C19 ubiquitin carboxyl-terminal hydrolase domain-containing protein	FALSE	Genbank	virus	protein-coding	JF974311.1	291095	292210	minus	G9E495	G9E495_9PHYC	Peptidase C19 ubiquitin carboxyl-terminal hydrolase domain-containing protein	371	EPVG_00340	Predicted	UPI00022A4848	2025-06-18	NA	NA	NA	NA	NA	NA	NA	NA	NA	NA	NA	NA	NA	NA	NA	NA
EPVG_00341	JF974311.1_cds_AET98228.1_340	AET98228.1	72	hypothetical protein	Uncharacterized protein	FALSE	Genbank	virus	protein-coding	JF974311.1	292215	292433	minus	G9E496	G9E496_9PHYC	Uncharacterized protein	72	EPVG_00341	Predicted	UPI00022A4849	2025-06-18	NA	NA	NA	NA	NA	NA	NA	NA	NA	NA	NA	NA	NA	NA	NA	NA
EPVG_00342	JF974311.1_cds_AET98229.1_341	AET98229.1	104	hypothetical protein	Uncharacterized protein	FALSE	Genbank	virus	protein-coding	JF974311.1	292834	293148	minus	G9E497	G9E497_9PHYC	Uncharacterized protein	104	EPVG_00342	Predicted	UPI00022A484A	2025-06-18	NA	NA	NA	NA	NA	NA	NA	NA	NA	NA	NA	NA	NA	NA	NA	NA
EPVG_00343	JF974311.1_cds_AET98230.1_342	AET98230.1	203	hypothetical protein	Spondin domain-containing protein	TRUE	Genbank	virus	protein-coding	JF974311.1	293247	293858	plus	G9E498	G9E498_9PHYC	Spondin domain-containing protein	203	EPVG_00343	Predicted	UPI00022A484B	2025-06-18	membrane [GO:0016020]	GO:0016020	membrane [GO:0016020]	TRANSMEM 25..45; /note=""Helical""; /evidence=""ECO:0000256|SAM:Phobius""	NA	NA	NA	NA	NA	NA	NA	NA	NA	NA	NA	NA
EPVG_00344	JF974311.1_cds_AET98231.1_343	AET98231.1	92	hypothetical protein	Uncharacterized protein	FALSE	Genbank	virus	protein-coding	JF974311.1	293939	294217	minus	G9E499	G9E499_9PHYC	Uncharacterized protein	92	EPVG_00344	Predicted	UPI00022A484C	2025-06-18	NA	NA	NA	NA	NA	NA	NA	NA	NA	NA	NA	NA	NA	NA	NA	NA
EPVG_00345	JF974311.1_cds_AET98232.1_344	AET98232.1	61	hypothetical protein	Uncharacterized protein	FALSE	Genbank	virus	protein-coding	JF974311.1	294252	294437	plus	G9E4A0	G9E4A0_9PHYC	Uncharacterized protein	61	EPVG_00345	Predicted	UPI00022A484D	2025-06-18	NA	NA	NA	NA	NA	NA	NA	NA	NA	NA	NA	NA	NA	NA	NA	NA
EPVG_00346	JF974311.1_cds_AET98233.1_345	AET98233.1	365	hypothetical protein	Uncharacterized protein	FALSE	Genbank	virus	protein-coding	JF974311.1	294466	295563	plus	G9E4A1	G9E4A1_9PHYC	Uncharacterized protein	365	EPVG_00346	Predicted	UPI00022A484E	2025-06-18	NA	NA	NA	NA	NA	NA	NA	NA	NA	NA	NA	NA	NA	NA	NA	NA
EPVG_00347	JF974311.1_cds_AET98234.1_346	AET98234.1	179	hypothetical protein	Uncharacterized protein	FALSE	Genbank	virus	protein-coding	JF974311.1	295845	296384	minus	G9E4A2	G9E4A2_9PHYC	Uncharacterized protein	179	EPVG_00347	Predicted	UPI00022A484F	2025-06-18	NA	NA	NA	NA	NA	NA	NA	NA	NA	NA	NA	NA	NA	NA	NA	NA
EPVG_00348	JF974311.1_cds_AET98235.1_347	AET98235.1	67	hypothetical protein	Uncharacterized protein	FALSE	Genbank	virus	protein-coding	JF974311.1	296459	296662	minus	G9E4A3	G9E4A3_9PHYC	Uncharacterized protein	67	EPVG_00348	Predicted	UPI00022A4850	2025-06-18	NA	NA	NA	NA	NA	NA	NA	NA	NA	NA	NA	NA	NA	NA	NA	NA
EPVG_00349	JF974311.1_cds_AET98236.1_348	AET98236.1	62	hypothetical protein	Uncharacterized protein	FALSE	Genbank	virus	protein-coding	JF974311.1	296743	296931	minus	G9E4A4	G9E4A4_9PHYC	Uncharacterized protein	62	EPVG_00349	Predicted	UPI00022A4851	2025-06-18	NA	NA	NA	NA	NA	NA	NA	NA	NA	NA	NA	NA	NA	NA	NA	NA
EPVG_00350	JF974311.1_cds_AET98237.1_349	AET98237.1	338	hypothetical protein	Zinc finger protein	FALSE	Genbank	virus	protein-coding	JF974311.1	296936	297952	minus	G9E4A5	G9E4A5_9PHYC	Zinc finger protein	338	EPVG_00350	Predicted	UPI00022A4852	2025-06-18	NA	NA	NA	NA	NA	NA	NA	NA	NA	NA	NA	NA	NA	NA	NA	NA
EPVG_00351	JF974311.1_cds_AET98238.1_350	AET98238.1	199	hypothetical protein	Uncharacterized protein	FALSE	Genbank	virus	protein-coding	JF974311.1	298322	298921	minus	G9E4A6	G9E4A6_9PHYC	Uncharacterized protein	199	EPVG_00351	Predicted	UPI00022A4853	2025-06-18	NA	NA	NA	NA	NA	NA	NA	NA	NA	NA	NA	NA	NA	NA	NA	NA
EPVG_00352	JF974311.1_cds_AET98239.1_351	AET98239.1	209	hypothetical protein	HMG box domain-containing protein	FALSE	Genbank	virus	protein-coding	JF974311.1	301641	302270	minus	G9E4A7	G9E4A7_9PHYC	HMG box domain-containing protein	209	EPVG_00352	Predicted	UPI00022A4F01	2025-06-18	NA	NA	NA	NA	NA	NA	NA	NA	NA	NA	NA	NA	NA	NA	NA	NA
EPVG_00353	JF974311.1_cds_AET98240.1_352	AET98240.1	171	hypothetical protein	Uncharacterized protein	FALSE	Genbank	virus	protein-coding	JF974311.1	302627	303142	minus	G9E4A8	G9E4A8_9PHYC	Uncharacterized protein	171	EPVG_00353	Predicted	UPI00022A50DD	2025-06-18	NA	NA	NA	NA	NA	NA	NA	NA	NA	NA	NA	NA	NA	NA	NA	NA
EPVG_00354	JF974311.1_cds_AET98241.1_353	AET98241.1	50	hypothetical protein	Uncharacterized protein	FALSE	Genbank	virus	protein-coding	JF974311.1	304132	304286	minus	G9E4A9	G9E4A9_9PHYC	Uncharacterized protein	50	EPVG_00354	Predicted	UPI0002392DDB	2025-06-18	NA	NA	NA	NA	NA	NA	NA	NA	NA	NA	NA	NA	NA	NA	NA	NA
EPVG_00355	JF974311.1_cds_AET98242.1_354	AET98242.1	77	hypothetical protein	Uncharacterized protein	FALSE	Genbank	virus	protein-coding	JF974311.1	305603	305836	plus	G9E4B0	G9E4B0_9PHYC	Uncharacterized protein	77	EPVG_00355	Predicted	UPI00022A4C37	2025-06-18	NA	NA	NA	NA	NA	NA	NA	NA	NA	NA	NA	NA	NA	NA	NA	NA
EPVG_00356	JF974311.1_cds_AET98243.1_355	AET98243.1	124	hypothetical protein	Uncharacterized protein	FALSE	Genbank	virus	protein-coding	JF974311.1	305945	306319	plus	G9E4B1	G9E4B1_9PHYC	Uncharacterized protein	124	EPVG_00356	Predicted	UPI00022A50DA	2025-06-18	NA	NA	NA	NA	NA	NA	NA	NA	NA	NA	NA	NA	NA	NA	NA	NA
EPVG_00357	JF974311.1_cds_AET98244.1_356	AET98244.1	430	hypothetical protein	Uncharacterized protein	FALSE	Genbank	virus	protein-coding	JF974311.1	306643	307935	plus	G9E4B2	G9E4B2_9PHYC	Uncharacterized protein	430	EPVG_00357	Predicted	UPI00022A53B3	2025-06-18	NA	NA	NA	NA	NA	NA	NA	NA	NA	NA	NA	NA	NA	NA	NA	NA
EPVG_00358	JF974311.1_cds_AET98245.1_357	AET98245.1	205	hypothetical protein	Uncharacterized protein	TRUE	Genbank	virus	protein-coding	JF974311.1	307957	308574	plus	G9E4B3	G9E4B3_9PHYC	Uncharacterized protein	205	EPVG_00358	Predicted	UPI00022A4C35	2025-06-18	membrane [GO:0016020]	GO:0016020	membrane [GO:0016020]	TRANSMEM 6..22; /note=""Helical""; /evidence=""ECO:0000256|SAM:Phobius""	NA	NA	NA	NA	NA	NA	NA	NA	NA	NA	NA	NA
EPVG_00359	JF974311.1_cds_AET98246.1_358	AET98246.1	176	hypothetical protein	Cas1p 10 TM acyl transferase domain-containing protein	TRUE	Genbank	virus	protein-coding	JF974311.1	308600	309130	plus	G9E4B4	G9E4B4_9PHYC	Cas1p 10 TM acyl transferase domain-containing protein	176	EPVG_00359	Predicted	UPI00022A4C34	2025-06-18	membrane [GO:0016020]	GO:0016020	membrane [GO:0016020]	TRANSMEM 21..37; /note=""Helical""; /evidence=""ECO:0000256|SAM:Phobius""; TRANSMEM 74..91; /note=""Helical""; /evidence=""ECO:0000256|SAM:Phobius""	NA	NA	NA	NA	NA	NA	NA	NA	NA	NA	NA	NA
EPVG_00360	JF974311.1_cds_AET98247.1_359	AET98247.1	433	hypothetical protein	Uncharacterized protein	FALSE	Genbank	virus	protein-coding	JF974311.1	309233	310534	minus	G9E4B5	G9E4B5_9PHYC	Uncharacterized protein	433	EPVG_00360	Predicted	UPI00022A4C33	2025-06-18	NA	NA	NA	NA	NA	NA	NA	NA	NA	NA	NA	NA	NA	NA	NA	NA
EPVG_00361	JF974311.1_cds_AET98248.1_360	AET98248.1	109	hypothetical protein	Uncharacterized protein	TRUE	Genbank	virus	protein-coding	JF974311.1	310707	311036	plus	G9E4B6	G9E4B6_9PHYC	Uncharacterized protein	109	EPVG_00361	Predicted	UPI00022A4C32	2025-06-18	membrane [GO:0016020]	GO:0016020	membrane [GO:0016020]	TRANSMEM 31..54; /note=""Helical""; /evidence=""ECO:0000256|SAM:Phobius""; TRANSMEM 75..93; /note=""Helical""; /evidence=""ECO:0000256|SAM:Phobius""	NA	NA	NA	NA	NA	NA	NA	NA	NA	NA	NA	NA
EPVG_00362	JF974311.1_cds_AET98249.1_361	AET98249.1	376	hypothetical protein	Uncharacterized protein	TRUE	Genbank	virus	protein-coding	JF974311.1	311120	312250	plus	G9E4B7	G9E4B7_9PHYC	Uncharacterized protein	376	EPVG_00362	Predicted	UPI00022A4C31	2025-06-18	membrane [GO:0016020]	GO:0016020	membrane [GO:0016020]	TRANSMEM 306..332; /note=""Helical""; /evidence=""ECO:0000256|SAM:Phobius""	NA	NA	NA	NA	NA	NA	NA	NA	NA	NA	NA	NA
EPVG_00363	JF974311.1_cds_AET98250.1_362	AET98250.1	5289	hypothetical protein	Apple domain-containing protein	TRUE	Genbank	virus	protein-coding	JF974311.1	312591	328460	plus	G9E4B8	G9E4B8_9PHYC	Apple domain-containing protein	5289	EPVG_00363	Predicted	UPI0002394562	2025-06-18	membrane [GO:0016020]	GO:0016020	membrane [GO:0016020]	TRANSMEM 5212..5233; /note=""Helical""; /evidence=""ECO:0000256|SAM:Phobius""	NA	NA	NA	NA	NA	NA	NA	NA	NA	NA	NA	NA
EPVG_00364	JF974311.1_cds_AET98251.1_363	AET98251.1	468	hypothetical protein	SRCR domain-containing protein	TRUE	Genbank	virus	protein-coding	JF974311.1	328501	329907	plus	G9E4B9	G9E4B9_9PHYC	SRCR domain-containing protein	468	EPVG_00364	Predicted	UPI00022A4DEF	2025-06-18	membrane [GO:0016020]	GO:0016020	membrane [GO:0016020]	TRANSMEM 380..403; /note=""Helical""; /evidence=""ECO:0000256|SAM:Phobius""	NA	NA	NA	NA	NA	NA	NA	NA	NA	NA	NA	NA
EPVG_00365	JF974311.1_cds_AET98252.1_364	AET98252.1	78	hypothetical protein	Uncharacterized protein	FALSE	Genbank	virus	protein-coding	JF974311.1	329899	330135	minus	G9E4C0	G9E4C0_9PHYC	Uncharacterized protein	78	EPVG_00365	Predicted	UPI0000585808	2026-06-10	NA	NA	NA	NA	NA	NA	NA	NA	NA	NA	NA	NA	NA	NA	NA	NA
EPVG_00366	JF974311.1_cds_AET98253.1_365	AET98253.1	200	hypothetical protein	Uncharacterized protein	TRUE	Genbank	virus	protein-coding	JF974311.1	330157	330759	minus	G9E4C1	G9E4C1_9PHYC	Uncharacterized protein	200	EPVG_00366	Predicted	UPI00022A4DEE	2025-06-18	membrane [GO:0016020]	GO:0016020	membrane [GO:0016020]	TRANSMEM 40..62; /note=""Helical""; /evidence=""ECO:0000256|SAM:Phobius""; TRANSMEM 68..87; /note=""Helical""; /evidence=""ECO:0000256|SAM:Phobius""	NA	NA	NA	NA	NA	NA	NA	NA	NA	NA	NA	NA
EPVG_00367	JF974311.1_cds_AET98254.1_366	AET98254.1	198	hypothetical protein	Uncharacterized protein	TRUE	Genbank	virus	protein-coding	JF974311.1	330822	331418	plus	G9E4C2	G9E4C2_9PHYC	Uncharacterized protein	198	EPVG_00367	Predicted	UPI00022A4DED	2025-06-18	membrane [GO:0016020]	GO:0016020	membrane [GO:0016020]	TRANSMEM 12..31; /note=""Helical""; /evidence=""ECO:0000256|SAM:Phobius""	NA	NA	NA	NA	NA	NA	NA	NA	NA	NA	NA	NA
EPVG_00368	JF974311.1_cds_AET98255.1_367	AET98255.1	261	hypothetical protein	Uncharacterized protein	TRUE	Genbank	virus	protein-coding	JF974311.1	331430	332215	plus	G9E4C3	G9E4C3_9PHYC	Uncharacterized protein	261	EPVG_00368	Predicted	UPI00022A4DEC	2025-06-18	membrane [GO:0016020]	GO:0016020	membrane [GO:0016020]	TRANSMEM 64..83; /note=""Helical""; /evidence=""ECO:0000256|SAM:Phobius""	NA	NA	NA	NA	NA	NA	NA	NA	NA	NA	NA	NA
EPVG_00369	JF974311.1_cds_AET98256.1_368	AET98256.1	114	hypothetical protein	Uncharacterized protein	FALSE	Genbank	virus	protein-coding	JF974311.1	332220	332564	plus	G9E4C4	G9E4C4_9PHYC	Uncharacterized protein	114	EPVG_00369	Predicted	UPI00022A4A35	2025-06-18	NA	NA	NA	NA	NA	NA	NA	NA	NA	NA	NA	NA	NA	NA	NA	NA
EPVG_00370	JF974311.1_cds_AET98257.1_369	AET98257.1	227	hypothetical protein	Uncharacterized protein	TRUE	Genbank	virus	protein-coding	JF974311.1	332545	333228	minus	G9E4C5	G9E4C5_9PHYC	Uncharacterized protein	227	EPVG_00370	Predicted	UPI00022A4DEB	2025-06-18	membrane [GO:0016020]	GO:0016020	membrane [GO:0016020]	TRANSMEM 7..24; /note=""Helical""; /evidence=""ECO:0000256|SAM:Phobius""; TRANSMEM 30..47; /note=""Helical""; /evidence=""ECO:0000256|SAM:Phobius""	NA	NA	NA	NA	NA	NA	NA	NA	NA	NA	NA	NA
EPVG_00371	JF974311.1_cds_AET98258.1_370	AET98258.1	309	hypothetical protein	Uncharacterized protein	TRUE	Genbank	virus	protein-coding	JF974311.1	333247	334176	minus	G9E4C6	G9E4C6_9PHYC	Uncharacterized protein	309	EPVG_00371	Predicted	UPI00022A4CF2	2025-06-18	membrane [GO:0016020]	GO:0016020	membrane [GO:0016020]	TRANSMEM 28..47; /note=""Helical""; /evidence=""ECO:0000256|SAM:Phobius""	NA	NA	NA	NA	NA	NA	NA	NA	NA	NA	NA	NA
EPVG_00372	JF974311.1_cds_AET98259.1_371	AET98259.1	663	hypothetical protein	Uncharacterized protein	FALSE	Genbank	virus	protein-coding	JF974311.1	334214	336205	minus	G9E4C7	G9E4C7_9PHYC	Uncharacterized protein	663	EPVG_00372	Predicted	UPI00022A4CF1	2025-06-18	NA	NA	NA	NA	NA	NA	NA	NA	NA	NA	NA	NA	NA	NA	NA	NA
EPVG_00373	JF974311.1_cds_AET98260.1_372	AET98260.1	76	hypothetical protein	Secreted protein	FALSE	Genbank	virus	protein-coding	JF974311.1	336404	336634	minus	G9E4C8	G9E4C8_9PHYC	Secreted protein	76	EPVG_00373	Predicted	UPI0000585810	2026-06-10	NA	NA	NA	NA	NA	NA	NA	NA	NA	NA	NA	NA	NA	NA	NA	NA
EPVG_00374	JF974311.1_cds_AET98261.1_373	AET98261.1	87	hypothetical protein	Uncharacterized protein	TRUE	Genbank	virus	protein-coding	JF974311.1	336677	336940	minus	G9E4C9	G9E4C9_9PHYC	Uncharacterized protein	87	EPVG_00374	Predicted	UPI00022A4CF0	2025-06-18	membrane [GO:0016020]	GO:0016020	membrane [GO:0016020]	TRANSMEM 33..51; /note=""Helical""; /evidence=""ECO:0000256|SAM:Phobius""; TRANSMEM 57..75; /note=""Helical""; /evidence=""ECO:0000256|SAM:Phobius""	NA	NA	NA	NA	NA	NA	NA	NA	NA	NA	NA	NA
EPVG_00375	JF974311.1_cds_AET98262.1_374	AET98262.1	88	hypothetical protein	Uncharacterized protein	TRUE	Genbank	virus	protein-coding	JF974311.1	336970	337236	minus	G9E4D0	G9E4D0_9PHYC	Uncharacterized protein	88	EPVG_00375	Predicted	UPI00022A4CEF	2025-06-18	membrane [GO:0016020]	GO:0016020	membrane [GO:0016020]	TRANSMEM 23..48; /note=""Helical""; /evidence=""ECO:0000256|SAM:Phobius""	NA	NA	NA	NA	NA	NA	NA	NA	NA	NA	NA	NA
EPVG_00376	JF974311.1_cds_AET98263.1_375	AET98263.1	304	hypothetical protein	beta-galactoside alpha-(2,6)-sialyltransferase (EC 2.4.3.1)	TRUE	Genbank	virus	protein-coding	JF974311.1	337915	338829	minus	G9E4D1	G9E4D1_9PHYC	beta-galactoside alpha-(2,6)-sialyltransferase (EC 2.4.3.1)	304	EPVG_00376	Predicted	UPI00022A48A6	2025-06-18	membrane [GO:0016020]; beta-galactoside alpha-2,6-sialyltransferase activity [GO:0003835]; protein glycosylation [GO:0006486]; sialylation [GO:0097503]	GO:0003835; GO:0006486; GO:0016020; GO:0097503	membrane [GO:0016020]	NA	beta-galactoside alpha-2,6-sialyltransferase activity [GO:0003835]	protein glycosylation [GO:0006486]; sialylation [GO:0097503]	SUBCELLULAR LOCATION: Golgi apparatus, Golgi stack membrane {ECO:0000256|ARBA:ARBA00004447}; Single-pass type II membrane protein {ECO:0000256|ARBA:ARBA00004447}.	2.4.3.1	CATALYTIC ACTIVITY: Reaction=a beta-D-galactoside + CMP-N-acetyl-beta-neuraminate = an N-acetyl-alpha-neuraminyl-(2->6)-beta-D-galactosyl derivative + CMP + H(+); Xref=Rhea:RHEA:52104, ChEBI:CHEBI:15378, ChEBI:CHEBI:28034, ChEBI:CHEBI:57812, ChEBI:CHEBI:60377, ChEBI:CHEBI:136398; EC=2.4.3.1; Evidence={ECO:0000256|ARBA:ARBA00034249};	RHEA:52104	NA	NA	NA	NA	NA	NA
EPVG_00377	JF974311.1_cds_AET98264.1_376	AET98264.1	288	hypothetical protein	HMG box domain-containing protein	TRUE	Genbank	virus	protein-coding	JF974311.1	339025	339891	plus	G9E4D2	G9E4D2_9PHYC	HMG box domain-containing protein	288	EPVG_00377	Predicted	UPI00022A48A7	2025-06-18	membrane [GO:0016020]	GO:0016020	membrane [GO:0016020]	TRANSMEM 41..65; /note=""Helical""; /evidence=""ECO:0000256|SAM:Phobius""	NA	NA	NA	NA	NA	NA	NA	NA	NA	NA	NA	NA
EPVG_00378	JF974311.1_cds_AET98265.1_377	AET98265.1	91	hypothetical protein	Uncharacterized protein	TRUE	Genbank	virus	protein-coding	JF974311.1	339922	340197	plus	G9E4D3	G9E4D3_9PHYC	Uncharacterized protein	91	EPVG_00378	Predicted	UPI00022A48A8	2025-06-18	membrane [GO:0016020]	GO:0016020	membrane [GO:0016020]	TRANSMEM 12..31; /note=""Helical""; /evidence=""ECO:0000256|SAM:Phobius""; TRANSMEM 43..63; /note=""Helical""; /evidence=""ECO:0000256|SAM:Phobius""	NA	NA	NA	NA	NA	NA	NA	NA	NA	NA	NA	NA
EPVG_00379	JF974311.1_cds_AET98266.1_378	AET98266.1	170	hypothetical protein	Uncharacterized protein	TRUE	Genbank	virus	protein-coding	JF974311.1	340217	340729	plus	G9E4D4	G9E4D4_9PHYC	Uncharacterized protein	170	EPVG_00379	Predicted	UPI00022A48A9	2025-06-18	membrane [GO:0016020]	GO:0016020	membrane [GO:0016020]	TRANSMEM 6..26; /note=""Helical""; /evidence=""ECO:0000256|SAM:Phobius""; TRANSMEM 38..58; /note=""Helical""; /evidence=""ECO:0000256|SAM:Phobius""; TRANSMEM 64..82; /note=""Helical""; /evidence=""ECO:0000256|SAM:Phobius""; TRANSMEM 144..167; /note=""Helical""; /evidence=""ECO:0000256|SAM:Phobius""	NA	NA	NA	NA	NA	NA	NA	NA	NA	NA	NA	NA
EPVG_00380	JF974311.1_cds_AET98267.1_379	AET98267.1	196	thioredoxin protein	Thioredoxin protein	FALSE	Genbank	virus	protein-coding	JF974311.1	340726	341316	minus	G9E4D5	G9E4D5_9PHYC	Thioredoxin protein	196	EPVG_00380	Predicted	UPI00022A48AA	2025-06-18	NA	NA	NA	NA	NA	NA	NA	NA	NA	NA	NA	NA	NA	NA	NA	NA
EPVG_00381	JF974311.1_cds_AET98268.1_380	AET98268.1	110	hypothetical protein	Uncharacterized protein	TRUE	Genbank	virus	protein-coding	JF974311.1	341339	341671	minus	G9E4D6	G9E4D6_9PHYC	Uncharacterized protein	110	EPVG_00381	Predicted	UPI00022A48AB	2025-06-18	membrane [GO:0016020]	GO:0016020	membrane [GO:0016020]	TRANSMEM 35..53; /note=""Helical""; /evidence=""ECO:0000256|SAM:Phobius""	NA	NA	NA	NA	NA	NA	NA	NA	NA	NA	NA	NA
EPVG_00382	JF974311.1_cds_AET98269.1_381	AET98269.1	105	hypothetical protein	Uncharacterized protein	FALSE	Genbank	virus	protein-coding	JF974311.1	341781	342098	minus	G9E4D7	G9E4D7_9PHYC	Uncharacterized protein	105	EPVG_00382	Predicted	UPI00022A48AC	2025-06-18	NA	NA	NA	NA	NA	NA	NA	NA	NA	NA	NA	NA	NA	NA	NA	NA
EPVG_00383	JF974311.1_cds_AET98270.1_382	AET98270.1	482	hypothetical protein	Uncharacterized protein	FALSE	Genbank	virus	protein-coding	JF974311.1	342095	343543	minus	G9E4D8	G9E4D8_9PHYC	Uncharacterized protein	482	EPVG_00383	Predicted	UPI00022A48AD	2025-06-18	NA	NA	NA	NA	NA	NA	NA	NA	NA	NA	NA	NA	NA	NA	NA	NA
EPVG_00384	JF974311.1_cds_AET98271.1_383	AET98271.1	301	hypothetical protein	SUN domain-containing protein	TRUE	Genbank	virus	protein-coding	JF974311.1	343588	344493	minus	G9E4D9	G9E4D9_9PHYC	SUN domain-containing protein	301	EPVG_00384	Predicted	UPI00022A48AE	2025-06-18	membrane [GO:0016020]	GO:0016020	membrane [GO:0016020]	TRANSMEM 111..130; /note=""Helical""; /evidence=""ECO:0000256|SAM:Phobius""	NA	NA	NA	NA	NA	NA	NA	NA	NA	NA	NA	NA
EPVG_00385	JF974311.1_cds_AET98272.1_384	AET98272.1	77	hypothetical protein	Uncharacterized protein	FALSE	Genbank	virus	protein-coding	JF974311.1	344532	344765	minus	G9E4E0	G9E4E0_9PHYC	Uncharacterized protein	77	EPVG_00385	Predicted	UPI0001C135B7	2026-03-19	NA	NA	NA	NA	NA	NA	NA	NA	NA	NA	NA	NA	NA	NA	NA	NA
EPVG_00386	JF974311.1_cds_AET98273.1_385	AET98273.1	675	hypothetical protein	SF3 helicase domain-containing protein	FALSE	Genbank	virus	protein-coding	JF974311.1	344908	347009	plus	G9E4E1	G9E4E1_9PHYC	SF3 helicase domain-containing protein	675	EPVG_00386	Predicted	UPI00022A48AF	2025-06-18	NA	NA	NA	NA	NA	NA	NA	NA	NA	NA	NA	NA	NA	NA	NA	NA
EPVG_00387	JF974311.1_cds_AET98274.1_386	AET98274.1	81	hypothetical protein	RNA polymerase Rpb6	TRUE	Genbank	virus	protein-coding	JF974311.1	347014	347259	plus	G9E4E2	G9E4E2_9PHYC	RNA polymerase Rpb6	81	EPVG_00387	Predicted	UPI0000585914	2026-06-10	DNA-directed RNA polymerase complex [GO:0000428]; DNA binding [GO:0003677]; DNA-directed 5'-3' RNA polymerase activity [GO:0003899]; DNA-templated transcription [GO:0006351]	GO:0000428; GO:0003677; GO:0003899; GO:0006351	DNA-directed RNA polymerase complex [GO:0000428]	NA	DNA binding [GO:0003677]; DNA-directed 5'-3' RNA polymerase activity [GO:0003899]	DNA-templated transcription [GO:0006351]	NA	NA	NA	NA	NA	NA	NA	NA	NA	NA
EPVG_00388	JF974311.1_cds_AET98275.1_387	AET98275.1	68	hypothetical protein	Uncharacterized protein	TRUE	Genbank	virus	protein-coding	JF974311.1	347276	347482	plus	G9E4E3	G9E4E3_9PHYC	Uncharacterized protein	68	EPVG_00388	Predicted	UPI00022A48B0	2025-06-18	membrane [GO:0016020]	GO:0016020	membrane [GO:0016020]	TRANSMEM 7..28; /note=""Helical""; /evidence=""ECO:0000256|SAM:Phobius""; TRANSMEM 34..52; /note=""Helical""; /evidence=""ECO:0000256|SAM:Phobius""	NA	NA	NA	NA	NA	NA	NA	NA	NA	NA	NA	NA
EPVG_00389	JF974311.1_cds_AET98276.1_388	AET98276.1	112	hypothetical protein	Uncharacterized protein	FALSE	Genbank	virus	protein-coding	JF974311.1	347507	347845	plus	G9E4E4	G9E4E4_9PHYC	Uncharacterized protein	112	EPVG_00389	Predicted	UPI00022A48B1	2025-06-18	NA	NA	NA	NA	NA	NA	NA	NA	NA	NA	NA	NA	NA	NA	NA	NA
EPVG_00390	JF974311.1_cds_AET98277.1_389	AET98277.1	67	hypothetical protein	Uncharacterized protein	TRUE	Genbank	virus	protein-coding	JF974311.1	347822	348025	minus	G9E4E5	G9E4E5_9PHYC	Uncharacterized protein	67	EPVG_00390	Predicted	UPI00022A48B2	2025-06-18	membrane [GO:0016020]	GO:0016020	membrane [GO:0016020]	TRANSMEM 6..27; /note=""Helical""; /evidence=""ECO:0000256|SAM:Phobius""	NA	NA	NA	NA	NA	NA	NA	NA	NA	NA	NA	NA
EPVG_00391	JF974311.1_cds_AET98278.1_390	AET98278.1	58	hypothetical protein	Uncharacterized protein	FALSE	Genbank	virus	protein-coding	JF974311.1	348073	348249	plus	G9E4E6	G9E4E6_9PHYC	Uncharacterized protein	58	EPVG_00391	Predicted	UPI00022A4B28	2025-06-18	NA	NA	NA	NA	NA	NA	NA	NA	NA	NA	NA	NA	NA	NA	NA	NA
EPVG_00392	JF974311.1_cds_AET98279.1_391	AET98279.1	660	hypothetical protein	Uncharacterized protein	TRUE	Genbank	virus	protein-coding	JF974311.1	348489	350471	minus	G9E4E7	G9E4E7_9PHYC	Uncharacterized protein	660	EPVG_00392	Predicted	UPI00022A4974	2025-06-18	membrane [GO:0016020]	GO:0016020	membrane [GO:0016020]	TRANSMEM 594..611; /note=""Helical""; /evidence=""ECO:0000256|SAM:Phobius""; TRANSMEM 623..642; /note=""Helical""; /evidence=""ECO:0000256|SAM:Phobius""	NA	NA	NA	NA	NA	NA	NA	NA	NA	NA	NA	NA
EPVG_00393	JF974311.1_cds_AET98280.1_392	AET98280.1	375	hypothetical protein	mRNA capping enzyme adenylation domain-containing protein	TRUE	Genbank	virus	protein-coding	JF974311.1	350508	351635	minus	G9E4E8	G9E4E8_9PHYC	mRNA capping enzyme adenylation domain-containing protein	375	EPVG_00393	Predicted	UPI00022A4975	2025-06-18	ATP binding [GO:0005524]; mRNA guanylyltransferase activity [GO:0004484]; 7-methylguanosine mRNA capping [GO:0006370]	GO:0004484; GO:0005524; GO:0006370	NA	NA	ATP binding [GO:0005524]; mRNA guanylyltransferase activity [GO:0004484]	7-methylguanosine mRNA capping [GO:0006370]	NA	NA	NA	NA	NA	NA	NA	NA	NA	NA
EPVG_00394	JF974311.1_cds_AET98281.1_393	AET98281.1	314	hypothetical protein	HMG box domain-containing protein	TRUE	Genbank	virus	protein-coding	JF974311.1	351705	352649	plus	G9E4E9	G9E4E9_9PHYC	HMG box domain-containing protein	314	EPVG_00394	Predicted	UPI00022A4976	2025-06-18	DNA binding [GO:0003677]; regulation of transcription by RNA polymerase II [GO:0006357]	GO:0003677; GO:0006357	NA	NA	DNA binding [GO:0003677]	regulation of transcription by RNA polymerase II [GO:0006357]	NA	NA	NA	NA	NA	NA	NA	NA	NA	DNA_BIND 28..101; /note=""HMG box""; /evidence=""ECO:0000256|PROSITE-ProRule:PRU00267""; DNA_BIND 128..204; /note=""HMG box""; /evidence=""ECO:0000256|PROSITE-ProRule:PRU00267""
EPVG_00395	JF974311.1_cds_AET98282.1_394	AET98282.1	271	hypothetical protein	Protein kinase domain-containing protein	TRUE	Genbank	virus	protein-coding	JF974311.1	352681	353496	minus	G9E4F0	G9E4F0_9PHYC	Protein kinase domain-containing protein	271	EPVG_00395	Predicted	UPI00022A4977	2025-06-18	ATP binding [GO:0005524]; protein serine/threonine kinase activity [GO:0004674]	GO:0004674; GO:0005524	NA	NA	ATP binding [GO:0005524]; protein serine/threonine kinase activity [GO:0004674]	NA	NA	NA	NA	NA	NA	NA	NA	NA	NA	NA
EPVG_00396	JF974311.1_cds_AET98283.1_395	AET98283.1	132	hypothetical protein	Apple domain-containing protein	TRUE	Genbank	virus	protein-coding	JF974311.1	353523	353921	plus	G9E4F1	G9E4F1_9PHYC	Apple domain-containing protein	132	EPVG_00396	Predicted	UPI00022A4B2A	2025-06-18	membrane [GO:0016020]	GO:0016020	membrane [GO:0016020]	TRANSMEM 6..29; /note=""Helical""; /evidence=""ECO:0000256|SAM:Phobius""	NA	NA	NA	NA	NA	NA	NA	NA	NA	NA	NA	NA
EPVG_00397	JF974311.1_cds_AET98284.1_396	AET98284.1	190	hypothetical protein	RanBD1 domain-containing protein	FALSE	Genbank	virus	protein-coding	JF974311.1	353918	354490	minus	G9E4F2	G9E4F2_9PHYC	RanBD1 domain-containing protein	190	EPVG_00397	Predicted	UPI00022A4979	2025-06-18	NA	NA	NA	NA	NA	NA	NA	NA	NA	NA	NA	NA	NA	NA	NA	NA
EPVG_00398	JF974311.1_cds_AET98285.1_397	AET98285.1	230	hypothetical protein	Uncharacterized protein	TRUE	Genbank	virus	protein-coding	JF974311.1	354606	355298	plus	G9E4F3	G9E4F3_9PHYC	Uncharacterized protein	230	EPVG_00398	Predicted	UPI00022A497A	2025-06-18	polynucleotide 5'-phosphatase activity [GO:0004651]	GO:0004651	NA	NA	polynucleotide 5'-phosphatase activity [GO:0004651]	NA	NA	NA	NA	NA	NA	NA	NA	NA	NA	NA
EPVG_00399	JF974311.1_cds_AET98286.1_398	AET98286.1	295	hypothetical protein	Peptidase S1 domain-containing protein	TRUE	Genbank	virus	protein-coding	JF974311.1	355321	356208	plus	G9E4F4	G9E4F4_9PHYC	Peptidase S1 domain-containing protein	295	EPVG_00399	Inferred from homology	UPI00022A497B	2025-06-18	membrane [GO:0016020]; serine-type endopeptidase activity [GO:0004252]; proteolysis [GO:0006508]	GO:0004252; GO:0006508; GO:0016020	membrane [GO:0016020]	TRANSMEM 264..285; /note=""Helical""; /evidence=""ECO:0000256|SAM:Phobius""	serine-type endopeptidase activity [GO:0004252]	proteolysis [GO:0006508]	NA	NA	NA	NA	NA	NA	NA	NA	NA	NA
EPVG_00400	JF974311.1_cds_AET98287.1_399	AET98287.1	137	hypothetical protein	Uncharacterized protein	FALSE	Genbank	virus	protein-coding	JF974311.1	356264	356677	plus	G9E4F5	G9E4F5_9PHYC	Uncharacterized protein	137	EPVG_00400	Predicted	UPI0002392E50	2025-06-18	NA	NA	NA	NA	NA	NA	NA	NA	NA	NA	NA	NA	NA	NA	NA	NA
EPVG_00401	JF974311.1_cds_AET98288.1_400	AET98288.1	228	hypothetical protein	Uncharacterized protein	FALSE	Genbank	virus	protein-coding	JF974311.1	356827	357513	plus	G9E4F6	G9E4F6_9PHYC	Uncharacterized protein	228	EPVG_00401	Predicted	UPI00022A497D	2025-06-18	NA	NA	NA	NA	NA	NA	NA	NA	NA	NA	NA	NA	NA	NA	NA	NA
EPVG_00402	JF974311.1_cds_AET98289.1_401	AET98289.1	161	hypothetical protein	Uncharacterized protein	FALSE	Genbank	virus	protein-coding	JF974311.1	357646	358131	minus	G9E4F7	G9E4F7_9PHYC	Uncharacterized protein	161	EPVG_00402	Predicted	UPI00022A497E	2025-06-18	NA	NA	NA	NA	NA	NA	NA	NA	NA	NA	NA	NA	NA	NA	NA	NA
EPVG_00403	JF974311.1_cds_AET98290.1_402	AET98290.1	1103	DNA topoisomerase II	DNA topoisomerase 2 (EC 5.6.2.2) (DNA topoisomerase II)	TRUE	Genbank	virus	protein-coding	JF974311.1	358163	361474	minus	G9E4F8	G9E4F8_9PHYC	DNA topoisomerase 2 (EC 5.6.2.2) (DNA topoisomerase II)	1103	EPVG_00403	Inferred from homology	UPI00022A497F	2025-06-18	ATP binding [GO:0005524]; DNA binding [GO:0003677]; DNA negative supercoiling activity [GO:0034335]; metal ion binding [GO:0046872]; DNA topological change [GO:0006265]; sister chromatid segregation [GO:0000819]	GO:0000819; GO:0003677; GO:0005524; GO:0006265; GO:0034335; GO:0046872	NA	NA	ATP binding [GO:0005524]; DNA binding [GO:0003677]; DNA negative supercoiling activity [GO:0034335]; metal ion binding [GO:0046872]	DNA topological change [GO:0006265]; sister chromatid segregation [GO:0000819]	NA	5.6.2.2	CATALYTIC ACTIVITY: Reaction=ATP-dependent breakage, passage and rejoining of double-stranded DNA.; EC=5.6.2.2; Evidence={ECO:0000256|ARBA:ARBA00000185};	NA	COFACTOR: Name=Ca(2+); Xref=ChEBI:CHEBI:29108; Evidence={ECO:0000256|ARBA:ARBA00001913}; COFACTOR: Name=Mg(2+); Xref=ChEBI:CHEBI:18420; Evidence={ECO:0000256|ARBA:ARBA00001946};	NA	NA	NA	NA	NA
EPVG_00404	JF974311.1_cds_AET98291.1_403	AET98291.1	1769	hypothetical protein	LamG-like jellyroll fold domain-containing protein	FALSE	Genbank	virus	protein-coding	JF974311.1	361665	366974	minus	G9E4F9	G9E4F9_9PHYC	LamG-like jellyroll fold domain-containing protein	1769	EPVG_00404	Predicted	UPI00022A4B2C	2025-06-18	NA	NA	NA	NA	NA	NA	NA	NA	NA	NA	NA	NA	NA	NA	NA	NA
EPVG_00405	JF974311.1_cds_AET98292.1_404	AET98292.1	224	hypothetical protein	Uncharacterized protein	TRUE	Genbank	virus	protein-coding	JF974311.1	367412	368086	plus	G9E4G0	G9E4G0_9PHYC	Uncharacterized protein	224	EPVG_00405	Predicted	UPI00022A4CE3	2025-06-18	membrane [GO:0016020]	GO:0016020	membrane [GO:0016020]	TRANSMEM 143..166; /note=""Helical""; /evidence=""ECO:0000256|SAM:Phobius""	NA	NA	NA	NA	NA	NA	NA	NA	NA	NA	NA	NA
EPVG_00406	JF974311.1_cds_AET98293.1_405	AET98293.1	263	hypothetical protein	Uncharacterized protein	FALSE	Genbank	virus	protein-coding	JF974311.1	368343	369134	minus	G9E4G1	G9E4G1_9PHYC	Uncharacterized protein	263	EPVG_00406	Predicted	UPI00022A4CE2	2025-06-18	NA	NA	NA	NA	NA	NA	NA	NA	NA	NA	NA	NA	NA	NA	NA	NA
EPVG_00407	JF974311.1_cds_AET98294.1_406	AET98294.1	201	hypothetical protein	Uncharacterized protein	TRUE	Genbank	virus	protein-coding	JF974311.1	369280	369885	plus	G9E4G2	G9E4G2_9PHYC	Uncharacterized protein	201	EPVG_00407	Predicted	UPI00022A4CE1	2025-06-18	membrane [GO:0016020]	GO:0016020	membrane [GO:0016020]	TRANSMEM 40..59; /note=""Helical""; /evidence=""ECO:0000256|SAM:Phobius""	NA	NA	NA	NA	NA	NA	NA	NA	NA	NA	NA	NA
EPVG_00408	JF974311.1_cds_AET98295.1_407	AET98295.1	219	hypothetical protein	Uncharacterized protein	TRUE	Genbank	virus	protein-coding	JF974311.1	369912	370571	minus	G9E4G3	G9E4G3_9PHYC	Uncharacterized protein	219	EPVG_00408	Predicted	UPI00022A4CE0	2025-06-18	membrane [GO:0016020]	GO:0016020	membrane [GO:0016020]	TRANSMEM 42..73; /note=""Helical""; /evidence=""ECO:0000256|SAM:Phobius""	NA	NA	NA	NA	NA	NA	NA	NA	NA	NA	NA	NA
EPVG_00409	JF974311.1_cds_AET98296.1_408	AET98296.1	84	hypothetical protein	Uncharacterized protein	TRUE	Genbank	virus	protein-coding	JF974311.1	370614	370868	minus	G9E4G4	G9E4G4_9PHYC	Uncharacterized protein	84	EPVG_00409	Predicted	UPI00005857F9	2026-06-10	membrane [GO:0016020]	GO:0016020	membrane [GO:0016020]	TRANSMEM 15..33; /note=""Helical""; /evidence=""ECO:0000256|SAM:Phobius""; TRANSMEM 45..62; /note=""Helical""; /evidence=""ECO:0000256|SAM:Phobius""	NA	NA	NA	NA	NA	NA	NA	NA	NA	NA	NA	NA
EPVG_00410	JF974311.1_cds_AET98297.1_409	AET98297.1	541	hypothetical protein	Major facilitator superfamily (MFS) profile domain-containing protein	TRUE	Genbank	virus	protein-coding	JF974311.1	370904	372529	minus	G9E4G5	G9E4G5_9PHYC	Major facilitator superfamily (MFS) profile domain-containing protein	541	EPVG_00410	Predicted	UPI00022A4CDF	2025-06-18	membrane [GO:0016020]; transmembrane transporter activity [GO:0022857]	GO:0016020; GO:0022857	membrane [GO:0016020]	TRANSMEM 20..41; /note=""Helical""; /evidence=""ECO:0000256|SAM:Phobius""; TRANSMEM 61..82; /note=""Helical""; /evidence=""ECO:0000256|SAM:Phobius""; TRANSMEM 89..107; /note=""Helical""; /evidence=""ECO:0000256|SAM:Phobius""; TRANSMEM 113..132; /note=""Helical""; /evidence=""ECO:0000256|SAM:Phobius""; TRANSMEM 153..174; /note=""Helical""; /evidence=""ECO:0000256|SAM:Phobius""; TRANSMEM 186..208; /note=""Helical""; /evidence=""ECO:0000256|SAM:Phobius""; TRANSMEM 255..281; /note=""Helical""; /evidence=""ECO:0000256|SAM:Phobius""; TRANSMEM 287..308; /note=""Helical""; /evidence=""ECO:0000256|SAM:Phobius""; TRANSMEM 329..346; /note=""Helical""; /evidence=""ECO:0000256|SAM:Phobius""; TRANSMEM 352..377; /note=""Helical""; /evidence=""ECO:0000256|SAM:Phobius""; TRANSMEM 398..418; /note=""Helical""; /evidence=""ECO:0000256|SAM:Phobius""; TRANSMEM 438..464; /note=""Helical""; /evidence=""ECO:0000256|SAM:Phobius""	transmembrane transporter activity [GO:0022857]	NA	SUBCELLULAR LOCATION: Membrane {ECO:0000256|ARBA:ARBA00004141}; Multi-pass membrane protein {ECO:0000256|ARBA:ARBA00004141}.	NA	NA	NA	NA	NA	NA	NA	NA	NA
EPVG_00411	JF974311.1_cds_AET98298.1_410	AET98298.1	339	hypothetical protein	Uncharacterized protein	FALSE	Genbank	virus	protein-coding	JF974311.1	372564	373583	plus	G9E4G6	G9E4G6_9PHYC	Uncharacterized protein	339	EPVG_00411	Predicted	UPI00022A4CDE	2025-06-18	NA	NA	NA	NA	NA	NA	NA	NA	NA	NA	NA	NA	NA	NA	NA	NA
EPVG_00412	JF974311.1_cds_AET98299.1_411	AET98299.1	125	hypothetical protein	RING-type domain-containing protein	TRUE	Genbank	virus	protein-coding	JF974311.1	373580	373957	plus	G9E4G7	G9E4G7_9PHYC	RING-type domain-containing protein	125	EPVG_00412	Predicted	UPI00022A4CDD	2025-06-18	membrane [GO:0016020]; zinc ion binding [GO:0008270]	GO:0008270; GO:0016020	membrane [GO:0016020]	TRANSMEM 91..117; /note=""Helical""; /evidence=""ECO:0000256|SAM:Phobius""	zinc ion binding [GO:0008270]	NA	NA	NA	NA	NA	NA	NA	NA	NA	NA	NA
EPVG_00413	JF974311.1_cds_AET98300.1_412	AET98300.1	414	hypothetical protein	Uncharacterized protein	TRUE	Genbank	virus	protein-coding	JF974311.1	374013	375257	plus	G9E4G8	G9E4G8_9PHYC	Uncharacterized protein	414	EPVG_00413	Predicted	UPI00022A52FE	2025-06-18	membrane [GO:0016020]	GO:0016020	membrane [GO:0016020]	TRANSMEM 340..362; /note=""Helical""; /evidence=""ECO:0000256|SAM:Phobius""	NA	NA	NA	NA	NA	NA	NA	NA	NA	NA	NA	NA
EPVG_00414	JF974311.1_cds_AET98301.1_413	AET98301.1	353	hypothetical protein	Protein kinase domain-containing protein	TRUE	Genbank	virus	protein-coding	JF974311.1	375258	376319	minus	G9E4G9	G9E4G9_9PHYC	Protein kinase domain-containing protein	353	EPVG_00414	Predicted	UPI00022A4CDB	2025-06-18	ATP binding [GO:0005524]; protein kinase activity [GO:0004672]	GO:0004672; GO:0005524	NA	NA	ATP binding [GO:0005524]; protein kinase activity [GO:0004672]	NA	NA	NA	NA	NA	NA	NA	NA	BINDING 89; /ligand=""ATP""; /ligand_id=""ChEBI:CHEBI:30616""; /evidence=""ECO:0000256|PROSITE-ProRule:PRU10141""	NA	NA
EPVG_00415	JF974311.1_cds_AET98302.1_414	AET98302.1	404	hypothetical protein	Condensation domain-containing protein	FALSE	Genbank	virus	protein-coding	JF974311.1	376591	377805	plus	G9E4H0	G9E4H0_9PHYC	Condensation domain-containing protein	404	EPVG_00415	Predicted	UPI00022A4CDA	2025-06-18	NA	NA	NA	NA	NA	NA	NA	NA	NA	NA	NA	NA	NA	NA	NA	NA
EPVG_00416	JF974311.1_cds_AET98303.1_415	AET98303.1	555	hypothetical protein	Uncharacterized protein	TRUE	Genbank	virus	protein-coding	JF974311.1	377802	379469	minus	G9E4H1	G9E4H1_9PHYC	Uncharacterized protein	555	EPVG_00416	Predicted	UPI00022A4CD9	2025-06-18	membrane [GO:0016020]	GO:0016020	membrane [GO:0016020]	TRANSMEM 164..188; /note=""Helical""; /evidence=""ECO:0000256|SAM:Phobius""; TRANSMEM 496..521; /note=""Helical""; /evidence=""ECO:0000256|SAM:Phobius""; TRANSMEM 527..550; /note=""Helical""; /evidence=""ECO:0000256|SAM:Phobius""	NA	NA	NA	NA	NA	NA	NA	NA	NA	NA	NA	NA
EPVG_00417	JF974311.1_cds_AET98304.1_416	AET98304.1	141	hypothetical protein	Uncharacterized protein	TRUE	Genbank	virus	protein-coding	JF974311.1	379494	379919	minus	G9E4H2	G9E4H2_9PHYC	Uncharacterized protein	141	EPVG_00417	Predicted	UPI00022A4CD8	2025-06-18	membrane [GO:0016020]	GO:0016020	membrane [GO:0016020]	TRANSMEM 5..22; /note=""Helical""; /evidence=""ECO:0000256|SAM:Phobius""; TRANSMEM 28..44; /note=""Helical""; /evidence=""ECO:0000256|SAM:Phobius""; TRANSMEM 119..137; /note=""Helical""; /evidence=""ECO:0000256|SAM:Phobius""	NA	NA	NA	NA	NA	NA	NA	NA	NA	NA	NA	NA
EPVG_00418	JF974311.1_cds_AET98305.1_417	AET98305.1	441	hypothetical protein	Uncharacterized protein	TRUE	Genbank	virus	protein-coding	JF974311.1	379964	381289	plus	G9E4H3	G9E4H3_9PHYC	Uncharacterized protein	441	EPVG_00418	Predicted	UPI00022A4CD7	2025-06-18	membrane [GO:0016020]	GO:0016020	membrane [GO:0016020]	TRANSMEM 368..386; /note=""Helical""; /evidence=""ECO:0000256|SAM:Phobius""	NA	NA	NA	NA	NA	NA	NA	NA	NA	NA	NA	NA
EPVG_00419	JF974311.1_cds_AET98306.1_418	AET98306.1	329	hypothetical protein	Sialidase domain-containing protein	FALSE	Genbank	virus	protein-coding	JF974311.1	381492	382481	minus	G9E4H4	G9E4H4_9PHYC	Sialidase domain-containing protein	329	EPVG_00419	Predicted	UPI00022A4CD6	2025-06-18	NA	NA	NA	NA	NA	NA	NA	NA	NA	NA	NA	NA	NA	NA	NA	NA
EPVG_00420	JF974311.1_cds_AET98307.1_419	AET98307.1	313	hypothetical protein	DM2 domain-containing protein	FALSE	Genbank	virus	protein-coding	JF974311.1	382558	383499	plus	G9E4H5	G9E4H5_9PHYC	DM2 domain-containing protein	313	EPVG_00420	Predicted	UPI00022A4CD5	2025-06-18	NA	NA	NA	NA	NA	NA	NA	NA	NA	NA	NA	NA	NA	NA	NA	NA
EPVG_00421	JF974311.1_cds_AET98308.1_420	AET98308.1	170	hypothetical protein	Uncharacterized protein	TRUE	Genbank	virus	protein-coding	JF974311.1	383496	384008	minus	G9E4H6	G9E4H6_9PHYC	Uncharacterized protein	170	EPVG_00421	Predicted	UPI00022A4CD4	2025-06-18	membrane [GO:0016020]	GO:0016020	membrane [GO:0016020]	TRANSMEM 6..23; /note=""Helical""; /evidence=""ECO:0000256|SAM:Phobius""	NA	NA	NA	NA	NA	NA	NA	NA	NA	NA	NA	NA
EPVG_00422	JF974311.1_cds_AET98309.1_421	AET98309.1	86	hypothetical protein	DNA-directed RNA polymerase subunit	TRUE	Genbank	virus	protein-coding	JF974311.1	384076	384336	plus	G9E4H7	G9E4H7_9PHYC	DNA-directed RNA polymerase subunit	86	EPVG_00422	Predicted	UPI00005857EC	2026-06-10	DNA binding [GO:0003677]; DNA-directed 5'-3' RNA polymerase activity [GO:0003899]; DNA-templated transcription [GO:0006351]	GO:0003677; GO:0003899; GO:0006351	NA	NA	DNA binding [GO:0003677]; DNA-directed 5'-3' RNA polymerase activity [GO:0003899]	DNA-templated transcription [GO:0006351]	NA	NA	NA	NA	NA	NA	NA	NA	NA	NA
EPVG_00423	JF974311.1_cds_AET98310.1_422	AET98310.1	242	hypothetical protein	RING-type domain-containing protein	TRUE	Genbank	virus	protein-coding	JF974311.1	384373	385101	plus	G9E4H8	G9E4H8_9PHYC	RING-type domain-containing protein	242	EPVG_00423	Predicted	UPI00022A4CD3	2025-06-18	zinc ion binding [GO:0008270]	GO:0008270	NA	NA	zinc ion binding [GO:0008270]	NA	NA	NA	NA	NA	NA	NA	NA	NA	NA	NA
EPVG_00424	JF974311.1_cds_AET98311.1_423	AET98311.1	299	hypothetical protein	DUF4203 domain-containing protein	TRUE	Genbank	virus	protein-coding	JF974311.1	385152	386051	minus	G9E4H9	G9E4H9_9PHYC	DUF4203 domain-containing protein	299	EPVG_00424	Predicted	UPI00022A4CD2	2025-06-18	membrane [GO:0016020]	GO:0016020	membrane [GO:0016020]	TRANSMEM 64..84; /note=""Helical""; /evidence=""ECO:0000256|SAM:Phobius""; TRANSMEM 91..110; /note=""Helical""; /evidence=""ECO:0000256|SAM:Phobius""; TRANSMEM 122..142; /note=""Helical""; /evidence=""ECO:0000256|SAM:Phobius""; TRANSMEM 149..166; /note=""Helical""; /evidence=""ECO:0000256|SAM:Phobius""; TRANSMEM 186..213; /note=""Helical""; /evidence=""ECO:0000256|SAM:Phobius""; TRANSMEM 220..239; /note=""Helical""; /evidence=""ECO:0000256|SAM:Phobius""; TRANSMEM 251..272; /note=""Helical""; /evidence=""ECO:0000256|SAM:Phobius""	NA	NA	NA	NA	NA	NA	NA	NA	NA	NA	NA	NA
EPVG_00425	JF974311.1_cds_AET98312.1_424	AET98312.1	63	hypothetical protein	Uncharacterized protein	TRUE	Genbank	virus	protein-coding	JF974311.1	386086	386277	minus	G9E4I0	G9E4I0_9PHYC	Uncharacterized protein	63	EPVG_00425	Predicted	UPI00022A4C3A	2025-06-18	membrane [GO:0016020]	GO:0016020	membrane [GO:0016020]	TRANSMEM 20..42; /note=""Helical""; /evidence=""ECO:0000256|SAM:Phobius""	NA	NA	NA	NA	NA	NA	NA	NA	NA	NA	NA	NA
EPVG_00426	JF974311.1_cds_AET98313.1_425	AET98313.1	120	hypothetical protein	Uncharacterized protein	TRUE	Genbank	virus	protein-coding	JF974311.1	386323	386685	plus	G9E4I1	G9E4I1_9PHYC	Uncharacterized protein	120	EPVG_00426	Predicted	UPI00022A4C39	2025-06-18	membrane [GO:0016020]	GO:0016020	membrane [GO:0016020]	TRANSMEM 6..22; /note=""Helical""; /evidence=""ECO:0000256|SAM:Phobius""	NA	NA	NA	NA	NA	NA	NA	NA	NA	NA	NA	NA
EPVG_00427	JF974311.1_cds_AET98314.1_426	AET98314.1	200	hypothetical protein	Uncharacterized protein	FALSE	Genbank	virus	protein-coding	JF974311.1	386776	387378	minus	G9E4I2	G9E4I2_9PHYC	Uncharacterized protein	200	EPVG_00427	Predicted	UPI00022A4C38	2025-06-18	NA	NA	NA	NA	NA	NA	NA	NA	NA	NA	NA	NA	NA	NA	NA	NA
EPVG_00428	JF974311.1_cds_AET98315.1_427	AET98315.1	795	hypothetical protein	Uncharacterized protein	TRUE	Genbank	virus	protein-coding	JF974311.1	389207	391594	plus	G9E4I3	G9E4I3_9PHYC	Uncharacterized protein	795	EPVG_00428	Predicted	UPI00022A4C17	2025-06-18	membrane [GO:0016020]	GO:0016020	membrane [GO:0016020]	TRANSMEM 757..781; /note=""Helical""; /evidence=""ECO:0000256|SAM:Phobius""	NA	NA	NA	NA	NA	NA	NA	NA	NA	NA	NA	NA
EPVG_00429	JF974311.1_cds_AET98316.1_428	AET98316.1	191	hypothetical protein	Endonuclease	FALSE	Genbank	virus	protein-coding	JF974311.1	391805	392380	minus	G9E4I4	G9E4I4_9PHYC	Endonuclease	191	EPVG_00429	Predicted	UPI00022A4C19	2025-06-18	NA	NA	NA	NA	NA	NA	NA	NA	NA	NA	NA	NA	NA	NA	NA	NA
EPVG_00430	JF974311.1_cds_AET98317.1_429	AET98317.1	144	hypothetical protein	Uncharacterized protein	FALSE	Genbank	virus	protein-coding	JF974311.1	392418	392852	minus	G9E4I5	G9E4I5_9PHYC	Uncharacterized protein	144	EPVG_00430	Predicted	UPI00022A4C1A	2025-06-18	NA	NA	NA	NA	NA	NA	NA	NA	NA	NA	NA	NA	NA	NA	NA	NA
EPVG_00431	JF974311.1_cds_AET98318.1_430	AET98318.1	188	hypothetical protein	Uncharacterized protein	FALSE	Genbank	virus	protein-coding	JF974311.1	392903	393469	plus	G9E4I6	G9E4I6_9PHYC	Uncharacterized protein	188	EPVG_00431	Predicted	UPI00022A4C1B	2025-06-18	NA	NA	NA	NA	NA	NA	NA	NA	NA	NA	NA	NA	NA	NA	NA	NA
EPVG_00432	JF974311.1_cds_AET98319.1_431	AET98319.1	420	hypothetical protein	AAA+ ATPase domain-containing protein	TRUE	Genbank	virus	protein-coding	JF974311.1	393469	394731	plus	G9E4I7	G9E4I7_9PHYC	AAA+ ATPase domain-containing protein	420	EPVG_00432	Predicted	UPI00022A4C1C	2025-06-18	ATP hydrolysis activity [GO:0016887]; DNA helicase activity [GO:0003678]; DNA repair [GO:0006281]; telomere maintenance [GO:0000723]	GO:0000723; GO:0003678; GO:0006281; GO:0016887	NA	NA	ATP hydrolysis activity [GO:0016887]; DNA helicase activity [GO:0003678]	DNA repair [GO:0006281]; telomere maintenance [GO:0000723]	NA	NA	NA	NA	NA	NA	NA	NA	NA	NA
EPVG_00433	JF974311.1_cds_AET98320.1_432	AET98320.1	465	hypothetical protein	Uncharacterized protein	FALSE	Genbank	virus	protein-coding	JF974311.1	394809	396206	plus	G9E4I8	G9E4I8_9PHYC	Uncharacterized protein	465	EPVG_00433	Predicted	UPI00022A4C1D	2025-06-18	NA	NA	NA	NA	NA	NA	NA	NA	NA	NA	NA	NA	NA	NA	NA	NA
EPVG_00434	JF974311.1_cds_AET98321.1_433	AET98321.1	170	hypothetical protein	Single Cache domain-containing protein	TRUE	Genbank	virus	protein-coding	JF974311.1	396235	396747	plus	G9E4I9	G9E4I9_9PHYC	Single Cache domain-containing protein	170	EPVG_00434	Predicted	UPI00022A4C1E	2025-06-18	membrane [GO:0016020]	GO:0016020	membrane [GO:0016020]	TRANSMEM 6..25; /note=""Helical""; /evidence=""ECO:0000256|SAM:Phobius""	NA	NA	NA	NA	NA	NA	NA	NA	NA	NA	NA	NA
EPVG_00435	JF974311.1_cds_AET98322.1_434	AET98322.1	108	hypothetical protein	DNA-directed RNA polymerase RBP11-like dimerisation domain-containing protein	TRUE	Genbank	virus	protein-coding	JF974311.1	396793	397119	plus	G9E4J0	G9E4J0_9PHYC	DNA-directed RNA polymerase RBP11-like dimerisation domain-containing protein	108	EPVG_00435	Predicted	UPI00022A4968	2026-03-19	DNA-directed RNA polymerase complex [GO:0000428]; protein dimerization activity [GO:0046983]; DNA-templated transcription [GO:0006351]	GO:0000428; GO:0006351; GO:0046983	DNA-directed RNA polymerase complex [GO:0000428]	NA	protein dimerization activity [GO:0046983]	DNA-templated transcription [GO:0006351]	NA	NA	NA	NA	NA	NA	NA	NA	NA	NA
EPVG_00436	JF974311.1_cds_AET98323.1_435	AET98323.1	119	hypothetical protein	Uncharacterized protein	FALSE	Genbank	virus	protein-coding	JF974311.1	397164	397523	plus	G9E4J1	G9E4J1_9PHYC	Uncharacterized protein	119	EPVG_00436	Predicted	UPI00022A4C1F	2025-06-18	NA	NA	NA	NA	NA	NA	NA	NA	NA	NA	NA	NA	NA	NA	NA	NA
EPVG_00437	JF974311.1_cds_AET98324.1_436	AET98324.1	251	hypothetical protein	Uncharacterized protein	TRUE	Genbank	virus	protein-coding	JF974311.1	397585	398340	plus	G9E4J2	G9E4J2_9PHYC	Uncharacterized protein	251	EPVG_00437	Predicted	UPI00022A4C20	2025-06-18	membrane [GO:0016020]	GO:0016020	membrane [GO:0016020]	TRANSMEM 7..24; /note=""Helical""; /evidence=""ECO:0000256|SAM:Phobius""; TRANSMEM 30..51; /note=""Helical""; /evidence=""ECO:0000256|SAM:Phobius""	NA	NA	NA	NA	NA	NA	NA	NA	NA	NA	NA	NA
EPVG_00438	JF974311.1_cds_AET98325.1_437	AET98325.1	199	hypothetical protein	Uncharacterized protein	FALSE	Genbank	virus	protein-coding	JF974311.1	398249	398848	plus	G9E4J3	G9E4J3_9PHYC	Uncharacterized protein	199	EPVG_00438	Predicted	UPI00022A4C21	2025-06-18	NA	NA	NA	NA	NA	NA	NA	NA	NA	NA	NA	NA	NA	NA	NA	NA
EPVG_00439	JF974311.1_cds_AET98326.1_438	AET98326.1	121	hypothetical protein	Uncharacterized protein	FALSE	Genbank	virus	protein-coding	JF974311.1	398875	399240	plus	G9E4J4	G9E4J4_9PHYC	Uncharacterized protein	121	EPVG_00439	Predicted	UPI00022A4C22	2025-06-18	NA	NA	NA	NA	NA	NA	NA	NA	NA	NA	NA	NA	NA	NA	NA	NA
EPVG_00440	JF974311.1_cds_AET98327.1_439	AET98327.1	313	hypothetical protein	Uncharacterized protein	TRUE	Genbank	virus	protein-coding	JF974311.1	399271	400212	plus	G9E4J5	G9E4J5_9PHYC	Uncharacterized protein	313	EPVG_00440	Predicted	UPI00022A4C23	2025-06-18	membrane [GO:0016020]	GO:0016020	membrane [GO:0016020]	TRANSMEM 6..27; /note=""Helical""; /evidence=""ECO:0000256|SAM:Phobius""; TRANSMEM 185..203; /note=""Helical""; /evidence=""ECO:0000256|SAM:Phobius""	NA	NA	NA	NA	NA	NA	NA	NA	NA	NA	NA	NA
EPVG_00441	JF974311.1_cds_AET98328.1_440	AET98328.1	601	hypothetical protein	Ankyrin repeat-containing protein	FALSE	Genbank	virus	protein-coding	JF974311.1	400370	402175	plus	G9E4J6	G9E4J6_9PHYC	Ankyrin repeat-containing protein	601	EPVG_00441	Predicted	UPI00022A4C24	2025-06-18	NA	NA	NA	NA	NA	NA	NA	NA	NA	NA	NA	NA	NA	NA	NA	NA
EPVG_00442	JF974311.1_cds_AET98329.1_441	AET98329.1	302	hypothetical protein	Peptidase S1 domain-containing protein	TRUE	Genbank	virus	protein-coding	JF974311.1	402126	403034	minus	G9E4J7	G9E4J7_9PHYC	Peptidase S1 domain-containing protein	302	EPVG_00442	Inferred from homology	UPI00022A4C25	2025-06-18	membrane [GO:0016020]; serine-type endopeptidase activity [GO:0004252]; proteolysis [GO:0006508]	GO:0004252; GO:0006508; GO:0016020	membrane [GO:0016020]	TRANSMEM 269..293; /note=""Helical""; /evidence=""ECO:0000256|SAM:Phobius""	serine-type endopeptidase activity [GO:0004252]	proteolysis [GO:0006508]	NA	NA	NA	NA	NA	NA	NA	NA	NA	NA
EPVG_00443	JF974311.1_cds_AET98330.1_442	AET98330.1	287	hypothetical protein	DNA-binding protein	FALSE	Genbank	virus	protein-coding	JF974311.1	403153	404016	plus	G9E4J8	G9E4J8_9PHYC	DNA-binding protein	287	EPVG_00443	Predicted	UPI00022A4C26	2025-06-18	NA	NA	NA	NA	NA	NA	NA	NA	NA	NA	NA	NA	NA	NA	NA	NA
EPVG_00444	JF974311.1_cds_AET98331.1_443	AET98331.1	150	hypothetical protein	Uncharacterized protein	FALSE	Genbank	virus	protein-coding	JF974311.1	404008	404460	minus	G9E4J9	G9E4J9_9PHYC	Uncharacterized protein	150	EPVG_00444	Predicted	UPI00022A4C27	2025-06-18	NA	NA	NA	NA	NA	NA	NA	NA	NA	NA	NA	NA	NA	NA	NA	NA
EPVG_00445	JF974311.1_cds_AET98332.1_444	AET98332.1	247	hypothetical protein	Uncharacterized protein	FALSE	Genbank	virus	protein-coding	JF974311.1	404489	405232	plus	G9E4K0	G9E4K0_9PHYC	Uncharacterized protein	247	EPVG_00445	Predicted	UPI00022A4C28	2025-06-18	NA	NA	NA	NA	NA	NA	NA	NA	NA	NA	NA	NA	NA	NA	NA	NA
EPVG_00446	JF974311.1_cds_AET98333.1_445	AET98333.1	237	hypothetical protein	Uncharacterized protein	TRUE	Genbank	virus	protein-coding	JF974311.1	405229	405942	minus	G9E4K1	G9E4K1_9PHYC	Uncharacterized protein	237	EPVG_00446	Predicted	UPI00022A4C29	2025-06-18	membrane [GO:0016020]	GO:0016020	membrane [GO:0016020]	TRANSMEM 12..33; /note=""Helical""; /evidence=""ECO:0000256|SAM:Phobius""; TRANSMEM 45..65; /note=""Helical""; /evidence=""ECO:0000256|SAM:Phobius""; TRANSMEM 85..104; /note=""Helical""; /evidence=""ECO:0000256|SAM:Phobius""; TRANSMEM 141..161; /note=""Helical""; /evidence=""ECO:0000256|SAM:Phobius""; TRANSMEM 181..199; /note=""Helical""; /evidence=""ECO:0000256|SAM:Phobius""; TRANSMEM 205..224; /note=""Helical""; /evidence=""ECO:0000256|SAM:Phobius""	NA	NA	NA	NA	NA	NA	NA	NA	NA	NA	NA	NA
EPVG_00447	JF974311.1_cds_AET98334.1_446	AET98334.1	250	hypothetical protein	Uncharacterized protein	FALSE	Genbank	virus	protein-coding	JF974311.1	405966	406718	minus	G9E4K2	G9E4K2_9PHYC	Uncharacterized protein	250	EPVG_00447	Predicted	UPI00022A4C2A	2025-06-18	NA	NA	NA	NA	NA	NA	NA	NA	NA	NA	NA	NA	NA	NA	NA	NA
EPVG_00448	JF974311.1_cds_AET98335.1_447	AET98335.1	81	hypothetical protein	Uncharacterized protein	TRUE	Genbank	virus	protein-coding	JF974311.1	407027	407272	minus	G9E4K3	G9E4K3_9PHYC	Uncharacterized protein	81	EPVG_00448	Predicted	UPI0002392EB1	2025-06-18	membrane [GO:0016020]	GO:0016020	membrane [GO:0016020]	TRANSMEM 57..79; /note=""Helical""; /evidence=""ECO:0000256|SAM:Phobius""	NA	NA	NA	NA	NA	NA	NA	NA	NA	NA	NA	NA
