locus_tag	Uniprot	Uniprot_name	GO_BP	GO_CC	GO_GO	GO_MF	GO_IDs	description	Length	Gene Names	Subcellular location [CC]	Transmembrane	Protein existence	Active site	Binding site	Catalytic activity	Cofactor	DNA binding	Pathway	Function [CC]	EC number	Rhea ID	GOAnnotAvail	UniParc	Last seen
EPVG_00001	G9E4K4	G9E4K4_9PHYC	NA	membrane [GO:0016020]	membrane [GO:0016020]	NA	GO:0016020	Recombination endonuclease VII	263	EPVG_00001	NA	TRANSMEM 228..246; /note=""Helical""; /evidence=""ECO:0000256|SAM:Phobius""	Predicted	NA	NA	NA	NA	NA	NA	NA	NA	NA	TRUE	UPI00022A4856	2025-06-18
EPVG_00002	G9E4K5	G9E4K5_9PHYC	NA	membrane [GO:0016020]	membrane [GO:0016020]	NA	GO:0016020	Uncharacterized protein	100	EPVG_00002	NA	TRANSMEM 70..89; /note=""Helical""; /evidence=""ECO:0000256|SAM:Phobius""	Predicted	NA	NA	NA	NA	NA	NA	NA	NA	NA	TRUE	UPI00022A4857	2025-06-18
EPVG_00003	G9E4K6	G9E4K6_9PHYC	NA	membrane [GO:0016020]	membrane [GO:0016020]	NA	GO:0016020	Uncharacterized protein	155	EPVG_00003	NA	TRANSMEM 12..29; /note=""Helical""; /evidence=""ECO:0000256|SAM:Phobius""; TRANSMEM 35..53; /note=""Helical""; /evidence=""ECO:0000256|SAM:Phobius""; TRANSMEM 93..115; /note=""Helical""; /evidence=""ECO:0000256|SAM:Phobius""	Predicted	NA	NA	NA	NA	NA	NA	NA	NA	NA	TRUE	UPI0000585749	2026-06-10
EPVG_00004	G9E4K7	G9E4K7_9PHYC	NA	NA	NA	NA	NA	CRAL-TRIO domain-containing protein	205	EPVG_00004	NA	NA	Predicted	NA	NA	NA	NA	NA	NA	NA	NA	NA	FALSE	UPI000058574A	2026-06-10
EPVG_00005	G9E4K8	G9E4K8_9PHYC	NA	membrane [GO:0016020]	membrane [GO:0016020]	NA	GO:0016020	Uncharacterized protein	115	EPVG_00005	NA	TRANSMEM 62..86; /note=""Helical""; /evidence=""ECO:0000256|SAM:Phobius""	Predicted	NA	NA	NA	NA	NA	NA	NA	NA	NA	TRUE	UPI000058574B	2026-06-10
EPVG_00006	G9E4K9	G9E4K9_9PHYC	NA	membrane [GO:0016020]	membrane [GO:0016020]	NA	GO:0016020	Uncharacterized protein	244	EPVG_00006	NA	TRANSMEM 12..30; /note=""Helical""; /evidence=""ECO:0000256|SAM:Phobius""; TRANSMEM 73..94; /note=""Helical""; /evidence=""ECO:0000256|SAM:Phobius""; TRANSMEM 101..123; /note=""Helical""; /evidence=""ECO:0000256|SAM:Phobius""; TRANSMEM 135..153; /note=""Helical""; /evidence=""ECO:0000256|SAM:Phobius""; TRANSMEM 165..186; /note=""Helical""; /evidence=""ECO:0000256|SAM:Phobius""	Predicted	NA	NA	NA	NA	NA	NA	NA	NA	NA	TRUE	UPI00022A4858	2025-06-18
EPVG_00007	G9E4L0	G9E4L0_9PHYC	NA	NA	NA	NA	NA	Uncharacterized protein	456	EPVG_00007	NA	NA	Predicted	NA	NA	NA	NA	NA	NA	NA	NA	NA	FALSE	UPI00022A4859	2025-06-18
EPVG_00008	G9E4L1	G9E4L1_9PHYC	NA	membrane [GO:0016020]	membrane [GO:0016020]	NA	GO:0016020	Uncharacterized protein	162	EPVG_00008	NA	TRANSMEM 133..151; /note=""Helical""; /evidence=""ECO:0000256|SAM:Phobius""	Predicted	NA	NA	NA	NA	NA	NA	NA	NA	NA	TRUE	UPI000058574E	2026-06-10
EPVG_00009	G9E4L2	G9E4L2_9PHYC	NA	NA	NA	NA	NA	Uncharacterized protein	362	EPVG_00009	NA	NA	Predicted	NA	NA	NA	NA	NA	NA	NA	NA	NA	FALSE	UPI00022A485A	2025-06-18
EPVG_00010	G9E4L3	G9E4L3_9PHYC	NA	membrane [GO:0016020]	membrane [GO:0016020]	NA	GO:0016020	Peptidase M48 domain-containing protein	125	EPVG_00010	NA	TRANSMEM 6..26; /note=""Helical""; /evidence=""ECO:0000256|SAM:Phobius""	Predicted	NA	NA	NA	NA	NA	NA	NA	NA	NA	TRUE	UPI00022A485B	2025-06-18
EPVG_00011	G9E4L4	G9E4L4_9PHYC	NA	NA	NA	NA	NA	Transcription factor CBF/NF-Y/archaeal histone domain-containing protein	175	EPVG_00011	NA	NA	Predicted	NA	NA	NA	NA	NA	NA	NA	NA	NA	FALSE	UPI00022A485C	2025-06-18
EPVG_00012	G9E4L5	G9E4L5_9PHYC	NA	NA	NA	NA	NA	Uncharacterized protein	72	EPVG_00012	NA	NA	Predicted	NA	NA	NA	NA	NA	NA	NA	NA	NA	FALSE	UPI00022A4CEB	2025-06-18
EPVG_00013	G9E4L6	G9E4L6_9PHYC	NA	membrane [GO:0016020]	membrane [GO:0016020]	NA	GO:0016020	Uncharacterized protein	57	EPVG_00013	NA	TRANSMEM 6..25; /note=""Helical""; /evidence=""ECO:0000256|SAM:Phobius""	Predicted	NA	NA	NA	NA	NA	NA	NA	NA	NA	TRUE	UPI00022A485D	2025-06-18
EPVG_00014	G9E4L7	G9E4L7_9PHYC	ceramide biosynthetic process [GO:0046513]	membrane [GO:0016020]	membrane [GO:0016020]; sphingosine N-acyltransferase activity [GO:0050291]; ceramide biosynthetic process [GO:0046513]	sphingosine N-acyltransferase activity [GO:0050291]	GO:0016020; GO:0046513; GO:0050291	TLC domain-containing protein	288	EPVG_00014	SUBCELLULAR LOCATION: Membrane {ECO:0000256|ARBA:ARBA00004141}; Multi-pass membrane protein {ECO:0000256|ARBA:ARBA00004141}.	TRANSMEM 20..42; /note=""Helical""; /evidence=""ECO:0000256|SAM:Phobius""; TRANSMEM 62..81; /note=""Helical""; /evidence=""ECO:0000256|SAM:Phobius""; TRANSMEM 136..155; /note=""Helical""; /evidence=""ECO:0000256|SAM:Phobius""; TRANSMEM 188..206; /note=""Helical""; /evidence=""ECO:0000256|SAM:Phobius""; TRANSMEM 248..268; /note=""Helical""; /evidence=""ECO:0000256|SAM:Phobius""	Predicted	NA	NA	NA	NA	NA	NA	NA	NA	NA	TRUE	UPI00022A485E	2025-06-18
EPVG_00015	G9E4L8	G9E4L8_9PHYC	NA	membrane [GO:0016020]	membrane [GO:0016020]	NA	GO:0016020	Transmembrane protein	122	EPVG_00015	NA	TRANSMEM 25..45; /note=""Helical""; /evidence=""ECO:0000256|SAM:Phobius""	Predicted	NA	NA	NA	NA	NA	NA	NA	NA	NA	TRUE	UPI00022A485F	2025-06-18
EPVG_00016	G9E4L9	G9E4L9_9PHYC	NA	membrane [GO:0016020]	membrane [GO:0016020]	NA	GO:0016020	Uncharacterized protein	78	EPVG_00016	NA	TRANSMEM 6..25; /note=""Helical""; /evidence=""ECO:0000256|SAM:Phobius""; TRANSMEM 37..57; /note=""Helical""; /evidence=""ECO:0000256|SAM:Phobius""	Predicted	NA	NA	NA	NA	NA	NA	NA	NA	NA	TRUE	UPI00022A4860	2025-06-18
EPVG_00017	G9E4M0	G9E4M0_9PHYC	NA	NA	NA	NA	NA	Uncharacterized protein	767	EPVG_00017	NA	NA	Predicted	NA	NA	NA	NA	NA	NA	NA	NA	NA	FALSE	UPI00022A4861	2025-06-18
EPVG_00018	G9E4M1	G9E4M1_9PHYC	DNA repair [GO:0006281]; DNA replication [GO:0006260]	NA	5'-3' exonuclease activity [GO:0008409]; 5'-flap endonuclease activity [GO:0017108]; DNA binding [GO:0003677]; metal ion binding [GO:0046872]; DNA repair [GO:0006281]; DNA replication [GO:0006260]	5'-3' exonuclease activity [GO:0008409]; 5'-flap endonuclease activity [GO:0017108]; DNA binding [GO:0003677]; metal ion binding [GO:0046872]	GO:0003677; GO:0006260; GO:0006281; GO:0008409; GO:0017108; GO:0046872	Flap endonuclease-1	358	EPVG_00018	NA	NA	Inferred from homology	NA	NA	NA	COFACTOR: Name=Mg(2+); Xref=ChEBI:CHEBI:18420; Evidence={ECO:0000256|ARBA:ARBA00001946};	NA	NA	NA	NA	NA	TRUE	UPI00022A4862	2025-06-18
EPVG_00019	G9E4M2	G9E4M2_9PHYC	NA	NA	NA	NA	NA	Protein kinase domain-containing protein	591	EPVG_00019	NA	NA	Predicted	NA	NA	NA	NA	NA	NA	NA	NA	NA	FALSE	UPI00022A4956	2025-06-18
EPVG_00020	G9E4M3	G9E4M3_9PHYC	leading strand elongation [GO:0006272]; mismatch repair [GO:0006298]; regulation of DNA replication [GO:0006275]; translesion synthesis [GO:0019985]	NA	DNA binding [GO:0003677]; DNA polymerase processivity factor activity [GO:0030337]; leading strand elongation [GO:0006272]; mismatch repair [GO:0006298]; regulation of DNA replication [GO:0006275]; translesion synthesis [GO:0019985]	DNA binding [GO:0003677]; DNA polymerase processivity factor activity [GO:0030337]	GO:0003677; GO:0006272; GO:0006275; GO:0006298; GO:0019985; GO:0030337	Proliferating cell nuclear antigen	259	EPVG_00020	NA	NA	Inferred from homology	NA	NA	NA	NA	NA	NA	NA	NA	NA	TRUE	UPI00022A4957	2025-06-18
EPVG_00021	G9E4M4	G9E4M4_9PHYC	proteolysis [GO:0006508]	membrane [GO:0016020]	membrane [GO:0016020]; serine-type endopeptidase activity [GO:0004252]; proteolysis [GO:0006508]	serine-type endopeptidase activity [GO:0004252]	GO:0004252; GO:0006508; GO:0016020	Serine protease	409	EPVG_00021	NA	TRANSMEM 334..354; /note=""Helical""; /evidence=""ECO:0000256|SAM:Phobius""	Predicted	NA	NA	NA	NA	NA	NA	NA	NA	NA	TRUE	UPI00022A4958	2025-06-18
EPVG_00022	G9E4M5	G9E4M5_9PHYC	NA	NA	NA	NA	NA	Phosphoglycerate mutase	429	EPVG_00022	NA	NA	Predicted	NA	NA	NA	NA	NA	NA	NA	NA	NA	FALSE	UPI00022A530B	2025-06-18
EPVG_00023	G9E4M6	G9E4M6_9PHYC	cytidine deamination [GO:0009972]; pyrimidine nucleotide metabolic process [GO:0006220]	NA	dCMP deaminase activity [GO:0004132]; zinc ion binding [GO:0008270]; cytidine deamination [GO:0009972]; pyrimidine nucleotide metabolic process [GO:0006220]	dCMP deaminase activity [GO:0004132]; zinc ion binding [GO:0008270]	GO:0004132; GO:0006220; GO:0008270; GO:0009972	Deoxycytidylate deaminase	173	EPVG_00023	NA	NA	Predicted	ACT_SITE 94; /note=""Proton donor""; /evidence=""ECO:0000256|PIRSR:PIRSR006019-1""	BINDING 92; /ligand=""Zn(2+)""; /ligand_id=""ChEBI:CHEBI:29105""; /ligand_note=""catalytic""; /evidence=""ECO:0000256|PIRSR:PIRSR006019-2""; BINDING 118; /ligand=""Zn(2+)""; /ligand_id=""ChEBI:CHEBI:29105""; /ligand_note=""catalytic""; /evidence=""ECO:0000256|PIRSR:PIRSR006019-2""; BINDING 121; /ligand=""Zn(2+)""; /ligand_id=""ChEBI:CHEBI:29105""; /ligand_note=""catalytic""; /evidence=""ECO:0000256|PIRSR:PIRSR006019-2""	NA	COFACTOR: Name=Zn(2+); Xref=ChEBI:CHEBI:29105; Evidence={ECO:0000256|ARBA:ARBA00001947, ECO:0000256|PIRSR:PIRSR006019-2};	NA	NA	NA	NA	NA	TRUE	UPI00022A495A	2025-06-18
EPVG_00024	G9E4M7	G9E4M7_9PHYC	NA	membrane [GO:0016020]	membrane [GO:0016020]	NA	GO:0016020	Uncharacterized protein	171	EPVG_00024	NA	TRANSMEM 67..95; /note=""Helical""; /evidence=""ECO:0000256|SAM:Phobius""; TRANSMEM 101..131; /note=""Helical""; /evidence=""ECO:0000256|SAM:Phobius""	Predicted	NA	NA	NA	NA	NA	NA	NA	NA	NA	TRUE	UPI00022A495B	2025-06-18
EPVG_00025	G9E4M8	G9E4M8_9PHYC	deoxyribonucleotide biosynthetic process [GO:0009263]	membrane [GO:0016020]	membrane [GO:0016020]; ribonucleoside-diphosphate reductase activity, thioredoxin disulfide as acceptor [GO:0004748]; deoxyribonucleotide biosynthetic process [GO:0009263]	ribonucleoside-diphosphate reductase activity, thioredoxin disulfide as acceptor [GO:0004748]	GO:0004748; GO:0009263; GO:0016020	Ribonucleoside-diphosphate reductase small chain (EC 1.17.4.1) (Ribonucleotide reductase small subunit)	325	EPVG_00025	NA	TRANSMEM 157..178; /note=""Helical""; /evidence=""ECO:0000256|SAM:Phobius""	Inferred from homology	NA	NA	NA	COFACTOR: Name=Fe cation; Xref=ChEBI:CHEBI:24875; Evidence={ECO:0000256|ARBA:ARBA00001962};	NA	NA	FUNCTION: Ribonucleoside-diphosphate reductase holoenzyme provides the precursors necessary for viral DNA synthesis. Allows virus growth in non-dividing cells. Catalyzes the biosynthesis of deoxyribonucleotides from the corresponding ribonucleotides. {ECO:0000256|ARBA:ARBA00025523}.	1.17.4.1	NA	TRUE	UPI00022A48A4	2025-06-18
EPVG_00026	G9E4M9	G9E4M9_9PHYC	NA	NA	NA	NA	NA	Uncharacterized protein	150	EPVG_00026	NA	NA	Predicted	NA	NA	NA	NA	NA	NA	NA	NA	NA	FALSE	UPI00022A48A3	2025-06-18
EPVG_00027	G9E4N0	G9E4N0_9PHYC	NA	NA	NA	NA	NA	Uncharacterized protein	197	EPVG_00027	NA	NA	Predicted	NA	NA	NA	NA	NA	NA	NA	NA	NA	FALSE	UPI00022A48A2	2025-06-18
EPVG_00028	G9E4N1	G9E4N1_9PHYC	lipid metabolic process [GO:0006629]	NA	lipid metabolic process [GO:0006629]	NA	GO:0006629	Fungal lipase-type domain-containing protein	263	EPVG_00028	NA	NA	Predicted	NA	NA	NA	NA	NA	NA	NA	NA	NA	TRUE	UPI00022A48A1	2025-06-18
EPVG_00029	G9E4N2	G9E4N2_9PHYC	NA	membrane [GO:0016020]	membrane [GO:0016020]	NA	GO:0016020	Uncharacterized protein	215	EPVG_00029	NA	TRANSMEM 6..31; /note=""Helical""; /evidence=""ECO:0000256|SAM:Phobius""; TRANSMEM 43..64; /note=""Helical""; /evidence=""ECO:0000256|SAM:Phobius""; TRANSMEM 70..87; /note=""Helical""; /evidence=""ECO:0000256|SAM:Phobius""; TRANSMEM 99..124; /note=""Helical""; /evidence=""ECO:0000256|SAM:Phobius""; TRANSMEM 130..151; /note=""Helical""; /evidence=""ECO:0000256|SAM:Phobius""	Predicted	NA	NA	NA	NA	NA	NA	NA	NA	NA	TRUE	UPI00022A48A0	2025-06-18
EPVG_00030	G9E4N3	G9E4N3_9PHYC	base-excision repair, gap-filling [GO:0006287]; DNA replication proofreading [GO:0045004]; nucleotide-excision repair, DNA gap filling [GO:0006297]; viral DNA genome replication [GO:0039693]	NA	3'-5'-DNA exonuclease activity [GO:0008296]; DNA binding [GO:0003677]; DNA-directed DNA polymerase activity [GO:0003887]; nucleotide binding [GO:0000166]; base-excision repair, gap-filling [GO:0006287]; DNA replication proofreading [GO:0045004]; nucleotide-excision repair, DNA gap filling [GO:0006297]; viral DNA genome replication [GO:0039693]	3'-5'-DNA exonuclease activity [GO:0008296]; DNA binding [GO:0003677]; DNA-directed DNA polymerase activity [GO:0003887]; nucleotide binding [GO:0000166]	GO:0000166; GO:0003677; GO:0003887; GO:0006287; GO:0006297; GO:0008296; GO:0039693; GO:0045004	DNA polymerase (EC 2.7.7.7)	1012	EPVG_00030	NA	NA	Inferred from homology	NA	NA	CATALYTIC ACTIVITY: Reaction=DNA(n) + a 2'-deoxyribonucleoside 5'-triphosphate = DNA(n+1) + diphosphate; Xref=Rhea:RHEA:22508, Rhea:RHEA-COMP:17339, Rhea:RHEA-COMP:17340, ChEBI:CHEBI:33019, ChEBI:CHEBI:61560, ChEBI:CHEBI:173112; EC=2.7.7.7; Evidence={ECO:0000256|ARBA:ARBA00049244, ECO:0000256|RuleBase:RU000442};	NA	NA	NA	NA	2.7.7.7	RHEA:22508	TRUE	UPI00022A489F	2025-06-18
EPVG_00031	G9E4N4	G9E4N4_9PHYC	lipid biosynthetic process [GO:0008610]	membrane [GO:0016020]	membrane [GO:0016020]; iron ion binding [GO:0005506]; oxidoreductase activity [GO:0016491]; lipid biosynthetic process [GO:0008610]	iron ion binding [GO:0005506]; oxidoreductase activity [GO:0016491]	GO:0005506; GO:0008610; GO:0016020; GO:0016491	Fatty acid hydroxylase domain-containing protein	328	EPVG_00031	SUBCELLULAR LOCATION: Membrane {ECO:0000256|ARBA:ARBA00004370}.	TRANSMEM 6..25; /note=""Helical""; /evidence=""ECO:0000256|SAM:Phobius""; TRANSMEM 46..69; /note=""Helical""; /evidence=""ECO:0000256|SAM:Phobius""; TRANSMEM 89..113; /note=""Helical""; /evidence=""ECO:0000256|SAM:Phobius""; TRANSMEM 149..167; /note=""Helical""; /evidence=""ECO:0000256|SAM:Phobius""; TRANSMEM 187..203; /note=""Helical""; /evidence=""ECO:0000256|SAM:Phobius""; TRANSMEM 254..273; /note=""Helical""; /evidence=""ECO:0000256|SAM:Phobius""	Predicted	NA	NA	NA	NA	NA	NA	NA	NA	NA	TRUE	UPI00022A489E	2025-06-18
EPVG_00032	G9E4N5	G9E4N5_9PHYC	NA	membrane [GO:0016020]	membrane [GO:0016020]	NA	GO:0016020	TLC domain-containing protein	190	EPVG_00032	SUBCELLULAR LOCATION: Membrane {ECO:0000256|ARBA:ARBA00004141}; Multi-pass membrane protein {ECO:0000256|ARBA:ARBA00004141}.	TRANSMEM 31..52; /note=""Helical""; /evidence=""ECO:0000256|SAM:Phobius""; TRANSMEM 73..91; /note=""Helical""; /evidence=""ECO:0000256|SAM:Phobius""; TRANSMEM 97..115; /note=""Helical""; /evidence=""ECO:0000256|SAM:Phobius""; TRANSMEM 127..147; /note=""Helical""; /evidence=""ECO:0000256|SAM:Phobius""; TRANSMEM 159..179; /note=""Helical""; /evidence=""ECO:0000256|SAM:Phobius""	Predicted	NA	NA	NA	NA	NA	NA	NA	NA	NA	TRUE	UPI0001C13613	2025-06-18
EPVG_00033	G9E4N6	G9E4N6_9PHYC	NA	membrane [GO:0016020]	membrane [GO:0016020]	NA	GO:0016020	TLC domain-containing protein	190	EPVG_00033	SUBCELLULAR LOCATION: Membrane {ECO:0000256|ARBA:ARBA00004141}; Multi-pass membrane protein {ECO:0000256|ARBA:ARBA00004141}.	TRANSMEM 5..22; /note=""Helical""; /evidence=""ECO:0000256|SAM:Phobius""; TRANSMEM 29..47; /note=""Helical""; /evidence=""ECO:0000256|SAM:Phobius""; TRANSMEM 101..118; /note=""Helical""; /evidence=""ECO:0000256|SAM:Phobius""; TRANSMEM 130..152; /note=""Helical""; /evidence=""ECO:0000256|SAM:Phobius""; TRANSMEM 158..181; /note=""Helical""; /evidence=""ECO:0000256|SAM:Phobius""	Predicted	NA	NA	NA	NA	NA	NA	NA	NA	NA	TRUE	UPI00022A489D	2025-06-18
EPVG_00034	G9E4N7	G9E4N7_9PHYC	protein autoprocessing [GO:0016540]	membrane [GO:0016020]	membrane [GO:0016020]; protein autoprocessing [GO:0016540]	NA	GO:0016020; GO:0016540	Hedgehog protein Hint domain-containing protein	1251	EPVG_00034	NA	TRANSMEM 27..50; /note=""Helical""; /evidence=""ECO:0000256|SAM:Phobius""; TRANSMEM 1223..1246; /note=""Helical""; /evidence=""ECO:0000256|SAM:Phobius""	Predicted	NA	NA	NA	NA	NA	NA	NA	NA	NA	TRUE	UPI00022A489C	2025-06-18
EPVG_00035	G9E4N8	G9E4N8_9PHYC	NA	NA	NA	NA	NA	Capsid protein	399	EPVG_00035	NA	NA	Predicted	NA	NA	NA	NA	NA	NA	NA	NA	NA	FALSE	UPI00022A489B	2025-06-18
EPVG_00036	G9E4N9	G9E4N9_9PHYC	NA	membrane [GO:0016020]	membrane [GO:0016020]	NA	GO:0016020	Uncharacterized protein	170	EPVG_00036	NA	TRANSMEM 28..46; /note=""Helical""; /evidence=""ECO:0000256|SAM:Phobius""; TRANSMEM 138..161; /note=""Helical""; /evidence=""ECO:0000256|SAM:Phobius""	Predicted	NA	NA	NA	NA	NA	NA	NA	NA	NA	TRUE	UPI00022A489A	2025-06-18
EPVG_00037	G9E4P0	G9E4P0_9PHYC	NA	membrane [GO:0016020]	membrane [GO:0016020]	NA	GO:0016020	Uncharacterized protein	175	EPVG_00037	NA	TRANSMEM 76..97; /note=""Helical""; /evidence=""ECO:0000256|SAM:Phobius""	Predicted	NA	NA	NA	NA	NA	NA	NA	NA	NA	TRUE	UPI00022A4899	2025-06-18
EPVG_00038	G9E4P1	G9E4P1_9PHYC	NA	membrane [GO:0016020]	membrane [GO:0016020]	NA	GO:0016020	t-SNARE coiled-coil homology domain-containing protein	113	EPVG_00038	NA	TRANSMEM 73..97; /note=""Helical""; /evidence=""ECO:0000256|SAM:Phobius""	Predicted	NA	NA	NA	NA	NA	NA	NA	NA	NA	TRUE	UPI00022A4898	2025-06-18
EPVG_00039	G9E4P2	G9E4P2_9PHYC	NA	NA	NA	NA	NA	Capsid protein	150	EPVG_00039	NA	NA	Predicted	NA	NA	NA	NA	NA	NA	NA	NA	NA	FALSE	UPI00022A4897	2025-06-18
EPVG_00040	G9E4P3	G9E4P3_9PHYC	NA	NA	NA	NA	NA	GIY-YIG domain-containing protein	322	EPVG_00040	NA	NA	Predicted	NA	NA	NA	NA	NA	NA	NA	NA	NA	FALSE	UPI00022A4896	2025-06-18
EPVG_00041	G9E4P4	G9E4P4_9PHYC	NA	membrane [GO:0016020]	membrane [GO:0016020]	NA	GO:0016020	Cathepsin propeptide inhibitor domain-containing protein	135	EPVG_00041	NA	TRANSMEM 6..27; /note=""Helical""; /evidence=""ECO:0000256|SAM:Phobius""	Predicted	NA	NA	NA	NA	NA	NA	NA	NA	NA	TRUE	UPI00022A495C	2025-06-18
EPVG_00042	G9E4P5	G9E4P5_9PHYC	NA	NA	NA	NA	NA	Protein kinase domain-containing protein	420	EPVG_00042	NA	NA	Predicted	NA	NA	NA	NA	NA	NA	NA	NA	NA	FALSE	UPI00022A4894	2025-06-18
EPVG_00043	G9E4P6	G9E4P6_9PHYC	NA	membrane [GO:0016020]	membrane [GO:0016020]	NA	GO:0016020	Uncharacterized protein	112	EPVG_00043	NA	TRANSMEM 6..27; /note=""Helical""; /evidence=""ECO:0000256|SAM:Phobius""	Predicted	NA	NA	NA	NA	NA	NA	NA	NA	NA	TRUE	UPI00022A4893	2025-06-18
EPVG_00044	G9E4P7	G9E4P7_9PHYC	NA	membrane [GO:0016020]	membrane [GO:0016020]	NA	GO:0016020	Uncharacterized protein	173	EPVG_00044	NA	TRANSMEM 6..27; /note=""Helical""; /evidence=""ECO:0000256|SAM:Phobius""	Predicted	NA	NA	NA	NA	NA	NA	NA	NA	NA	TRUE	UPI00022A4892	2025-06-18
EPVG_00045	G9E4P8	G9E4P8_9PHYC	NA	NA	NA	NA	NA	TNFR-Cys domain-containing protein	219	EPVG_00045	NA	NA	Predicted	NA	NA	NA	NA	NA	NA	NA	NA	NA	FALSE	UPI00022A4891	2025-06-18
EPVG_00046	G9E4P9	G9E4P9_9PHYC	NA	membrane [GO:0016020]	membrane [GO:0016020]	NA	GO:0016020	LRAT domain-containing protein	198	EPVG_00046	NA	TRANSMEM 175..194; /note=""Helical""; /evidence=""ECO:0000256|SAM:Phobius""	Predicted	NA	NA	NA	NA	NA	NA	NA	NA	NA	TRUE	UPI00022A4890	2025-06-18
EPVG_00047	G9E4Q0	G9E4Q0_9PHYC	NA	NA	NA	NA	NA	Uncharacterized protein	105	EPVG_00047	NA	NA	Predicted	NA	NA	NA	NA	NA	NA	NA	NA	NA	FALSE	UPI00022A488F	2025-06-18
EPVG_00048	G9E4Q1	G9E4Q1_9PHYC	ceramide biosynthetic process [GO:0046513]; sphingosine biosynthetic process [GO:0046512]	membrane [GO:0016020]; serine palmitoyltransferase complex [GO:0017059]	membrane [GO:0016020]; serine palmitoyltransferase complex [GO:0017059]; pyridoxal phosphate binding [GO:0030170]; serine C-palmitoyltransferase activity [GO:0004758]; ceramide biosynthetic process [GO:0046513]; sphingosine biosynthetic process [GO:0046512]	pyridoxal phosphate binding [GO:0030170]; serine C-palmitoyltransferase activity [GO:0004758]	GO:0004758; GO:0016020; GO:0017059; GO:0030170; GO:0046512; GO:0046513	Serine palmitoyltransferase	870	EPVG_00048	NA	NA	Predicted	NA	NA	NA	COFACTOR: Name=pyridoxal 5'-phosphate; Xref=ChEBI:CHEBI:597326; Evidence={ECO:0000256|ARBA:ARBA00001933};	NA	NA	NA	NA	NA	TRUE	UPI00022A488E	2025-06-18
EPVG_00049	G9E4Q2	G9E4Q2_9PHYC	NA	NA	NA	NA	NA	Uncharacterized protein	142	EPVG_00049	NA	NA	Predicted	NA	NA	NA	NA	NA	NA	NA	NA	NA	FALSE	UPI00022A4774	2025-06-18
EPVG_00050	G9E4Q3	G9E4Q3_9PHYC	NA	NA	NA	NA	NA	PLAC8 family protein	172	EPVG_00050	NA	NA	Predicted	NA	NA	NA	NA	NA	NA	NA	NA	NA	FALSE	UPI00022A4773	2025-06-18
EPVG_00051	G9E4Q4	G9E4Q4_9PHYC	NA	NA	NA	NA	NA	Uncharacterized protein	131	EPVG_00051	NA	NA	Predicted	NA	NA	NA	NA	NA	NA	NA	NA	NA	FALSE	UPI00022A4772	2025-06-18
EPVG_00052	G9E4Q5	G9E4Q5_9PHYC	NA	membrane [GO:0016020]	membrane [GO:0016020]	NA	GO:0016020	Uncharacterized protein	309	EPVG_00052	NA	TRANSMEM 12..32; /note=""Helical""; /evidence=""ECO:0000256|SAM:Phobius""; TRANSMEM 63..85; /note=""Helical""; /evidence=""ECO:0000256|SAM:Phobius""; TRANSMEM 134..155; /note=""Helical""; /evidence=""ECO:0000256|SAM:Phobius""; TRANSMEM 176..195; /note=""Helical""; /evidence=""ECO:0000256|SAM:Phobius""; TRANSMEM 201..222; /note=""Helical""; /evidence=""ECO:0000256|SAM:Phobius""; TRANSMEM 242..262; /note=""Helical""; /evidence=""ECO:0000256|SAM:Phobius""	Predicted	NA	NA	NA	NA	NA	NA	NA	NA	NA	TRUE	UPI00022A4771	2025-06-18
EPVG_00053	G9E4Q6	G9E4Q6_9PHYC	NA	NA	NA	NA	NA	Methyltransferase domain-containing protein	238	EPVG_00053	NA	NA	Predicted	NA	NA	NA	NA	NA	NA	NA	NA	NA	FALSE	UPI00022A4770	2025-06-18
EPVG_00054	G9E4Q7	G9E4Q7_9PHYC	NA	NA	NA	NA	NA	Uncharacterized protein	295	EPVG_00054	NA	NA	Predicted	NA	NA	NA	NA	NA	NA	NA	NA	NA	FALSE	UPI00022A476F	2025-06-18
EPVG_00055	G9E4Q8	G9E4Q8_9PHYC	NA	membrane [GO:0016020]	membrane [GO:0016020]	NA	GO:0016020	Uncharacterized protein	76	EPVG_00055	NA	TRANSMEM 40..61; /note=""Helical""; /evidence=""ECO:0000256|SAM:Phobius""	Predicted	NA	NA	NA	NA	NA	NA	NA	NA	NA	TRUE	UPI00022A495E	2025-06-18
EPVG_00056	G9E4Q9	G9E4Q9_9PHYC	regulation of DNA-templated transcription [GO:0006355]	NA	chromatin DNA binding [GO:0031490]; histone binding [GO:0042393]; regulation of DNA-templated transcription [GO:0006355]	chromatin DNA binding [GO:0031490]; histone binding [GO:0042393]	GO:0006355; GO:0031490; GO:0042393	Helicase ATP-binding domain-containing protein	867	EPVG_00056	NA	NA	Inferred from homology	NA	NA	NA	NA	NA	NA	NA	NA	NA	TRUE	UPI00022A476E	2025-06-18
EPVG_00057	G9E4R0	G9E4R0_9PHYC	NA	membrane [GO:0016020]	membrane [GO:0016020]	NA	GO:0016020	Uncharacterized protein	138	EPVG_00057	NA	TRANSMEM 6..25; /note=""Helical""; /evidence=""ECO:0000256|SAM:Phobius""	Predicted	NA	NA	NA	NA	NA	NA	NA	NA	NA	TRUE	UPI00022A476D	2025-06-18
EPVG_00058	G9E4R1	G9E4R1_9PHYC	NA	membrane [GO:0016020]	membrane [GO:0016020]	NA	GO:0016020	C-type lectin domain-containing protein	1990	EPVG_00058	NA	TRANSMEM 1721..1743; /note=""Helical""; /evidence=""ECO:0000256|SAM:Phobius""	Predicted	NA	NA	NA	NA	NA	NA	NA	NA	NA	TRUE	UPI00022A476C	2025-06-18
EPVG_00059	G9E4R2	G9E4R2_9PHYC	ceramide biosynthetic process [GO:0046513]	membrane [GO:0016020]	membrane [GO:0016020]; sphingolipid delta-4 desaturase activity [GO:0042284]; ceramide biosynthetic process [GO:0046513]	sphingolipid delta-4 desaturase activity [GO:0042284]	GO:0016020; GO:0042284; GO:0046513	sphingolipid 4-desaturase (EC 1.14.19.17)	320	EPVG_00059	SUBCELLULAR LOCATION: Membrane {ECO:0000256|ARBA:ARBA00004141}; Multi-pass membrane protein {ECO:0000256|ARBA:ARBA00004141}.	TRANSMEM 41..59; /note=""Helical""; /evidence=""ECO:0000256|SAM:Phobius""; TRANSMEM 65..87; /note=""Helical""; /evidence=""ECO:0000256|SAM:Phobius""; TRANSMEM 99..117; /note=""Helical""; /evidence=""ECO:0000256|SAM:Phobius""; TRANSMEM 154..170; /note=""Helical""; /evidence=""ECO:0000256|SAM:Phobius""; TRANSMEM 207..228; /note=""Helical""; /evidence=""ECO:0000256|SAM:Phobius""	Inferred from homology	NA	NA	NA	NA	NA	NA	NA	1.14.19.17	NA	TRUE	UPI00022A476B	2025-06-18
EPVG_00060	G9E4R3	G9E4R3_9PHYC	NA	membrane [GO:0016020]	membrane [GO:0016020]	NA	GO:0016020	Uncharacterized protein	204	EPVG_00060	NA	TRANSMEM 89..115; /note=""Helical""; /evidence=""ECO:0000256|SAM:Phobius""	Predicted	NA	NA	NA	NA	NA	NA	NA	NA	NA	TRUE	UPI00022A476A	2025-06-18
EPVG_00061	G9E4R4	G9E4R4_9PHYC	NA	NA	NA	NA	NA	Uncharacterized protein	137	EPVG_00061	NA	NA	Predicted	NA	NA	NA	NA	NA	NA	NA	NA	NA	FALSE	UPI00022A4769	2025-06-18
EPVG_00062	G9E4R5	G9E4R5_9PHYC	NA	DNA-directed RNA polymerase complex [GO:0000428]	DNA-directed RNA polymerase complex [GO:0000428]; DNA binding [GO:0003677]; plastid single subunit type RNA polymerase activity [GO:0001066]; RNA polymerase I activity [GO:0001054]; RNA polymerase II activity [GO:0001055]; RNA polymerase III activity [GO:0001056]; RNA polymerase IV activity [GO:0001057]; RNA polymerase V activity [GO:0001058]	DNA binding [GO:0003677]; plastid single subunit type RNA polymerase activity [GO:0001066]; RNA polymerase I activity [GO:0001054]; RNA polymerase II activity [GO:0001055]; RNA polymerase III activity [GO:0001056]; RNA polymerase IV activity [GO:0001057]; RNA polymerase V activity [GO:0001058]	GO:0000428; GO:0001054; GO:0001055; GO:0001056; GO:0001057; GO:0001058; GO:0001066; GO:0003677	DNA-directed RNA polymerase subunit (EC 2.7.7.6)	1468	EPVG_00062	NA	NA	Inferred from homology	NA	NA	CATALYTIC ACTIVITY: Reaction=RNA(n) + a ribonucleoside 5'-triphosphate = RNA(n+1) + diphosphate; Xref=Rhea:RHEA:21248, Rhea:RHEA-COMP:14527, Rhea:RHEA-COMP:17342, ChEBI:CHEBI:33019, ChEBI:CHEBI:61557, ChEBI:CHEBI:140395; EC=2.7.7.6; Evidence={ECO:0000256|ARBA:ARBA00048552, ECO:0000256|RuleBase:RU004279};	NA	NA	NA	FUNCTION: DNA-dependent RNA polymerase catalyzes the transcription of DNA into RNA using the four ribonucleoside triphosphates as substrates. {ECO:0000256|RuleBase:RU004279}.	2.7.7.6	RHEA:21248	TRUE	UPI00022A4768	2025-06-18
EPVG_00063	G9E4R6	G9E4R6_9PHYC	NA	NA	NA	NA	NA	Uncharacterized protein	176	EPVG_00063	NA	NA	Predicted	NA	NA	NA	NA	NA	NA	NA	NA	NA	FALSE	UPI00022A4767	2025-06-18
EPVG_00064	G9E4R7	G9E4R7_9PHYC	NA	membrane [GO:0016020]	membrane [GO:0016020]	NA	GO:0016020	Uncharacterized protein	413	EPVG_00064	NA	TRANSMEM 29..50; /note=""Helical""; /evidence=""ECO:0000256|SAM:Phobius""; TRANSMEM 70..94; /note=""Helical""; /evidence=""ECO:0000256|SAM:Phobius""; TRANSMEM 106..128; /note=""Helical""; /evidence=""ECO:0000256|SAM:Phobius""	Predicted	NA	NA	NA	NA	NA	NA	NA	NA	NA	TRUE	UPI00022A4766	2025-06-18
EPVG_00065	G9E4R8	G9E4R8_9PHYC	NA	NA	NA	NA	NA	Uncharacterized protein	397	EPVG_00065	NA	NA	Predicted	NA	NA	NA	NA	NA	NA	NA	NA	NA	FALSE	UPI00022A4765	2025-06-18
EPVG_00066	G9E4R9	G9E4R9_9PHYC	NA	NA	NA	NA	NA	PD-(D/E)XK endonuclease-like domain-containing protein	447	EPVG_00066	NA	NA	Predicted	NA	NA	NA	NA	NA	NA	NA	NA	NA	FALSE	UPI00022A4764	2025-06-18
EPVG_00067	G9E4S0	G9E4S0_9PHYC	NA	membrane [GO:0016020]	membrane [GO:0016020]	NA	GO:0016020	Uncharacterized protein	279	EPVG_00067	NA	TRANSMEM 5..21; /note=""Helical""; /evidence=""ECO:0000256|SAM:Phobius""; TRANSMEM 27..48; /note=""Helical""; /evidence=""ECO:0000256|SAM:Phobius""	Predicted	NA	NA	NA	NA	NA	NA	NA	NA	NA	TRUE	UPI00022A4763	2025-06-18
EPVG_00068	G9E4S1	G9E4S1_9PHYC	NA	NA	NA	NA	NA	Uncharacterized protein	132	EPVG_00068	NA	NA	Predicted	NA	NA	NA	NA	NA	NA	NA	NA	NA	FALSE	UPI00022A4762	2025-06-18
EPVG_00069	G9E4S2	G9E4S2_9PHYC	NA	NA	NA	NA	NA	Uncharacterized protein	180	EPVG_00069	NA	NA	Predicted	NA	NA	NA	NA	NA	NA	NA	NA	NA	FALSE	UPI00022A4761	2025-06-18
EPVG_00070	G9E4S3	G9E4S3_9PHYC	NA	NA	NA	NA	NA	DNA-binding protein	293	EPVG_00070	NA	NA	Predicted	NA	NA	NA	NA	NA	NA	NA	NA	NA	FALSE	UPI00022A4760	2026-03-19
EPVG_00071	G9E4S4	G9E4S4_9PHYC	NA	NA	NA	NA	NA	Uncharacterized protein	159	EPVG_00071	NA	NA	Predicted	NA	NA	NA	NA	NA	NA	NA	NA	NA	FALSE	UPI00022A475F	2025-06-18
EPVG_00072	G9E4S5	G9E4S5_9PHYC	NA	NA	NA	NA	NA	Uncharacterized protein	154	EPVG_00072	NA	NA	Predicted	NA	NA	NA	NA	NA	NA	NA	NA	NA	FALSE	UPI00022A475E	2025-06-18
EPVG_00073	G9E4S6	G9E4S6_9PHYC	NA	membrane [GO:0016020]	membrane [GO:0016020]	NA	GO:0016020	Uncharacterized protein	120	EPVG_00073	NA	TRANSMEM 6..26; /note=""Helical""; /evidence=""ECO:0000256|SAM:Phobius""	Predicted	NA	NA	NA	NA	NA	NA	NA	NA	NA	TRUE	UPI00022A475D	2025-06-18
EPVG_00074	G9E4S7	G9E4S7_9PHYC	NA	membrane [GO:0016020]	membrane [GO:0016020]	NA	GO:0016020	Uncharacterized protein	318	EPVG_00074	NA	TRANSMEM 292..315; /note=""Helical""; /evidence=""ECO:0000256|SAM:Phobius""	Predicted	NA	NA	NA	NA	NA	NA	NA	NA	NA	TRUE	UPI00022A475C	2025-06-18
EPVG_00075	G9E4S8	G9E4S8_9PHYC	fatty acid elongation, monounsaturated fatty acid [GO:0034625]; fatty acid elongation, polyunsaturated fatty acid [GO:0034626]; fatty acid elongation, saturated fatty acid [GO:0019367]; sphingolipid biosynthetic process [GO:0030148]; very long-chain fatty acid biosynthetic process [GO:0042761]	membrane [GO:0016020]	membrane [GO:0016020]; fatty acid elongase activity [GO:0009922]; fatty acid elongation, monounsaturated fatty acid [GO:0034625]; fatty acid elongation, polyunsaturated fatty acid [GO:0034626]; fatty acid elongation, saturated fatty acid [GO:0019367]; sphingolipid biosynthetic process [GO:0030148]; very long-chain fatty acid biosynthetic process [GO:0042761]	fatty acid elongase activity [GO:0009922]	GO:0009922; GO:0016020; GO:0019367; GO:0030148; GO:0034625; GO:0034626; GO:0042761	Fatty acid elongase	322	EPVG_00075	SUBCELLULAR LOCATION: Membrane {ECO:0000256|ARBA:ARBA00004141}; Multi-pass membrane protein {ECO:0000256|ARBA:ARBA00004141}.	TRANSMEM 73..91; /note=""Helical""; /evidence=""ECO:0000256|SAM:Phobius""; TRANSMEM 112..132; /note=""Helical""; /evidence=""ECO:0000256|SAM:Phobius""; TRANSMEM 166..187; /note=""Helical""; /evidence=""ECO:0000256|SAM:Phobius""; TRANSMEM 194..211; /note=""Helical""; /evidence=""ECO:0000256|SAM:Phobius""; TRANSMEM 217..238; /note=""Helical""; /evidence=""ECO:0000256|SAM:Phobius""; TRANSMEM 259..280; /note=""Helical""; /evidence=""ECO:0000256|SAM:Phobius""; TRANSMEM 292..310; /note=""Helical""; /evidence=""ECO:0000256|SAM:Phobius""	Predicted	NA	NA	NA	NA	NA	NA	NA	NA	NA	TRUE	UPI00022A475B	2025-06-18
EPVG_00076	G9E4S9	G9E4S9_9PHYC	NA	membrane [GO:0016020]	membrane [GO:0016020]	NA	GO:0016020	Uncharacterized protein	288	EPVG_00076	NA	TRANSMEM 12..33; /note=""Helical""; /evidence=""ECO:0000256|SAM:Phobius""; TRANSMEM 68..90; /note=""Helical""; /evidence=""ECO:0000256|SAM:Phobius""; TRANSMEM 111..128; /note=""Helical""; /evidence=""ECO:0000256|SAM:Phobius""; TRANSMEM 134..157; /note=""Helical""; /evidence=""ECO:0000256|SAM:Phobius""; TRANSMEM 177..197; /note=""Helical""; /evidence=""ECO:0000256|SAM:Phobius""; TRANSMEM 209..232; /note=""Helical""; /evidence=""ECO:0000256|SAM:Phobius""; TRANSMEM 244..263; /note=""Helical""; /evidence=""ECO:0000256|SAM:Phobius""	Predicted	NA	NA	NA	NA	NA	NA	NA	NA	NA	TRUE	UPI0002392C7C	2025-06-18
EPVG_00077	G9E4T0	G9E4T0_9PHYC	phospholipid dephosphorylation [GO:0046839]; phospholipid metabolic process [GO:0006644]	membrane [GO:0016020]	membrane [GO:0016020]; phosphatidate phosphatase activity [GO:0008195]; phospholipid dephosphorylation [GO:0046839]; phospholipid metabolic process [GO:0006644]	phosphatidate phosphatase activity [GO:0008195]	GO:0006644; GO:0008195; GO:0016020; GO:0046839	Phosphatidic acid phosphatase type 2/haloperoxidase domain-containing protein	243	EPVG_00077	SUBCELLULAR LOCATION: Membrane {ECO:0000256|ARBA:ARBA00004141}; Multi-pass membrane protein {ECO:0000256|ARBA:ARBA00004141}.	TRANSMEM 12..33; /note=""Helical""; /evidence=""ECO:0000256|SAM:Phobius""; TRANSMEM 70..92; /note=""Helical""; /evidence=""ECO:0000256|SAM:Phobius""; TRANSMEM 104..125; /note=""Helical""; /evidence=""ECO:0000256|SAM:Phobius""; TRANSMEM 156..174; /note=""Helical""; /evidence=""ECO:0000256|SAM:Phobius""; TRANSMEM 195..213; /note=""Helical""; /evidence=""ECO:0000256|SAM:Phobius""; TRANSMEM 225..242; /note=""Helical""; /evidence=""ECO:0000256|SAM:Phobius""	Inferred from homology	NA	NA	NA	NA	NA	NA	NA	NA	NA	TRUE	UPI00022A4759	2025-06-18
EPVG_00078	G9E4T1	G9E4T1_9PHYC	NA	membrane [GO:0016020]	membrane [GO:0016020]	NA	GO:0016020	Uncharacterized protein	89	EPVG_00078	NA	TRANSMEM 32..50; /note=""Helical""; /evidence=""ECO:0000256|SAM:Phobius""; TRANSMEM 62..81; /note=""Helical""; /evidence=""ECO:0000256|SAM:Phobius""	Predicted	NA	NA	NA	NA	NA	NA	NA	NA	NA	TRUE	UPI00022A4758	2025-06-18
EPVG_00079	G9E4T2	G9E4T2_9PHYC	NA	membrane [GO:0016020]	membrane [GO:0016020]	NA	GO:0016020	Uncharacterized protein	96	EPVG_00079	NA	TRANSMEM 6..28; /note=""Helical""; /evidence=""ECO:0000256|SAM:Phobius""	Predicted	NA	NA	NA	NA	NA	NA	NA	NA	NA	TRUE	UPI00022A4757	2025-06-18
EPVG_00080	G9E4T3	G9E4T3_9PHYC	NA	membrane [GO:0016020]	membrane [GO:0016020]	NA	GO:0016020	Uncharacterized protein	175	EPVG_00080	NA	TRANSMEM 53..78; /note=""Helical""; /evidence=""ECO:0000256|SAM:Phobius""	Predicted	NA	NA	NA	NA	NA	NA	NA	NA	NA	TRUE	UPI00022A4756	2025-06-18
EPVG_00081	G9E4T4	G9E4T4_9PHYC	NA	NA	NA	NA	NA	Uncharacterized protein	274	EPVG_00081	NA	NA	Predicted	NA	NA	NA	NA	NA	NA	NA	NA	NA	FALSE	UPI00022A4755	2025-06-18
EPVG_00082	G9E4T5	G9E4T5_9PHYC	NA	membrane [GO:0016020]	membrane [GO:0016020]	NA	GO:0016020	Peptidase C19 ubiquitin carboxyl-terminal hydrolase domain-containing protein	394	EPVG_00082	NA	TRANSMEM 81..99; /note=""Helical""; /evidence=""ECO:0000256|SAM:Phobius""	Predicted	NA	NA	NA	NA	NA	NA	NA	NA	NA	TRUE	UPI00022A4754	2025-06-18
EPVG_00083	G9E4T6	G9E4T6_9PHYC	NA	viral capsid [GO:0019028]	viral capsid [GO:0019028]; structural molecule activity [GO:0005198]	structural molecule activity [GO:0005198]	GO:0005198; GO:0019028	Major capsid protein	496	EPVG_00083	SUBCELLULAR LOCATION: Virion {ECO:0000256|ARBA:ARBA00004328}.	NA	Evidence at protein level	NA	NA	NA	NA	NA	NA	NA	NA	NA	TRUE	UPI00006758F8	2026-06-10
EPVG_00084	G9E4T7	G9E4T7_9PHYC	NA	NA	NA	NA	NA	HNH nuclease domain-containing protein	601	EPVG_00084	NA	NA	Predicted	NA	NA	NA	NA	NA	NA	NA	NA	NA	FALSE	UPI00022A4709	2025-06-18
EPVG_00085	G9E4T8	G9E4T8_9PHYC	lipid biosynthetic process [GO:0008610]	membrane [GO:0016020]	membrane [GO:0016020]; iron ion binding [GO:0005506]; oxidoreductase activity [GO:0016491]; lipid biosynthetic process [GO:0008610]	iron ion binding [GO:0005506]; oxidoreductase activity [GO:0016491]	GO:0005506; GO:0008610; GO:0016020; GO:0016491	Fatty acid hydroxylase domain-containing protein	205	EPVG_00085	SUBCELLULAR LOCATION: Membrane {ECO:0000256|ARBA:ARBA00004370}.	TRANSMEM 6..23; /note=""Helical""; /evidence=""ECO:0000256|SAM:Phobius""; TRANSMEM 35..54; /note=""Helical""; /evidence=""ECO:0000256|SAM:Phobius""; TRANSMEM 66..86; /note=""Helical""; /evidence=""ECO:0000256|SAM:Phobius""; TRANSMEM 142..163; /note=""Helical""; /evidence=""ECO:0000256|SAM:Phobius""	Predicted	NA	NA	NA	NA	NA	NA	NA	NA	NA	TRUE	UPI00022A4708	2025-06-18
EPVG_00086	G9E4T9	G9E4T9_9PHYC	NA	membrane [GO:0016020]	membrane [GO:0016020]	NA	GO:0016020	Uncharacterized protein	192	EPVG_00086	NA	TRANSMEM 5..23; /note=""Helical""; /evidence=""ECO:0000256|SAM:Phobius""; TRANSMEM 29..50; /note=""Helical""; /evidence=""ECO:0000256|SAM:Phobius""	Predicted	NA	NA	NA	NA	NA	NA	NA	NA	NA	TRUE	UPI00022A4B5A	2025-06-18
EPVG_00087	G9E4U0	G9E4U0_9PHYC	NA	NA	NA	NA	NA	Uncharacterized protein	203	EPVG_00087	NA	NA	Predicted	NA	NA	NA	NA	NA	NA	NA	NA	NA	FALSE	UPI00022A4B59	2025-06-18
EPVG_00088	G9E4U1	G9E4U1_9PHYC	NA	membrane [GO:0016020]	membrane [GO:0016020]; zinc ion binding [GO:0008270]	zinc ion binding [GO:0008270]	GO:0008270; GO:0016020	RING-type domain-containing protein	116	EPVG_00088	NA	TRANSMEM 81..103; /note=""Helical""; /evidence=""ECO:0000256|SAM:Phobius""	Predicted	NA	NA	NA	NA	NA	NA	NA	NA	NA	TRUE	UPI00022A4B58	2025-06-18
EPVG_00089	G9E4U2	G9E4U2_9PHYC	NA	NA	NA	NA	NA	Uncharacterized protein	181	EPVG_00089	NA	NA	Predicted	NA	NA	NA	NA	NA	NA	NA	NA	NA	FALSE	UPI00022A4B57	2025-06-18
EPVG_00090	G9E3J6	G9E3J6_9PHYC	NA	NA	endonuclease activity [GO:0004519]; nucleic acid binding [GO:0003676]; zinc ion binding [GO:0008270]	endonuclease activity [GO:0004519]; nucleic acid binding [GO:0003676]; zinc ion binding [GO:0008270]	GO:0003676; GO:0004519; GO:0008270	HNH endonuclease	126	EPVG_00090	NA	NA	Predicted	NA	NA	NA	NA	NA	NA	NA	NA	NA	TRUE	UPI00022A4B56	2025-06-18
EPVG_00091	G9E3J7	G9E3J7_9PHYC	NA	membrane [GO:0016020]	membrane [GO:0016020]	NA	GO:0016020	Uncharacterized protein	120	EPVG_00091	NA	TRANSMEM 6..31; /note=""Helical""; /evidence=""ECO:0000256|SAM:Phobius""	Predicted	NA	NA	NA	NA	NA	NA	NA	NA	NA	TRUE	UPI00005857A4	2026-06-10
EPVG_00092	G9E3J8	G9E3J8_9PHYC	NA	membrane [GO:0016020]	membrane [GO:0016020]	NA	GO:0016020	TLC domain-containing protein	530	EPVG_00092	NA	TRANSMEM 53..70; /note=""Helical""; /evidence=""ECO:0000256|SAM:Phobius""; TRANSMEM 82..101; /note=""Helical""; /evidence=""ECO:0000256|SAM:Phobius""; TRANSMEM 121..142; /note=""Helical""; /evidence=""ECO:0000256|SAM:Phobius""; TRANSMEM 154..176; /note=""Helical""; /evidence=""ECO:0000256|SAM:Phobius""; TRANSMEM 204..228; /note=""Helical""; /evidence=""ECO:0000256|SAM:Phobius""; TRANSMEM 259..278; /note=""Helical""; /evidence=""ECO:0000256|SAM:Phobius""; TRANSMEM 310..331; /note=""Helical""; /evidence=""ECO:0000256|SAM:Phobius""; TRANSMEM 351..372; /note=""Helical""; /evidence=""ECO:0000256|SAM:Phobius""; TRANSMEM 410..429; /note=""Helical""; /evidence=""ECO:0000256|SAM:Phobius""; TRANSMEM 435..456; /note=""Helical""; /evidence=""ECO:0000256|SAM:Phobius""; TRANSMEM 493..509; /note=""Helical""; /evidence=""ECO:0000256|SAM:Phobius""	Predicted	NA	NA	NA	NA	NA	NA	NA	NA	NA	TRUE	UPI00022A4B55	2025-06-18
EPVG_00093	G9E3J9	G9E3J9_9PHYC	NA	NA	NA	NA	NA	MSP domain-containing protein	109	EPVG_00093	NA	NA	Predicted	NA	NA	NA	NA	NA	NA	NA	NA	NA	FALSE	UPI00022A4A72	2025-06-18
EPVG_00094	G9E3K0	G9E3K0_9PHYC	NA	membrane [GO:0016020]	membrane [GO:0016020]	NA	GO:0016020	Uncharacterized protein	157	EPVG_00094	NA	TRANSMEM 105..126; /note=""Helical""; /evidence=""ECO:0000256|SAM:Phobius""	Predicted	NA	NA	NA	NA	NA	NA	NA	NA	NA	TRUE	UPI00005857A7	2026-06-10
EPVG_00095	G9E3K1	G9E3K1_9PHYC	NA	NA	NA	NA	NA	Nascent polypeptide-associated complex subunit alpha-like UBA domain-containing protein	115	EPVG_00095	NA	NA	Predicted	NA	NA	NA	NA	NA	NA	NA	NA	NA	FALSE	UPI0001C13646	2025-06-18
EPVG_00096	G9E3K2	G9E3K2_9PHYC	NA	membrane [GO:0016020]	membrane [GO:0016020]	NA	GO:0016020	Band 7 domain-containing protein	442	EPVG_00096	NA	TRANSMEM 41..58; /note=""Helical""; /evidence=""ECO:0000256|SAM:Phobius""; TRANSMEM 89..108; /note=""Helical""; /evidence=""ECO:0000256|SAM:Phobius""	Predicted	NA	NA	NA	NA	NA	NA	NA	NA	NA	TRUE	UPI00022A4A71	2025-06-18
EPVG_00097	G9E3K3	G9E3K3_9PHYC	NA	NA	NA	NA	NA	Uncharacterized protein	71	EPVG_00097	NA	NA	Predicted	NA	NA	NA	NA	NA	NA	NA	NA	NA	FALSE	UPI00022A4A70	2025-06-18
EPVG_00098	G9E3K4	G9E3K4_9PHYC	NA	membrane [GO:0016020]	membrane [GO:0016020]	NA	GO:0016020	Uncharacterized protein	353	EPVG_00098	NA	TRANSMEM 214..232; /note=""Helical""; /evidence=""ECO:0000256|SAM:Phobius""	Predicted	NA	NA	NA	NA	NA	NA	NA	NA	NA	TRUE	UPI00022A4A6F	2025-06-18
EPVG_00099	G9E3K5	G9E3K5_9PHYC	NA	membrane [GO:0016020]	membrane [GO:0016020]	NA	GO:0016020	AB hydrolase-1 domain-containing protein	268	EPVG_00099	NA	NA	Predicted	NA	NA	NA	NA	NA	NA	NA	NA	NA	TRUE	UPI00022A4A6E	2025-06-18
EPVG_00100	G9E3K6	G9E3K6_9PHYC	NA	membrane [GO:0016020]	membrane [GO:0016020]	NA	GO:0016020	Uncharacterized protein	195	EPVG_00100	NA	TRANSMEM 7..25; /note=""Helical""; /evidence=""ECO:0000256|SAM:Phobius""	Predicted	NA	NA	NA	NA	NA	NA	NA	NA	NA	TRUE	UPI00022A4A6D	2025-06-18
EPVG_00101	G9E3K7	G9E3K7_9PHYC	NA	membrane [GO:0016020]	membrane [GO:0016020]	NA	GO:0016020	V-SNARE coiled-coil homology domain-containing protein	117	EPVG_00101	NA	TRANSMEM 79..101; /note=""Helical""; /evidence=""ECO:0000256|SAM:Phobius""	Predicted	NA	NA	NA	NA	NA	NA	NA	NA	NA	TRUE	UPI00022A4A6C	2025-06-18
EPVG_00102	G9E3K8	G9E3K8_9PHYC	transcription initiation at RNA polymerase II promoter [GO:0006367]	transcription preinitiation complex [GO:0097550]	transcription preinitiation complex [GO:0097550]; ATP binding [GO:0005524]; DNA binding [GO:0003677]; double-stranded DNA helicase activity [GO:0036121]; forked DNA-dependent helicase activity [GO:0061749]; four-way junction helicase activity [GO:0009378]; hydrolase activity [GO:0016787]; isomerase activity [GO:0016853]; single-stranded 3'-5' DNA helicase activity [GO:1990518]; transcription initiation at RNA polymerase II promoter [GO:0006367]	ATP binding [GO:0005524]; DNA binding [GO:0003677]; double-stranded DNA helicase activity [GO:0036121]; forked DNA-dependent helicase activity [GO:0061749]; four-way junction helicase activity [GO:0009378]; hydrolase activity [GO:0016787]; isomerase activity [GO:0016853]; single-stranded 3'-5' DNA helicase activity [GO:1990518]	GO:0003677; GO:0005524; GO:0006367; GO:0009378; GO:0016787; GO:0016853; GO:0036121; GO:0061749; GO:0097550; GO:1990518	DNA 3'-5' helicase (EC 5.6.2.4)	527	EPVG_00102	NA	NA	Predicted	NA	NA	CATALYTIC ACTIVITY: Reaction=ATP + H2O = ADP + phosphate + H(+); Xref=Rhea:RHEA:13065, ChEBI:CHEBI:15377, ChEBI:CHEBI:15378, ChEBI:CHEBI:30616, ChEBI:CHEBI:43474, ChEBI:CHEBI:456216; EC=5.6.2.4; Evidence={ECO:0000256|ARBA:ARBA00048988}; CATALYTIC ACTIVITY: Reaction=Couples ATP hydrolysis with the unwinding of duplex DNA by translocating in the 3'-5' direction.; EC=5.6.2.4; Evidence={ECO:0000256|ARBA:ARBA00034617};	NA	NA	NA	NA	5.6.2.4	RHEA:13065	TRUE	UPI00022A4A6B	2025-06-18
EPVG_00103	G9E3K9	G9E3K9_9PHYC	DNA-templated transcription [GO:0006351]	NA	DNA-directed 5'-3' RNA polymerase activity [GO:0003899]; nucleic acid binding [GO:0003676]; zinc ion binding [GO:0008270]; DNA-templated transcription [GO:0006351]	DNA-directed 5'-3' RNA polymerase activity [GO:0003899]; nucleic acid binding [GO:0003676]; zinc ion binding [GO:0008270]	GO:0003676; GO:0003899; GO:0006351; GO:0008270	Transcription factor S-II family protein	168	EPVG_00103	NA	NA	Predicted	NA	NA	NA	NA	NA	NA	NA	NA	NA	TRUE	UPI00022A4A6A	2025-06-18
EPVG_00104	G9E3L0	G9E3L0_9PHYC	NA	NA	NA	NA	NA	Uncharacterized protein	467	EPVG_00104	NA	NA	Predicted	NA	NA	NA	NA	NA	NA	NA	NA	NA	FALSE	UPI00022A4A69	2025-06-18
EPVG_00105	G9E3L1	G9E3L1_9PHYC	recombinational repair [GO:0000725]	NA	ATP binding [GO:0005524]; DNA binding [GO:0003677]; double-stranded DNA helicase activity [GO:0036121]; forked DNA-dependent helicase activity [GO:0061749]; four-way junction helicase activity [GO:0009378]; hydrolase activity [GO:0016787]; single-stranded 3'-5' DNA helicase activity [GO:1990518]; recombinational repair [GO:0000725]	ATP binding [GO:0005524]; DNA binding [GO:0003677]; double-stranded DNA helicase activity [GO:0036121]; forked DNA-dependent helicase activity [GO:0061749]; four-way junction helicase activity [GO:0009378]; hydrolase activity [GO:0016787]; single-stranded 3'-5' DNA helicase activity [GO:1990518]	GO:0000725; GO:0003677; GO:0005524; GO:0009378; GO:0016787; GO:0036121; GO:0061749; GO:1990518	Uncharacterized protein	669	EPVG_00105	NA	NA	Predicted	NA	NA	NA	NA	NA	NA	NA	NA	NA	TRUE	UPI00022A4A68	2025-06-18
EPVG_00106	G9E3L2	G9E3L2_9PHYC	transcription elongation by RNA polymerase I [GO:0006362]; tRNA transcription by RNA polymerase III [GO:0042797]	NA	DNA binding [GO:0003677]; RNA polymerase I activity [GO:0001054]; RNA polymerase II activity [GO:0001055]; RNA polymerase III activity [GO:0001056]; transcription elongation by RNA polymerase I [GO:0006362]; tRNA transcription by RNA polymerase III [GO:0042797]	DNA binding [GO:0003677]; RNA polymerase I activity [GO:0001054]; RNA polymerase II activity [GO:0001055]; RNA polymerase III activity [GO:0001056]	GO:0001054; GO:0001055; GO:0001056; GO:0003677; GO:0006362; GO:0042797	RNA polymerase subunit H/Rpb5 C-terminal domain-containing protein	214	EPVG_00106	NA	NA	Predicted	NA	NA	NA	NA	NA	NA	NA	NA	NA	TRUE	UPI00022A4A67	2025-06-18
EPVG_00107	G9E3L3	G9E3L3_9PHYC	protein deubiquitination [GO:0016579]	membrane [GO:0016020]	membrane [GO:0016020]; cysteine-type deubiquitinase activity [GO:0004843]; protein deubiquitination [GO:0016579]	cysteine-type deubiquitinase activity [GO:0004843]	GO:0004843; GO:0016020; GO:0016579	OTU domain-containing protein	175	EPVG_00107	NA	TRANSMEM 10..28; /note=""Helical""; /evidence=""ECO:0000256|SAM:Phobius""	Predicted	NA	NA	NA	NA	NA	NA	NA	NA	NA	TRUE	UPI00022A4A66	2025-06-18
EPVG_00108	G9E3L4	G9E3L4_9PHYC	protein ubiquitination [GO:0016567]	membrane [GO:0016020]	membrane [GO:0016020]; ubiquitin protein ligase activity [GO:0061630]; zinc ion binding [GO:0008270]; protein ubiquitination [GO:0016567]	ubiquitin protein ligase activity [GO:0061630]; zinc ion binding [GO:0008270]	GO:0008270; GO:0016020; GO:0016567; GO:0061630	RING-type domain-containing protein	278	EPVG_00108	NA	TRANSMEM 168..189; /note=""Helical""; /evidence=""ECO:0000256|SAM:Phobius""	Predicted	NA	NA	NA	NA	NA	NA	NA	NA	NA	TRUE	UPI00022A4A65	2025-06-18
EPVG_00109	G9E3L5	G9E3L5_9PHYC	NA	NA	NA	NA	NA	Uncharacterized protein	260	EPVG_00109	NA	NA	Predicted	NA	NA	NA	NA	NA	NA	NA	NA	NA	FALSE	UPI00022A4EFC	2025-06-18
EPVG_00110	G9E3L6	G9E3L6_9PHYC	NA	NA	NA	NA	NA	Uncharacterized protein	246	EPVG_00110	NA	NA	Predicted	NA	NA	NA	NA	NA	NA	NA	NA	NA	FALSE	UPI00022A4A63	2025-06-18
EPVG_00111	G9E3L7	G9E3L7_9PHYC	dTMP biosynthetic process [GO:0006231]; methylation [GO:0032259]; one-carbon metabolic process [GO:0006730]; tetrahydrofolate biosynthetic process [GO:0046654]	NA	dihydrofolate reductase activity [GO:0004146]; thymidylate synthase activity [GO:0004799]; dTMP biosynthetic process [GO:0006231]; methylation [GO:0032259]; one-carbon metabolic process [GO:0006730]; tetrahydrofolate biosynthetic process [GO:0046654]	dihydrofolate reductase activity [GO:0004146]; thymidylate synthase activity [GO:0004799]	GO:0004146; GO:0004799; GO:0006231; GO:0006730; GO:0032259; GO:0046654	Thymidylate synthase	480	EPVG_00111	NA	NA	Inferred from homology	ACT_SITE 362; /evidence=""ECO:0000256|PROSITE-ProRule:PRU10016""	NA	CATALYTIC ACTIVITY: Reaction=(6S)-5,6,7,8-tetrahydrofolate + NADP(+) = 7,8-dihydrofolate + NADPH + H(+); Xref=Rhea:RHEA:15009, ChEBI:CHEBI:15378, ChEBI:CHEBI:57451, ChEBI:CHEBI:57453, ChEBI:CHEBI:57783, ChEBI:CHEBI:58349; EC=1.5.1.3; Evidence={ECO:0000256|ARBA:ARBA00048873}; CATALYTIC ACTIVITY: Reaction=dUMP + (6R)-5,10-methylene-5,6,7,8-tetrahydrofolate = 7,8-dihydrofolate + dTMP; Xref=Rhea:RHEA:12104, ChEBI:CHEBI:15636, ChEBI:CHEBI:57451, ChEBI:CHEBI:63528, ChEBI:CHEBI:246422; EC=2.1.1.45; Evidence={ECO:0000256|ARBA:ARBA00047344};	NA	NA	PATHWAY: Cofactor biosynthesis; tetrahydrofolate biosynthesis; 5,6,7,8-tetrahydrofolate from 7,8-dihydrofolate: step 1/1. {ECO:0000256|ARBA:ARBA00004903}.	NA	NA	RHEA:15009 RHEA:12104	TRUE	UPI0002392C93	2025-06-18
EPVG_00112	G9E3L8	G9E3L8_9PHYC	NA	membrane [GO:0016020]	membrane [GO:0016020]	NA	GO:0016020	Uncharacterized protein	112	EPVG_00112	NA	TRANSMEM 6..29; /note=""Helical""; /evidence=""ECO:0000256|SAM:Phobius""	Predicted	NA	NA	NA	NA	NA	NA	NA	NA	NA	TRUE	UPI00022A4A61	2025-06-18
EPVG_00113	G9E3L9	G9E3L9_9PHYC	NA	NA	NA	NA	NA	HNH nuclease domain-containing protein	139	EPVG_00113	NA	NA	Predicted	NA	NA	NA	NA	NA	NA	NA	NA	NA	FALSE	UPI00022A4A60	2025-06-18
EPVG_00114	G9E3M0	G9E3M0_9PHYC	lipid biosynthetic process [GO:0008610]	membrane [GO:0016020]	membrane [GO:0016020]; iron ion binding [GO:0005506]; oxidoreductase activity [GO:0016491]; lipid biosynthetic process [GO:0008610]	iron ion binding [GO:0005506]; oxidoreductase activity [GO:0016491]	GO:0005506; GO:0008610; GO:0016020; GO:0016491	Fatty acid hydroxylase domain-containing protein	327	EPVG_00114	SUBCELLULAR LOCATION: Membrane {ECO:0000256|ARBA:ARBA00004370}.	TRANSMEM 38..56; /note=""Helical""; /evidence=""ECO:0000256|SAM:Phobius""; TRANSMEM 128..149; /note=""Helical""; /evidence=""ECO:0000256|SAM:Phobius""; TRANSMEM 161..181; /note=""Helical""; /evidence=""ECO:0000256|SAM:Phobius""; TRANSMEM 244..262; /note=""Helical""; /evidence=""ECO:0000256|SAM:Phobius""	Predicted	NA	NA	NA	NA	NA	NA	NA	NA	NA	TRUE	UPI00022A4A5F	2025-06-18
EPVG_00115	G9E3M1	G9E3M1_9PHYC	phosphate ion transmembrane transport [GO:0035435]	membrane [GO:0016020]	membrane [GO:0016020]; phosphate transmembrane transporter activity [GO:0005315]; phosphate ion transmembrane transport [GO:0035435]	phosphate transmembrane transporter activity [GO:0005315]	GO:0005315; GO:0016020; GO:0035435	Phosphate permease	534	EPVG_00115	SUBCELLULAR LOCATION: Membrane {ECO:0000256|ARBA:ARBA00004141}; Multi-pass membrane protein {ECO:0000256|ARBA:ARBA00004141}.	TRANSMEM 7..25; /note=""Helical""; /evidence=""ECO:0000256|SAM:Phobius""; TRANSMEM 45..68; /note=""Helical""; /evidence=""ECO:0000256|SAM:Phobius""; TRANSMEM 89..108; /note=""Helical""; /evidence=""ECO:0000256|SAM:Phobius""; TRANSMEM 157..180; /note=""Helical""; /evidence=""ECO:0000256|SAM:Phobius""; TRANSMEM 200..220; /note=""Helical""; /evidence=""ECO:0000256|SAM:Phobius""; TRANSMEM 404..421; /note=""Helical""; /evidence=""ECO:0000256|SAM:Phobius""; TRANSMEM 442..460; /note=""Helical""; /evidence=""ECO:0000256|SAM:Phobius""; TRANSMEM 494..516; /note=""Helical""; /evidence=""ECO:0000256|SAM:Phobius""	Predicted	NA	NA	NA	NA	NA	NA	NA	NA	NA	TRUE	UPI00022A4A5E	2025-06-18
EPVG_00116	G9E3M2	G9E3M2_9PHYC	NA	membrane [GO:0016020]	membrane [GO:0016020]	NA	GO:0016020	Uncharacterized protein	407	EPVG_00116	NA	TRANSMEM 12..32; /note=""Helical""; /evidence=""ECO:0000256|SAM:Phobius""	Predicted	NA	NA	NA	NA	NA	NA	NA	NA	NA	TRUE	UPI00022A4A5D	2025-06-18
EPVG_00117	G9E3M3	G9E3M3_9PHYC	NA	membrane [GO:0016020]	membrane [GO:0016020]	NA	GO:0016020	Uncharacterized protein	129	EPVG_00117	NA	TRANSMEM 63..81; /note=""Helical""; /evidence=""ECO:0000256|SAM:Phobius""	Predicted	NA	NA	NA	NA	NA	NA	NA	NA	NA	TRUE	UPI0001C13680	2026-03-19
EPVG_00118	G9E3M4	G9E3M4_9PHYC	NA	NA	NA	NA	NA	Uncharacterized protein	185	EPVG_00118	NA	NA	Predicted	NA	NA	NA	NA	NA	NA	NA	NA	NA	FALSE	UPI00022A5007	2025-06-18
EPVG_00119	G9E3M5	G9E3M5_9PHYC	NA	NA	NA	NA	NA	DUF659 domain-containing protein	268	EPVG_00119	NA	NA	Predicted	NA	NA	NA	NA	NA	NA	NA	NA	NA	FALSE	UPI00022A4A5B	2025-06-18
EPVG_00120	G9E3M6	G9E3M6_9PHYC	NA	NA	ATP binding [GO:0005524]; ATP hydrolysis activity [GO:0016887]	ATP binding [GO:0005524]; ATP hydrolysis activity [GO:0016887]	GO:0005524; GO:0016887	AAA+ ATPase domain-containing protein	351	EPVG_00120	NA	NA	Predicted	NA	NA	NA	NA	NA	NA	NA	NA	NA	TRUE	UPI00022A4A5A	2025-06-18
EPVG_00121	G9E3M7	G9E3M7_9PHYC	NA	NA	NA	NA	NA	Uncharacterized protein	80	EPVG_00121	NA	NA	Predicted	NA	NA	NA	NA	NA	NA	NA	NA	NA	FALSE	UPI00022A4A59	2025-06-18
EPVG_00122	G9E3M8	G9E3M8_9PHYC	NA	NA	NA	NA	NA	Uncharacterized protein	367	EPVG_00122	NA	NA	Predicted	NA	NA	NA	NA	NA	NA	NA	NA	NA	FALSE	UPI00022A4A58	2025-06-18
EPVG_00123	G9E3M9	G9E3M9_9PHYC	NA	membrane [GO:0016020]	membrane [GO:0016020]; flavin adenine dinucleotide binding [GO:0050660]; flavin-dependent sulfhydryl oxidase activity [GO:0016971]	flavin adenine dinucleotide binding [GO:0050660]; flavin-dependent sulfhydryl oxidase activity [GO:0016971]	GO:0016020; GO:0016971; GO:0050660	Sulfhydryl oxidase (EC 1.8.3.2)	170	EPVG_00123	NA	TRANSMEM 144..164; /note=""Helical""; /evidence=""ECO:0000256|RuleBase:RU371123""	Predicted	NA	NA	CATALYTIC ACTIVITY: Reaction=2 R'C(R)SH + O2 = R'C(R)S-S(R)CR' + H2O2; Xref=Rhea:RHEA:17357, ChEBI:CHEBI:15379, ChEBI:CHEBI:16240, ChEBI:CHEBI:16520, ChEBI:CHEBI:17412; EC=1.8.3.2; Evidence={ECO:0000256|ARBA:ARBA00048864, ECO:0000256|RuleBase:RU371123};	COFACTOR: Name=FAD; Xref=ChEBI:CHEBI:57692; Evidence={ECO:0000256|ARBA:ARBA00001974, ECO:0000256|RuleBase:RU371123};	NA	NA	NA	1.8.3.2	RHEA:17357	TRUE	UPI00022A4A57	2025-06-18
EPVG_00124	G9E3N0	G9E3N0_9PHYC	NA	NA	NA	NA	NA	Uncharacterized protein	100	EPVG_00124	NA	NA	Predicted	NA	NA	NA	NA	NA	NA	NA	NA	NA	FALSE	UPI00022A4A56	2025-06-18
EPVG_00125	G9E3N1	G9E3N1_9PHYC	NA	NA	NA	NA	NA	Uncharacterized protein	141	EPVG_00125	NA	NA	Predicted	NA	NA	NA	NA	NA	NA	NA	NA	NA	FALSE	UPI00022A4A55	2025-06-18
EPVG_00126	G9E3N2	G9E3N2_9PHYC	NA	membrane [GO:0016020]	membrane [GO:0016020]	NA	GO:0016020	Apple domain-containing protein	528	EPVG_00126	NA	TRANSMEM 12..30; /note=""Helical""; /evidence=""ECO:0000256|SAM:Phobius""	Predicted	NA	NA	NA	NA	NA	NA	NA	NA	NA	TRUE	UPI00022A4A54	2025-06-18
EPVG_00127	G9E3N3	G9E3N3_9PHYC	NA	NA	NA	NA	NA	C962R-like N-terminal AEP domain-containing protein	376	EPVG_00127	NA	NA	Predicted	NA	NA	NA	NA	NA	NA	NA	NA	NA	FALSE	UPI00022A4A53	2025-06-18
EPVG_00128	G9E3N4	G9E3N4_9PHYC	protein quality control for misfolded or incompletely synthesized proteins [GO:0006515]	endopeptidase Clp complex [GO:0009368]	endopeptidase Clp complex [GO:0009368]; ATP-dependent peptidase activity [GO:0004176]; ATPase binding [GO:0051117]; serine-type endopeptidase activity [GO:0004252]; protein quality control for misfolded or incompletely synthesized proteins [GO:0006515]	ATP-dependent peptidase activity [GO:0004176]; ATPase binding [GO:0051117]; serine-type endopeptidase activity [GO:0004252]	GO:0004176; GO:0004252; GO:0006515; GO:0009368; GO:0051117	ATP-dependent protease proteolytic subunit	238	EPVG_00128	NA	NA	Inferred from homology	NA	NA	NA	NA	NA	NA	NA	NA	NA	TRUE	UPI00022A4A52	2025-06-18
EPVG_00129	G9E3N5	G9E3N5_9PHYC	NA	NA	NA	NA	NA	Uncharacterized protein	94	EPVG_00129	NA	NA	Predicted	NA	NA	NA	NA	NA	NA	NA	NA	NA	FALSE	UPI00022A4A51	2025-06-18
EPVG_00130	G9E3N6	G9E3N6_9PHYC	NA	membrane [GO:0016020]	membrane [GO:0016020]	NA	GO:0016020	Uncharacterized protein	105	EPVG_00130	NA	TRANSMEM 20..39; /note=""Helical""; /evidence=""ECO:0000256|SAM:Phobius""; TRANSMEM 46..65; /note=""Helical""; /evidence=""ECO:0000256|SAM:Phobius""	Predicted	NA	NA	NA	NA	NA	NA	NA	NA	NA	TRUE	UPI00022A4A50	2025-06-18
EPVG_00131	G9E3N7	G9E3N7_9PHYC	NA	NA	NA	NA	NA	Nucleic acid-binding protein	211	EPVG_00131	NA	NA	Predicted	NA	NA	NA	NA	NA	NA	NA	NA	NA	FALSE	UPI00022A5009	2025-06-18
EPVG_00132	G9E3N8	G9E3N8_9PHYC	NA	membrane [GO:0016020]	membrane [GO:0016020]	NA	GO:0016020	ABC transmembrane type-1 domain-containing protein	239	EPVG_00132	NA	TRANSMEM 7..31; /note=""Helical""; /evidence=""ECO:0000256|SAM:Phobius""; TRANSMEM 43..66; /note=""Helical""; /evidence=""ECO:0000256|SAM:Phobius""; TRANSMEM 78..101; /note=""Helical""; /evidence=""ECO:0000256|SAM:Phobius""; TRANSMEM 121..154; /note=""Helical""; /evidence=""ECO:0000256|SAM:Phobius""; TRANSMEM 161..182; /note=""Helical""; /evidence=""ECO:0000256|SAM:Phobius""; TRANSMEM 202..230; /note=""Helical""; /evidence=""ECO:0000256|SAM:Phobius""	Predicted	NA	NA	NA	NA	NA	NA	NA	NA	NA	TRUE	UPI0002392C94	2025-06-18
EPVG_00133	G9E3N9	G9E3N9_9PHYC	NA	NA	NA	NA	NA	Uncharacterized protein	366	EPVG_00133	NA	NA	Predicted	NA	NA	NA	NA	NA	NA	NA	NA	NA	FALSE	UPI0002392C95	2025-06-18
EPVG_00134	G9E3P0	G9E3P0_9PHYC	NA	NA	NA	NA	NA	Uncharacterized protein	117	EPVG_00134	NA	NA	Predicted	NA	NA	NA	NA	NA	NA	NA	NA	NA	FALSE	UPI00022A4DE8	2025-06-18
EPVG_00135	G9E3P1	G9E3P1_9PHYC	NA	membrane [GO:0016020]	membrane [GO:0016020]	NA	GO:0016020	Uncharacterized protein	146	EPVG_00135	NA	TRANSMEM 21..41; /note=""Helical""; /evidence=""ECO:0000256|SAM:Phobius""	Predicted	NA	NA	NA	NA	NA	NA	NA	NA	NA	TRUE	UPI00022A4DE7	2025-06-18
EPVG_00136	G9E3P2	G9E3P2_9PHYC	NA	NA	NA	NA	NA	Uncharacterized protein	194	EPVG_00136	NA	NA	Predicted	NA	NA	NA	NA	NA	NA	NA	NA	NA	FALSE	UPI00022A4DE6	2025-06-18
EPVG_00137	G9E3P3	G9E3P3_9PHYC	NA	membrane [GO:0016020]	membrane [GO:0016020]	NA	GO:0016020	Uncharacterized protein	138	EPVG_00137	NA	TRANSMEM 20..40; /note=""Helical""; /evidence=""ECO:0000256|SAM:Phobius""	Predicted	NA	NA	NA	NA	NA	NA	NA	NA	NA	TRUE	UPI00022A4DE5	2025-06-18
EPVG_00138	G9E3P4	G9E3P4_9PHYC	NA	NA	NA	NA	NA	S1 motif domain-containing protein	61	EPVG_00138	NA	NA	Predicted	NA	NA	NA	NA	NA	NA	NA	NA	NA	FALSE	UPI0000585887	2026-06-10
EPVG_00139	G9E3P5	G9E3P5_9PHYC	NA	membrane [GO:0016020]	membrane [GO:0016020]	NA	GO:0016020	Uncharacterized protein	165	EPVG_00139	NA	TRANSMEM 38..63; /note=""Helical""; /evidence=""ECO:0000256|SAM:Phobius""; TRANSMEM 75..100; /note=""Helical""; /evidence=""ECO:0000256|SAM:Phobius""; TRANSMEM 125..149; /note=""Helical""; /evidence=""ECO:0000256|SAM:Phobius""	Predicted	NA	NA	NA	NA	NA	NA	NA	NA	NA	TRUE	UPI0000585886	2026-06-10
EPVG_00140	G9E3P6	G9E3P6_9PHYC	NA	NA	NA	NA	NA	Uncharacterized protein	61	EPVG_00140	NA	NA	Predicted	NA	NA	NA	NA	NA	NA	NA	NA	NA	FALSE	UPI00022A4DD6	2025-06-18
EPVG_00141	G9E3P7	G9E3P7_9PHYC	NA	membrane [GO:0016020]	membrane [GO:0016020]	NA	GO:0016020	Uncharacterized protein	118	EPVG_00141	NA	TRANSMEM 83..104; /note=""Helical""; /evidence=""ECO:0000256|SAM:Phobius""	Predicted	NA	NA	NA	NA	NA	NA	NA	NA	NA	TRUE	UPI0000585885	2026-06-10
EPVG_00142	G9E3P8	G9E3P8_9PHYC	NA	NA	NA	NA	NA	HMG box domain-containing protein	168	EPVG_00142	NA	NA	Predicted	NA	NA	NA	NA	NA	NA	NA	NA	NA	FALSE	UPI00022A4CD0	2025-06-18
EPVG_00143	G9E3P9	G9E3P9_9PHYC	NA	NA	NA	NA	NA	Uncharacterized protein	152	EPVG_00143	NA	NA	Predicted	NA	NA	NA	NA	NA	NA	NA	NA	NA	FALSE	UPI00022A4CCF	2025-06-18
EPVG_00144	G9E3Q0	G9E3Q0_9PHYC	NA	membrane [GO:0016020]	membrane [GO:0016020]	NA	GO:0016020	Uncharacterized protein	110	EPVG_00144	NA	TRANSMEM 6..25; /note=""Helical""; /evidence=""ECO:0000256|SAM:Phobius""	Predicted	NA	NA	NA	NA	NA	NA	NA	NA	NA	TRUE	UPI00022A4CCE	2025-06-18
EPVG_00145	G9E3Q1	G9E3Q1_9PHYC	NA	NA	NA	NA	NA	Uncharacterized protein	134	EPVG_00145	NA	NA	Predicted	NA	NA	NA	NA	NA	NA	NA	NA	NA	FALSE	UPI00022A4CCD	2025-06-18
EPVG_00146	G9E3Q2	G9E3Q2_9PHYC	NA	NA	NA	NA	NA	RING-type domain-containing protein	442	EPVG_00146	NA	NA	Predicted	NA	NA	NA	NA	NA	NA	NA	NA	NA	FALSE	UPI00022A4CCC	2025-06-18
EPVG_00147	G9E3Q3	G9E3Q3_9PHYC	NA	NA	NA	NA	NA	Uncharacterized protein	111	EPVG_00147	NA	NA	Predicted	NA	NA	NA	NA	NA	NA	NA	NA	NA	FALSE	UPI00022A4CCB	2025-06-18
EPVG_00148	G9E3Q4	G9E3Q4_9PHYC	NA	NA	NA	NA	NA	USP domain-containing protein	327	EPVG_00148	NA	NA	Predicted	NA	NA	NA	NA	NA	NA	NA	NA	NA	FALSE	UPI00022A4CCA	2025-06-18
EPVG_00149	G9E3Q5	G9E3Q5_9PHYC	NA	membrane [GO:0016020]	membrane [GO:0016020]	NA	GO:0016020	Uncharacterized protein	142	EPVG_00149	NA	TRANSMEM 6..25; /note=""Helical""; /evidence=""ECO:0000256|SAM:Phobius""	Predicted	NA	NA	NA	NA	NA	NA	NA	NA	NA	TRUE	UPI00022A4CC9	2025-06-18
EPVG_00150	G9E3Q6	G9E3Q6_9PHYC	NA	membrane [GO:0016020]	membrane [GO:0016020]	NA	GO:0016020	Secreted protein	211	EPVG_00150	NA	TRANSMEM 6..28; /note=""Helical""; /evidence=""ECO:0000256|SAM:Phobius""	Predicted	NA	NA	NA	NA	NA	NA	NA	NA	NA	TRUE	UPI00022A4CC8	2025-06-18
EPVG_00151	G9E3Q7	G9E3Q7_9PHYC	NA	NA	NA	NA	NA	Uncharacterized protein	114	EPVG_00151	NA	NA	Predicted	NA	NA	NA	NA	NA	NA	NA	NA	NA	FALSE	UPI00022A4CC7	2025-06-18
EPVG_00152	G9E3Q8	G9E3Q8_9PHYC	NA	NA	NA	NA	NA	Uncharacterized protein	149	EPVG_00152	NA	NA	Predicted	NA	NA	NA	NA	NA	NA	NA	NA	NA	FALSE	UPI00022A4CC6	2025-06-18
EPVG_00153	G9E3Q9	G9E3Q9_9PHYC	NA	membrane [GO:0016020]	membrane [GO:0016020]	NA	GO:0016020	Uncharacterized protein	267	EPVG_00153	NA	TRANSMEM 20..37; /note=""Helical""; /evidence=""ECO:0000256|SAM:Phobius""; TRANSMEM 49..70; /note=""Helical""; /evidence=""ECO:0000256|SAM:Phobius""; TRANSMEM 82..101; /note=""Helical""; /evidence=""ECO:0000256|SAM:Phobius""; TRANSMEM 108..127; /note=""Helical""; /evidence=""ECO:0000256|SAM:Phobius""; TRANSMEM 139..158; /note=""Helical""; /evidence=""ECO:0000256|SAM:Phobius""; TRANSMEM 163..183; /note=""Helical""; /evidence=""ECO:0000256|SAM:Phobius""; TRANSMEM 203..223; /note=""Helical""; /evidence=""ECO:0000256|SAM:Phobius""	Predicted	NA	NA	NA	NA	NA	NA	NA	NA	NA	TRUE	UPI00022A4CC5	2025-06-18
EPVG_00154	G9E3R0	G9E3R0_9PHYC	NA	NA	glycosyltransferase activity [GO:0016757]	glycosyltransferase activity [GO:0016757]	GO:0016757	EGF domain-specific O-linked N-acetylglucosamine transferase (EC 2.4.1.255) (Extracellular O-linked N-acetylglucosamine transferase)	381	EPVG_00154	NA	NA	Predicted	NA	NA	CATALYTIC ACTIVITY: Reaction=L-seryl-[protein] + UDP-N-acetyl-alpha-D-glucosamine = 3-O-(N-acetyl-beta-D-glucosaminyl)-L-seryl-[protein] + UDP + H(+); Xref=Rhea:RHEA:48904, Rhea:RHEA-COMP:9863, Rhea:RHEA-COMP:12251, ChEBI:CHEBI:15378, ChEBI:CHEBI:29999, ChEBI:CHEBI:57705, ChEBI:CHEBI:58223, ChEBI:CHEBI:90838; EC=2.4.1.255; Evidence={ECO:0000256|ARBA:ARBA00048317}; CATALYTIC ACTIVITY: Reaction=L-threonyl-[protein] + UDP-N-acetyl-alpha-D-glucosamine = 3-O-(N-acetyl-beta-D-glucosaminyl)-L-threonyl-[protein] + UDP + H(+); Xref=Rhea:RHEA:48908, Rhea:RHEA-COMP:11060, Rhea:RHEA-COMP:12252, ChEBI:CHEBI:15378, ChEBI:CHEBI:30013, ChEBI:CHEBI:57705, ChEBI:CHEBI:58223, ChEBI:CHEBI:90840; EC=2.4.1.255; Evidence={ECO:0000256|ARBA:ARBA00049432};	NA	NA	NA	NA	2.4.1.255	RHEA:48904 RHEA:48908	TRUE	UPI00022A4CC4	2025-06-18
EPVG_00155	G9E3R1	G9E3R1_9PHYC	NA	NA	NA	NA	NA	AraC-type arabinose-binding/dimerisation domain-containing protein	142	EPVG_00155	NA	NA	Predicted	NA	NA	NA	NA	NA	NA	NA	NA	NA	FALSE	UPI00022A4CC3	2025-06-18
EPVG_00156	G9E3R2	G9E3R2_9PHYC	NA	NA	NA	NA	NA	Uncharacterized protein	153	EPVG_00156	NA	NA	Predicted	NA	NA	NA	NA	NA	NA	NA	NA	NA	FALSE	UPI00022A4CC2	2025-06-18
EPVG_00157	G9E3R3	G9E3R3_9PHYC	NA	membrane [GO:0016020]	membrane [GO:0016020]	NA	GO:0016020	Uncharacterized protein	131	EPVG_00157	NA	TRANSMEM 6..27; /note=""Helical""; /evidence=""ECO:0000256|SAM:Phobius""	Predicted	NA	NA	NA	NA	NA	NA	NA	NA	NA	TRUE	UPI00022A4CC1	2025-06-18
EPVG_00158	G9E3R4	G9E3R4_9PHYC	NA	membrane [GO:0016020]	membrane [GO:0016020]	NA	GO:0016020	Uncharacterized protein	123	EPVG_00158	NA	TRANSMEM 7..23; /note=""Helical""; /evidence=""ECO:0000256|SAM:Phobius""; TRANSMEM 29..50; /note=""Helical""; /evidence=""ECO:0000256|SAM:Phobius""	Predicted	NA	NA	NA	NA	NA	NA	NA	NA	NA	TRUE	UPI00022A4CC0	2025-06-18
EPVG_00159	G9E3R5	G9E3R5_9PHYC	NA	NA	NA	NA	NA	Uncharacterized protein	140	EPVG_00159	NA	NA	Predicted	NA	NA	NA	NA	NA	NA	NA	NA	NA	FALSE	UPI0000585898	2026-06-10
EPVG_00160	G9E3R6	G9E3R6_9PHYC	NA	membrane [GO:0016020]	membrane [GO:0016020]	NA	GO:0016020	Uncharacterized protein	192	EPVG_00160	NA	TRANSMEM 21..49; /note=""Helical""; /evidence=""ECO:0000256|SAM:Phobius""; TRANSMEM 55..74; /note=""Helical""; /evidence=""ECO:0000256|SAM:Phobius""	Predicted	NA	NA	NA	NA	NA	NA	NA	NA	NA	TRUE	UPI00022A4CBF	2025-06-18
EPVG_00161	G9E3R7	G9E3R7_9PHYC	NA	NA	NA	NA	NA	Major capsid protein	93	EPVG_00161	NA	NA	Predicted	NA	NA	NA	NA	NA	NA	NA	NA	NA	FALSE	UPI00022A4CBE	2025-06-18
EPVG_00163	G9E3R8	G9E3R8_9PHYC	NA	NA	NA	NA	NA	Uncharacterized protein	197	EPVG_00163	NA	NA	Predicted	NA	NA	NA	NA	NA	NA	NA	NA	NA	FALSE	UPI00022A4CBB	2025-06-18
EPVG_00164	G9E3R9	G9E3R9_9PHYC	NA	NA	NA	NA	NA	Uncharacterized protein	292	EPVG_00164	NA	NA	Predicted	NA	NA	NA	NA	NA	NA	NA	NA	NA	FALSE	UPI00022A4CBA	2025-06-18
EPVG_00165	G9E3S0	G9E3S0_9PHYC	NA	membrane [GO:0016020]	membrane [GO:0016020]	NA	GO:0016020	Uncharacterized protein	132	EPVG_00165	NA	TRANSMEM 23..46; /note=""Helical""; /evidence=""ECO:0000256|SAM:Phobius""	Predicted	NA	NA	NA	NA	NA	NA	NA	NA	NA	TRUE	UPI00022A4CB9	2025-06-18
EPVG_00166	G9E3S1	G9E3S1_9PHYC	NA	membrane [GO:0016020]	membrane [GO:0016020]	NA	GO:0016020	Uncharacterized protein	163	EPVG_00166	NA	TRANSMEM 27..45; /note=""Helical""; /evidence=""ECO:0000256|SAM:Phobius""; TRANSMEM 117..138; /note=""Helical""; /evidence=""ECO:0000256|SAM:Phobius""	Predicted	NA	NA	NA	NA	NA	NA	NA	NA	NA	TRUE	UPI00022A4CB8	2025-06-18
EPVG_00167	G9E3S2	G9E3S2_9PHYC	NA	NA	NA	NA	NA	Uncharacterized protein	181	EPVG_00167	NA	NA	Predicted	NA	NA	NA	NA	NA	NA	NA	NA	NA	FALSE	UPI00005858A0	2026-06-10
EPVG_00168	G9E3S3	G9E3S3_9PHYC	NA	NA	DNA binding [GO:0003677]	DNA binding [GO:0003677]	GO:0003677	Sugar fermentation stimulation protein C-terminal domain-containing protein	321	EPVG_00168	NA	NA	Predicted	NA	NA	NA	NA	NA	NA	NA	NA	NA	TRUE	UPI00022A4CB7	2025-06-18
EPVG_00169	G9E3S4	G9E3S4_9PHYC	NA	NA	NA	NA	NA	DUF5872 domain-containing protein	125	EPVG_00169	NA	NA	Predicted	NA	NA	NA	NA	NA	NA	NA	NA	NA	FALSE	UPI00005858A3	2026-06-10
EPVG_00170	G9E3S5	G9E3S5_9PHYC	NA	NA	NA	NA	NA	Uncharacterized protein	164	EPVG_00170	NA	NA	Predicted	NA	NA	NA	NA	NA	NA	NA	NA	NA	FALSE	UPI00022A4CB6	2025-06-18
EPVG_00171	G9E3S6	G9E3S6_9PHYC	NA	membrane [GO:0016020]	membrane [GO:0016020]	NA	GO:0016020	Uncharacterized protein	154	EPVG_00171	NA	TRANSMEM 34..52; /note=""Helical""; /evidence=""ECO:0000256|SAM:Phobius""	Predicted	NA	NA	NA	NA	NA	NA	NA	NA	NA	TRUE	UPI00022A4CB5	2025-06-18
EPVG_00172	G9E3S7	G9E3S7_9PHYC	DNA alkylation repair [GO:0006307]	NA	dioxygenase activity [GO:0051213]; DNA alkylation repair [GO:0006307]	dioxygenase activity [GO:0051213]	GO:0006307; GO:0051213	Fe2OG dioxygenase domain-containing protein	210	EPVG_00172	NA	NA	Predicted	NA	NA	NA	NA	NA	NA	NA	NA	NA	TRUE	UPI00022A4CB4	2025-06-18
EPVG_00173	G9E3S8	G9E3S8_9PHYC	protein deubiquitination [GO:0016579]	NA	cysteine-type deubiquitinase activity [GO:0004843]; protein deubiquitination [GO:0016579]	cysteine-type deubiquitinase activity [GO:0004843]	GO:0004843; GO:0016579	OTU domain-containing protein	234	EPVG_00173	NA	NA	Predicted	NA	NA	NA	NA	NA	NA	NA	NA	NA	TRUE	UPI00022A4CB3	2025-06-18
EPVG_00174	G9E3S9	G9E3S9_9PHYC	NA	NA	NA	NA	NA	RING-type domain-containing protein	384	EPVG_00174	NA	NA	Predicted	NA	NA	NA	NA	NA	NA	NA	NA	NA	FALSE	UPI00022A4CB2	2025-06-18
EPVG_00175	G9E3T0	G9E3T0_9PHYC	NA	NA	NA	NA	NA	Uncharacterized protein	205	EPVG_00175	NA	NA	Predicted	NA	NA	NA	NA	NA	NA	NA	NA	NA	FALSE	UPI00022A4C14	2025-06-18
EPVG_00176	G9E3T1	G9E3T1_9PHYC	NA	NA	NA	NA	NA	Uncharacterized protein	116	EPVG_00176	NA	NA	Predicted	NA	NA	NA	NA	NA	NA	NA	NA	NA	FALSE	UPI00022A4C13	2025-06-18
EPVG_00177	G9E3T2	G9E3T2_9PHYC	NA	NA	hydrolase activity [GO:0016787]; zinc ion binding [GO:0008270]	hydrolase activity [GO:0016787]; zinc ion binding [GO:0008270]	GO:0008270; GO:0016787	CMP/dCMP-type deaminase domain-containing protein	157	EPVG_00177	NA	NA	Predicted	NA	NA	NA	NA	NA	NA	NA	NA	NA	TRUE	UPI00022A4C12	2025-06-18
EPVG_00178	G9E3T3	G9E3T3_9PHYC	NA	NA	NA	NA	NA	Calpain catalytic domain-containing protein	620	EPVG_00178	NA	NA	Predicted	NA	NA	NA	NA	NA	NA	NA	NA	NA	FALSE	UPI00022A4C11	2025-06-18
EPVG_00179	G9E3T4	G9E3T4_9PHYC	NA	NA	NA	NA	NA	Phytanoyl-CoA dioxygenase	261	EPVG_00179	NA	NA	Predicted	NA	NA	NA	NA	NA	NA	NA	NA	NA	FALSE	UPI00022A4C10	2025-06-18
EPVG_00180	G9E3T5	G9E3T5_9PHYC	NA	NA	ATP binding [GO:0005524]; DNA binding [GO:0003677]; hydrolase activity [GO:0016787]	ATP binding [GO:0005524]; DNA binding [GO:0003677]; hydrolase activity [GO:0016787]	GO:0003677; GO:0005524; GO:0016787	Helicase/UvrB N-terminal domain-containing protein	681	EPVG_00180	NA	NA	Predicted	NA	NA	NA	NA	NA	NA	NA	NA	NA	TRUE	UPI00022A4C0F	2025-06-18
EPVG_00181	G9E3T6	G9E3T6_9PHYC	NA	membrane [GO:0016020]	membrane [GO:0016020]	NA	GO:0016020	Thioredoxin domain-containing protein	158	EPVG_00181	NA	TRANSMEM 7..27; /note=""Helical""; /evidence=""ECO:0000256|SAM:Phobius""	Predicted	NA	NA	NA	NA	NA	NA	NA	NA	NA	TRUE	UPI00022A4C0E	2025-06-18
EPVG_00182	G9E3T7	G9E3T7_9PHYC	NA	membrane [GO:0016020]	membrane [GO:0016020]	NA	GO:0016020	Uncharacterized protein	159	EPVG_00182	NA	TRANSMEM 137..157; /note=""Helical""; /evidence=""ECO:0000256|SAM:Phobius""	Predicted	NA	NA	NA	NA	NA	NA	NA	NA	NA	TRUE	UPI00022A4C0D	2025-06-18
EPVG_00183	G9E3T8	G9E3T8_9PHYC	NA	NA	NA	NA	NA	Uncharacterized protein	215	EPVG_00183	NA	NA	Predicted	NA	NA	NA	NA	NA	NA	NA	NA	NA	FALSE	UPI00022A4C0C	2025-06-18
EPVG_00184	G9E3T9	G9E3T9_9PHYC	proteolysis [GO:0006508]	membrane [GO:0016020]	membrane [GO:0016020]; serine-type endopeptidase activity [GO:0004252]; proteolysis [GO:0006508]	serine-type endopeptidase activity [GO:0004252]	GO:0004252; GO:0006508; GO:0016020	Peptidase S1 domain-containing protein	477	EPVG_00184	NA	TRANSMEM 74..93; /note=""Helical""; /evidence=""ECO:0000256|SAM:Phobius""; TRANSMEM 440..461; /note=""Helical""; /evidence=""ECO:0000256|SAM:Phobius""	Predicted	NA	NA	NA	NA	NA	NA	NA	NA	NA	TRUE	UPI00022A4C0B	2025-06-18
EPVG_00185	G9E3U0	G9E3U0_9PHYC	NA	membrane [GO:0016020]	membrane [GO:0016020]	NA	GO:0016020	Secreted protein	85	EPVG_00185	NA	TRANSMEM 6..27; /note=""Helical""; /evidence=""ECO:0000256|SAM:Phobius""	Predicted	NA	NA	NA	NA	NA	NA	NA	NA	NA	TRUE	UPI00022A4C0A	2025-06-18
EPVG_00186	G9E3U1	G9E3U1_9PHYC	acylglycerol catabolic process [GO:0046464]	membrane [GO:0016020]	membrane [GO:0016020]; monoacylglycerol lipase activity [GO:0047372]; acylglycerol catabolic process [GO:0046464]	monoacylglycerol lipase activity [GO:0047372]	GO:0016020; GO:0046464; GO:0047372	AB hydrolase-1 domain-containing protein	263	EPVG_00186	NA	NA	Predicted	NA	NA	NA	NA	NA	NA	NA	NA	NA	TRUE	UPI00022A4C09	2025-06-18
EPVG_00187	G9E3U2	G9E3U2_9PHYC	NA	membrane [GO:0016020]	membrane [GO:0016020]	NA	GO:0016020	Homeobox domain-containing protein	229	EPVG_00187	NA	TRANSMEM 29..46; /note=""Helical""; /evidence=""ECO:0000256|SAM:Phobius""	Predicted	NA	NA	NA	NA	NA	NA	NA	NA	NA	TRUE	UPI00022A4C08	2025-06-18
EPVG_00188	G9E3U3	G9E3U3_9PHYC	NA	NA	NA	NA	NA	Uncharacterized protein	154	EPVG_00188	NA	NA	Predicted	NA	NA	NA	NA	NA	NA	NA	NA	NA	FALSE	UPI00022A4C07	2025-06-18
EPVG_00189	G9E3U4	G9E3U4_9PHYC	NA	NA	NA	NA	NA	Uncharacterized protein	314	EPVG_00189	NA	NA	Predicted	NA	NA	NA	NA	NA	NA	NA	NA	NA	FALSE	UPI00022A4C06	2025-06-18
EPVG_00190	G9E3U5	G9E3U5_9PHYC	NA	NA	NA	NA	NA	Uncharacterized protein	140	EPVG_00190	NA	NA	Predicted	NA	NA	NA	NA	NA	NA	NA	NA	NA	FALSE	UPI00022A4C05	2025-06-18
EPVG_00191	G9E3U6	G9E3U6_9PHYC	NA	membrane [GO:0016020]	membrane [GO:0016020]	NA	GO:0016020	Uncharacterized protein	739	EPVG_00191	NA	TRANSMEM 673..692; /note=""Helical""; /evidence=""ECO:0000256|SAM:Phobius""	Predicted	NA	NA	NA	NA	NA	NA	NA	NA	NA	TRUE	UPI0002392CB8	2025-06-18
EPVG_00192	G9E3U7	G9E3U7_9PHYC	NA	membrane [GO:0016020]	membrane [GO:0016020]	NA	GO:0016020	Uncharacterized protein	198	EPVG_00192	NA	TRANSMEM 6..25; /note=""Helical""; /evidence=""ECO:0000256|SAM:Phobius""	Predicted	NA	NA	NA	NA	NA	NA	NA	NA	NA	TRUE	UPI00022A4C03	2025-06-18
EPVG_00193	G9E3U8	G9E3U8_9PHYC	NA	membrane [GO:0016020]	membrane [GO:0016020]	NA	GO:0016020	Transmembrane protein	253	EPVG_00193	NA	TRANSMEM 7..26; /note=""Helical""; /evidence=""ECO:0000256|SAM:Phobius""	Predicted	NA	NA	NA	NA	NA	NA	NA	NA	NA	TRUE	UPI00022A4CAF	2025-06-18
EPVG_00194	G9E3U9	G9E3U9_9PHYC	NA	NA	NA	NA	NA	Uncharacterized protein	121	EPVG_00194	NA	NA	Predicted	NA	NA	NA	NA	NA	NA	NA	NA	NA	FALSE	UPI00005858BE	2026-06-10
EPVG_00195	G9E3V0	G9E3V0_9PHYC	NA	NA	NA	NA	NA	Uncharacterized protein	217	EPVG_00195	NA	NA	Predicted	NA	NA	NA	NA	NA	NA	NA	NA	NA	FALSE	UPI00022A4C01	2025-06-18
EPVG_00196	G9E3V1	G9E3V1_9PHYC	NA	membrane [GO:0016020]	membrane [GO:0016020]	NA	GO:0016020	Uncharacterized protein	105	EPVG_00196	NA	TRANSMEM 6..27; /note=""Helical""; /evidence=""ECO:0000256|SAM:Phobius""	Predicted	NA	NA	NA	NA	NA	NA	NA	NA	NA	TRUE	UPI00022A4CAE	2025-06-18
EPVG_00197	G9E3V2	G9E3V2_9PHYC	NA	membrane [GO:0016020]	membrane [GO:0016020]	NA	GO:0016020	Uncharacterized protein	189	EPVG_00197	NA	TRANSMEM 6..27; /note=""Helical""; /evidence=""ECO:0000256|SAM:Phobius""; TRANSMEM 39..62; /note=""Helical""; /evidence=""ECO:0000256|SAM:Phobius""; TRANSMEM 68..85; /note=""Helical""; /evidence=""ECO:0000256|SAM:Phobius""; TRANSMEM 106..124; /note=""Helical""; /evidence=""ECO:0000256|SAM:Phobius""	Predicted	NA	NA	NA	NA	NA	NA	NA	NA	NA	TRUE	UPI00005858C1	2026-06-10
EPVG_00198	G9E3V3	G9E3V3_9PHYC	NA	NA	NA	NA	NA	Uncharacterized protein	170	EPVG_00198	NA	NA	Predicted	NA	NA	NA	NA	NA	NA	NA	NA	NA	FALSE	UPI00022A4BFE	2025-06-18
EPVG_00199	G9E3V4	G9E3V4_9PHYC	NA	NA	NA	NA	NA	Replication protein A OB domain-containing protein	447	EPVG_00199	NA	NA	Predicted	NA	NA	NA	NA	NA	NA	NA	NA	NA	FALSE	UPI00022A4BFD	2025-06-18
EPVG_00200	G9E3V5	G9E3V5_9PHYC	NA	membrane [GO:0016020]	membrane [GO:0016020]	NA	GO:0016020	Uncharacterized protein	113	EPVG_00200	NA	TRANSMEM 48..73; /note=""Helical""; /evidence=""ECO:0000256|SAM:Phobius""; TRANSMEM 85..105; /note=""Helical""; /evidence=""ECO:0000256|SAM:Phobius""	Predicted	NA	NA	NA	NA	NA	NA	NA	NA	NA	TRUE	UPI00022A4BFC	2025-06-18
EPVG_00201	G9E3V6	G9E3V6_9PHYC	NA	membrane [GO:0016020]	membrane [GO:0016020]	NA	GO:0016020	Transmembrane protein	125	EPVG_00201	NA	TRANSMEM 12..32; /note=""Helical""; /evidence=""ECO:0000256|SAM:Phobius""; TRANSMEM 44..63; /note=""Helical""; /evidence=""ECO:0000256|SAM:Phobius""; TRANSMEM 70..87; /note=""Helical""; /evidence=""ECO:0000256|SAM:Phobius""; TRANSMEM 99..119; /note=""Helical""; /evidence=""ECO:0000256|SAM:Phobius""	Predicted	NA	NA	NA	NA	NA	NA	NA	NA	NA	TRUE	UPI00022A4BFB	2025-06-18
EPVG_00202	G9E3V7	G9E3V7_9PHYC	NA	membrane [GO:0016020]	membrane [GO:0016020]	NA	GO:0016020	V-SNARE coiled-coil homology domain-containing protein	73	EPVG_00202	NA	TRANSMEM 50..69; /note=""Helical""; /evidence=""ECO:0000256|SAM:Phobius""	Predicted	NA	NA	NA	NA	NA	NA	NA	NA	NA	TRUE	UPI00022A4BFA	2025-06-18
EPVG_00203	G9E3V8	G9E3V8_9PHYC	NA	membrane [GO:0016020]	membrane [GO:0016020]	NA	GO:0016020	Uncharacterized protein	118	EPVG_00203	NA	TRANSMEM 26..46; /note=""Helical""; /evidence=""ECO:0000256|SAM:Phobius""; TRANSMEM 52..70; /note=""Helical""; /evidence=""ECO:0000256|SAM:Phobius""	Predicted	NA	NA	NA	NA	NA	NA	NA	NA	NA	TRUE	UPI00022A4BF9	2025-06-18
EPVG_00204	G9E3V9	G9E3V9_9PHYC	NA	membrane [GO:0016020]	membrane [GO:0016020]	NA	GO:0016020	Uncharacterized protein	129	EPVG_00204	NA	TRANSMEM 24..45; /note=""Helical""; /evidence=""ECO:0000256|SAM:Phobius""; TRANSMEM 65..89; /note=""Helical""; /evidence=""ECO:0000256|SAM:Phobius""	Predicted	NA	NA	NA	NA	NA	NA	NA	NA	NA	TRUE	UPI00022A4BF8	2025-06-18
EPVG_00205	G9E3W0	G9E3W0_9PHYC	NA	NA	NA	NA	NA	Uncharacterized protein	352	EPVG_00205	NA	NA	Predicted	NA	NA	NA	NA	NA	NA	NA	NA	NA	FALSE	UPI00022A4BF7	2025-06-18
EPVG_00206	G9E3W1	G9E3W1_9PHYC	NA	NA	NA	NA	NA	Uncharacterized protein	183	EPVG_00206	NA	NA	Predicted	NA	NA	NA	NA	NA	NA	NA	NA	NA	FALSE	UPI00022A4BF6	2025-06-18
EPVG_00207	G9E3W2	G9E3W2_9PHYC	NA	membrane [GO:0016020]	membrane [GO:0016020]	NA	GO:0016020	Uncharacterized protein	190	EPVG_00207	NA	TRANSMEM 126..143; /note=""Helical""; /evidence=""ECO:0000256|SAM:Phobius""	Predicted	NA	NA	NA	NA	NA	NA	NA	NA	NA	TRUE	UPI00022A4BF5	2025-06-18
EPVG_00208	G9E3W3	G9E3W3_9PHYC	NA	NA	NA	NA	NA	Telomere resolvase ResT/TelK catalytic domain-containing protein	378	EPVG_00208	NA	NA	Predicted	NA	NA	NA	NA	NA	NA	NA	NA	NA	FALSE	UPI00022A4BF4	2025-06-18
EPVG_00209	G9E3W4	G9E3W4_9PHYC	NA	membrane [GO:0016020]	membrane [GO:0016020]	NA	GO:0016020	Hint domain-containing protein	1240	EPVG_00209	NA	TRANSMEM 21..39; /note=""Helical""; /evidence=""ECO:0000256|SAM:Phobius""; TRANSMEM 1218..1237; /note=""Helical""; /evidence=""ECO:0000256|SAM:Phobius""	Predicted	NA	NA	NA	NA	NA	NA	NA	NA	NA	TRUE	UPI00022A4BF3	2025-06-18
EPVG_00210	G9E3W5	G9E3W5_9PHYC	NA	NA	NA	NA	NA	Uncharacterized protein	172	EPVG_00210	NA	NA	Predicted	NA	NA	NA	NA	NA	NA	NA	NA	NA	FALSE	UPI00022A4BF2	2025-06-18
EPVG_00211	G9E3W6	G9E3W6_9PHYC	NA	NA	NA	NA	NA	Uncharacterized protein	393	EPVG_00211	NA	NA	Predicted	NA	NA	NA	NA	NA	NA	NA	NA	NA	FALSE	UPI00022A4BF1	2025-06-18
EPVG_00212	G9E3W7	G9E3W7_9PHYC	NA	NA	NA	NA	NA	Uncharacterized protein	148	EPVG_00212	NA	NA	Predicted	NA	NA	NA	NA	NA	NA	NA	NA	NA	FALSE	UPI00022A4BF0	2025-06-18
EPVG_00213	G9E3W8	G9E3W8_9PHYC	NA	NA	NA	NA	NA	Uncharacterized protein	252	EPVG_00213	NA	NA	Predicted	NA	NA	NA	NA	NA	NA	NA	NA	NA	FALSE	UPI00022A4BEF	2025-06-18
EPVG_00214	G9E3W9	G9E3W9_9PHYC	NA	NA	NA	NA	NA	DnaJ domain-containing protein	336	EPVG_00214	NA	NA	Predicted	NA	NA	NA	NA	NA	NA	NA	NA	NA	FALSE	UPI00022A4BEE	2025-06-18
EPVG_00215	G9E3X0	G9E3X0_9PHYC	NA	NA	NA	NA	NA	ADP ribosyltransferase domain-containing protein	168	EPVG_00215	NA	NA	Predicted	NA	NA	NA	NA	NA	NA	NA	NA	NA	FALSE	UPI00022A4B54	2025-06-18
EPVG_00216	G9E3X1	G9E3X1_9PHYC	NA	NA	NA	NA	NA	CRAL-TRIO domain-containing protein	215	EPVG_00216	NA	NA	Predicted	NA	NA	NA	NA	NA	NA	NA	NA	NA	FALSE	UPI00022A4B53	2025-06-18
EPVG_00217	G9E3X2	G9E3X2_9PHYC	NA	membrane [GO:0016020]	membrane [GO:0016020]	NA	GO:0016020	Uncharacterized protein	136	EPVG_00217	NA	TRANSMEM 12..37; /note=""Helical""; /evidence=""ECO:0000256|SAM:Phobius""; TRANSMEM 43..63; /note=""Helical""; /evidence=""ECO:0000256|SAM:Phobius""; TRANSMEM 75..97; /note=""Helical""; /evidence=""ECO:0000256|SAM:Phobius""; TRANSMEM 103..123; /note=""Helical""; /evidence=""ECO:0000256|SAM:Phobius""	Predicted	NA	NA	NA	NA	NA	NA	NA	NA	NA	TRUE	UPI00022A4B52	2025-06-18
EPVG_00218	G9E3X3	G9E3X3_9PHYC	dUMP biosynthetic process [GO:0006226]; dUTP catabolic process [GO:0046081]	NA	dUTP diphosphatase activity [GO:0004170]; magnesium ion binding [GO:0000287]; dUMP biosynthetic process [GO:0006226]; dUTP catabolic process [GO:0046081]	dUTP diphosphatase activity [GO:0004170]; magnesium ion binding [GO:0000287]	GO:0000287; GO:0004170; GO:0006226; GO:0046081	dUTP diphosphatase (EC 3.6.1.23)	148	EPVG_00218	NA	NA	Inferred from homology	NA	NA	NA	NA	NA	NA	FUNCTION: This enzyme is involved in nucleotide metabolism: it produces dUMP, the immediate precursor of thymidine nucleotides and it decreases the intracellular concentration of dUTP so that uracil cannot be incorporated into DNA. {ECO:0000256|ARBA:ARBA00003495}.	3.6.1.23	NA	TRUE	UPI00022A4B51	2025-06-18
EPVG_00219	G9E3X4	G9E3X4_9PHYC	NA	NA	NA	NA	NA	Nudix hydrolase domain-containing protein	311	EPVG_00219	NA	NA	Predicted	NA	NA	NA	NA	NA	NA	NA	NA	NA	FALSE	UPI00022A4B50	2025-06-18
EPVG_00220	G9E3X5	G9E3X5_9PHYC	DNA-templated transcription [GO:0006351]	DNA-directed RNA polymerase complex [GO:0000428]	DNA-directed RNA polymerase complex [GO:0000428]; DNA-directed 5'-3' RNA polymerase activity [GO:0003899]; protein dimerization activity [GO:0046983]; DNA-templated transcription [GO:0006351]	DNA-directed 5'-3' RNA polymerase activity [GO:0003899]; protein dimerization activity [GO:0046983]	GO:0000428; GO:0003899; GO:0006351; GO:0046983	DNA-directed RNA polymerase RpoA/D/Rpb3-type domain-containing protein	229	EPVG_00220	NA	NA	Predicted	NA	NA	NA	NA	NA	NA	NA	NA	NA	TRUE	UPI00022A4B4F	2025-06-18
EPVG_00221	G9E3X6	G9E3X6_9PHYC	response to stress [GO:0006950]	NA	response to stress [GO:0006950]	NA	GO:0006950	Lipocalin/cytosolic fatty-acid binding domain-containing protein	202	EPVG_00221	NA	NA	Predicted	NA	NA	NA	NA	NA	NA	NA	NA	NA	TRUE	UPI00022A4B4E	2025-06-18
EPVG_00222	G9E3X7	G9E3X7_9PHYC	DNA replication, removal of RNA primer [GO:0043137]; mismatch repair [GO:0006298]	ribonuclease H2 complex [GO:0032299]	ribonuclease H2 complex [GO:0032299]; metal ion binding [GO:0046872]; RNA binding [GO:0003723]; RNA-DNA hybrid ribonuclease activity [GO:0004523]; DNA replication, removal of RNA primer [GO:0043137]; mismatch repair [GO:0006298]	metal ion binding [GO:0046872]; RNA binding [GO:0003723]; RNA-DNA hybrid ribonuclease activity [GO:0004523]	GO:0003723; GO:0004523; GO:0006298; GO:0032299; GO:0043137; GO:0046872	Ribonuclease HII (EC 3.1.26.4)	209	EPVG_00222	SUBCELLULAR LOCATION: Cytoplasm {ECO:0000256|ARBA:ARBA00004496}.	NA	Inferred from homology	NA	NA	CATALYTIC ACTIVITY: Reaction=Endonucleolytic cleavage to 5'-phosphomonoester.; EC=3.1.26.4; Evidence={ECO:0000256|ARBA:ARBA00000077};	NA	NA	NA	FUNCTION: Endonuclease that specifically degrades the RNA of RNA-DNA hybrids. {ECO:0000256|ARBA:ARBA00004065}.	3.1.26.4	NA	TRUE	UPI00022A4B4D	2025-06-18
EPVG_00223	G9E3X8	G9E3X8_9PHYC	NA	NA	ATP binding [GO:0005524]; protein kinase activity [GO:0004672]	ATP binding [GO:0005524]; protein kinase activity [GO:0004672]	GO:0004672; GO:0005524	Protein kinase domain-containing protein	342	EPVG_00223	NA	NA	Predicted	NA	BINDING 98; /ligand=""ATP""; /ligand_id=""ChEBI:CHEBI:30616""; /evidence=""ECO:0000256|PROSITE-ProRule:PRU10141""	NA	NA	NA	NA	NA	NA	NA	TRUE	UPI00022A4B4C	2025-06-18
EPVG_00224	G9E3X9	G9E3X9_9PHYC	regulation of viral transcription [GO:0046782]	NA	regulation of viral transcription [GO:0046782]	NA	GO:0046782	Viral late gene transcription factor 3 zinc ribbon domain-containing protein	378	EPVG_00224	NA	NA	Predicted	NA	NA	NA	NA	NA	NA	NA	NA	NA	TRUE	UPI00022A4B4B	2025-06-18
EPVG_00225	G9E3Y0	G9E3Y0_9PHYC	NA	membrane [GO:0016020]	membrane [GO:0016020]	NA	GO:0016020	HIG1 domain-containing protein	82	EPVG_00225	NA	TRANSMEM 6..26; /note=""Helical""; /evidence=""ECO:0000256|SAM:Phobius""; TRANSMEM 38..58; /note=""Helical""; /evidence=""ECO:0000256|SAM:Phobius""	Predicted	NA	NA	NA	NA	NA	NA	NA	NA	NA	TRUE	UPI00022A4B4A	2025-06-18
EPVG_00226	G9E3Y1	G9E3Y1_9PHYC	NA	NA	NA	NA	NA	Uncharacterized protein	266	EPVG_00226	NA	NA	Predicted	NA	NA	NA	NA	NA	NA	NA	NA	NA	FALSE	UPI00022A4B49	2025-06-18
EPVG_00227	G9E3Y2	G9E3Y2_9PHYC	NA	NA	NA	NA	NA	Uncharacterized protein	171	EPVG_00227	NA	NA	Predicted	NA	NA	NA	NA	NA	NA	NA	NA	NA	FALSE	UPI00022A4B48	2025-06-18
EPVG_00228	G9E3Y3	G9E3Y3_9PHYC	NA	NA	NA	NA	NA	Uncharacterized protein	62	EPVG_00228	NA	NA	Predicted	NA	NA	NA	NA	NA	NA	NA	NA	NA	FALSE	UPI00022A4B47	2025-06-18
EPVG_00229	G9E3Y4	G9E3Y4_9PHYC	NA	membrane [GO:0016020]	membrane [GO:0016020]	NA	GO:0016020	Uncharacterized protein	161	EPVG_00229	NA	TRANSMEM 6..24; /note=""Helical""; /evidence=""ECO:0000256|SAM:Phobius""	Predicted	NA	NA	NA	NA	NA	NA	NA	NA	NA	TRUE	UPI00022A4B46	2025-06-18
EPVG_00230	G9E3Y5	G9E3Y5_9PHYC	NA	NA	NA	NA	NA	Permuted papain-like amidase YaeF/Yiix C92 family enzyme	233	EPVG_00230	NA	NA	Predicted	NA	NA	NA	NA	NA	NA	NA	NA	NA	FALSE	UPI00022A4B45	2025-06-18
EPVG_00231	G9E3Y6	G9E3Y6_9PHYC	NA	NA	NA	NA	NA	Uncharacterized protein	82	EPVG_00231	NA	NA	Predicted	NA	NA	NA	NA	NA	NA	NA	NA	NA	FALSE	UPI00005858E3	2026-06-10
EPVG_00232	G9E3Y7	G9E3Y7_9PHYC	NA	NA	NA	NA	NA	Uncharacterized protein	217	EPVG_00232	NA	NA	Predicted	NA	NA	NA	NA	NA	NA	NA	NA	NA	FALSE	UPI00022A4B44	2025-06-18
EPVG_00233	G9E3Y8	G9E3Y8_9PHYC	NA	membrane [GO:0016020]	membrane [GO:0016020]	NA	GO:0016020	Glycosyltransferase 2-like domain-containing protein	367	EPVG_00233	NA	TRANSMEM 21..41; /note=""Helical""; /evidence=""ECO:0000256|SAM:Phobius""	Predicted	NA	NA	NA	NA	NA	NA	NA	NA	NA	TRUE	UPI00022A4B43	2025-06-18
EPVG_00234	G9E3Y9	G9E3Y9_9PHYC	NA	membrane [GO:0016020]	membrane [GO:0016020]	NA	GO:0016020	Uncharacterized protein	125	EPVG_00234	NA	TRANSMEM 6..27; /note=""Helical""; /evidence=""ECO:0000256|SAM:Phobius""	Predicted	NA	NA	NA	NA	NA	NA	NA	NA	NA	TRUE	UPI00022A4B42	2025-06-18
EPVG_00235	G9E3Z0	G9E3Z0_9PHYC	NA	NA	NA	NA	NA	Uncharacterized protein	220	EPVG_00235	NA	NA	Predicted	NA	NA	NA	NA	NA	NA	NA	NA	NA	FALSE	UPI00022A4B41	2025-06-18
EPVG_00236	G9E3Z1	G9E3Z1_9PHYC	NA	NA	NA	NA	NA	Uncharacterized protein	131	EPVG_00236	NA	NA	Predicted	NA	NA	NA	NA	NA	NA	NA	NA	NA	FALSE	UPI00022A4B40	2025-06-18
EPVG_00237	G9E3Z2	G9E3Z2_9PHYC	fatty acid biosynthetic process [GO:0006633]	membrane [GO:0016020]	membrane [GO:0016020]; oxidoreductase activity, acting on paired donors, with oxidation of a pair of donors resulting in the reduction of molecular oxygen to two molecules of water [GO:0016717]; fatty acid biosynthetic process [GO:0006633]	oxidoreductase activity, acting on paired donors, with oxidation of a pair of donors resulting in the reduction of molecular oxygen to two molecules of water [GO:0016717]	GO:0006633; GO:0016020; GO:0016717	Fatty-acid desaturase	258	EPVG_00237	SUBCELLULAR LOCATION: Membrane {ECO:0000256|ARBA:ARBA00004141}; Multi-pass membrane protein {ECO:0000256|ARBA:ARBA00004141}.	TRANSMEM 6..27; /note=""Helical""; /evidence=""ECO:0000256|SAM:Phobius""; TRANSMEM 34..53; /note=""Helical""; /evidence=""ECO:0000256|SAM:Phobius""; TRANSMEM 65..86; /note=""Helical""; /evidence=""ECO:0000256|SAM:Phobius""	Predicted	NA	NA	NA	NA	NA	NA	NA	NA	NA	TRUE	UPI00022A4B3F	2025-06-18
EPVG_00238	G9E3Z3	G9E3Z3_9PHYC	NA	membrane [GO:0016020]	membrane [GO:0016020]	NA	GO:0016020	Uncharacterized protein	250	EPVG_00238	NA	TRANSMEM 189..207; /note=""Helical""; /evidence=""ECO:0000256|SAM:Phobius""; TRANSMEM 227..249; /note=""Helical""; /evidence=""ECO:0000256|SAM:Phobius""	Predicted	NA	NA	NA	NA	NA	NA	NA	NA	NA	TRUE	UPI00022A4B3E	2025-06-18
EPVG_00239	G9E3Z4	G9E3Z4_9PHYC	NA	NA	NA	NA	NA	Uncharacterized protein	298	EPVG_00239	NA	NA	Predicted	NA	NA	NA	NA	NA	NA	NA	NA	NA	FALSE	UPI00022A4B3D	2025-06-18
EPVG_00240	G9E3Z5	G9E3Z5_9PHYC	NA	membrane [GO:0016020]	membrane [GO:0016020]	NA	GO:0016020	Uncharacterized protein	57	EPVG_00240	NA	TRANSMEM 6..31; /note=""Helical""; /evidence=""ECO:0000256|SAM:Phobius""	Predicted	NA	NA	NA	NA	NA	NA	NA	NA	NA	TRUE	UPI0002392CE7	2025-06-18
EPVG_00241	G9E3Z6	G9E3Z6_9PHYC	NA	NA	NA	NA	NA	Uncharacterized protein	469	EPVG_00241	NA	NA	Predicted	NA	NA	NA	NA	NA	NA	NA	NA	NA	FALSE	UPI00022A4B3C	2025-06-18
EPVG_00242	G9E3Z7	G9E3Z7_9PHYC	NA	NA	NA	NA	NA	Uncharacterized protein	322	EPVG_00242	NA	NA	Predicted	NA	NA	NA	NA	NA	NA	NA	NA	NA	FALSE	UPI00022A4B3B	2025-06-18
EPVG_00243	G9E3Z8	G9E3Z8_9PHYC	NA	NA	NA	NA	NA	Nucleotide-diphospho-sugar transferase domain-containing protein	285	EPVG_00243	NA	NA	Predicted	NA	NA	NA	NA	NA	NA	NA	NA	NA	FALSE	UPI00022A4B3A	2025-06-18
EPVG_00244	G9E3Z9	G9E3Z9_9PHYC	NA	NA	NA	NA	NA	Methyltransferase FkbM domain-containing protein	233	EPVG_00244	NA	NA	Predicted	NA	NA	NA	NA	NA	NA	NA	NA	NA	FALSE	UPI00022A4B39	2025-06-18
EPVG_00245	G9E400	G9E400_9PHYC	NA	NA	NA	NA	NA	Nucleotide-diphospho-sugar transferase domain-containing protein	271	EPVG_00245	NA	NA	Predicted	NA	NA	NA	NA	NA	NA	NA	NA	NA	FALSE	UPI00022A4B38	2025-06-18
EPVG_00246	G9E401	G9E401_9PHYC	NA	NA	NA	NA	NA	Methyltransferase domain-containing protein	248	EPVG_00246	NA	NA	Predicted	NA	NA	NA	NA	NA	NA	NA	NA	NA	FALSE	UPI0002392CE8	2025-06-18
EPVG_00247	G9E402	G9E402_9PHYC	NA	membrane [GO:0016020]	membrane [GO:0016020]	NA	GO:0016020	Methyltransferase FkbM domain-containing protein	353	EPVG_00247	NA	TRANSMEM 6..33; /note=""Helical""; /evidence=""ECO:0000256|SAM:Phobius""; TRANSMEM 45..65; /note=""Helical""; /evidence=""ECO:0000256|SAM:Phobius""	Predicted	NA	NA	NA	NA	NA	NA	NA	NA	NA	TRUE	UPI00022A4BEC	2025-06-18
EPVG_00248	G9E403	G9E403_9PHYC	NA	membrane [GO:0016020]	membrane [GO:0016020]	NA	GO:0016020	Major facilitator superfamily (MFS) profile domain-containing protein	105	EPVG_00248	NA	TRANSMEM 31..52; /note=""Helical""; /evidence=""ECO:0000256|SAM:Phobius""; TRANSMEM 72..94; /note=""Helical""; /evidence=""ECO:0000256|SAM:Phobius""	Predicted	NA	NA	NA	NA	NA	NA	NA	NA	NA	TRUE	UPI00022A4B35	2025-06-18
EPVG_00249	G9E404	G9E404_9PHYC	NA	NA	NA	NA	NA	Uncharacterized protein	355	EPVG_00249	NA	NA	Predicted	NA	NA	NA	NA	NA	NA	NA	NA	NA	FALSE	UPI00022A4B34	2025-06-18
EPVG_00250	G9E405	G9E405_9PHYC	NA	membrane [GO:0016020]	membrane [GO:0016020]	NA	GO:0016020	TLC domain-containing protein	216	EPVG_00250	NA	TRANSMEM 20..40; /note=""Helical""; /evidence=""ECO:0000256|SAM:Phobius""; TRANSMEM 52..74; /note=""Helical""; /evidence=""ECO:0000256|SAM:Phobius""; TRANSMEM 187..205; /note=""Helical""; /evidence=""ECO:0000256|SAM:Phobius""	Predicted	NA	NA	NA	NA	NA	NA	NA	NA	NA	TRUE	UPI00022A4B33	2025-06-18
EPVG_00251	G9E406	G9E406_9PHYC	deoxyribonucleotide biosynthetic process [GO:0009263]	NA	ATP binding [GO:0005524]; ribonucleoside-diphosphate reductase activity, thioredoxin disulfide as acceptor [GO:0004748]; deoxyribonucleotide biosynthetic process [GO:0009263]	ATP binding [GO:0005524]; ribonucleoside-diphosphate reductase activity, thioredoxin disulfide as acceptor [GO:0004748]	GO:0004748; GO:0005524; GO:0009263	Ribonucleoside-diphosphate reductase (EC 1.17.4.1)	746	EPVG_00251	NA	NA	Inferred from homology	NA	NA	CATALYTIC ACTIVITY: Reaction=a 2'-deoxyribonucleoside 5'-diphosphate + [thioredoxin]-disulfide + H2O = a ribonucleoside 5'-diphosphate + [thioredoxin]-dithiol; Xref=Rhea:RHEA:23252, Rhea:RHEA-COMP:10698, Rhea:RHEA-COMP:10700, ChEBI:CHEBI:15377, ChEBI:CHEBI:29950, ChEBI:CHEBI:50058, ChEBI:CHEBI:57930, ChEBI:CHEBI:73316; EC=1.17.4.1; Evidence={ECO:0000256|RuleBase:RU003410};	NA	NA	NA	FUNCTION: Provides the precursors necessary for DNA synthesis. Catalyzes the biosynthesis of deoxyribonucleotides from the corresponding ribonucleotides. {ECO:0000256|RuleBase:RU003410}.	1.17.4.1	RHEA:23252	TRUE	UPI00022A4B32	2025-06-18
EPVG_00252	G9E407	G9E407_9PHYC	NA	NA	NA	NA	NA	Uncharacterized protein	417	EPVG_00252	NA	NA	Predicted	NA	NA	NA	NA	NA	NA	NA	NA	NA	FALSE	UPI0002392D3D	2025-06-18
EPVG_00253	G9E408	G9E408_9PHYC	NA	NA	NA	NA	NA	Uncharacterized protein	169	EPVG_00253	NA	NA	Predicted	NA	NA	NA	NA	NA	NA	NA	NA	NA	FALSE	UPI00022A4B30	2025-06-18
EPVG_00254	G9E409	G9E409_9PHYC	dTDP biosynthetic process [GO:0006233]; dTTP biosynthetic process [GO:0006235]; dUDP biosynthetic process [GO:0006227]	NA	ATP binding [GO:0005524]; nucleoside diphosphate kinase activity [GO:0004550]; thymidylate kinase activity [GO:0004798]; dTDP biosynthetic process [GO:0006233]; dTTP biosynthetic process [GO:0006235]; dUDP biosynthetic process [GO:0006227]	ATP binding [GO:0005524]; nucleoside diphosphate kinase activity [GO:0004550]; thymidylate kinase activity [GO:0004798]	GO:0004550; GO:0004798; GO:0005524; GO:0006227; GO:0006233; GO:0006235	dTMP kinase (EC 2.7.4.9)	327	EPVG_00254	NA	NA	Inferred from homology	NA	NA	NA	NA	NA	PATHWAY: Pyrimidine metabolism; dTTP biosynthesis. {ECO:0000256|ARBA:ARBA00004992}.	NA	2.7.4.9	NA	TRUE	UPI00022A4B2F	2025-06-18
EPVG_00255	G9E410	G9E410_9PHYC	NA	NA	NA	NA	NA	Methyltransferase domain-containing protein	244	EPVG_00255	NA	NA	Predicted	NA	NA	NA	NA	NA	NA	NA	NA	NA	FALSE	UPI00022A4A4C	2025-06-18
EPVG_00256	G9E411	G9E411_9PHYC	NA	NA	NA	NA	NA	Uncharacterized protein	113	EPVG_00256	NA	NA	Predicted	NA	NA	NA	NA	NA	NA	NA	NA	NA	FALSE	UPI00022A4A4B	2025-06-18
EPVG_00257	G9E412	G9E412_9PHYC	NA	DNA-directed RNA polymerase complex [GO:0000428]	DNA-directed RNA polymerase complex [GO:0000428]; DNA binding [GO:0003677]; plastid single subunit type RNA polymerase activity [GO:0001066]; ribonucleoside binding [GO:0032549]; RNA polymerase I activity [GO:0001054]; RNA polymerase II activity [GO:0001055]; RNA polymerase III activity [GO:0001056]; RNA polymerase IV activity [GO:0001057]; RNA polymerase V activity [GO:0001058]; zinc ion binding [GO:0008270]	DNA binding [GO:0003677]; plastid single subunit type RNA polymerase activity [GO:0001066]; ribonucleoside binding [GO:0032549]; RNA polymerase I activity [GO:0001054]; RNA polymerase II activity [GO:0001055]; RNA polymerase III activity [GO:0001056]; RNA polymerase IV activity [GO:0001057]; RNA polymerase V activity [GO:0001058]; zinc ion binding [GO:0008270]	GO:0000428; GO:0001054; GO:0001055; GO:0001056; GO:0001057; GO:0001058; GO:0001066; GO:0003677; GO:0008270; GO:0032549	DNA-directed RNA polymerase (EC 2.7.7.6)	1156	EPVG_00257	NA	NA	Inferred from homology	NA	NA	CATALYTIC ACTIVITY: Reaction=RNA(n) + a ribonucleoside 5'-triphosphate = RNA(n+1) + diphosphate; Xref=Rhea:RHEA:21248, Rhea:RHEA-COMP:14527, Rhea:RHEA-COMP:17342, ChEBI:CHEBI:33019, ChEBI:CHEBI:61557, ChEBI:CHEBI:140395; EC=2.7.7.6; Evidence={ECO:0000256|ARBA:ARBA00048552};	NA	NA	NA	NA	2.7.7.6	RHEA:21248	TRUE	UPI00022A498E	2025-06-18
EPVG_00258	G9E413	G9E413_9PHYC	NA	NA	NA	NA	NA	Uncharacterized protein	375	EPVG_00258	NA	NA	Predicted	NA	NA	NA	NA	NA	NA	NA	NA	NA	FALSE	UPI00022A4BE8	2025-06-18
EPVG_00259	G9E414	G9E414_9PHYC	NA	NA	NA	NA	NA	Uncharacterized protein	108	EPVG_00259	NA	NA	Predicted	NA	NA	NA	NA	NA	NA	NA	NA	NA	FALSE	UPI00022A498C	2025-06-18
EPVG_00260	G9E415	G9E415_9PHYC	NA	NA	NA	NA	NA	Uncharacterized protein	134	EPVG_00260	NA	NA	Predicted	NA	NA	NA	NA	NA	NA	NA	NA	NA	FALSE	UPI00022A498B	2025-06-18
EPVG_00261	G9E416	G9E416_9PHYC	NA	NA	NA	NA	NA	Uncharacterized protein	243	EPVG_00261	NA	NA	Predicted	NA	NA	NA	NA	NA	NA	NA	NA	NA	FALSE	UPI00022A498A	2025-06-18
EPVG_00262	G9E417	G9E417_9PHYC	NA	NA	NA	NA	NA	Uncharacterized protein	367	EPVG_00262	NA	NA	Predicted	NA	NA	NA	NA	NA	NA	NA	NA	NA	FALSE	UPI00022A4989	2025-06-18
EPVG_00263	G9E418	G9E418_9PHYC	NA	NA	NA	NA	NA	Uncharacterized protein	288	EPVG_00263	NA	NA	Predicted	NA	NA	NA	NA	NA	NA	NA	NA	NA	FALSE	UPI00022A4988	2025-06-18
EPVG_00264	G9E419	G9E419_9PHYC	NA	NA	NA	NA	NA	Uncharacterized protein	328	EPVG_00264	NA	NA	Predicted	NA	NA	NA	NA	NA	NA	NA	NA	NA	FALSE	UPI00022A4987	2025-06-18
EPVG_00265	G9E420	G9E420_9PHYC	NA	membrane [GO:0016020]	membrane [GO:0016020]	NA	GO:0016020	DUF3592 domain-containing protein	180	EPVG_00265	NA	TRANSMEM 20..39; /note=""Helical""; /evidence=""ECO:0000256|SAM:Phobius""; TRANSMEM 133..155; /note=""Helical""; /evidence=""ECO:0000256|SAM:Phobius""	Predicted	NA	NA	NA	NA	NA	NA	NA	NA	NA	TRUE	UPI00022A4986	2025-06-18
EPVG_00266	G9E421	G9E421_9PHYC	NA	membrane [GO:0016020]	membrane [GO:0016020]	NA	GO:0016020	Uncharacterized protein	1211	EPVG_00266	NA	TRANSMEM 17..40; /note=""Helical""; /evidence=""ECO:0000256|SAM:Phobius""	Predicted	NA	NA	NA	NA	NA	NA	NA	NA	NA	TRUE	UPI00022A4985	2025-06-18
EPVG_00267	G9E422	G9E422_9PHYC	NA	NA	NA	NA	NA	Uncharacterized protein	894	EPVG_00267	NA	NA	Predicted	NA	NA	NA	NA	NA	NA	NA	NA	NA	FALSE	UPI00022A4984	2025-06-18
EPVG_00268	G9E423	G9E423_9PHYC	NA	NA	NA	NA	NA	Legume lectin domain-containing protein	107	EPVG_00268	NA	NA	Predicted	NA	NA	NA	NA	NA	NA	NA	NA	NA	FALSE	UPI00022A4B2E	2025-06-18
EPVG_00269	G9E424	G9E424_9PHYC	NA	membrane [GO:0016020]	membrane [GO:0016020]	NA	GO:0016020	Uncharacterized protein	352	EPVG_00269	NA	TRANSMEM 261..280; /note=""Helical""; /evidence=""ECO:0000256|SAM:Phobius""	Predicted	NA	NA	NA	NA	NA	NA	NA	NA	NA	TRUE	UPI00022A4982	2025-06-18
EPVG_00270	G9E425	G9E425_9PHYC	NA	NA	NA	NA	NA	ShKT domain-containing protein	269	EPVG_00270	NA	NA	Predicted	NA	NA	NA	NA	NA	NA	NA	NA	NA	FALSE	UPI00022A4981	2025-06-18
EPVG_00271	G9E426	G9E426_9PHYC	NA	membrane [GO:0016020]	membrane [GO:0016020]	NA	GO:0016020	Uncharacterized protein	241	EPVG_00271	NA	TRANSMEM 16..40; /note=""Helical""; /evidence=""ECO:0000256|SAM:Phobius""; TRANSMEM 61..83; /note=""Helical""; /evidence=""ECO:0000256|SAM:Phobius""; TRANSMEM 103..125; /note=""Helical""; /evidence=""ECO:0000256|SAM:Phobius""	Predicted	NA	NA	NA	NA	NA	NA	NA	NA	NA	TRUE	UPI0002392D3E	2025-06-18
EPVG_00272	G9E427	G9E427_9PHYC	NA	membrane [GO:0016020]	membrane [GO:0016020]	NA	GO:0016020	Uncharacterized protein	100	EPVG_00272	NA	TRANSMEM 7..26; /note=""Helical""; /evidence=""ECO:0000256|SAM:Phobius""	Predicted	NA	NA	NA	NA	NA	NA	NA	NA	NA	TRUE	UPI00022A4DFA	2025-06-18
EPVG_00273	G9E428	G9E428_9PHYC	NA	membrane [GO:0016020]	membrane [GO:0016020]	NA	GO:0016020	Uncharacterized protein	422	EPVG_00273	NA	TRANSMEM 307..330; /note=""Helical""; /evidence=""ECO:0000256|SAM:Phobius""	Predicted	NA	NA	NA	NA	NA	NA	NA	NA	NA	TRUE	UPI00022A470E	2025-06-18
EPVG_00274	G9E429	G9E429_9PHYC	NA	NA	NA	NA	NA	Uncharacterized protein	122	EPVG_00274	NA	NA	Predicted	NA	NA	NA	NA	NA	NA	NA	NA	NA	FALSE	UPI00022A470F	2025-06-18
EPVG_00275	G9E430	G9E430_9PHYC	NA	NA	NA	NA	NA	Uncharacterized protein	111	EPVG_00275	NA	NA	Predicted	NA	NA	NA	NA	NA	NA	NA	NA	NA	FALSE	UPI0001C136F4	2025-06-18
EPVG_00276	G9E431	G9E431_9PHYC	NA	NA	NA	NA	NA	Uncharacterized protein	243	EPVG_00276	NA	NA	Predicted	NA	NA	NA	NA	NA	NA	NA	NA	NA	FALSE	UPI00022A4DF9	2025-06-18
EPVG_00277	G9E432	G9E432_9PHYC	NA	NA	NA	NA	NA	Uncharacterized protein	100	EPVG_00277	NA	NA	Predicted	NA	NA	NA	NA	NA	NA	NA	NA	NA	FALSE	UPI0002392D3F	2025-06-18
EPVG_00278	G9E433	G9E433_9PHYC	NA	NA	NA	NA	NA	Uncharacterized protein	205	EPVG_00278	NA	NA	Predicted	NA	NA	NA	NA	NA	NA	NA	NA	NA	FALSE	UPI00022A500C	2025-06-18
EPVG_00279	G9E434	G9E434_9PHYC	NA	membrane [GO:0016020]	membrane [GO:0016020]	NA	GO:0016020	Uncharacterized protein	78	EPVG_00279	NA	TRANSMEM 6..23; /note=""Helical""; /evidence=""ECO:0000256|SAM:Phobius""	Predicted	NA	NA	NA	NA	NA	NA	NA	NA	NA	TRUE	UPI00022A4713	2025-06-18
EPVG_00280	G9E435	G9E435_9PHYC	NA	NA	NA	NA	NA	Uncharacterized protein	80	EPVG_00280	NA	NA	Predicted	NA	NA	NA	NA	NA	NA	NA	NA	NA	FALSE	UPI00022A4714	2025-06-18
EPVG_00281	G9E436	G9E436_9PHYC	NA	NA	NA	NA	NA	Uncharacterized protein	184	EPVG_00281	NA	NA	Predicted	NA	NA	NA	NA	NA	NA	NA	NA	NA	FALSE	UPI0002392D40	2025-06-18
EPVG_00282	G9E437	G9E437_9PHYC	NA	NA	NA	NA	NA	Uncharacterized protein	159	EPVG_00282	NA	NA	Predicted	NA	NA	NA	NA	NA	NA	NA	NA	NA	FALSE	UPI00022A4716	2025-06-18
EPVG_00283	G9E438	G9E438_9PHYC	NA	NA	NA	NA	NA	Uncharacterized protein	102	EPVG_00283	NA	NA	Predicted	NA	NA	NA	NA	NA	NA	NA	NA	NA	FALSE	UPI00022A4717	2025-06-18
EPVG_00284	G9E439	G9E439_9PHYC	NA	NA	NA	NA	NA	Uncharacterized protein	395	EPVG_00284	NA	NA	Predicted	NA	NA	NA	NA	NA	NA	NA	NA	NA	FALSE	UPI00022A4718	2025-06-18
EPVG_00285	G9E440	G9E440_9PHYC	NA	NA	NA	NA	NA	Uncharacterized protein	314	EPVG_00285	NA	NA	Predicted	NA	NA	NA	NA	NA	NA	NA	NA	NA	FALSE	UPI00022A4719	2025-06-18
EPVG_00286	G9E441	G9E441_9PHYC	NA	NA	NA	NA	NA	Uncharacterized protein	158	EPVG_00286	NA	NA	Predicted	NA	NA	NA	NA	NA	NA	NA	NA	NA	FALSE	UPI00022A471A	2025-06-18
EPVG_00287	G9E442	G9E442_9PHYC	NA	NA	zinc ion binding [GO:0008270]	zinc ion binding [GO:0008270]	GO:0008270	C2H2-type domain-containing protein	88	EPVG_00287	NA	NA	Predicted	NA	NA	NA	NA	NA	NA	NA	NA	NA	TRUE	UPI00022A471B	2025-06-18
EPVG_00288	G9E443	G9E443_9PHYC	NA	NA	NA	NA	NA	C2H2-type domain-containing protein	292	EPVG_00288	NA	NA	Predicted	NA	NA	NA	NA	NA	NA	NA	NA	NA	FALSE	UPI00022A471C	2025-06-18
EPVG_00289	G9E444	G9E444_9PHYC	NA	NA	NA	NA	NA	Uncharacterized protein	95	EPVG_00289	NA	NA	Predicted	NA	NA	NA	NA	NA	NA	NA	NA	NA	FALSE	UPI00022A471D	2025-06-18
EPVG_00290	G9E445	G9E445_9PHYC	NA	membrane [GO:0016020]	membrane [GO:0016020]	NA	GO:0016020	Uncharacterized protein	396	EPVG_00290	NA	TRANSMEM 93..111; /note=""Helical""; /evidence=""ECO:0000256|SAM:Phobius""; TRANSMEM 131..150; /note=""Helical""; /evidence=""ECO:0000256|SAM:Phobius""; TRANSMEM 157..176; /note=""Helical""; /evidence=""ECO:0000256|SAM:Phobius""; TRANSMEM 188..206; /note=""Helical""; /evidence=""ECO:0000256|SAM:Phobius""; TRANSMEM 218..241; /note=""Helical""; /evidence=""ECO:0000256|SAM:Phobius""; TRANSMEM 279..296; /note=""Helical""; /evidence=""ECO:0000256|SAM:Phobius""; TRANSMEM 317..333; /note=""Helical""; /evidence=""ECO:0000256|SAM:Phobius""; TRANSMEM 339..360; /note=""Helical""; /evidence=""ECO:0000256|SAM:Phobius""	Predicted	NA	NA	NA	NA	NA	NA	NA	NA	NA	TRUE	UPI00022A471E	2025-06-18
EPVG_00291	G9E446	G9E446_9PHYC	NA	NA	NA	NA	NA	HMG box domain-containing protein	226	EPVG_00291	NA	NA	Predicted	NA	NA	NA	NA	NA	NA	NA	NA	NA	FALSE	UPI00022A471F	2025-06-18
EPVG_00292	G9E447	G9E447_9PHYC	NA	NA	NA	NA	NA	Zinc finger protein	390	EPVG_00292	NA	NA	Predicted	NA	NA	NA	NA	NA	NA	NA	NA	NA	FALSE	UPI00022A500D	2025-06-18
EPVG_00293	G9E448	G9E448_9PHYC	NA	NA	NA	NA	NA	Helicase C-terminal domain-containing protein	778	EPVG_00293	NA	NA	Predicted	NA	NA	NA	NA	NA	NA	NA	NA	NA	FALSE	UPI00022A4722	2025-06-18
EPVG_00294	G9E449	G9E449_9PHYC	NA	NA	NA	NA	NA	Uncharacterized protein	274	EPVG_00294	NA	NA	Predicted	NA	NA	NA	NA	NA	NA	NA	NA	NA	FALSE	UPI00022A4723	2025-06-18
EPVG_00295	G9E450	G9E450_9PHYC	NA	membrane [GO:0016020]	membrane [GO:0016020]	NA	GO:0016020	Transmembrane protein	121	EPVG_00295	NA	TRANSMEM 21..43; /note=""Helical""; /evidence=""ECO:0000256|SAM:Phobius""	Predicted	NA	NA	NA	NA	NA	NA	NA	NA	NA	TRUE	UPI00022A4724	2025-06-18
EPVG_00296	G9E451	G9E451_9PHYC	NA	NA	endonuclease activity [GO:0004519]	endonuclease activity [GO:0004519]	GO:0004519	Endonuclease	128	EPVG_00296	NA	NA	Predicted	ACT_SITE 23; /note=""Proton acceptor""; /evidence=""ECO:0000256|PIRSR:PIRSR001000-1""	NA	NA	NA	NA	NA	NA	NA	NA	TRUE	UPI00022A4725	2025-06-18
EPVG_00297	G9E452	G9E452_9PHYC	NA	NA	NA	NA	NA	Uncharacterized protein	273	EPVG_00297	NA	NA	Predicted	NA	NA	NA	NA	NA	NA	NA	NA	NA	FALSE	UPI00022A4726	2025-06-18
EPVG_00298	G9E453	G9E453_9PHYC	NA	membrane [GO:0016020]	membrane [GO:0016020]	NA	GO:0016020	Apple domain-containing protein	182	EPVG_00298	NA	TRANSMEM 6..28; /note=""Helical""; /evidence=""ECO:0000256|SAM:Phobius""	Predicted	NA	NA	NA	NA	NA	NA	NA	NA	NA	TRUE	UPI00022A4727	2026-03-19
EPVG_00299	G9E454	G9E454_9PHYC	NA	NA	NA	NA	NA	Uncharacterized protein	197	EPVG_00299	NA	NA	Predicted	NA	NA	NA	NA	NA	NA	NA	NA	NA	FALSE	UPI00022A4728	2025-06-18
EPVG_00300	G9E455	G9E455_9PHYC	NA	NA	NA	NA	NA	Uncharacterized protein	375	EPVG_00300	NA	NA	Predicted	NA	NA	NA	NA	NA	NA	NA	NA	NA	FALSE	UPI00022A4729	2025-06-18
EPVG_00301	G9E456	G9E456_9PHYC	NA	NA	NA	NA	NA	HMG box domain-containing protein	210	EPVG_00301	NA	NA	Predicted	NA	NA	NA	NA	NA	NA	NA	NA	NA	FALSE	UPI00022A472A	2025-06-18
EPVG_00302	G9E457	G9E457_9PHYC	NA	NA	NA	NA	NA	Phage protein	74	EPVG_00302	NA	NA	Predicted	NA	NA	NA	NA	NA	NA	NA	NA	NA	FALSE	UPI00022A472B	2025-06-18
EPVG_00303	G9E458	G9E458_9PHYC	NA	membrane [GO:0016020]	membrane [GO:0016020]	NA	GO:0016020	Uncharacterized protein	97	EPVG_00303	NA	TRANSMEM 6..28; /note=""Helical""; /evidence=""ECO:0000256|SAM:Phobius""	Predicted	NA	NA	NA	NA	NA	NA	NA	NA	NA	TRUE	UPI00022A472C	2025-06-18
EPVG_00304	G9E459	G9E459_9PHYC	NA	NA	NA	NA	NA	Uncharacterized protein	75	EPVG_00304	NA	NA	Predicted	NA	NA	NA	NA	NA	NA	NA	NA	NA	FALSE	UPI00022A472D	2025-06-18
EPVG_00305	G9E460	G9E460_9PHYC	NA	NA	NA	NA	NA	Uncharacterized protein	124	EPVG_00305	NA	NA	Predicted	NA	NA	NA	NA	NA	NA	NA	NA	NA	FALSE	UPI00022A472E	2025-06-18
EPVG_00306	G9E461	G9E461_9PHYC	NA	NA	NA	NA	NA	Uncharacterized protein	101	EPVG_00306	NA	NA	Predicted	NA	NA	NA	NA	NA	NA	NA	NA	NA	FALSE	UPI0002392D99	2025-06-18
EPVG_00307	G9E462	G9E462_9PHYC	NA	NA	NA	NA	NA	Uncharacterized protein	141	EPVG_00307	NA	NA	Predicted	NA	NA	NA	NA	NA	NA	NA	NA	NA	FALSE	UPI00022A4730	2025-06-18
EPVG_00308	G9E463	G9E463_9PHYC	NA	membrane [GO:0016020]	membrane [GO:0016020]	NA	GO:0016020	Uncharacterized protein	73	EPVG_00308	NA	TRANSMEM 45..69; /note=""Helical""; /evidence=""ECO:0000256|SAM:Phobius""	Predicted	NA	NA	NA	NA	NA	NA	NA	NA	NA	TRUE	UPI00022A4B5D	2025-06-18
EPVG_00309	G9E464	G9E464_9PHYC	NA	membrane [GO:0016020]	membrane [GO:0016020]	NA	GO:0016020	Laminin G domain-containing protein	2581	EPVG_00309	NA	TRANSMEM 2531..2554; /note=""Helical""; /evidence=""ECO:0000256|SAM:Phobius""	Predicted	NA	NA	NA	NA	NA	NA	NA	NA	NA	TRUE	UPI0002392D9A	2025-06-18
EPVG_00310	G9E465	G9E465_9PHYC	NA	membrane [GO:0016020]	membrane [GO:0016020]	NA	GO:0016020	Uncharacterized protein	70	EPVG_00310	NA	TRANSMEM 12..31; /note=""Helical""; /evidence=""ECO:0000256|SAM:Phobius""	Predicted	NA	NA	NA	NA	NA	NA	NA	NA	NA	TRUE	UPI00022A4732	2025-06-18
EPVG_00311	G9E466	G9E466_9PHYC	NA	NA	NA	NA	NA	Uncharacterized protein	170	EPVG_00311	NA	NA	Predicted	NA	NA	NA	NA	NA	NA	NA	NA	NA	FALSE	UPI00022A4733	2025-06-18
EPVG_00312	G9E467	G9E467_9PHYC	NA	membrane [GO:0016020]	membrane [GO:0016020]	NA	GO:0016020	Uncharacterized protein	169	EPVG_00312	NA	TRANSMEM 6..26; /note=""Helical""; /evidence=""ECO:0000256|SAM:Phobius""	Predicted	NA	NA	NA	NA	NA	NA	NA	NA	NA	TRUE	UPI00022A4734	2025-06-18
EPVG_00313	G9E468	G9E468_9PHYC	NA	NA	NA	NA	NA	Uncharacterized protein	129	EPVG_00313	NA	NA	Predicted	NA	NA	NA	NA	NA	NA	NA	NA	NA	FALSE	UPI00022A4735	2025-06-18
EPVG_00314	G9E469	G9E469_9PHYC	NA	membrane [GO:0016020]	membrane [GO:0016020]	NA	GO:0016020	C-type lectin domain-containing protein	254	EPVG_00314	NA	TRANSMEM 49..69; /note=""Helical""; /evidence=""ECO:0000256|SAM:Phobius""	Predicted	NA	NA	NA	NA	NA	NA	NA	NA	NA	TRUE	UPI00022A4736	2025-06-18
EPVG_00315	G9E470	G9E470_9PHYC	NA	NA	NA	NA	NA	Uncharacterized protein	87	EPVG_00315	NA	NA	Predicted	NA	NA	NA	NA	NA	NA	NA	NA	NA	FALSE	UPI00022A482F	2025-06-18
EPVG_00316	G9E471	G9E471_9PHYC	NA	NA	NA	NA	NA	Uncharacterized protein	95	EPVG_00316	NA	NA	Predicted	NA	NA	NA	NA	NA	NA	NA	NA	NA	FALSE	UPI00022A4830	2025-06-18
EPVG_00317	G9E472	G9E472_9PHYC	NA	NA	NA	NA	NA	Uncharacterized protein	137	EPVG_00317	NA	NA	Predicted	NA	NA	NA	NA	NA	NA	NA	NA	NA	FALSE	UPI00022A4831	2025-06-18
EPVG_00318	G9E473	G9E473_9PHYC	NA	membrane [GO:0016020]	membrane [GO:0016020]	NA	GO:0016020	Uncharacterized protein	88	EPVG_00318	NA	TRANSMEM 6..22; /note=""Helical""; /evidence=""ECO:0000256|SAM:Phobius""	Predicted	NA	NA	NA	NA	NA	NA	NA	NA	NA	TRUE	UPI00022A4832	2025-06-18
EPVG_00319	G9E474	G9E474_9PHYC	NA	NA	NA	NA	NA	Uncharacterized protein	123	EPVG_00319	NA	NA	Predicted	NA	NA	NA	NA	NA	NA	NA	NA	NA	FALSE	UPI00022A4833	2025-06-18
EPVG_00320	G9E475	G9E475_9PHYC	NA	NA	NA	NA	NA	Uncharacterized protein	91	EPVG_00320	NA	NA	Predicted	NA	NA	NA	NA	NA	NA	NA	NA	NA	FALSE	UPI00022A4834	2025-06-18
EPVG_00321	G9E476	G9E476_9PHYC	NA	NA	NA	NA	NA	Uncharacterized protein	116	EPVG_00321	NA	NA	Predicted	NA	NA	NA	NA	NA	NA	NA	NA	NA	FALSE	UPI00022A4835	2025-06-18
EPVG_00322	G9E477	G9E477_9PHYC	NA	NA	NA	NA	NA	Uncharacterized protein	71	EPVG_00322	NA	NA	Predicted	NA	NA	NA	NA	NA	NA	NA	NA	NA	FALSE	UPI00022A4836	2025-06-18
EPVG_00323	G9E478	G9E478_9PHYC	NA	membrane [GO:0016020]	membrane [GO:0016020]	NA	GO:0016020	Uncharacterized protein	170	EPVG_00323	NA	TRANSMEM 20..43; /note=""Helical""; /evidence=""ECO:0000256|SAM:Phobius""	Predicted	NA	NA	NA	NA	NA	NA	NA	NA	NA	TRUE	UPI00022A4837	2025-06-18
EPVG_00324	G9E479	G9E479_9PHYC	NA	NA	NA	NA	NA	Uncharacterized protein	146	EPVG_00324	NA	NA	Predicted	NA	NA	NA	NA	NA	NA	NA	NA	NA	FALSE	UPI00022A4838	2025-06-18
EPVG_00325	G9E480	G9E480_9PHYC	NA	NA	NA	NA	NA	C2H2-type domain-containing protein	141	EPVG_00325	NA	NA	Predicted	NA	NA	NA	NA	NA	NA	NA	NA	NA	FALSE	UPI00022A4839	2025-06-18
EPVG_00326	G9E481	G9E481_9PHYC	NA	NA	NA	NA	NA	Uncharacterized protein	53	EPVG_00326	NA	NA	Predicted	NA	NA	NA	NA	NA	NA	NA	NA	NA	FALSE	UPI00022A483A	2026-03-19
EPVG_00327	G9E482	G9E482_9PHYC	NA	NA	NA	NA	NA	Uncharacterized protein	90	EPVG_00327	NA	NA	Predicted	NA	NA	NA	NA	NA	NA	NA	NA	NA	FALSE	UPI00022A483B	2025-06-18
EPVG_00328	G9E483	G9E483_9PHYC	NA	NA	NA	NA	NA	Uncharacterized protein	128	EPVG_00328	NA	NA	Predicted	NA	NA	NA	NA	NA	NA	NA	NA	NA	FALSE	UPI0002392D9B	2025-06-18
EPVG_00329	G9E484	G9E484_9PHYC	NA	NA	NA	NA	NA	HMG box domain-containing protein	245	EPVG_00329	NA	NA	Predicted	NA	NA	NA	NA	NA	NA	NA	NA	NA	FALSE	UPI0002392D9C	2025-06-18
EPVG_00330	G9E485	G9E485_9PHYC	NA	NA	NA	NA	NA	HMG box domain-containing protein	225	EPVG_00330	NA	NA	Predicted	NA	NA	NA	NA	NA	NA	NA	NA	NA	FALSE	UPI0002392DD9	2025-06-18
EPVG_00331	G9E486	G9E486_9PHYC	NA	membrane [GO:0016020]	membrane [GO:0016020]	NA	GO:0016020	Uncharacterized protein	240	EPVG_00331	NA	TRANSMEM 6..27; /note=""Helical""; /evidence=""ECO:0000256|SAM:Phobius""	Predicted	NA	NA	NA	NA	NA	NA	NA	NA	NA	TRUE	UPI00022A4840	2025-06-18
EPVG_00332	G9E487	G9E487_9PHYC	NA	NA	NA	NA	NA	Uncharacterized protein	116	EPVG_00332	NA	NA	Predicted	NA	NA	NA	NA	NA	NA	NA	NA	NA	FALSE	UPI0000585858	2026-06-10
EPVG_00333	G9E488	G9E488_9PHYC	NA	NA	NA	NA	NA	Uncharacterized protein	106	EPVG_00333	NA	NA	Predicted	NA	NA	NA	NA	NA	NA	NA	NA	NA	FALSE	UPI00022A4841	2025-06-18
EPVG_00334	G9E489	G9E489_9PHYC	NA	NA	NA	NA	NA	Uncharacterized protein	162	EPVG_00334	NA	NA	Predicted	NA	NA	NA	NA	NA	NA	NA	NA	NA	FALSE	UPI00022A4842	2025-06-18
EPVG_00335	G9E490	G9E490_9PHYC	NA	NA	NA	NA	NA	Uncharacterized protein	79	EPVG_00335	NA	NA	Predicted	NA	NA	NA	NA	NA	NA	NA	NA	NA	FALSE	UPI00022A4843	2025-06-18
EPVG_00336	G9E491	G9E491_9PHYC	NA	membrane [GO:0016020]	membrane [GO:0016020]	NA	GO:0016020	Uncharacterized protein	136	EPVG_00336	NA	TRANSMEM 7..29; /note=""Helical""; /evidence=""ECO:0000256|SAM:Phobius""	Predicted	NA	NA	NA	NA	NA	NA	NA	NA	NA	TRUE	UPI00022A4844	2025-06-18
EPVG_00337	G9E492	G9E492_9PHYC	NA	NA	NA	NA	NA	Uncharacterized protein	170	EPVG_00337	NA	NA	Predicted	NA	NA	NA	NA	NA	NA	NA	NA	NA	FALSE	UPI00022A4845	2025-06-18
EPVG_00338	G9E493	G9E493_9PHYC	NA	NA	NA	NA	NA	Uncharacterized protein	175	EPVG_00338	NA	NA	Predicted	NA	NA	NA	NA	NA	NA	NA	NA	NA	FALSE	UPI0002392DDA	2025-06-18
EPVG_00339	G9E494	G9E494_9PHYC	NA	NA	NA	NA	NA	Uncharacterized protein	140	EPVG_00339	NA	NA	Predicted	NA	NA	NA	NA	NA	NA	NA	NA	NA	FALSE	UPI00022A4847	2025-06-18
EPVG_00340	G9E495	G9E495_9PHYC	NA	NA	NA	NA	NA	Peptidase C19 ubiquitin carboxyl-terminal hydrolase domain-containing protein	371	EPVG_00340	NA	NA	Predicted	NA	NA	NA	NA	NA	NA	NA	NA	NA	FALSE	UPI00022A4848	2025-06-18
EPVG_00341	G9E496	G9E496_9PHYC	NA	NA	NA	NA	NA	Uncharacterized protein	72	EPVG_00341	NA	NA	Predicted	NA	NA	NA	NA	NA	NA	NA	NA	NA	FALSE	UPI00022A4849	2025-06-18
EPVG_00342	G9E497	G9E497_9PHYC	NA	NA	NA	NA	NA	Uncharacterized protein	104	EPVG_00342	NA	NA	Predicted	NA	NA	NA	NA	NA	NA	NA	NA	NA	FALSE	UPI00022A484A	2025-06-18
EPVG_00343	G9E498	G9E498_9PHYC	NA	membrane [GO:0016020]	membrane [GO:0016020]	NA	GO:0016020	Spondin domain-containing protein	203	EPVG_00343	NA	TRANSMEM 25..45; /note=""Helical""; /evidence=""ECO:0000256|SAM:Phobius""	Predicted	NA	NA	NA	NA	NA	NA	NA	NA	NA	TRUE	UPI00022A484B	2025-06-18
EPVG_00344	G9E499	G9E499_9PHYC	NA	NA	NA	NA	NA	Uncharacterized protein	92	EPVG_00344	NA	NA	Predicted	NA	NA	NA	NA	NA	NA	NA	NA	NA	FALSE	UPI00022A484C	2025-06-18
EPVG_00345	G9E4A0	G9E4A0_9PHYC	NA	NA	NA	NA	NA	Uncharacterized protein	61	EPVG_00345	NA	NA	Predicted	NA	NA	NA	NA	NA	NA	NA	NA	NA	FALSE	UPI00022A484D	2025-06-18
EPVG_00346	G9E4A1	G9E4A1_9PHYC	NA	NA	NA	NA	NA	Uncharacterized protein	365	EPVG_00346	NA	NA	Predicted	NA	NA	NA	NA	NA	NA	NA	NA	NA	FALSE	UPI00022A484E	2025-06-18
EPVG_00347	G9E4A2	G9E4A2_9PHYC	NA	NA	NA	NA	NA	Uncharacterized protein	179	EPVG_00347	NA	NA	Predicted	NA	NA	NA	NA	NA	NA	NA	NA	NA	FALSE	UPI00022A484F	2025-06-18
EPVG_00348	G9E4A3	G9E4A3_9PHYC	NA	NA	NA	NA	NA	Uncharacterized protein	67	EPVG_00348	NA	NA	Predicted	NA	NA	NA	NA	NA	NA	NA	NA	NA	FALSE	UPI00022A4850	2025-06-18
EPVG_00349	G9E4A4	G9E4A4_9PHYC	NA	NA	NA	NA	NA	Uncharacterized protein	62	EPVG_00349	NA	NA	Predicted	NA	NA	NA	NA	NA	NA	NA	NA	NA	FALSE	UPI00022A4851	2025-06-18
EPVG_00350	G9E4A5	G9E4A5_9PHYC	NA	NA	NA	NA	NA	Zinc finger protein	338	EPVG_00350	NA	NA	Predicted	NA	NA	NA	NA	NA	NA	NA	NA	NA	FALSE	UPI00022A4852	2025-06-18
EPVG_00351	G9E4A6	G9E4A6_9PHYC	NA	NA	NA	NA	NA	Uncharacterized protein	199	EPVG_00351	NA	NA	Predicted	NA	NA	NA	NA	NA	NA	NA	NA	NA	FALSE	UPI00022A4853	2025-06-18
EPVG_00352	G9E4A7	G9E4A7_9PHYC	NA	NA	NA	NA	NA	HMG box domain-containing protein	209	EPVG_00352	NA	NA	Predicted	NA	NA	NA	NA	NA	NA	NA	NA	NA	FALSE	UPI00022A4F01	2025-06-18
EPVG_00353	G9E4A8	G9E4A8_9PHYC	NA	NA	NA	NA	NA	Uncharacterized protein	171	EPVG_00353	NA	NA	Predicted	NA	NA	NA	NA	NA	NA	NA	NA	NA	FALSE	UPI00022A50DD	2025-06-18
EPVG_00354	G9E4A9	G9E4A9_9PHYC	NA	NA	NA	NA	NA	Uncharacterized protein	50	EPVG_00354	NA	NA	Predicted	NA	NA	NA	NA	NA	NA	NA	NA	NA	FALSE	UPI0002392DDB	2025-06-18
EPVG_00355	G9E4B0	G9E4B0_9PHYC	NA	NA	NA	NA	NA	Uncharacterized protein	77	EPVG_00355	NA	NA	Predicted	NA	NA	NA	NA	NA	NA	NA	NA	NA	FALSE	UPI00022A4C37	2025-06-18
EPVG_00356	G9E4B1	G9E4B1_9PHYC	NA	NA	NA	NA	NA	Uncharacterized protein	124	EPVG_00356	NA	NA	Predicted	NA	NA	NA	NA	NA	NA	NA	NA	NA	FALSE	UPI00022A50DA	2025-06-18
EPVG_00357	G9E4B2	G9E4B2_9PHYC	NA	NA	NA	NA	NA	Uncharacterized protein	430	EPVG_00357	NA	NA	Predicted	NA	NA	NA	NA	NA	NA	NA	NA	NA	FALSE	UPI00022A53B3	2025-06-18
EPVG_00358	G9E4B3	G9E4B3_9PHYC	NA	membrane [GO:0016020]	membrane [GO:0016020]	NA	GO:0016020	Uncharacterized protein	205	EPVG_00358	NA	TRANSMEM 6..22; /note=""Helical""; /evidence=""ECO:0000256|SAM:Phobius""	Predicted	NA	NA	NA	NA	NA	NA	NA	NA	NA	TRUE	UPI00022A4C35	2025-06-18
EPVG_00359	G9E4B4	G9E4B4_9PHYC	NA	membrane [GO:0016020]	membrane [GO:0016020]	NA	GO:0016020	Cas1p 10 TM acyl transferase domain-containing protein	176	EPVG_00359	NA	TRANSMEM 21..37; /note=""Helical""; /evidence=""ECO:0000256|SAM:Phobius""; TRANSMEM 74..91; /note=""Helical""; /evidence=""ECO:0000256|SAM:Phobius""	Predicted	NA	NA	NA	NA	NA	NA	NA	NA	NA	TRUE	UPI00022A4C34	2025-06-18
EPVG_00360	G9E4B5	G9E4B5_9PHYC	NA	NA	NA	NA	NA	Uncharacterized protein	433	EPVG_00360	NA	NA	Predicted	NA	NA	NA	NA	NA	NA	NA	NA	NA	FALSE	UPI00022A4C33	2025-06-18
EPVG_00361	G9E4B6	G9E4B6_9PHYC	NA	membrane [GO:0016020]	membrane [GO:0016020]	NA	GO:0016020	Uncharacterized protein	109	EPVG_00361	NA	TRANSMEM 31..54; /note=""Helical""; /evidence=""ECO:0000256|SAM:Phobius""; TRANSMEM 75..93; /note=""Helical""; /evidence=""ECO:0000256|SAM:Phobius""	Predicted	NA	NA	NA	NA	NA	NA	NA	NA	NA	TRUE	UPI00022A4C32	2025-06-18
EPVG_00362	G9E4B7	G9E4B7_9PHYC	NA	membrane [GO:0016020]	membrane [GO:0016020]	NA	GO:0016020	Uncharacterized protein	376	EPVG_00362	NA	TRANSMEM 306..332; /note=""Helical""; /evidence=""ECO:0000256|SAM:Phobius""	Predicted	NA	NA	NA	NA	NA	NA	NA	NA	NA	TRUE	UPI00022A4C31	2025-06-18
EPVG_00363	G9E4B8	G9E4B8_9PHYC	NA	membrane [GO:0016020]	membrane [GO:0016020]	NA	GO:0016020	Apple domain-containing protein	5289	EPVG_00363	NA	TRANSMEM 5212..5233; /note=""Helical""; /evidence=""ECO:0000256|SAM:Phobius""	Predicted	NA	NA	NA	NA	NA	NA	NA	NA	NA	TRUE	UPI0002394562	2025-06-18
EPVG_00364	G9E4B9	G9E4B9_9PHYC	NA	membrane [GO:0016020]	membrane [GO:0016020]	NA	GO:0016020	SRCR domain-containing protein	468	EPVG_00364	NA	TRANSMEM 380..403; /note=""Helical""; /evidence=""ECO:0000256|SAM:Phobius""	Predicted	NA	NA	NA	NA	NA	NA	NA	NA	NA	TRUE	UPI00022A4DEF	2025-06-18
EPVG_00365	G9E4C0	G9E4C0_9PHYC	NA	NA	NA	NA	NA	Uncharacterized protein	78	EPVG_00365	NA	NA	Predicted	NA	NA	NA	NA	NA	NA	NA	NA	NA	FALSE	UPI0000585808	2026-06-10
EPVG_00366	G9E4C1	G9E4C1_9PHYC	NA	membrane [GO:0016020]	membrane [GO:0016020]	NA	GO:0016020	Uncharacterized protein	200	EPVG_00366	NA	TRANSMEM 40..62; /note=""Helical""; /evidence=""ECO:0000256|SAM:Phobius""; TRANSMEM 68..87; /note=""Helical""; /evidence=""ECO:0000256|SAM:Phobius""	Predicted	NA	NA	NA	NA	NA	NA	NA	NA	NA	TRUE	UPI00022A4DEE	2025-06-18
EPVG_00367	G9E4C2	G9E4C2_9PHYC	NA	membrane [GO:0016020]	membrane [GO:0016020]	NA	GO:0016020	Uncharacterized protein	198	EPVG_00367	NA	TRANSMEM 12..31; /note=""Helical""; /evidence=""ECO:0000256|SAM:Phobius""	Predicted	NA	NA	NA	NA	NA	NA	NA	NA	NA	TRUE	UPI00022A4DED	2025-06-18
EPVG_00368	G9E4C3	G9E4C3_9PHYC	NA	membrane [GO:0016020]	membrane [GO:0016020]	NA	GO:0016020	Uncharacterized protein	261	EPVG_00368	NA	TRANSMEM 64..83; /note=""Helical""; /evidence=""ECO:0000256|SAM:Phobius""	Predicted	NA	NA	NA	NA	NA	NA	NA	NA	NA	TRUE	UPI00022A4DEC	2025-06-18
EPVG_00369	G9E4C4	G9E4C4_9PHYC	NA	NA	NA	NA	NA	Uncharacterized protein	114	EPVG_00369	NA	NA	Predicted	NA	NA	NA	NA	NA	NA	NA	NA	NA	FALSE	UPI00022A4A35	2025-06-18
EPVG_00370	G9E4C5	G9E4C5_9PHYC	NA	membrane [GO:0016020]	membrane [GO:0016020]	NA	GO:0016020	Uncharacterized protein	227	EPVG_00370	NA	TRANSMEM 7..24; /note=""Helical""; /evidence=""ECO:0000256|SAM:Phobius""; TRANSMEM 30..47; /note=""Helical""; /evidence=""ECO:0000256|SAM:Phobius""	Predicted	NA	NA	NA	NA	NA	NA	NA	NA	NA	TRUE	UPI00022A4DEB	2025-06-18
EPVG_00371	G9E4C6	G9E4C6_9PHYC	NA	membrane [GO:0016020]	membrane [GO:0016020]	NA	GO:0016020	Uncharacterized protein	309	EPVG_00371	NA	TRANSMEM 28..47; /note=""Helical""; /evidence=""ECO:0000256|SAM:Phobius""	Predicted	NA	NA	NA	NA	NA	NA	NA	NA	NA	TRUE	UPI00022A4CF2	2025-06-18
EPVG_00372	G9E4C7	G9E4C7_9PHYC	NA	NA	NA	NA	NA	Uncharacterized protein	663	EPVG_00372	NA	NA	Predicted	NA	NA	NA	NA	NA	NA	NA	NA	NA	FALSE	UPI00022A4CF1	2025-06-18
EPVG_00373	G9E4C8	G9E4C8_9PHYC	NA	NA	NA	NA	NA	Secreted protein	76	EPVG_00373	NA	NA	Predicted	NA	NA	NA	NA	NA	NA	NA	NA	NA	FALSE	UPI0000585810	2026-06-10
EPVG_00374	G9E4C9	G9E4C9_9PHYC	NA	membrane [GO:0016020]	membrane [GO:0016020]	NA	GO:0016020	Uncharacterized protein	87	EPVG_00374	NA	TRANSMEM 33..51; /note=""Helical""; /evidence=""ECO:0000256|SAM:Phobius""; TRANSMEM 57..75; /note=""Helical""; /evidence=""ECO:0000256|SAM:Phobius""	Predicted	NA	NA	NA	NA	NA	NA	NA	NA	NA	TRUE	UPI00022A4CF0	2025-06-18
EPVG_00375	G9E4D0	G9E4D0_9PHYC	NA	membrane [GO:0016020]	membrane [GO:0016020]	NA	GO:0016020	Uncharacterized protein	88	EPVG_00375	NA	TRANSMEM 23..48; /note=""Helical""; /evidence=""ECO:0000256|SAM:Phobius""	Predicted	NA	NA	NA	NA	NA	NA	NA	NA	NA	TRUE	UPI00022A4CEF	2025-06-18
EPVG_00376	G9E4D1	G9E4D1_9PHYC	protein glycosylation [GO:0006486]; sialylation [GO:0097503]	membrane [GO:0016020]	membrane [GO:0016020]; beta-galactoside alpha-2,6-sialyltransferase activity [GO:0003835]; protein glycosylation [GO:0006486]; sialylation [GO:0097503]	beta-galactoside alpha-2,6-sialyltransferase activity [GO:0003835]	GO:0003835; GO:0006486; GO:0016020; GO:0097503	beta-galactoside alpha-(2,6)-sialyltransferase (EC 2.4.3.1)	304	EPVG_00376	SUBCELLULAR LOCATION: Golgi apparatus, Golgi stack membrane {ECO:0000256|ARBA:ARBA00004447}; Single-pass type II membrane protein {ECO:0000256|ARBA:ARBA00004447}.	NA	Predicted	NA	NA	CATALYTIC ACTIVITY: Reaction=a beta-D-galactoside + CMP-N-acetyl-beta-neuraminate = an N-acetyl-alpha-neuraminyl-(2->6)-beta-D-galactosyl derivative + CMP + H(+); Xref=Rhea:RHEA:52104, ChEBI:CHEBI:15378, ChEBI:CHEBI:28034, ChEBI:CHEBI:57812, ChEBI:CHEBI:60377, ChEBI:CHEBI:136398; EC=2.4.3.1; Evidence={ECO:0000256|ARBA:ARBA00034249};	NA	NA	NA	NA	2.4.3.1	RHEA:52104	TRUE	UPI00022A48A6	2025-06-18
EPVG_00377	G9E4D2	G9E4D2_9PHYC	NA	membrane [GO:0016020]	membrane [GO:0016020]	NA	GO:0016020	HMG box domain-containing protein	288	EPVG_00377	NA	TRANSMEM 41..65; /note=""Helical""; /evidence=""ECO:0000256|SAM:Phobius""	Predicted	NA	NA	NA	NA	NA	NA	NA	NA	NA	TRUE	UPI00022A48A7	2025-06-18
EPVG_00378	G9E4D3	G9E4D3_9PHYC	NA	membrane [GO:0016020]	membrane [GO:0016020]	NA	GO:0016020	Uncharacterized protein	91	EPVG_00378	NA	TRANSMEM 12..31; /note=""Helical""; /evidence=""ECO:0000256|SAM:Phobius""; TRANSMEM 43..63; /note=""Helical""; /evidence=""ECO:0000256|SAM:Phobius""	Predicted	NA	NA	NA	NA	NA	NA	NA	NA	NA	TRUE	UPI00022A48A8	2025-06-18
EPVG_00379	G9E4D4	G9E4D4_9PHYC	NA	membrane [GO:0016020]	membrane [GO:0016020]	NA	GO:0016020	Uncharacterized protein	170	EPVG_00379	NA	TRANSMEM 6..26; /note=""Helical""; /evidence=""ECO:0000256|SAM:Phobius""; TRANSMEM 38..58; /note=""Helical""; /evidence=""ECO:0000256|SAM:Phobius""; TRANSMEM 64..82; /note=""Helical""; /evidence=""ECO:0000256|SAM:Phobius""; TRANSMEM 144..167; /note=""Helical""; /evidence=""ECO:0000256|SAM:Phobius""	Predicted	NA	NA	NA	NA	NA	NA	NA	NA	NA	TRUE	UPI00022A48A9	2025-06-18
EPVG_00380	G9E4D5	G9E4D5_9PHYC	NA	NA	NA	NA	NA	Thioredoxin protein	196	EPVG_00380	NA	NA	Predicted	NA	NA	NA	NA	NA	NA	NA	NA	NA	FALSE	UPI00022A48AA	2025-06-18
EPVG_00381	G9E4D6	G9E4D6_9PHYC	NA	membrane [GO:0016020]	membrane [GO:0016020]	NA	GO:0016020	Uncharacterized protein	110	EPVG_00381	NA	TRANSMEM 35..53; /note=""Helical""; /evidence=""ECO:0000256|SAM:Phobius""	Predicted	NA	NA	NA	NA	NA	NA	NA	NA	NA	TRUE	UPI00022A48AB	2025-06-18
EPVG_00382	G9E4D7	G9E4D7_9PHYC	NA	NA	NA	NA	NA	Uncharacterized protein	105	EPVG_00382	NA	NA	Predicted	NA	NA	NA	NA	NA	NA	NA	NA	NA	FALSE	UPI00022A48AC	2025-06-18
EPVG_00383	G9E4D8	G9E4D8_9PHYC	NA	NA	NA	NA	NA	Uncharacterized protein	482	EPVG_00383	NA	NA	Predicted	NA	NA	NA	NA	NA	NA	NA	NA	NA	FALSE	UPI00022A48AD	2025-06-18
EPVG_00384	G9E4D9	G9E4D9_9PHYC	NA	membrane [GO:0016020]	membrane [GO:0016020]	NA	GO:0016020	SUN domain-containing protein	301	EPVG_00384	NA	TRANSMEM 111..130; /note=""Helical""; /evidence=""ECO:0000256|SAM:Phobius""	Predicted	NA	NA	NA	NA	NA	NA	NA	NA	NA	TRUE	UPI00022A48AE	2025-06-18
EPVG_00385	G9E4E0	G9E4E0_9PHYC	NA	NA	NA	NA	NA	Uncharacterized protein	77	EPVG_00385	NA	NA	Predicted	NA	NA	NA	NA	NA	NA	NA	NA	NA	FALSE	UPI0001C135B7	2026-03-19
EPVG_00386	G9E4E1	G9E4E1_9PHYC	NA	NA	NA	NA	NA	SF3 helicase domain-containing protein	675	EPVG_00386	NA	NA	Predicted	NA	NA	NA	NA	NA	NA	NA	NA	NA	FALSE	UPI00022A48AF	2025-06-18
EPVG_00387	G9E4E2	G9E4E2_9PHYC	DNA-templated transcription [GO:0006351]	DNA-directed RNA polymerase complex [GO:0000428]	DNA-directed RNA polymerase complex [GO:0000428]; DNA binding [GO:0003677]; DNA-directed 5'-3' RNA polymerase activity [GO:0003899]; DNA-templated transcription [GO:0006351]	DNA binding [GO:0003677]; DNA-directed 5'-3' RNA polymerase activity [GO:0003899]	GO:0000428; GO:0003677; GO:0003899; GO:0006351	RNA polymerase Rpb6	81	EPVG_00387	NA	NA	Predicted	NA	NA	NA	NA	NA	NA	NA	NA	NA	TRUE	UPI0000585914	2026-06-10
EPVG_00388	G9E4E3	G9E4E3_9PHYC	NA	membrane [GO:0016020]	membrane [GO:0016020]	NA	GO:0016020	Uncharacterized protein	68	EPVG_00388	NA	TRANSMEM 7..28; /note=""Helical""; /evidence=""ECO:0000256|SAM:Phobius""; TRANSMEM 34..52; /note=""Helical""; /evidence=""ECO:0000256|SAM:Phobius""	Predicted	NA	NA	NA	NA	NA	NA	NA	NA	NA	TRUE	UPI00022A48B0	2025-06-18
EPVG_00389	G9E4E4	G9E4E4_9PHYC	NA	NA	NA	NA	NA	Uncharacterized protein	112	EPVG_00389	NA	NA	Predicted	NA	NA	NA	NA	NA	NA	NA	NA	NA	FALSE	UPI00022A48B1	2025-06-18
EPVG_00390	G9E4E5	G9E4E5_9PHYC	NA	membrane [GO:0016020]	membrane [GO:0016020]	NA	GO:0016020	Uncharacterized protein	67	EPVG_00390	NA	TRANSMEM 6..27; /note=""Helical""; /evidence=""ECO:0000256|SAM:Phobius""	Predicted	NA	NA	NA	NA	NA	NA	NA	NA	NA	TRUE	UPI00022A48B2	2025-06-18
EPVG_00391	G9E4E6	G9E4E6_9PHYC	NA	NA	NA	NA	NA	Uncharacterized protein	58	EPVG_00391	NA	NA	Predicted	NA	NA	NA	NA	NA	NA	NA	NA	NA	FALSE	UPI00022A4B28	2025-06-18
EPVG_00392	G9E4E7	G9E4E7_9PHYC	NA	membrane [GO:0016020]	membrane [GO:0016020]	NA	GO:0016020	Uncharacterized protein	660	EPVG_00392	NA	TRANSMEM 594..611; /note=""Helical""; /evidence=""ECO:0000256|SAM:Phobius""; TRANSMEM 623..642; /note=""Helical""; /evidence=""ECO:0000256|SAM:Phobius""	Predicted	NA	NA	NA	NA	NA	NA	NA	NA	NA	TRUE	UPI00022A4974	2025-06-18
EPVG_00393	G9E4E8	G9E4E8_9PHYC	7-methylguanosine mRNA capping [GO:0006370]	NA	ATP binding [GO:0005524]; mRNA guanylyltransferase activity [GO:0004484]; 7-methylguanosine mRNA capping [GO:0006370]	ATP binding [GO:0005524]; mRNA guanylyltransferase activity [GO:0004484]	GO:0004484; GO:0005524; GO:0006370	mRNA capping enzyme adenylation domain-containing protein	375	EPVG_00393	NA	NA	Predicted	NA	NA	NA	NA	NA	NA	NA	NA	NA	TRUE	UPI00022A4975	2025-06-18
EPVG_00394	G9E4E9	G9E4E9_9PHYC	regulation of transcription by RNA polymerase II [GO:0006357]	NA	DNA binding [GO:0003677]; regulation of transcription by RNA polymerase II [GO:0006357]	DNA binding [GO:0003677]	GO:0003677; GO:0006357	HMG box domain-containing protein	314	EPVG_00394	NA	NA	Predicted	NA	NA	NA	NA	DNA_BIND 28..101; /note=""HMG box""; /evidence=""ECO:0000256|PROSITE-ProRule:PRU00267""; DNA_BIND 128..204; /note=""HMG box""; /evidence=""ECO:0000256|PROSITE-ProRule:PRU00267""	NA	NA	NA	NA	TRUE	UPI00022A4976	2025-06-18
EPVG_00395	G9E4F0	G9E4F0_9PHYC	NA	NA	ATP binding [GO:0005524]; protein serine/threonine kinase activity [GO:0004674]	ATP binding [GO:0005524]; protein serine/threonine kinase activity [GO:0004674]	GO:0004674; GO:0005524	Protein kinase domain-containing protein	271	EPVG_00395	NA	NA	Predicted	NA	NA	NA	NA	NA	NA	NA	NA	NA	TRUE	UPI00022A4977	2025-06-18
EPVG_00396	G9E4F1	G9E4F1_9PHYC	NA	membrane [GO:0016020]	membrane [GO:0016020]	NA	GO:0016020	Apple domain-containing protein	132	EPVG_00396	NA	TRANSMEM 6..29; /note=""Helical""; /evidence=""ECO:0000256|SAM:Phobius""	Predicted	NA	NA	NA	NA	NA	NA	NA	NA	NA	TRUE	UPI00022A4B2A	2025-06-18
EPVG_00397	G9E4F2	G9E4F2_9PHYC	NA	NA	NA	NA	NA	RanBD1 domain-containing protein	190	EPVG_00397	NA	NA	Predicted	NA	NA	NA	NA	NA	NA	NA	NA	NA	FALSE	UPI00022A4979	2025-06-18
EPVG_00398	G9E4F3	G9E4F3_9PHYC	NA	NA	polynucleotide 5'-phosphatase activity [GO:0004651]	polynucleotide 5'-phosphatase activity [GO:0004651]	GO:0004651	Uncharacterized protein	230	EPVG_00398	NA	NA	Predicted	NA	NA	NA	NA	NA	NA	NA	NA	NA	TRUE	UPI00022A497A	2025-06-18
EPVG_00399	G9E4F4	G9E4F4_9PHYC	proteolysis [GO:0006508]	membrane [GO:0016020]	membrane [GO:0016020]; serine-type endopeptidase activity [GO:0004252]; proteolysis [GO:0006508]	serine-type endopeptidase activity [GO:0004252]	GO:0004252; GO:0006508; GO:0016020	Peptidase S1 domain-containing protein	295	EPVG_00399	NA	TRANSMEM 264..285; /note=""Helical""; /evidence=""ECO:0000256|SAM:Phobius""	Inferred from homology	NA	NA	NA	NA	NA	NA	NA	NA	NA	TRUE	UPI00022A497B	2025-06-18
EPVG_00400	G9E4F5	G9E4F5_9PHYC	NA	NA	NA	NA	NA	Uncharacterized protein	137	EPVG_00400	NA	NA	Predicted	NA	NA	NA	NA	NA	NA	NA	NA	NA	FALSE	UPI0002392E50	2025-06-18
EPVG_00401	G9E4F6	G9E4F6_9PHYC	NA	NA	NA	NA	NA	Uncharacterized protein	228	EPVG_00401	NA	NA	Predicted	NA	NA	NA	NA	NA	NA	NA	NA	NA	FALSE	UPI00022A497D	2025-06-18
EPVG_00402	G9E4F7	G9E4F7_9PHYC	NA	NA	NA	NA	NA	Uncharacterized protein	161	EPVG_00402	NA	NA	Predicted	NA	NA	NA	NA	NA	NA	NA	NA	NA	FALSE	UPI00022A497E	2025-06-18
EPVG_00403	G9E4F8	G9E4F8_9PHYC	DNA topological change [GO:0006265]; sister chromatid segregation [GO:0000819]	NA	ATP binding [GO:0005524]; DNA binding [GO:0003677]; DNA negative supercoiling activity [GO:0034335]; metal ion binding [GO:0046872]; DNA topological change [GO:0006265]; sister chromatid segregation [GO:0000819]	ATP binding [GO:0005524]; DNA binding [GO:0003677]; DNA negative supercoiling activity [GO:0034335]; metal ion binding [GO:0046872]	GO:0000819; GO:0003677; GO:0005524; GO:0006265; GO:0034335; GO:0046872	DNA topoisomerase 2 (EC 5.6.2.2) (DNA topoisomerase II)	1103	EPVG_00403	NA	NA	Inferred from homology	NA	NA	CATALYTIC ACTIVITY: Reaction=ATP-dependent breakage, passage and rejoining of double-stranded DNA.; EC=5.6.2.2; Evidence={ECO:0000256|ARBA:ARBA00000185};	COFACTOR: Name=Ca(2+); Xref=ChEBI:CHEBI:29108; Evidence={ECO:0000256|ARBA:ARBA00001913}; COFACTOR: Name=Mg(2+); Xref=ChEBI:CHEBI:18420; Evidence={ECO:0000256|ARBA:ARBA00001946};	NA	NA	NA	5.6.2.2	NA	TRUE	UPI00022A497F	2025-06-18
EPVG_00404	G9E4F9	G9E4F9_9PHYC	NA	NA	NA	NA	NA	LamG-like jellyroll fold domain-containing protein	1769	EPVG_00404	NA	NA	Predicted	NA	NA	NA	NA	NA	NA	NA	NA	NA	FALSE	UPI00022A4B2C	2025-06-18
EPVG_00405	G9E4G0	G9E4G0_9PHYC	NA	membrane [GO:0016020]	membrane [GO:0016020]	NA	GO:0016020	Uncharacterized protein	224	EPVG_00405	NA	TRANSMEM 143..166; /note=""Helical""; /evidence=""ECO:0000256|SAM:Phobius""	Predicted	NA	NA	NA	NA	NA	NA	NA	NA	NA	TRUE	UPI00022A4CE3	2025-06-18
EPVG_00406	G9E4G1	G9E4G1_9PHYC	NA	NA	NA	NA	NA	Uncharacterized protein	263	EPVG_00406	NA	NA	Predicted	NA	NA	NA	NA	NA	NA	NA	NA	NA	FALSE	UPI00022A4CE2	2025-06-18
EPVG_00407	G9E4G2	G9E4G2_9PHYC	NA	membrane [GO:0016020]	membrane [GO:0016020]	NA	GO:0016020	Uncharacterized protein	201	EPVG_00407	NA	TRANSMEM 40..59; /note=""Helical""; /evidence=""ECO:0000256|SAM:Phobius""	Predicted	NA	NA	NA	NA	NA	NA	NA	NA	NA	TRUE	UPI00022A4CE1	2025-06-18
EPVG_00408	G9E4G3	G9E4G3_9PHYC	NA	membrane [GO:0016020]	membrane [GO:0016020]	NA	GO:0016020	Uncharacterized protein	219	EPVG_00408	NA	TRANSMEM 42..73; /note=""Helical""; /evidence=""ECO:0000256|SAM:Phobius""	Predicted	NA	NA	NA	NA	NA	NA	NA	NA	NA	TRUE	UPI00022A4CE0	2025-06-18
EPVG_00409	G9E4G4	G9E4G4_9PHYC	NA	membrane [GO:0016020]	membrane [GO:0016020]	NA	GO:0016020	Uncharacterized protein	84	EPVG_00409	NA	TRANSMEM 15..33; /note=""Helical""; /evidence=""ECO:0000256|SAM:Phobius""; TRANSMEM 45..62; /note=""Helical""; /evidence=""ECO:0000256|SAM:Phobius""	Predicted	NA	NA	NA	NA	NA	NA	NA	NA	NA	TRUE	UPI00005857F9	2026-06-10
EPVG_00410	G9E4G5	G9E4G5_9PHYC	NA	membrane [GO:0016020]	membrane [GO:0016020]; transmembrane transporter activity [GO:0022857]	transmembrane transporter activity [GO:0022857]	GO:0016020; GO:0022857	Major facilitator superfamily (MFS) profile domain-containing protein	541	EPVG_00410	SUBCELLULAR LOCATION: Membrane {ECO:0000256|ARBA:ARBA00004141}; Multi-pass membrane protein {ECO:0000256|ARBA:ARBA00004141}.	TRANSMEM 20..41; /note=""Helical""; /evidence=""ECO:0000256|SAM:Phobius""; TRANSMEM 61..82; /note=""Helical""; /evidence=""ECO:0000256|SAM:Phobius""; TRANSMEM 89..107; /note=""Helical""; /evidence=""ECO:0000256|SAM:Phobius""; TRANSMEM 113..132; /note=""Helical""; /evidence=""ECO:0000256|SAM:Phobius""; TRANSMEM 153..174; /note=""Helical""; /evidence=""ECO:0000256|SAM:Phobius""; TRANSMEM 186..208; /note=""Helical""; /evidence=""ECO:0000256|SAM:Phobius""; TRANSMEM 255..281; /note=""Helical""; /evidence=""ECO:0000256|SAM:Phobius""; TRANSMEM 287..308; /note=""Helical""; /evidence=""ECO:0000256|SAM:Phobius""; TRANSMEM 329..346; /note=""Helical""; /evidence=""ECO:0000256|SAM:Phobius""; TRANSMEM 352..377; /note=""Helical""; /evidence=""ECO:0000256|SAM:Phobius""; TRANSMEM 398..418; /note=""Helical""; /evidence=""ECO:0000256|SAM:Phobius""; TRANSMEM 438..464; /note=""Helical""; /evidence=""ECO:0000256|SAM:Phobius""	Predicted	NA	NA	NA	NA	NA	NA	NA	NA	NA	TRUE	UPI00022A4CDF	2025-06-18
EPVG_00411	G9E4G6	G9E4G6_9PHYC	NA	NA	NA	NA	NA	Uncharacterized protein	339	EPVG_00411	NA	NA	Predicted	NA	NA	NA	NA	NA	NA	NA	NA	NA	FALSE	UPI00022A4CDE	2025-06-18
EPVG_00412	G9E4G7	G9E4G7_9PHYC	NA	membrane [GO:0016020]	membrane [GO:0016020]; zinc ion binding [GO:0008270]	zinc ion binding [GO:0008270]	GO:0008270; GO:0016020	RING-type domain-containing protein	125	EPVG_00412	NA	TRANSMEM 91..117; /note=""Helical""; /evidence=""ECO:0000256|SAM:Phobius""	Predicted	NA	NA	NA	NA	NA	NA	NA	NA	NA	TRUE	UPI00022A4CDD	2025-06-18
EPVG_00413	G9E4G8	G9E4G8_9PHYC	NA	membrane [GO:0016020]	membrane [GO:0016020]	NA	GO:0016020	Uncharacterized protein	414	EPVG_00413	NA	TRANSMEM 340..362; /note=""Helical""; /evidence=""ECO:0000256|SAM:Phobius""	Predicted	NA	NA	NA	NA	NA	NA	NA	NA	NA	TRUE	UPI00022A52FE	2025-06-18
EPVG_00414	G9E4G9	G9E4G9_9PHYC	NA	NA	ATP binding [GO:0005524]; protein kinase activity [GO:0004672]	ATP binding [GO:0005524]; protein kinase activity [GO:0004672]	GO:0004672; GO:0005524	Protein kinase domain-containing protein	353	EPVG_00414	NA	NA	Predicted	NA	BINDING 89; /ligand=""ATP""; /ligand_id=""ChEBI:CHEBI:30616""; /evidence=""ECO:0000256|PROSITE-ProRule:PRU10141""	NA	NA	NA	NA	NA	NA	NA	TRUE	UPI00022A4CDB	2025-06-18
EPVG_00415	G9E4H0	G9E4H0_9PHYC	NA	NA	NA	NA	NA	Condensation domain-containing protein	404	EPVG_00415	NA	NA	Predicted	NA	NA	NA	NA	NA	NA	NA	NA	NA	FALSE	UPI00022A4CDA	2025-06-18
EPVG_00416	G9E4H1	G9E4H1_9PHYC	NA	membrane [GO:0016020]	membrane [GO:0016020]	NA	GO:0016020	Uncharacterized protein	555	EPVG_00416	NA	TRANSMEM 164..188; /note=""Helical""; /evidence=""ECO:0000256|SAM:Phobius""; TRANSMEM 496..521; /note=""Helical""; /evidence=""ECO:0000256|SAM:Phobius""; TRANSMEM 527..550; /note=""Helical""; /evidence=""ECO:0000256|SAM:Phobius""	Predicted	NA	NA	NA	NA	NA	NA	NA	NA	NA	TRUE	UPI00022A4CD9	2025-06-18
EPVG_00417	G9E4H2	G9E4H2_9PHYC	NA	membrane [GO:0016020]	membrane [GO:0016020]	NA	GO:0016020	Uncharacterized protein	141	EPVG_00417	NA	TRANSMEM 5..22; /note=""Helical""; /evidence=""ECO:0000256|SAM:Phobius""; TRANSMEM 28..44; /note=""Helical""; /evidence=""ECO:0000256|SAM:Phobius""; TRANSMEM 119..137; /note=""Helical""; /evidence=""ECO:0000256|SAM:Phobius""	Predicted	NA	NA	NA	NA	NA	NA	NA	NA	NA	TRUE	UPI00022A4CD8	2025-06-18
EPVG_00418	G9E4H3	G9E4H3_9PHYC	NA	membrane [GO:0016020]	membrane [GO:0016020]	NA	GO:0016020	Uncharacterized protein	441	EPVG_00418	NA	TRANSMEM 368..386; /note=""Helical""; /evidence=""ECO:0000256|SAM:Phobius""	Predicted	NA	NA	NA	NA	NA	NA	NA	NA	NA	TRUE	UPI00022A4CD7	2025-06-18
EPVG_00419	G9E4H4	G9E4H4_9PHYC	NA	NA	NA	NA	NA	Sialidase domain-containing protein	329	EPVG_00419	NA	NA	Predicted	NA	NA	NA	NA	NA	NA	NA	NA	NA	FALSE	UPI00022A4CD6	2025-06-18
EPVG_00420	G9E4H5	G9E4H5_9PHYC	NA	NA	NA	NA	NA	DM2 domain-containing protein	313	EPVG_00420	NA	NA	Predicted	NA	NA	NA	NA	NA	NA	NA	NA	NA	FALSE	UPI00022A4CD5	2025-06-18
EPVG_00421	G9E4H6	G9E4H6_9PHYC	NA	membrane [GO:0016020]	membrane [GO:0016020]	NA	GO:0016020	Uncharacterized protein	170	EPVG_00421	NA	TRANSMEM 6..23; /note=""Helical""; /evidence=""ECO:0000256|SAM:Phobius""	Predicted	NA	NA	NA	NA	NA	NA	NA	NA	NA	TRUE	UPI00022A4CD4	2025-06-18
EPVG_00422	G9E4H7	G9E4H7_9PHYC	DNA-templated transcription [GO:0006351]	NA	DNA binding [GO:0003677]; DNA-directed 5'-3' RNA polymerase activity [GO:0003899]; DNA-templated transcription [GO:0006351]	DNA binding [GO:0003677]; DNA-directed 5'-3' RNA polymerase activity [GO:0003899]	GO:0003677; GO:0003899; GO:0006351	DNA-directed RNA polymerase subunit	86	EPVG_00422	NA	NA	Predicted	NA	NA	NA	NA	NA	NA	NA	NA	NA	TRUE	UPI00005857EC	2026-06-10
EPVG_00423	G9E4H8	G9E4H8_9PHYC	NA	NA	zinc ion binding [GO:0008270]	zinc ion binding [GO:0008270]	GO:0008270	RING-type domain-containing protein	242	EPVG_00423	NA	NA	Predicted	NA	NA	NA	NA	NA	NA	NA	NA	NA	TRUE	UPI00022A4CD3	2025-06-18
EPVG_00424	G9E4H9	G9E4H9_9PHYC	NA	membrane [GO:0016020]	membrane [GO:0016020]	NA	GO:0016020	DUF4203 domain-containing protein	299	EPVG_00424	NA	TRANSMEM 64..84; /note=""Helical""; /evidence=""ECO:0000256|SAM:Phobius""; TRANSMEM 91..110; /note=""Helical""; /evidence=""ECO:0000256|SAM:Phobius""; TRANSMEM 122..142; /note=""Helical""; /evidence=""ECO:0000256|SAM:Phobius""; TRANSMEM 149..166; /note=""Helical""; /evidence=""ECO:0000256|SAM:Phobius""; TRANSMEM 186..213; /note=""Helical""; /evidence=""ECO:0000256|SAM:Phobius""; TRANSMEM 220..239; /note=""Helical""; /evidence=""ECO:0000256|SAM:Phobius""; TRANSMEM 251..272; /note=""Helical""; /evidence=""ECO:0000256|SAM:Phobius""	Predicted	NA	NA	NA	NA	NA	NA	NA	NA	NA	TRUE	UPI00022A4CD2	2025-06-18
EPVG_00425	G9E4I0	G9E4I0_9PHYC	NA	membrane [GO:0016020]	membrane [GO:0016020]	NA	GO:0016020	Uncharacterized protein	63	EPVG_00425	NA	TRANSMEM 20..42; /note=""Helical""; /evidence=""ECO:0000256|SAM:Phobius""	Predicted	NA	NA	NA	NA	NA	NA	NA	NA	NA	TRUE	UPI00022A4C3A	2025-06-18
EPVG_00426	G9E4I1	G9E4I1_9PHYC	NA	membrane [GO:0016020]	membrane [GO:0016020]	NA	GO:0016020	Uncharacterized protein	120	EPVG_00426	NA	TRANSMEM 6..22; /note=""Helical""; /evidence=""ECO:0000256|SAM:Phobius""	Predicted	NA	NA	NA	NA	NA	NA	NA	NA	NA	TRUE	UPI00022A4C39	2025-06-18
EPVG_00427	G9E4I2	G9E4I2_9PHYC	NA	NA	NA	NA	NA	Uncharacterized protein	200	EPVG_00427	NA	NA	Predicted	NA	NA	NA	NA	NA	NA	NA	NA	NA	FALSE	UPI00022A4C38	2025-06-18
EPVG_00428	G9E4I3	G9E4I3_9PHYC	NA	membrane [GO:0016020]	membrane [GO:0016020]	NA	GO:0016020	Uncharacterized protein	795	EPVG_00428	NA	TRANSMEM 757..781; /note=""Helical""; /evidence=""ECO:0000256|SAM:Phobius""	Predicted	NA	NA	NA	NA	NA	NA	NA	NA	NA	TRUE	UPI00022A4C17	2025-06-18
EPVG_00429	G9E4I4	G9E4I4_9PHYC	NA	NA	NA	NA	NA	Endonuclease	191	EPVG_00429	NA	NA	Predicted	NA	NA	NA	NA	NA	NA	NA	NA	NA	FALSE	UPI00022A4C19	2025-06-18
EPVG_00430	G9E4I5	G9E4I5_9PHYC	NA	NA	NA	NA	NA	Uncharacterized protein	144	EPVG_00430	NA	NA	Predicted	NA	NA	NA	NA	NA	NA	NA	NA	NA	FALSE	UPI00022A4C1A	2025-06-18
EPVG_00431	G9E4I6	G9E4I6_9PHYC	NA	NA	NA	NA	NA	Uncharacterized protein	188	EPVG_00431	NA	NA	Predicted	NA	NA	NA	NA	NA	NA	NA	NA	NA	FALSE	UPI00022A4C1B	2025-06-18
EPVG_00432	G9E4I7	G9E4I7_9PHYC	DNA repair [GO:0006281]; telomere maintenance [GO:0000723]	NA	ATP hydrolysis activity [GO:0016887]; DNA helicase activity [GO:0003678]; DNA repair [GO:0006281]; telomere maintenance [GO:0000723]	ATP hydrolysis activity [GO:0016887]; DNA helicase activity [GO:0003678]	GO:0000723; GO:0003678; GO:0006281; GO:0016887	AAA+ ATPase domain-containing protein	420	EPVG_00432	NA	NA	Predicted	NA	NA	NA	NA	NA	NA	NA	NA	NA	TRUE	UPI00022A4C1C	2025-06-18
EPVG_00433	G9E4I8	G9E4I8_9PHYC	NA	NA	NA	NA	NA	Uncharacterized protein	465	EPVG_00433	NA	NA	Predicted	NA	NA	NA	NA	NA	NA	NA	NA	NA	FALSE	UPI00022A4C1D	2025-06-18
EPVG_00434	G9E4I9	G9E4I9_9PHYC	NA	membrane [GO:0016020]	membrane [GO:0016020]	NA	GO:0016020	Single Cache domain-containing protein	170	EPVG_00434	NA	TRANSMEM 6..25; /note=""Helical""; /evidence=""ECO:0000256|SAM:Phobius""	Predicted	NA	NA	NA	NA	NA	NA	NA	NA	NA	TRUE	UPI00022A4C1E	2025-06-18
EPVG_00435	G9E4J0	G9E4J0_9PHYC	DNA-templated transcription [GO:0006351]	DNA-directed RNA polymerase complex [GO:0000428]	DNA-directed RNA polymerase complex [GO:0000428]; protein dimerization activity [GO:0046983]; DNA-templated transcription [GO:0006351]	protein dimerization activity [GO:0046983]	GO:0000428; GO:0006351; GO:0046983	DNA-directed RNA polymerase RBP11-like dimerisation domain-containing protein	108	EPVG_00435	NA	NA	Predicted	NA	NA	NA	NA	NA	NA	NA	NA	NA	TRUE	UPI00022A4968	2026-03-19
EPVG_00436	G9E4J1	G9E4J1_9PHYC	NA	NA	NA	NA	NA	Uncharacterized protein	119	EPVG_00436	NA	NA	Predicted	NA	NA	NA	NA	NA	NA	NA	NA	NA	FALSE	UPI00022A4C1F	2025-06-18
EPVG_00437	G9E4J2	G9E4J2_9PHYC	NA	membrane [GO:0016020]	membrane [GO:0016020]	NA	GO:0016020	Uncharacterized protein	251	EPVG_00437	NA	TRANSMEM 7..24; /note=""Helical""; /evidence=""ECO:0000256|SAM:Phobius""; TRANSMEM 30..51; /note=""Helical""; /evidence=""ECO:0000256|SAM:Phobius""	Predicted	NA	NA	NA	NA	NA	NA	NA	NA	NA	TRUE	UPI00022A4C20	2025-06-18
EPVG_00438	G9E4J3	G9E4J3_9PHYC	NA	NA	NA	NA	NA	Uncharacterized protein	199	EPVG_00438	NA	NA	Predicted	NA	NA	NA	NA	NA	NA	NA	NA	NA	FALSE	UPI00022A4C21	2025-06-18
EPVG_00439	G9E4J4	G9E4J4_9PHYC	NA	NA	NA	NA	NA	Uncharacterized protein	121	EPVG_00439	NA	NA	Predicted	NA	NA	NA	NA	NA	NA	NA	NA	NA	FALSE	UPI00022A4C22	2025-06-18
EPVG_00440	G9E4J5	G9E4J5_9PHYC	NA	membrane [GO:0016020]	membrane [GO:0016020]	NA	GO:0016020	Uncharacterized protein	313	EPVG_00440	NA	TRANSMEM 6..27; /note=""Helical""; /evidence=""ECO:0000256|SAM:Phobius""; TRANSMEM 185..203; /note=""Helical""; /evidence=""ECO:0000256|SAM:Phobius""	Predicted	NA	NA	NA	NA	NA	NA	NA	NA	NA	TRUE	UPI00022A4C23	2025-06-18
EPVG_00441	G9E4J6	G9E4J6_9PHYC	NA	NA	NA	NA	NA	Ankyrin repeat-containing protein	601	EPVG_00441	NA	NA	Predicted	NA	NA	NA	NA	NA	NA	NA	NA	NA	FALSE	UPI00022A4C24	2025-06-18
EPVG_00442	G9E4J7	G9E4J7_9PHYC	proteolysis [GO:0006508]	membrane [GO:0016020]	membrane [GO:0016020]; serine-type endopeptidase activity [GO:0004252]; proteolysis [GO:0006508]	serine-type endopeptidase activity [GO:0004252]	GO:0004252; GO:0006508; GO:0016020	Peptidase S1 domain-containing protein	302	EPVG_00442	NA	TRANSMEM 269..293; /note=""Helical""; /evidence=""ECO:0000256|SAM:Phobius""	Inferred from homology	NA	NA	NA	NA	NA	NA	NA	NA	NA	TRUE	UPI00022A4C25	2025-06-18
EPVG_00443	G9E4J8	G9E4J8_9PHYC	NA	NA	NA	NA	NA	DNA-binding protein	287	EPVG_00443	NA	NA	Predicted	NA	NA	NA	NA	NA	NA	NA	NA	NA	FALSE	UPI00022A4C26	2025-06-18
EPVG_00444	G9E4J9	G9E4J9_9PHYC	NA	NA	NA	NA	NA	Uncharacterized protein	150	EPVG_00444	NA	NA	Predicted	NA	NA	NA	NA	NA	NA	NA	NA	NA	FALSE	UPI00022A4C27	2025-06-18
EPVG_00445	G9E4K0	G9E4K0_9PHYC	NA	NA	NA	NA	NA	Uncharacterized protein	247	EPVG_00445	NA	NA	Predicted	NA	NA	NA	NA	NA	NA	NA	NA	NA	FALSE	UPI00022A4C28	2025-06-18
EPVG_00446	G9E4K1	G9E4K1_9PHYC	NA	membrane [GO:0016020]	membrane [GO:0016020]	NA	GO:0016020	Uncharacterized protein	237	EPVG_00446	NA	TRANSMEM 12..33; /note=""Helical""; /evidence=""ECO:0000256|SAM:Phobius""; TRANSMEM 45..65; /note=""Helical""; /evidence=""ECO:0000256|SAM:Phobius""; TRANSMEM 85..104; /note=""Helical""; /evidence=""ECO:0000256|SAM:Phobius""; TRANSMEM 141..161; /note=""Helical""; /evidence=""ECO:0000256|SAM:Phobius""; TRANSMEM 181..199; /note=""Helical""; /evidence=""ECO:0000256|SAM:Phobius""; TRANSMEM 205..224; /note=""Helical""; /evidence=""ECO:0000256|SAM:Phobius""	Predicted	NA	NA	NA	NA	NA	NA	NA	NA	NA	TRUE	UPI00022A4C29	2025-06-18
EPVG_00447	G9E4K2	G9E4K2_9PHYC	NA	NA	NA	NA	NA	Uncharacterized protein	250	EPVG_00447	NA	NA	Predicted	NA	NA	NA	NA	NA	NA	NA	NA	NA	FALSE	UPI00022A4C2A	2025-06-18
EPVG_00448	G9E4K3	G9E4K3_9PHYC	NA	membrane [GO:0016020]	membrane [GO:0016020]	NA	GO:0016020	Uncharacterized protein	81	EPVG_00448	NA	TRANSMEM 57..79; /note=""Helical""; /evidence=""ECO:0000256|SAM:Phobius""	Predicted	NA	NA	NA	NA	NA	NA	NA	NA	NA	TRUE	UPI0002392EB1	2025-06-18
