Sample	1	2	3	4	5	6	7	8	9	10	11	12	13	14	15	16	17	18	19	20	21	22	23	24	25	26	27	28	29	30	31	32	33	34	35	36	37	38	39	40	41	42	43	44	45	46	47	48	49	50	51	52	53	54	55	56	57	58	59	60	61	62	63	64	65	66	67	68	69	70	71	72	73	74	75	76	77	78	79	80	81	82	83	84	85	86	87	88	89	90	91	92	93	94	95	96	97	98	99	100
FGC2634_s_1_1_AACATCGCGC-GTCCACTTGT_FGC2634_s_1_2_AACATCGCGC-GTCCACTTGT	0.013055299999999999	0	0.00021094800000000003	0.00000781288	0	0.0006406560000000001	0.000187509	0	0	0.000031251500000000004	0	0	0	0.00128131	0	0	0	0	0	0	0	0	0	0.000601592	0	0	0	0	0	0	0	0	0	0	0	0.000054690199999999994	0.0000156258	0	0	0	0	0	0.0009687970000000001	0	0	0	0	0	0	0.00000781288	0.000734411	0.00000781288	0.0000156258	0.00000781288	0.00000781288	0.0000234386	0.0000937546	0.0000234386	0	0	0	0	0	0	0	0.0000703159	0	0.0000234386	0.0000234386	0.0008359779999999999	0.00000781288	0.0000390644	0.00000781288	0.00354705	0.0000859417	0	0.0000390644	0	0	0.0000156258	0	0	0	0	0.0000156258	0	0.0000156258	0.00000781288	0	0	0.000031251500000000004	0	0.000031251500000000004	0	0.0000234386	0	0.00000781288	0	0.000054690199999999994	0.000187509
FGC2634_s_1_1_AACCATAGAA-GGCGAGATGG_FGC2634_s_1_2_AACCATAGAA-GGCGAGATGG	0.014257899999999999	0	0.00019267499999999998	0.00000875795	0.0000262739	0.000542993	0.000245223	0.0000262739	0	0.0000262739	0	0	0	0.00128742	0	0	0	0	0	0	0	0	0	0.00068312	0	0	0	0	0	0	0	0	0	0	0	0.0000700636	0.00000875795	0	0	0	0	0	0.0010421999999999999	0	0	0	0	0	0	0	0.000700636	0.00000875795	0	0	0.00000875795	0	0.00007882160000000001	0	0	0	0	0	0	0	0	0.0000525477	0	0.00000875795	0	0.0008670370000000001	0.00000875795	0.0000437898	0	0.0032492	0.00007882160000000001	0	0.0000262739	0	0	0	0	0	0	0.00000875795	0	0	0	0	0	0	0.0000262739	0	0	0	0.00000875795	0	0	0	0.0000700636	0.000148885
FGC2634_s_1_1_ACAGTGTATG-GAACATACGG_FGC2634_s_1_2_ACAGTGTATG-GAACATACGG	0.014003	0	0.000125026	0.0000069459100000000006	0	0.000632078	0.000222269	0.0000069459100000000006	0	0.0000347296	0	0	0	0.0013475100000000001	0	0	0	0	0	0	0	0	0	0.000708483	0	0	0	0	0	0	0	0	0	0	0	0.0000416755	0.0000069459100000000006	0	0	0	0	0	0.00112524	0	0	0	0	0	0	0	0.0007501589999999999	0	0	0	0	0.0000138918	0.000104189	0.000027783699999999996	0	0	0	0	0	0	0	0.0000625132	0	0.0000069459100000000006	0	0.0009585360000000001	0.0000138918	0.0000625132	0.0000069459100000000006	0.00355631	0.0000625132	0	0.000027783699999999996	0	0	0.0000069459100000000006	0	0	0	0.0000069459100000000006	0.0000069459100000000006	0	0.0000138918	0	0	0	0.0000138918	0	0.0000208377	0	0.0000069459100000000006	0	0	0.0000069459100000000006	0.0000347296	0.00018059399999999999
FGC2634_s_1_1_ACATATCCAG-TATGTGCAAT_FGC2634_s_1_2_ACATATCCAG-TATGTGCAAT	0.0135437	0	0.0000797025	0	0.000011386100000000001	0.0005294519999999999	0.000210642	0.0000170791	0	0.0000341582	0	0	0	0.00138341	0	0	0	0	0	0	0	0	0	0.0006490059999999999	0	0	0	0	0	0	0	0	0	0	0	0.0000284652	0.000039851199999999995	0	0	0	0	0	0.00111014	0	0	0	0	0	0	0.000005693040000000001	0.000740095	0	0.000011386100000000001	0	0	0.0000170791	0.0000683164	0.000039851199999999995	0	0	0	0	0	0	0	0.000039851199999999995	0	0.0000284652	0.000011386100000000001	0.000876727	0	0.0000569304	0	0.00350691	0.0000910886	0	0.0000170791	0	0	0	0	0	0	0.000005693040000000001	0.0000284652	0	0.000005693040000000001	0	0	0	0.0000455443	0	0.000005693040000000001	0	0.000005693040000000001	0	0.000005693040000000001	0.000005693040000000001	0.0000341582	0.000153712
FGC2634_s_1_1_ACCACGACAT-TCGTATGCGG_FGC2634_s_1_2_ACCACGACAT-TCGTATGCGG	0.0144179	0	0.000140363	0.00000438634	0.000013159	0.00062286	0.000241249	0.00000438634	0	0.0000438634	0	0	0	0.0013509899999999998	0	0	0	0	0	0	0	0	0	0.000701814	0	0	0	0	0	0	0	0	0	0	0	0.0000614087	0.000013159	0	0	0	0	0	0.00107027	0	0	0	0	0	0	0	0.0007281319999999999	0.00000438634	0.00000438634	0.00000438634	0	0.00000877268	0.00010965800000000001	0.000026318	0	0	0	0	0	0	0	0.00004824969999999999	0	0.0000175454	0	0.000868495	0	0.0000701814	0	0.00359241	0.00007456780000000001	0	0.0000570224	0	0	0	0	0	0	0	0.00000877268	0	0.00000438634	0	0	0	0.00000438634	0	0.000013159	0	0	0	0	0	0.0000526361	0.000171067
FGC2634_s_1_1_ACCGGCCGTA-TGGCAATATT_FGC2634_s_1_2_ACCGGCCGTA-TGGCAATATT	0.0148641	0	0.000145572	0.0000157375	0.000007868770000000001	0.000617699	0.00024393199999999998	0.000011803199999999999	0	0.0000629502	0	0	0	0.00149507	0	0	0	0	0	0	0	0	0	0.000696386	0	0	0	0	0	0	0.00000393439	0	0	0	0	0.000047212599999999996	0.000011803199999999999	0	0	0	0	0	0.00111737	0	0	0	0	0	0	0	0.000810483	0.000007868770000000001	0.00000393439	0.000007868770000000001	0.00000393439	0.000011803199999999999	0.00009835960000000001	0.000011803199999999999	0	0.00000393439	0	0	0	0	0	0.0000590158	0.000007868770000000001	0.000007868770000000001	0.000011803199999999999	0.000885237	0	0.0000432782	0.000007868770000000001	0.00359996	0.00007868770000000001	0	0.000023606299999999998	0	0	0	0	0	0	0.00000393439	0.0000196719	0	0.000011803199999999999	0	0	0	0.0000196719	0	0.000007868770000000001	0	0.000007868770000000001	0	0.00000393439	0.00000393439	0.0000432782	0.000192785
FGC2634_s_1_1_ACCGTTACAA-CTCATAGCGA_FGC2634_s_1_2_ACCGTTACAA-CTCATAGCGA	0.014169200000000002	0	0.000109274	0.0000156106	0.00000520354	0.00051515	0.00021334499999999998	0.0000156106	0	0.0000312212	0	0	0	0.0015766699999999999	0	0	0	0	0	0	0	0	0	0.0007232909999999999	0	0	0	0	0	0	0	0	0	0	0	0.000067646	0.0000156106	0	0	0	0	0	0.00105111	0	0	0	0	0	0	0	0.000889805	0	0.00000520354	0	0	0	0.0000936636	0.0000104071	0	0	0	0	0	0	0	0.0000468318	0	0.0000104071	0.0000104071	0.000910619	0.00000520354	0.0000728495	0.00000520354	0.00359564	0.000109274	0	0.0000520354	0	0	0	0.00000520354	0	0	0	0.00000520354	0.00000520354	0.0000156106	0	0	0	0.00000520354	0	0.00000520354	0	0.0000104071	0	0.00000520354	0	0.0000520354	0.00023415899999999998
FGC2634_s_1_1_ACGCCTTGTT-TAAGGAACGT_FGC2634_s_1_2_ACGCCTTGTT-TAAGGAACGT	0.013972299999999998	0	0.00012133	0.0000048531900000000005	0.0000048531900000000005	0.0006697399999999999	0.00021354	0	0	0.0000339723	0	0	0	0.00133463	0	0	0	0	0	0	0	0	0	0.000635768	0	0	0	0	0	0	0	0	0	0	0	0.0000485319	0.0000194128	0	0	0	0	0	0.00102888	0	0	0	0	0	0	0	0.000708566	0.0000048531900000000005	0	0.000009706380000000001	0	0.0000339723	0.00007765099999999999	0.0000485319	0	0.000009706380000000001	0	0	0	0	0	0.0000582383	0.0000048531900000000005	0.000029119099999999997	0.0000145596	0.0008687209999999999	0.0000048531900000000005	0.0000533851	0.000009706380000000001	0.0033487	0.0000727978	0	0.0000533851	0	0	0	0	0	0	0.000009706380000000001	0.0000145596	0	0.0000145596	0	0	0	0.0000242659	0	0.0000048531900000000005	0	0.0000194128	0	0	0.000009706380000000001	0.0000436787	0.000237806
FGC2634_s_1_1_ACGGTCAGGA-CGGCCTCGTT_FGC2634_s_1_2_ACGGTCAGGA-CGGCCTCGTT	0.0138355	0	0.000118146	0	0.00000621819	0.000646692	0.000198982	0	0	0.0000497455	0	0	0	0.00146127	0	0	0	0	0	0	0	0	0	0.000634255	0	0	0	0	0	0	0	0	0	0	0	0.000031091000000000004	0.000012436399999999998	0	0	0	0	0	0.0010570900000000001	0	0	0	0	0	0	0	0.0006902189999999999	0	0.00000621819	0	0	0.000012436399999999998	0.0000870547	0.000012436399999999998	0	0	0	0	0	0	0	0.0000497455	0	0.00000621819	0	0.0008208010000000001	0.000012436399999999998	0.000055963699999999994	0	0.00341379	0.000055963699999999994	0	0.00000621819	0	0	0	0	0	0	0	0.000012436399999999998	0	0	0.00000621819	0	0	0.000012436399999999998	0	0.00000621819	0	0.000024872799999999997	0	0	0.00000621819	0.000024872799999999997	0.00014923699999999998
FGC2634_s_1_1_ACTCGGCAAT-GACAACTGAA_FGC2634_s_1_2_ACTCGGCAAT-GACAACTGAA	0.014411799999999999	0	0.000127916	0	0.00000532982	0.000660898	0.000245172	0.0000106596	0	0.0000213193	0	0	0	0.0015616399999999998	0	0	0	0	0	0	0	0	0	0.000660898	0	0	0	0	0	0	0	0	0	0	0	0.0000426386	0.0000159895	0	0	0	0	0	0.000991346	0	0	0	0	0	0	0	0.000772824	0	0.0000106596	0.0000106596	0	0.0000106596	0.0000746175	0.0000266491	0	0	0	0	0	0	0	0.0000532982	0	0.0000159895	0.00000532982	0.0009540379999999999	0	0.0000319789	0.0000213193	0.00354433	0.0000852771	0.00000532982	0.0000373087	0	0	0	0.0000106596	0	0	0	0.00000532982	0.00000532982	0.0000159895	0	0	0	0.0000213193	0	0.00000532982	0	0.0000266491	0	0	0	0.000058627999999999995	0.00021852299999999998
FGC2634_s_1_1_ACTCTATTGT-ATCGCATATG_FGC2634_s_1_2_ACTCTATTGT-ATCGCATATG	0.014621799999999999	0	0.000092837	0.0000232093	0.0000174069	0.000562825	0.000266906	0.0000116046	0	0.0000232093	0	0	0	0.0012533	0	0	0	0	0	0	0	0	0	0.0007543010000000001	0	0	0	0	0	0	0	0	0	0	0	0.0000464185	0	0	0	0	0	0	0.00105602	0	0	0	0	0	0	0	0.000731092	0	0.00000580232	0	0	0.0000290116	0.000127651	0.0000290116	0	0	0	0	0	0	0	0.0000580232	0	0.0000116046	0.0000116046	0.000783313	0	0.0000870347	0.0000116046	0.00341176	0.00005222079999999999	0	0.0000290116	0	0	0	0.00000580232	0	0	0	0.0000174069	0	0.0000174069	0	0.00000580232	0	0.0000232093	0	0	0	0.0000348139	0	0	0	0.0000232093	0.000185674
FGC2634_s_1_1_ACTGGATCTA-TCGCCGCTAG_FGC2634_s_1_2_ACTGGATCTA-TCGCCGCTAG	0.014396299999999999	0	0.000114995	0.00000547597	0	0.000547597	0.000235467	0.000010951900000000001	0	0.000060235599999999996	0	0	0	0.00136352	0	0	0	0	0	0	0	0	0	0.000635212	0	0	0	0	0	0	0	0	0	0	0	0.000038331800000000005	0.000010951900000000001	0	0	0	0	0	0.00108972	0	0	0	0	0	0	0	0.000777587	0.000016427900000000002	0.00000547597	0.000016427900000000002	0.00000547597	0.000027379799999999998	0.000109519	0.000049283700000000004	0	0.000016427900000000002	0	0	0.00000547597	0	0	0.0000547597	0	0.000010951900000000001	0.000016427900000000002	0.0010568600000000002	0	0.0000766635	0.000010951900000000001	0.00359223	0.00009309140000000001	0	0.0000876155	0	0	0	0	0.00000547597	0	0.00000547597	0.000021903900000000002	0.00000547597	0.000010951900000000001	0	0	0	0.000038331800000000005	0	0.00000547597	0	0.000010951900000000001	0	0.00000547597	0.000010951900000000001	0.0000711876	0.00016427899999999998
FGC2634_s_1_1_ACTTCAAGCG-GAACCATGAA_FGC2634_s_1_2_ACTTCAAGCG-GAACCATGAA	0.0138481	0	0.000125835	0.0000188752	0.00000629173	0.000566255	0.000245377	0.0000188752	0	0.000012583499999999999	0	0	0	0.00149114	0	0	0	0	0	0	0	0	0	0.000717257	0	0	0	0	0	0	0	0.00000629173	0	0	0	0.000031458600000000004	0.00000629173	0	0	0	0	0	0.000950051	0	0	0	0	0	0	0.00000629173	0.000887133	0	0.00000629173	0	0	0.00000629173	0.00008179239999999999	0.0000251669	0	0	0	0	0	0	0	0.0000377504	0	0.000031458600000000004	0.00000629173	0.0008619669999999999	0	0.0000503338	0.00000629173	0.00346674	0.0000566255	0	0.0000629173	0	0	0	0.00000629173	0	0	0.00000629173	0.000012583499999999999	0	0.00000629173	0	0	0	0.0000251669	0	0.00000629173	0	0	0	0	0	0.00006920900000000001	0.000188752
FGC2634_s_1_1_AGAGGCAACC-CTAATGATGG_FGC2634_s_1_2_AGAGGCAACC-CTAATGATGG	0.014028500000000001	0	0.0000834535	0.0000166907	0	0.0005591379999999999	0.000216979	0.00000834535	0	0.0000417267	0	0	0	0.00150216	0	0	0	0	0	0	0	0	0	0.000751081	0	0	0	0	0	0	0	0.00000834535	0	0	0	0.000058417399999999994	0.00000834535	0	0	0	0	0	0.00104317	0	0	0	0	0	0	0	0.000792808	0	0.00000834535	0.00000834535	0	0.000025036000000000002	0.000158562	0.0000417267	0	0	0	0	0	0	0	0.0000417267	0	0.0000166907	0	0.000759427	0	0.0000917988	0	0.00388059	0.00010014400000000001	0	0.000025036000000000002	0	0	0	0	0	0	0	0	0	0	0	0	0	0.000025036000000000002	0	0	0	0	0	0	0	0.0000667628	0.00020863400000000002
FGC2634_s_1_1_AGGTCAGATA-CTACAAGATA_FGC2634_s_1_2_AGGTCAGATA-CTACAAGATA	0.014195399999999999	0	0.00010978000000000001	0.0000168893	0.0000168893	0.000658681	0.00021956000000000002	0	0	0.000050667799999999996	0	0	0	0.0014693599999999999	0	0	0	0	0	0	0	0	0	0.0007937950000000001	0	0	0	0	0	0	0	0	0	0	0	0.0000422231	0.00000844463	0	0	0	0	0	0.0011822500000000001	0	0	0	0	0	0	0	0.0008022390000000001	0.00000844463	0	0	0	0	0.00010978000000000001	0.00000844463	0	0	0	0	0	0	0	0.00006755699999999999	0.00000844463	0.000050667799999999996	0.00000844463	0.0007346820000000001	0	0.00008444629999999999	0	0.0033609599999999996	0.00010133600000000001	0	0.000050667799999999996	0	0	0	0	0	0	0.0000168893	0.000025333899999999998	0	0	0	0	0	0.0000168893	0	0	0	0	0	0	0	0.0000591124	0.00023645
FGC2634_s_1_1_AGTCAGACGA-ACCAGCGACA_FGC2634_s_1_2_AGTCAGACGA-ACCAGCGACA	0.0151769	0	0.00013177099999999998	0.00000775121	0.00000775121	0.000635599	0.000201532	0.00000775121	0	0.0000697609	0	0	0	0.0016200000000000001	0	0	0	0	0	0	0	0	0	0.0007673700000000001	0	0	0	0	0	0	0	0	0	0	0	0.0000387561	0	0	0	0	0	0	0.00106967	0	0	0	0	0	0	0	0.000837131	0	0.00000775121	0	0.00000775121	0.0000232536	0.0000775121	0.0000310048	0	0	0	0	0	0	0	0.0000620097	0	0.0000155024	0.0000155024	0.000852633	0	0.0000387561	0	0.00362757	0.000139522	0	0.0000465073	0	0	0	0.00000775121	0	0	0	0.0000232536	0	0.0000155024	0	0	0	0.0000232536	0	0.0000155024	0	0	0	0.00000775121	0	0.0000620097	0.00019377999999999998
FGC2634_s_1_1_AGTGTTGCAC-CTGGTACACG_FGC2634_s_1_2_AGTGTTGCAC-CTGGTACACG	0.014448099999999998	0	0.0000873152	0.0000308171	0.0000102724	0.000611207	0.000179767	0	0	0.0000564981	0	0	0	0.00132514	0	0	0	0	0	0	0	0	0	0.000652296	0	0	0	0	0	0	0	0	0	0	0	0.0000359533	0.00000513619	0	0	0	0	0	0.0009347870000000001	0	0	0	0	0	0	0	0.0007807010000000001	0	0	0	0.0000102724	0.0000308171	0.0000616343	0.0000410895	0	0	0	0	0	0	0	0.0000205448	0.00000513619	0.0000102724	0.0000154086	0.000837199	0	0.0000410895	0.00000513619	0.00329743	0.00007704290000000001	0	0.0000308171	0	0	0	0	0	0	0	0.0000102724	0	0.0000102724	0	0	0	0.0000205448	0	0	0	0.0000308171	0	0	0	0.0000359533	0.000169494
FGC2634_s_1_1_ATGGTTGACT-GGCCTGTCCT_FGC2634_s_1_2_ATGGTTGACT-GGCCTGTCCT	0.013585299999999998	0	0.000137153	0.0000216557	0	0.000534173	0.00022377499999999998	0.00000721856	0	0.0000216557	0	0	0	0.0014148399999999999	0	0	0	0	0	0	0	0	0	0.000707419	0	0	0	0	0	0	0	0	0	0	0	0.0000433113	0.0000144371	0	0	0	0	0	0.00112609	0	0	0	0	0	0	0.00000721856	0.000873445	0.00000721856	0	0	0	0.0000144371	0.000115497	0.0000433113	0	0	0	0	0	0	0	0.000050529900000000006	0	0.0000360928	0.00000721856	0.0008301340000000001	0	0.0000794041	0.00000721856	0.0035082200000000003	0.0000721856	0	0.0000360928	0	0	0	0	0	0	0.00000721856	0.0000144371	0.00000721856	0.00000721856	0	0	0	0.00000721856	0	0.00000721856	0	0.0000144371	0	0	0	0.0000433113	0.000259868
FGC2634_s_1_1_ATTCCATAAG-TGCCTGGTGG_FGC2634_s_1_2_ATTCCATAAG-TGCCTGGTGG	0.0140816	0	0.00010489100000000001	0.0000131114	0	0.0005047879999999999	0.000190115	0.000032778500000000005	0	0.0000458898	0	0	0	0.00142259	0	0	0	0	0	0	0	0	0	0.000688348	0	0	0	0	0	0	0	0	0	0	0	0.0000196671	0.0000196671	0	0	0	0	0	0.00111447	0	0	0.000006555690000000001	0	0	0	0	0.000734237	0.000006555690000000001	0	0.000006555690000000001	0	0.0000196671	0.0000983354	0.0000196671	0	0.000006555690000000001	0	0	0	0	0	0.000032778500000000005	0.0000131114	0	0.000006555690000000001	0.000845684	0	0.000052445500000000005	0.000006555690000000001	0.00337618	0.000111447	0	0.000032778500000000005	0	0.000006555690000000001	0	0	0	0	0.000006555690000000001	0.0000131114	0	0	0	0	0	0.0000196671	0	0	0	0.0000196671	0	0	0.000006555690000000001	0.0000655569	0.000124558
FGC2634_s_1_1_CAATCGGCTG-GCTGTAGGAA_FGC2634_s_1_2_CAATCGGCTG-GCTGTAGGAA	0.014156100000000001	0	0.000109648	0.0000230837	0	0.0006059479999999999	0.00017312799999999999	0.0000230837	0	0.0000461674	0	0	0	0.00129846	0	0	0	0	0	0	0	0	0	0.0008367849999999999	0	0	0	0	0	0	0	0	0	0	0	0.00006925119999999999	0.000017312799999999998	0	0	0	0	0	0.00119458	0	0	0	0	0	0	0	0.000738679	0.00000577093	0.0000115419	0	0	0.0000115419	0.0000750221	0.0000115419	0	0	0	0	0	0	0	0.0000981058	0	0.0000115419	0	0.0008887230000000001	0.00000577093	0.000051938400000000004	0	0.00354335	0.0000981058	0	0.000034625599999999996	0	0	0	0.00000577093	0	0	0.00000577093	0.0000403965	0	0	0	0	0	0.0000461674	0	0	0	0.00000577093	0	0	0	0.000034625599999999996	0.000132731
FGC2634_s_1_1_CACAATAGGA-TCCATCCGAG_FGC2634_s_1_2_CACAATAGGA-TCCATCCGAG	0.014962	0	0.00011028499999999999	0.0000220569	0.0000073523200000000004	0.000522014	0.000124989	0.0000220569	0	0.00011763700000000001	0	0	0	0.00128666	0	0	0	0	0	0	0	0	0	0.000669061	0	0	0	0	0	0	0	0	0	0	0	0.0000294093	0.0000294093	0	0	0	0	0	0.00107344	0	0	0	0	0	0	0	0.000676413	0	0.0000073523200000000004	0	0.0000073523200000000004	0.0000073523200000000004	0.0000735232	0.0000220569	0	0	0	0	0	0	0	0.0000735232	0	0.0000220569	0.0000220569	0.000948449	0	0.000051466200000000005	0	0.00329384	0.00008822780000000001	0	0.000058818500000000006	0	0	0	0	0	0	0.0000073523200000000004	0.0000073523200000000004	0.0000073523200000000004	0.0000073523200000000004	0	0	0	0.0000220569	0	0.0000073523200000000004	0	0	0	0.0000073523200000000004	0	0.0000735232	0.000176456
FGC2634_s_1_1_CAGCCGCGTA-ACTAGCCGTG_FGC2634_s_1_2_CAGCCGCGTA-ACTAGCCGTG	0.014143000000000001	0	0.00009917970000000002	0.00000495898	0.00000495898	0.000575242	0.0001934	0.0000198359	0	0.000029753899999999996	0	0	0	0.00142819	0	0	0	0	0	0	0	0	0	0.000654586	0	0	0	0	0	0	0	0	0	0	0	0.00005950779999999999	0.00000495898	0	0	0	0	0	0.00102155	0	0	0	0	0	0	0	0.000763683	0	0.00000495898	0	0.00000495898	0.00000991797	0.0000743848	0.000029753899999999996	0	0	0	0	0	0	0	0.0000694258	0.00000495898	0.0000198359	0.00000495898	0.000947166	0.000014877	0.0000396719	0	0.00342666	0.0000793437	0	0.0000446309	0	0	0	0.00000495898	0	0	0	0.00000991797	0	0.00000991797	0	0	0	0.00000495898	0	0.00000991797	0	0.00000991797	0	0.00000495898	0.00000495898	0.000049589800000000004	0.00020827699999999998
FGC2634_s_1_1_CAGTGGCACT-TAACAATAGG_FGC2634_s_1_2_CAGTGGCACT-TAACAATAGG	0.0143169	0	0.00011947899999999999	0.0000205999	0.000008239949999999999	0.000671556	0.000210119	0.000008239949999999999	0	0.0000494397	0	0	0	0.00140079	0	0	0	0	0	0	0	0	0	0.000605636	0	0	0	0	0	0	0	0	0	0	0	0.0000247198	0.000008239949999999999	0	0	0	0	0	0.00100527	0	0	0	0	0	0	0	0.000692156	0	0	0.00000411997	0	0.0000247198	0.0000576796	0.0000288398	0	0.00000411997	0	0	0	0	0	0.0000700396	0.00000411997	0.000008239949999999999	0	0.0008363550000000001	0	0.0000494397	0	0.00351846	0.0000823995	0	0.0000411997	0	0.00000411997	0.00000411997	0	0	0	0	0	0.000008239949999999999	0	0	0	0	0.0000411997	0	0.00000411997	0	0.0000205999	0	0	0.00000411997	0.0000494397	0.000115359
FGC2634_s_1_1_CATTAGTGCG-TGACTACATA_FGC2634_s_1_2_CATTAGTGCG-TGACTACATA	0.014239	0	0.000125581	0.0000048300500000000005	0	0.000710017	0.00022218200000000002	0	0	0.0000338104	0	0	0	0.0013475800000000001	0	0	0	0	0	0	0	0	0	0.000627907	0	0	0	0	0	0	0	0.0000048300500000000005	0	0	0	0.0000241503	0.0000048300500000000005	0	0	0	0	0	0.00100465	0	0	0	0	0	0	0	0.000724508	0	0	0	0	0.0000048300500000000005	0.0000869409	0.000019320200000000002	0	0	0	0	0	0	0	0.000053130599999999996	0	0.000009660100000000001	0.000009660100000000001	0.0008742390000000001	0.0000048300500000000005	0.000038640400000000004	0.0000048300500000000005	0.00351628	0.000038640400000000004	0	0.000019320200000000002	0	0	0	0.0000048300500000000005	0	0	0	0.0000144902	0.0000048300500000000005	0.0000048300500000000005	0	0	0	0.0000241503	0	0.0000048300500000000005	0	0.000009660100000000001	0	0.0000048300500000000005	0	0.000057960599999999995	0.000198032
FGC2634_s_1_1_CCACCAGGCA-CTTATGGAAT_FGC2634_s_1_2_CCACCAGGCA-CTTATGGAAT	0.0136534	0	0.000114114	0.0000134252	0	0.000563859	0.000241654	0.00000671261	0	0.0000671261	0	0	0	0.0013559499999999999	0	0	0	0	0	0	0	0	0	0.0005772840000000001	0	0	0	0	0	0	0	0.00000671261	0	0	0	0.0000738387	0.00000671261	0	0	0	0	0	0.0010068899999999999	0	0	0	0	0	0	0.00000671261	0.0007786620000000001	0.0000134252	0	0	0.00000671261	0.0000268504	0.0000805513	0.000033563	0	0	0	0	0	0	0	0.0000671261	0	0.0000134252	0.00000671261	0.000845788	0	0.0000268504	0.00000671261	0.00349055	0.000114114	0	0.000046988200000000005	0	0	0	0	0	0	0.00000671261	0.0000134252	0.00000671261	0.0000134252	0	0	0	0.0000201378	0	0	0	0.00000671261	0	0	0	0.0000671261	0.00012754000000000002
FGC2634_s_1_1_CCATCATTAG-GGTTGCCTCT_FGC2634_s_1_2_CCATCATTAG-GGTTGCCTCT	0.0125747	0	0.000166663	0.00000833316	0.00000833316	0.0004999900000000001	0.000149997	0.0000249995	0	0.000058332100000000003	0	0	0	0.00117498	0	0	0	0	0	0	0	0	0	0.000666653	0	0	0	0	0	0	0	0	0	0	0	0.0000249995	0	0	0	0	0	0	0.000933314	0	0	0	0	0	0	0	0.000666653	0.0000166663	0	0.00000833316	0	0.000041665800000000003	0.0000333326	0.000058332100000000003	0	0.00000833316	0	0	0	0	0	0.000049999	0	0.000049999	0	0.000649986	0	0.0000249995	0.00000833316	0.0032082699999999996	0.00009999790000000001	0	0.0000666653	0	0	0	0	0	0	0	0.00000833316	0	0.0000249995	0	0	0	0.0000333326	0	0	0	0.0000249995	0	0	0	0.00008333160000000001	0.000116664
FGC2634_s_1_1_CCATCTCGCC-TTCTATGGTT_FGC2634_s_1_2_CCATCTCGCC-TTCTATGGTT	0.0140366	0	0.000124276	0.000039245	0	0.00055597	0.000170062	0	0	0.0000523266	0	0	0	0.00121005	0	0	0	0	0	0	0	0	0	0.000673705	0	0	0	0	0	0	0	0	0	0	0	0.0000523266	0.0000130817	0	0	0	0	0	0.0010727	0	0	0	0	0	0	0	0.000726032	0	0	0	0	0.0000130817	0.000104653	0.0000261633	0	0	0	0	0	0	0	0.0000588674	0	0.0000196225	0.0000130817	0.000837226	0	0.0000654083	0.0000261633	0.00312652	0.0000915716	0	0.000039245	0	0	0.0000065408300000000005	0	0	0	0	0.0000130817	0	0.0000261633	0	0	0	0	0	0.0000130817	0	0.0000261633	0	0	0	0.0000457858	0.000143898
FGC2634_s_1_1_CCGTATGTTC-CATACACTGT_FGC2634_s_1_2_CCGTATGTTC-CATACACTGT	0.013302999999999999	0	0.00011501199999999999	0	0	0.0006421479999999999	0.000162933	0.0000287529	0	0.000038337199999999996	0	0	0	0.00125554	0	0	0	0	0	0	0	0	0	0.0006229790000000001	0	0	0	0	0	0	0	0	0	0	0	0.0000575058	0.000009584299999999999	0	0	0	0	0	0.000948845	0	0	0	0	0	0	0	0.0007188219999999999	0.000009584299999999999	0	0	0.000009584299999999999	0	0.000038337199999999996	0	0	0	0	0	0	0	0	0.0000670901	0	0.0000479215	0.000009584299999999999	0.000862587	0	0.000019168599999999998	0	0.0032490799999999997	0.00012459599999999998	0	0.0000670901	0	0	0	0	0	0	0.000009584299999999999	0.000009584299999999999	0	0.000019168599999999998	0	0	0	0.000038337199999999996	0	0.000009584299999999999	0	0.000019168599999999998	0	0.000009584299999999999	0	0.0000670901	0.00020126999999999998
FGC2634_s_1_1_CCTCCGTCCA-CACATCGGTG_FGC2634_s_1_2_CCTCCGTCCA-CACATCGGTG	0.0137802	0	0.00011971800000000001	0.000018902799999999998	0	0.000567085	0.00020163	0.0000126019	0	0.0000378057	0	0	0	0.00127909	0	0	0	0	0	0	0	0	0	0.000718308	0	0	0	0	0	0	0	0.00000630095	0	0	0	0.0000252038	0.00000630095	0	0	0	0	0	0.00118458	0	0	0	0	0	0	0	0.000630095	0	0	0	0	0.000018902799999999998	0.0000819123	0.00000630095	0	0	0	0	0	0	0	0.0000630095	0	0.00000630095	0	0.0008065209999999999	0	0.0000630095	0.00000630095	0.003308	0.0000756114	0	0.0000252038	0	0	0	0	0	0	0	0	0	0.00000630095	0	0	0	0.0000252038	0	0	0	0.00000630095	0	0	0	0.0000630095	0.000100815
FGC2634_s_1_1_CCTCTACATG-GATACCTCCT_FGC2634_s_1_2_CCTCTACATG-GATACCTCCT	0.013804799999999999	0	0.000117251	0.0000123422	0.000006171109999999999	0.000672651	0.00022216	0.0000246844	0	0.000037026599999999995	0	0	0	0.00138233	0	0	0	0	0	0	0	0	0	0.000728191	0	0	0	0	0	0	0.000006171109999999999	0.000006171109999999999	0	0	0	0.00008639550000000001	0.0000246844	0	0	0	0	0	0.0011046299999999999	0	0	0	0	0	0	0	0.000746704	0	0.0000123422	0.000006171109999999999	0.000006171109999999999	0.000018513299999999998	0.000135764	0.000037026599999999995	0	0	0	0	0	0	0	0.0000678822	0.000006171109999999999	0.000006171109999999999	0.000018513299999999998	0.0007713879999999999	0.000006171109999999999	0.0000740533	0.000018513299999999998	0.0036903200000000004	0.0000925666	0	0.00005554	0	0	0	0.000006171109999999999	0	0	0.000006171109999999999	0.0000246844	0	0.0000123422	0	0	0	0.000018513299999999998	0	0.0000123422	0	0.0000123422	0	0.000006171109999999999	0	0.00005554	0.000160449
FGC2634_s_1_1_CCTGTCTGTC-ACTGTTGTGA_FGC2634_s_1_2_CCTGTCTGTC-ACTGTTGTGA	0.0140319	0	0.00012110699999999999	0.000011009699999999999	0.00000550487	0.000572507	0.000247719	0.000011009699999999999	0	0.0000605536	0	0	0	0.00141475	0	0	0	0	0	0	0	0	0	0.000781692	0	0	0	0	0	0	0	0	0	0	0	0.000044038999999999996	0.000011009699999999999	0	0	0	0	0	0.00110648	0	0	0	0	0	0	0	0.0008587600000000001	0	0.00000550487	0	0	0.000011009699999999999	0.000170651	0.000027524400000000004	0	0	0	0	0	0	0	0.0000660584	0	0.000011009699999999999	0.000022019499999999998	0.0008807789999999999	0.00000550487	0.0000550487	0.00000550487	0.00355615	0.0000935828	0	0.0000605536	0	0	0	0	0	0	0.00000550487	0.000011009699999999999	0.00000550487	0.000011009699999999999	0	0	0	0.000011009699999999999	0	0	0	0.000022019499999999998	0	0.00000550487	0.00000550487	0.0000770682	0.00020918500000000002
FGC2634_s_1_1_CGACATCCGA-TACGTTCATT_FGC2634_s_1_2_CGACATCCGA-TACGTTCATT	0.014636	0	0.0000800218	0.0000160044	0.00000800218	0.0006881880000000001	0.000296081	0.0000160044	0	0.00006401740000000001	0	0	0	0.00165645	0	0	0	0	0	0	0	0	0	0.000760207	0	0	0	0	0	0	0	0	0	0	0	0.0000240065	0	0	0	0	0	0	0.00123234	0	0	0	0	0	0	0	0.0008882419999999999	0	0	0	0	0.0000240065	0.000120033	0.0000160044	0	0	0	0	0	0	0	0.0000160044	0	0.000032008700000000004	0.00000800218	0.0008482310000000001	0	0.000088024	0	0.0034409400000000004	0.0000400109	0	0.00000800218	0	0	0	0.00000800218	0	0	0.00000800218	0	0	0	0	0	0	0.0000240065	0	0	0	0.0000160044	0	0	0	0.0000160044	0.000192052
FGC2634_s_1_1_CGAGGCCAAG-GTGTTACCGG_FGC2634_s_1_2_CGAGGCCAAG-GTGTTACCGG	0.013299199999999999	0	0.000104415	0.00000549552	0	0.00044513699999999996	0.000153875	0.0000219821	0	0.0000329731	0	0	0	0.0013079300000000001	0	0	0	0	0	0	0	0	0	0.0007583819999999999	0	0	0	0	0	0	0	0	0	0	0	0.0000659463	0.000027477600000000003	0	0	0	0	0	0.00108811	0	0	0	0	0	0	0	0.0007364	0	0.0000164866	0.00000549552	0.00000549552	0.0000164866	0.0000714418	0.0000329731	0	0.00000549552	0	0	0	0	0	0.000027477600000000003	0	0.0000439642	0	0.0007638780000000001	0	0.0000659463	0.00000549552	0.00344569	0.00007693729999999999	0	0.000049459700000000004	0	0	0	0.000010991	0	0	0.00000549552	0.00000549552	0	0	0	0	0	0.0000219821	0	0	0	0.00000549552	0	0	0.00000549552	0.0000604508	0.000192343
FGC2634_s_1_1_CGGTTACGGC-AAGACTATAG_FGC2634_s_1_2_CGGTTACGGC-AAGACTATAG	0.014325500000000001	0	0.000148735	0.0000156563	0	0.000618423	0.000234844	0.0000234844	0	0.0000626251	0	0	0	0.00143255	0	0	0	0	0	0	0	0	0	0.0007045329999999999	0	0	0	0	0	0	0	0.00000782814	0	0	0	0.0000234844	0.0000156563	0	0	0	0	0	0.00100983	0	0	0	0	0	0	0.00000782814	0.0007749860000000001	0.0000234844	0	0.00000782814	0.00000782814	0.0000234844	0.0000939377	0.0000391407	0.00000782814	0	0	0	0	0	0	0.0000391407	0	0.0000234844	0.00000782814	0.0007358449999999999	0	0.0000313126	0.00000782814	0.0034991799999999997	0.00008610949999999999	0	0.0000391407	0	0	0	0	0	0	0	0.0000234844	0	0.0000156563	0	0.00000782814	0	0.0000313126	0	0	0	0.0000313126	0	0	0	0.0000626251	0.000234844
FGC2634_s_1_1_CGTTATTCTA-CCATAAGGTT_FGC2634_s_1_2_CGTTATTCTA-CCATAAGGTT	0.013066099999999999	0	0.000104112	0.0000115681	0	0.000468506	0.000242929	0.0000115681	0	0.0000694083	0	0	0	0.00139395	0	0	0	0	0	0	0	0	0	0.000601539	0	0	0	0	0	0	0	0	0	0	0	0.000052056200000000005	0.0000173521	0	0	0	0	0	0.0010064199999999998	0	0	0	0	0	0	0	0.0008560360000000001	0	0.0000057840299999999996	0.0000057840299999999996	0	0.0000115681	0.0000809764	0.0000462722	0	0	0	0	0	0	0	0.0000694083	0.0000057840299999999996	0.0000289201	0.0000057840299999999996	0.0008213319999999999	0	0.0000404882	0.0000057840299999999996	0.0034935499999999998	0.00009832849999999999	0	0.0000751924	0	0	0	0.0000115681	0	0	0.0000115681	0.0000115681	0	0.0000173521	0	0	0	0.0000231361	0	0	0	0	0	0	0	0.000052056200000000005	0.000225577
FGC2634_s_1_1_CTAGTGCTCT-TGGAACAGTA_FGC2634_s_1_2_CTAGTGCTCT-TGGAACAGTA	0.014733300000000001	0	0.000140169	0.0000103829	0	0.000597016	0.000243998	0	0	0.0000311486	0	0	0	0.00147956	0	0	0	0	0	0	0	0	0	0.000664504	0	0	0	0	0	0	0	0	0	0	0	0.0000363401	0.0000103829	0	0	0	0	0	0.00105386	0	0	0	0	0	0	0	0.0008721619999999999	0.00000519144	0	0.00000519144	0.00000519144	0	0.0000674887	0.0000155743	0	0	0	0	0	0	0	0.0000519144	0	0.0000155743	0.0000155743	0.000887736	0	0.0000363401	0.00000519144	0.0035717099999999996	0.000119403	0	0.0000622973	0	0	0	0	0	0	0	0.00000519144	0.00000519144	0.0000103829	0	0	0	0.0000103829	0	0.00000519144	0	0	0	0	0	0.0000674887	0.000223232
FGC2634_s_1_1_CTATTACTAC-GAGTCTCTCC_FGC2634_s_1_2_CTATTACTAC-GAGTCTCTCC	0.015145800000000001	0	0.0000622431	0.0000069159	0	0.00044953300000000006	0.000165982	0.0000138318	0	0.0000207477	0	0	0	0.00136935	0	0	0	0	0	0	0	0	0	0.000760749	0	0	0	0	0	0	0	0	0	0	0	0.0000414954	0.0000138318	0	0	0	0	0	0.00107196	0	0	0	0	0	0	0	0.000650094	0	0	0	0	0.0000207477	0.0000829908	0.0000276636	0	0	0	0	0	0	0	0.0000622431	0	0.0000138318	0	0.000947478	0	0.0000484113	0.0000069159	0.00335421	0.0000553272	0	0.0000345795	0	0	0	0	0	0	0.0000138318	0.0000138318	0	0.0000069159	0	0	0	0.0000276636	0	0.0000138318	0	0.0000276636	0	0	0.0000138318	0.0000345795	0.000179813
FGC2634_s_1_1_CTGCGAGCCA-AATCCGGCCA_FGC2634_s_1_2_CTGCGAGCCA-AATCCGGCCA	0.0147889	0	0.00008761170000000001	0.0000058407799999999995	0.0000058407799999999995	0.0005081479999999999	0.00022195	0.0000175223	0	0.0000116816	0	0	0	0.00155365	0	0	0	0	0	0	0	0	0	0.000683371	0	0	0	0	0	0	0	0	0	0	0	0	0.0000175223	0	0	0	0	0	0.00106302	0	0	0	0	0	0	0.0000116816	0.000800187	0.0000116816	0	0	0	0	0.0000642486	0.0000116816	0	0	0	0	0	0	0	0.0000233631	0	0.0000116816	0.0000058407799999999995	0.0008527540000000001	0	0.000052567	0.0000116816	0.0035803999999999996	0.0000759302	0	0.0000467262	0	0.0000058407799999999995	0	0	0	0	0	0.0000116816	0	0.0000058407799999999995	0	0	0	0.0000058407799999999995	0	0	0	0	0	0	0	0.0000584078	0.000169383
FGC2634_s_1_1_CTTGCCATTA-ATCACGAAGG_FGC2634_s_1_2_CTTGCCATTA-ATCACGAAGG	0.0132928	0	0.000129897	0.0000123711	0	0.000556701	0.000154639	0.0000123711	0	0.0000371134	0	0	0	0.0013175300000000001	0	0	0	0	0	0	0	0	0	0.000649485	0	0	0	0	0	0	0	0	0	0	0	0.0000371134	0.0000123711	0	0	0	0	0	0.0010268	0	0	0	0	0	0	0.00000618557	0.0007917530000000001	0	0	0	0	0.0000123711	0.00010515499999999999	0.0000371134	0	0	0	0	0	0	0	0.0000556701	0	0.0000371134	0	0.0007917530000000001	0	0.0000494845	0	0.0033030900000000003	0.0000680412	0	0.0000371134	0	0	0	0	0	0	0.0000123711	0.0000123711	0	0	0	0	0	0.000024742300000000002	0	0	0	0.0000123711	0	0	0	0.000043299	0.000154639
FGC2634_s_1_1_GAACTGAGCG-TCGTGGAGCG_FGC2634_s_1_2_GAACTGAGCG-TCGTGGAGCG	0.0149603	0	0.00013593400000000002	0.000015103800000000001	0	0.000611703	0.00023410800000000002	0.00000755189	0	0.0000906226	0	0	0	0.0016236599999999999	0	0	0	0	0	0	0	0	0	0.00067967	0	0	0	0	0	0	0	0	0	0	0	0.0000604151	0.000015103800000000001	0	0	0	0	0	0.0012082999999999998	0	0	0.00000755189	0	0	0	0	0.0007400849999999999	0.00000755189	0.00000755189	0.00000755189	0	0.0000226557	0.0000755189	0.0000226557	0	0.00000755189	0	0	0	0	0	0.000052863200000000006	0.00000755189	0.0000302075	0.00000755189	0.0008684669999999999	0	0.0000302075	0.000015103800000000001	0.00348897	0.0000906226	0	0.0000226557	0	0	0	0.00000755189	0	0	0	0.00000755189	0.00000755189	0.0000226557	0	0	0	0.0000302075	0	0	0	0.00000755189	0	0	0.00000755189	0.0000302075	0.000196349
FGC2634_s_1_1_GAAGCGGCAC-CGGCTCTACT_FGC2634_s_1_2_GAAGCGGCAC-CGGCTCTACT	0.0140227	0	0.0000867642	0.000012394899999999999	0.00000413163	0.000656929	0.00023963400000000002	0.00000826326	0	0.000028921399999999997	0	0	0	0.00149565	0	0	0	0	0	0	0	0	0	0.00068585	0	0	0	0	0	0	0	0.00000413163	0	0	0	0.0000371847	0.000012394899999999999	0	0	0	0	0	0.00101225	0	0	0	0	0	0	0.00000413163	0.0008676420000000001	0	0	0	0	0.0000165265	0.0000661061	0.000024789799999999998	0	0	0	0	0	0	0	0.0000743693	0	0.0000165265	0.00000413163	0.0008759050000000001	0	0.0000537112	0.00000826326	0.00368954	0.0000537112	0	0.000020658099999999998	0	0	0	0	0	0	0.000012394899999999999	0.000012394899999999999	0.00000413163	0.00000413163	0	0	0	0.000024789799999999998	0	0.00000413163	0	0.0000165265	0	0	0	0.000024789799999999998	0.00024789800000000003
FGC2634_s_1_1_GACACCATGT-TCAACGTGTA_FGC2634_s_1_2_GACACCATGT-TCAACGTGTA	0.0137166	0	0.000118354	0.000012458299999999999	0.00000622914	0.000585539	0.000168187	0	0	0.000031145699999999996	0	0	0	0.0016818699999999998	0	0	0	0	0	0	0	0	0	0.000666518	0	0	0	0	0	0	0	0	0	0	0	0.000049833099999999996	0.000012458299999999999	0	0	0	0	0	0.00101535	0	0	0	0	0	0	0.00000622914	0.000847162	0	0	0	0	0.000012458299999999999	0.000112124	0.000031145699999999996	0	0	0	0	0	0	0	0.000049833099999999996	0.00000622914	0.0000249165	0	0.000753725	0.00000622914	0.0000747496	0	0.00378109	0.00006229139999999999	0	0.00000622914	0	0.00000622914	0	0	0	0	0.00000622914	0.00000622914	0.00000622914	0.00000622914	0	0	0	0.000031145699999999996	0	0	0	0.000012458299999999999	0	0	0	0.0000373748	0.00020556100000000002
FGC2634_s_1_1_GACTGAGTAG-GTTGATAGTG_FGC2634_s_1_2_GACTGAGTAG-GTTGATAGTG	0.0135575	0	0.00011422799999999999	0.00000713926	0	0.0004926090000000001	0.000285571	0	0	0.0000214178	0	0	0	0.00124937	0	0	0	0	0	0	0	0	0	0.00057828	0	0	0	0	0	0	0	0	0	0	0	0.0000356963	0.00000713926	0	0	0	0	0	0.0010851699999999999	0	0	0	0	0	0	0	0.000792458	0.00000713926	0	0.00000713926	0.00000713926	0.00000713926	0.0000642534	0.0000285571	0	0	0	0	0	0	0	0.0000214178	0.00000713926	0	0.00000713926	0.000849572	0	0.0000285571	0.00000713926	0.0034554	0.00009994970000000001	0	0.0000499748	0	0	0	0	0	0	0	0	0.00000713926	0.00000713926	0	0	0	0.000014278499999999999	0	0	0	0.000014278499999999999	0	0	0	0.0000713926	0.00019276
FGC2634_s_1_1_GAGAATGGTT-TCGGCAGCAA_FGC2634_s_1_2_GAGAATGGTT-TCGGCAGCAA	0.014725400000000001	0	0.000101598	0.000019049699999999998	0	0.000679439	0.00024129600000000003	0.000012699800000000002	0	0.0000444493	0	0	0	0.0012509300000000001	0	0	0	0	0	0	0	0	0	0.000679439	0	0	0	0	0	0	0	0	0	0	0	0.000012699800000000002	0.000012699800000000002	0	0	0	0	0	0.000990583	0	0	0	0	0	0	0	0.000717538	0.00000634989	0	0.00000634989	0	0.0000317495	0.0000698488	0.000025399600000000003	0	0.00000634989	0	0	0.00000634989	0	0	0.000038099399999999996	0	0.00000634989	0	0.0008381860000000001	0	0.0000634989	0	0.0030924	0.0000507991	0	0.000012699800000000002	0	0	0.00000634989	0	0	0	0	0.00000634989	0	0.00000634989	0	0	0	0.000019049699999999998	0	0.00000634989	0	0.0000317495	0	0	0.00000634989	0.000019049699999999998	0.000152397
FGC2634_s_1_1_GAGTCATAGG-GTGTGGCGCT_FGC2634_s_1_2_GAGTCATAGG-GTGTGGCGCT	0.0131748	0	0.00009837199999999999	0.00000702657	0	0.000456727	0.00023187700000000002	0.0000351329	0	0.0000632392	0	0	0	0.0013491	0	0	0	0	0	0	0	0	0	0.00051294	0	0	0	0	0	0	0	0	0	0	0	0.0000210797	0.00000702657	0	0	0	0	0	0.0009134550000000001	0	0	0	0	0	0	0	0.0006956309999999999	0	0	0	0	0.00000702657	0.00008431890000000001	0.0000281063	0	0	0	0	0	0	0	0.00009134550000000001	0	0.000014053100000000001	0	0.00073779	0	0.00004918599999999999	0	0.00361869	0.0000632392	0	0.0000632392	0	0	0	0.00000702657	0	0	0	0.00000702657	0	0	0	0	0	0	0	0	0	0	0	0	0	0.0000632392	0.00018971800000000002
FGC2634_s_1_1_GATAGGCCGA-CGCACATGGC_FGC2634_s_1_2_GATAGGCCGA-CGCACATGGC	0.0152356	0	0.000155186	0	0	0.000492944	0.00022821499999999998	0	0	0	0	0	0	0.00133277	0	0	0	0	0	0	0	0	0	0.000885473	0	0	0	0	0	0	0	0	0	0	0	0.000054771599999999996	0.00000912859	0	0	0	0	0	0.0011045599999999999	0	0	0	0	0	0	0	0.000675516	0	0	0	0	0.00000912859	0.000164315	0.0000365144	0	0	0	0	0	0	0	0.0000821573	0	0	0	0.000839831	0	0.00010041499999999999	0.00000912859	0.0035692799999999998	0.0000821573	0	0.0000365144	0	0	0	0	0	0	0.0000182572	0.000027385799999999998	0	0.0000182572	0	0	0	0.0000365144	0	0	0	0.0000182572	0	0	0.00000912859	0.0000365144	0.00012780000000000002
FGC2634_s_1_1_GATCAAGGCA-CCTTGTTAAT_FGC2634_s_1_2_GATCAAGGCA-CCTTGTTAAT	0.0143637	0	0.00014296	0.000015048400000000001	0.000007524200000000001	0.0005116459999999999	0.00025582299999999997	0	0	0.000045145199999999996	0	0	0	0.0015198899999999999	0	0	0	0	0	0	0	0	0	0.000759944	0	0	0	0	0	0	0	0	0	0	0	0.0000827662	0.000015048400000000001	0	0	0	0	0	0.0012038700000000001	0	0	0	0	0	0	0	0.00075242	0	0	0	0.000007524200000000001	0.000015048400000000001	0.0000978146	0.000022572599999999998	0	0	0	0	0	0	0	0.000060193600000000006	0	0.000022572599999999998	0.000007524200000000001	0.000782517	0	0.0000526694	0.000007524200000000001	0.00372448	0.0000827662	0	0.000037621	0	0	0	0	0	0	0	0	0	0.000015048400000000001	0	0	0	0.000015048400000000001	0	0.000007524200000000001	0	0.000022572599999999998	0	0.000007524200000000001	0	0.0000677178	0.000248299
FGC2634_s_1_1_GCAACATGGA-CTTGTCTTAA_FGC2634_s_1_2_GCAACATGGA-CTTGTCTTAA	0.013937300000000001	0	0.000216176	0	0.000018014600000000002	0.000636517	0.000252205	0.0000120098	0	0.0000360293	0	0	0	0.00148921	0	0	0	0	0	0	0	0	0	0.000690561	0	0	0	0	0	0	0	0	0	0	0	0.0000360293	0	0	0	0	0	0	0.000990805	0	0	0	0	0	0	0	0.000792644	0.00000600488	0.0000120098	0	0.00000600488	0.0000120098	0.00005404389999999999	0.0000120098	0	0	0	0	0	0	0	0.0000360293	0	0.0000300244	0.00000600488	0.0009307559999999999	0	0.0000660536	0.00000600488	0.00342878	0.0000780634	0	0.00005404389999999999	0	0	0	0.00000600488	0	0	0.00000600488	0.000018014600000000002	0	0.00000600488	0	0	0	0.000018014600000000002	0	0	0	0.000018014600000000002	0	0	0.00000600488	0.0000720585	0.000204166
FGC2634_s_1_1_GCCGCACTCT-TCCGACCTCG_FGC2634_s_1_2_GCCGCACTCT-TCCGACCTCG	0.0135298	0	0.000111959	0.000008612249999999999	0	0.000473674	0.000249755	0	0	0.0000430612	0	0	0	0.0014468600000000001	0	0	0	0	0	0	0	0	0	0.000671755	0	0	0	0	0	0	0	0.000008612249999999999	0	0	0	0.0000516735	0.000008612249999999999	0	0	0	0	0	0.0009645719999999999	0	0	0	0	0	0	0	0.000706204	0	0	0	0	0.000008612249999999999	0.0000861225	0.000017224499999999997	0	0	0	0	0	0	0	0.0000516735	0.000017224499999999997	0.000017224499999999997	0.000008612249999999999	0.0007234289999999999	0.000017224499999999997	0.0000430612	0.000008612249999999999	0.0035740800000000003	0.0000947347	0	0.0000430612	0	0	0	0	0	0	0	0.000025836699999999996	0.000017224499999999997	0.000017224499999999997	0	0	0	0.000017224499999999997	0	0	0	0.000008612249999999999	0	0	0	0.000034448999999999995	0.000189469
FGC2634_s_1_1_GCGTGGATGG-TTGACCAATG_FGC2634_s_1_2_GCGTGGATGG-TTGACCAATG	0.014562	0	0.00010830099999999999	0.0000135376	0.0000135376	0.000591143	0.00023465200000000002	0.000018050200000000002	0	0.00006317559999999999	0	0	0	0.00148463	0	0	0	0	0	0	0	0	0	0.000672369	0	0	0	0	0	0	0	0	0	0	0	0.000027075299999999998	0.00000451254	0	0	0	0	0	0.0011507	0	0	0	0	0	0	0	0.0008212830000000001	0.00000451254	0	0.00000451254	0.0000135376	0.000018050200000000002	0.0000902509	0.000049638	0	0	0	0	0	0	0	0.0000722007	0	0.000018050200000000002	0.00000902509	0.0009295839999999999	0	0.000058663100000000004	0.00000902509	0.00358296	0.00010378899999999999	0	0.000049638	0	0	0.00000451254	0	0	0	0.00000451254	0.00000902509	0.00000902509	0.00000902509	0	0	0	0.000018050200000000002	0	0.00000451254	0	0.0000135376	0	0	0	0.00006317559999999999	0.00023014000000000002
FGC2634_s_1_1_GCGTTGGTAT-ACATACTTCC_FGC2634_s_1_2_GCGTTGGTAT-ACATACTTCC	0.0140383	0	0.0000928813	0.0000132688	0	0.000444503	0.00019239700000000002	0.000006634380000000001	0	0.000026537499999999998	0	0	0	0.00157235	0	0	0	0	0	0	0	0	0	0.000729781	0	0	0	0	0	0	0	0	0	0	0	0.0000132688	0	0	0	0	0	0	0.00104823	0	0	0	0	0	0	0	0.000762953	0.0000132688	0	0.000006634380000000001	0	0.0000199031	0.0000862469	0.0000331719	0	0	0	0	0	0	0	0.0000398063	0	0.0000199031	0.000006634380000000001	0.000789491	0	0.000026537499999999998	0	0.0037616900000000003	0.0000928813	0	0.000046440600000000004	0	0	0	0.000006634380000000001	0	0	0.000006634380000000001	0.0000199031	0	0	0	0	0	0.0000132688	0	0	0	0.0000132688	0	0	0	0.0000663438	0.000232203
FGC2634_s_1_1_GGAGCGTGTA-ATCCGTAAGT_FGC2634_s_1_2_GGAGCGTGTA-ATCCGTAAGT	0.013534699999999998	0	0.00008589539999999999	0.00000613539	0	0.000546049	0.000184062	0.0000184062	0	0.000024541500000000002	0	0	0	0.00136819	0	0	0	0	0	0	0	0	0	0.00063808	0	0	0	0	0	0	0	0	0	0	0	0.000030676900000000004	0	0	0	0	0	0	0.0010062	0	0	0	0	0	0	0	0.00071784	0	0	0	0.00000613539	0.000024541500000000002	0.0000920308	0.000042947699999999995	0	0.00000613539	0	0	0	0	0	0.0000613539	0	0	0	0.000840548	0	0.000030676900000000004	0.00000613539	0.0034051399999999996	0.00007976	0	0.000030676900000000004	0	0	0	0.0000122708	0	0	0	0.00000613539	0	0	0	0	0	0.00000613539	0	0.00000613539	0	0.0000184062	0	0	0	0.000049083100000000004	0.000147249
FGC2634_s_1_1_GGCAAGCCAG-CAAGCATCCG_FGC2634_s_1_2_GGCAAGCCAG-CAAGCATCCG	0.013913400000000001	0	0.000152971	0.00000695324	0	0.000542353	0.00023641	0.000013906500000000001	0	0.000027813000000000003	0	0	0	0.00156448	0	0	0	0	0	0	0	0	0	0.000695324	0	0	0	0	0	0	0	0	0	0	0	0.0000417194	0.0000208597	0	0	0	0	0	0.0009665	0	0	0	0	0	0	0	0.0008135290000000001	0.00000695324	0.0000208597	0	0	0.00000695324	0.0000695324	0.000013906500000000001	0	0	0	0	0	0	0	0.0000417194	0	0.0000208597	0	0.00073009	0	0.0000556259	0.00000695324	0.00378952	0.000118205	0	0.0000625792	0	0	0	0	0	0	0	0.0000347662	0	0.00000695324	0	0	0	0.000027813000000000003	0	0	0	0	0	0	0	0.0000625792	0.000187738
FGC2634_s_1_1_GGTAACTCGC-AAGTTGGTGA_FGC2634_s_1_2_GGTAACTCGC-AAGTTGGTGA	0.014961600000000002	0	0.00008534450000000001	0.00000656496	0.00000656496	0.0005777169999999999	0.000229774	0.00000656496	0	0.0000393898	0	0	0	0.00159529	0	0	0	0	0	0	0	0	0	0.000689321	0	0	0	0	0	0	0	0	0	0	0	0.0000525197	0.00000656496	0	0	0	0	0	0.001011	0	0	0	0	0	0	0	0.000807491	0	0.00000656496	0.00000656496	0.00000656496	0	0.0000919095	0.0000328248	0.00000656496	0	0	0	0	0	0	0.0000722146	0	0.0000393898	0.0000131299	0.0009322250000000001	0.00000656496	0.0000722146	0.00000656496	0.00347287	0.0000984745	0	0.000026259900000000002	0	0	0.00000656496	0.00000656496	0	0	0	0.0000131299	0.00000656496	0.00000656496	0	0	0	0.0000131299	0	0.00000656496	0	0	0	0	0	0.0000525197	0.000229774
FGC2634_s_1_1_GGTTGCGAGG-AATAGAGCAA_FGC2634_s_1_2_GGTTGCGAGG-AATAGAGCAA	0.014402400000000001	0	0.00012405100000000002	0.000012405100000000001	0.00000620257	0.000657473	0.000272913	0.0000248103	0	0.000055823100000000004	0	0	0	0.0015196300000000001	0	0	0	0	0	0	0	0	0	0.000595447	0	0	0	0	0	0	0	0	0	0	0	0.0000496206	0.0000186077	0	0	0	0	0	0.0009427910000000001	0	0	0	0	0	0	0.00000620257	0.0007194980000000001	0	0	0	0	0.00000620257	0.0000806334	0.00000620257	0	0	0	0	0	0	0	0.0000744309	0	0.000012405100000000001	0.00000620257	0.00089317	0	0.0000310129	0.000012405100000000001	0.00359129	0.0000744309	0	0.0000372154	0	0	0	0	0	0	0	0.00000620257	0	0.0000186077	0	0	0	0.000012405100000000001	0	0	0	0.00000620257	0	0	0	0.0000620257	0.000173672
FGC2634_s_1_1_GTATTCCACC-ATGTAGACAA_FGC2634_s_1_2_GTATTCCACC-ATGTAGACAA	0.013890699999999999	0	0.000129628	0.000013645100000000001	0.000006822529999999999	0.000463932	0.00023878900000000002	0.000006822529999999999	0	0.0000204676	0	0	0	0.00159647	0	0	0	0	0	0	0	0	0	0.000689076	0	0	0	0	0	0	0	0.000006822529999999999	0	0	0	0.0000545803	0.000013645100000000001	0	0	0	0	0	0.00106431	0	0	0	0	0	0	0	0.000839171	0	0.000006822529999999999	0.000006822529999999999	0	0.000013645100000000001	0.00008869289999999999	0.000027290099999999998	0.000006822529999999999	0	0	0	0	0	0	0.0000545803	0	0.0000409352	0.000013645100000000001	0.000927864	0.000006822529999999999	0.0000409352	0.000006822529999999999	0.0036841700000000005	0.0000477577	0	0.0000341127	0	0	0	0.000006822529999999999	0	0	0.000006822529999999999	0.000013645100000000001	0	0.000006822529999999999	0	0	0	0.0000204676	0	0	0	0.000013645100000000001	0	0	0.000006822529999999999	0.0000614028	0.000191031
FGC2634_s_1_1_GTCCGTAAGC-CGTGTATCTT_FGC2634_s_1_2_GTCCGTAAGC-CGTGTATCTT	0.014754399999999999	0	0.00011516300000000001	0.0000135486	0.00000677428	0.000535168	0.000250648	0.0000203228	0	0.0000812914	0	0	0	0.00140228	0	0	0	0	0	0	0	0	0	0.000636782	0	0	0	0	0	0	0	0	0	0	0	0.000047419999999999997	0.000027097100000000002	0	0	0	0	0	0.000941625	0	0	0	0	0	0	0	0.000819688	0.0000135486	0	0.00000677428	0.0000135486	0.0000135486	0.0000677428	0.000027097100000000002	0	0	0	0	0	0	0	0.0000609685	0.00000677428	0.00000677428	0.0000203228	0.000826462	0	0.000047419999999999997	0	0.0033871400000000003	0.00010161399999999999	0	0.0000406457	0	0	0	0	0	0	0.00000677428	0	0.00000677428	0.0000203228	0	0	0	0.0000203228	0	0	0	0.00000677428	0	0	0	0.000047419999999999997	0.000182906
FGC2634_s_1_1_GTCCTGGATA-CGGTGGCGAA_FGC2634_s_1_2_GTCCTGGATA-CGGTGGCGAA	0.0148601	0	0.00013097	0.000015111999999999999	0	0.000559143	0.000196456	0.000015111999999999999	0	0.0000453359	0	0	0	0.00153135	0	0	0	0	0	0	0	0	0	0.000775748	0	0	0	0	0	0	0	0.00000503732	0	0	0	0.00005541050000000001	0.0000100746	0	0	0	0	0	0.00113843	0	0	0	0	0	0	0	0.0008815310000000001	0	0	0	0	0.000015111999999999999	0.0000453359	0.0000201493	0	0	0	0	0	0	0	0.00005541050000000001	0.0000100746	0.0000302239	0.00000503732	0.000785822	0	0.0000352613	0.0000100746	0.0036168000000000003	0.00008563450000000001	0	0.0000503732	0	0	0	0	0	0	0.00000503732	0.000015111999999999999	0	0.000015111999999999999	0	0	0	0.0000201493	0	0.00000503732	0	0.0000100746	0	0.00000503732	0	0.00008059710000000001	0.000256903
FGC2634_s_1_1_GTCTAATGGC-AGTGGTCAGG_FGC2634_s_1_2_GTCTAATGGC-AGTGGTCAGG	0.0147052	0	0.00010370400000000001	0	0.00000691359	0.000580742	0.00023506200000000002	0.0000138272	0	0.000034568	0	0	0	0.0015279	0	0	0	0	0	0	0	0	0	0.000670619	0	0	0	0	0	0	0	0	0	0	0	0.0000483952	0.00000691359	0	0	0	0	0	0.00118914	0	0	0	0	0	0	0	0.000781236	0	0.00000691359	0	0	0	0.0000967903	0.00000691359	0	0	0	0	0	0	0	0.0000553088	0.00000691359	0.000034568	0.0000207408	0.000933335	0	0.0000483952	0	0.00364346	0.0000483952	0	0.0000138272	0	0	0	0	0	0	0	0.0000138272	0	0.0000138272	0	0	0	0.00000691359	0	0	0	0	0	0	0	0.0000414816	0.00020740800000000002
FGC2634_s_1_1_GTGACACGCA-GCTTACGGAC_FGC2634_s_1_2_GTGACACGCA-GCTTACGGAC	0.0149958	0	0.00007149350000000001	0	0.00000893669	0.000563012	0.000259164	0	0	0.0000536202	0	0	0	0.00140306	0	0	0	0	0	0	0	0	0	0.000616632	0	0	0	0	0	0	0	0	0	0	0	0.0000357468	0.0000178734	0	0	0	0	0	0.0009294160000000001	0	0	0	0	0	0	0.00000893669	0.0007149350000000001	0	0	0	0.00000893669	0.0000178734	0.0000804302	0.0000178734	0	0	0	0	0	0	0	0.00007149350000000001	0	0.00000893669	0	0.0009115429999999999	0	0.0000536202	0	0.0032440200000000002	0.00010724000000000001	0	0.0000446835	0	0	0	0.00000893669	0	0	0.00000893669	0.00000893669	0	0.0000178734	0	0	0	0.0000178734	0	0	0	0.00000893669	0	0	0	0.0000536202	0.000151924
FGC2634_s_1_1_GTGCAGACAG-TACCATCCGT_FGC2634_s_1_2_GTGCAGACAG-TACCATCCGT	0.013861	0	0.0000611155	0	0	0.000556151	0.000183346	0.0000183346	0	0.0000366693	0	0	0	0.00123453	0	0	0	0	0	0	0	0	0	0.0007150510000000001	0	0	0	0	0	0	0	0	0	0	0	0.0000488924	0.0000122231	0	0	0	0	0	0.00100841	0	0	0	0	0	0	0	0.000666159	0	0	0	0	0.0000244462	0.0000794501	0.0000305577	0	0	0	0	0	0	0	0.0000916732	0	0.0000122231	0.0000122231	0.000843394	0.00000611155	0.000067227	0.00000611155	0.00324523	0.000055003900000000004	0	0.0000244462	0	0	0	0	0	0	0	0.0000122231	0.00000611155	0	0	0	0	0.0000183346	0	0.00000611155	0	0.0000122231	0	0	0	0.0000305577	0.000152789
FGC2634_s_1_1_TAAGCATCCA-TCAATCCATT_FGC2634_s_1_2_TAAGCATCCA-TCAATCCATT	0.0149154	0	0.00008400899999999999	0	0	0.000687346	0.000213841	0.0000152744	0	0.000045823100000000005	0	0	0	0.00151216	0	0	0	0	0	0	0	0	0	0.000603337	0	0	0	0	0	0	0	0	0	0	0	0.0000305487	0	0	0	0	0	0	0.00100811	0	0	0	0	0	0	0	0.000939373	0	0	0	0	0.00000763718	0.000129832	0.0000152744	0	0	0	0	0	0	0	0.0000305487	0	0	0	0.000847727	0	0.0000687346	0.0000152744	0.00376513	0.00007637179999999999	0	0.00000763718	0	0	0	0	0	0	0	0.00000763718	0	0	0	0	0	0.00000763718	0	0.0000152744	0	0	0	0	0	0.0000229115	0.000221478
FGC2634_s_1_1_TAGCATAACC-GCTATGCGCA_FGC2634_s_1_2_TAGCATAACC-GCTATGCGCA	0.013859699999999999	0	0.0000949296	0.0000189859	0.00000632864	0.000525277	0.000215174	0	0	0.0000189859	0	0	0	0.00125307	0	0	0	0	0	0	0	0	0	0.0006581779999999999	0	0	0	0	0	0	0	0	0	0	0	0.0000253145	0	0	0	0	0	0	0.0009999249999999998	0	0	0	0	0	0	0	0.0007910800000000001	0.00000632864	0	0.0000126573	0	0.0000253145	0.0000759436	0.000031643199999999995	0.00000632864	0	0	0	0	0	0	0.0000569577	0	0.0000189859	0.0000126573	0.000848037	0	0.000031643199999999995	0	0.00353138	0.00006328639999999999	0	0.0000253145	0	0	0	0	0	0	0.00000632864	0.00000632864	0	0	0	0	0	0.0000189859	0	0	0	0.0000189859	0	0	0.00000632864	0.000031643199999999995	0.000132901
FGC2634_s_1_1_TAGTTCGGTA-CCATGTGTAG_FGC2634_s_1_2_TAGTTCGGTA-CCATGTGTAG	0.0138922	0	0.00007598280000000001	0	0.0000063319	0.000626858	0.00022161700000000002	0.000018995700000000002	0	0.0000443233	0	0	0	0.00155132	0	0	0	0	0	0	0	0	0	0.000569871	0	0	0	0	0	0	0	0	0	0	0	0.0000253276	0.000018995700000000002	0	0	0	0	0	0.000949786	0	0	0	0	0	0	0	0.000854807	0	0	0.0000063319	0.0000063319	0.0000063319	0.0000506552	0.0000063319	0	0	0	0	0	0	0	0.0000696509	0	0.0000126638	0.0000063319	0.00079782	0	0.0000316595	0.0000063319	0.0036598399999999997	0.0000949786	0	0.0000506552	0	0	0	0	0	0	0.0000126638	0.0000063319	0	0.0000063319	0	0	0	0.0000316595	0	0.0000063319	0	0.0000063319	0	0	0.0000063319	0.000056987099999999995	0.000170961
FGC2634_s_1_1_TATGCCTTAC-AGACACATTA_FGC2634_s_1_2_TATGCCTTAC-AGACACATTA	0.01423	0	0.000109923	0.000019985999999999998	0	0.0006545419999999999	0.000179874	0.000024982499999999997	0	0.000049964999999999993	0	0	0	0.00144899	0	0	0	0	0	0	0	0	0	0.000604577	0	0	0	0	0	0	0	0	0	0	0	0.000019985999999999998	0	0	0	0	0	0	0.0009843109999999999	0	0	0	0	0	0	0	0.000724493	0	0	0.0000049964999999999995	0.0000049964999999999995	0.000009992999999999999	0.0000449685	0.000024982499999999997	0	0.0000049964999999999995	0	0	0	0	0	0.0000649545	0	0.000009992999999999999	0.0000049964999999999995	0.000764465	0.0000049964999999999995	0.000029979000000000002	0.000009992999999999999	0.00353253	0.000069951	0	0.000039971999999999996	0	0	0	0	0	0	0	0	0.0000049964999999999995	0.0000049964999999999995	0	0	0	0.000014989500000000001	0	0.0000049964999999999995	0	0.000009992999999999999	0	0	0	0.0000549615	0.00014489899999999998
FGC2634_s_1_1_TATGTAGTCA-CGCACTAATG_FGC2634_s_1_2_TATGTAGTCA-CGCACTAATG	0.0145298	0	0.000125128	0.0000150153	0.0000050051100000000004	0.000560572	0.000270276	0.0000250256	0	0.0000650664	0	0	0	0.00149653	0	0	0	0	0	0	0	0	0	0.0007107260000000001	0	0	0	0	0	0	0	0	0	0	0	0.0000400409	0.000020020400000000002	0	0	0	0	0	0.00108611	0	0	0	0	0	0	0	0.0007657819999999999	0.0000050051100000000004	0.000010010200000000001	0	0	0.0000150153	0.000105107	0.0000250256	0	0	0	0	0	0	0	0.0000350358	0.000010010200000000001	0.0000250256	0.0000050051100000000004	0.000790808	0.0000050051100000000004	0.000060061299999999994	0.0000050051100000000004	0.00361369	0.000090092	0	0.0000350358	0	0	0	0.0000150153	0	0	0.0000250256	0.000020020400000000002	0	0.0000050051100000000004	0	0	0	0.0000300307	0	0.0000050051100000000004	0	0	0	0.0000050051100000000004	0	0.0000500511	0.000180184
FGC2634_s_1_1_TATTGCGCTC-CTGTGTTAGG_FGC2634_s_1_2_TATTGCGCTC-CTGTGTTAGG	0.014200599999999999	0	0.0000952148	0.0000272042	0.000006801060000000001	0.0006393	0.000183629	0.0000136021	0	0.0000340053	0	0	0	0.00140782	0	0	0	0	0	0	0	0	0	0.000652902	0	0	0	0	0	0	0	0	0	0	0	0.0000340053	0.000006801060000000001	0	0	0	0	0	0.000979352	0	0	0	0	0	0	0	0.0007481160000000001	0	0	0	0	0.0000136021	0.0000476074	0.0000272042	0	0	0	0	0	0	0	0.0000680106	0.000006801060000000001	0.0000204032	0	0.000863734	0.000006801060000000001	0.0000408064	0	0.00342093	0.0000408064	0	0.0000272042	0	0	0	0	0	0	0.000006801060000000001	0.000006801060000000001	0	0	0	0	0	0.0000204032	0	0	0	0.0000136021	0	0	0.000006801060000000001	0.0000340053	0.000217634
FGC2634_s_1_1_TCAGAAGGCG-GGCCATCATA_FGC2634_s_1_2_TCAGAAGGCG-GGCCATCATA	0.0133856	0	0.00012340299999999998	0.000007258980000000001	0	0.00050087	0.000181474	0.000014518	0	0.0000508129	0	0	0	0.00147357	0	0	0	0	0	0	0	0	0	0.000725898	0	0	0	0	0	0	0	0	0	0	0	0.000014518	0.000014518	0	0	0	0	0	0.0010961100000000002	0	0	0	0	0	0	0	0.000907372	0	0	0	0	0.000007258980000000001	0.000137921	0.000029035899999999998	0	0	0	0	0	0	0	0.0000362949	0	0.000029035899999999998	0.000007258980000000001	0.0007984880000000001	0	0.0000798488	0	0.00379645	0.000101626	0	0.000058071799999999995	0	0	0	0.000007258980000000001	0	0	0.000007258980000000001	0.000007258980000000001	0	0	0	0	0	0.000014518	0	0.000007258980000000001	0	0	0	0	0	0.0000725898	0.00023954599999999999
FGC2634_s_1_1_TCATAGATTG-GATTAAGGTG_FGC2634_s_1_2_TCATAGATTG-GATTAAGGTG	0.0146279	0	0.000150596	0.0000250994	0.00000501988	0.000667644	0.000256014	0.00000501988	0	0.000060238599999999996	0	0	0	0.00139051	0	0	0	0	0	0	0	0	0	0.000627485	0	0	0	0	0	0	0	0	0	0	0	0.0000451789	0.0000150596	0	0	0	0	0	0.001009	0	0	0	0	0	0	0	0.000737923	0	0	0.00000501988	0	0.0000150596	0.00009537770000000001	0.0000250994	0	0	0	0	0	0	0	0.00005521870000000001	0	0.0000200795	0	0.000883499	0.00000501988	0.000085338	0	0.00356412	0.00010541800000000001	0	0.0000250994	0	0	0	0	0	0	0	0.00000501988	0	0	0	0	0	0.0000250994	0	0	0	0.0000100398	0	0	0	0.0000451789	0.00020581499999999998
FGC2634_s_1_1_TCCATTGCCG-GAATGCACGA_FGC2634_s_1_2_TCCATTGCCG-GAATGCACGA	0.014085799999999999	0	0.000125318	0.00000835456	0	0.000584819	0.00020050899999999997	0.00000835456	0	0.00000835456	0	0	0	0.0013785	0	0	0	0	0	0	0	0	0	0.000668365	0	0	0	0	0	0	0	0	0	0	0	0.00000835456	0.0000250637	0	0	0	0	0	0.00116128	0	0	0	0	0	0	0	0.0006934280000000001	0	0.00000835456	0	0	0.0000250637	0.0000919001	0.0000334182	0	0	0	0	0	0	0	0.0000334182	0	0.0000250637	0	0.0007853280000000001	0.00000835456	0.0000334182	0	0.00350056	0.0000584819	0	0.0000334182	0	0	0	0	0	0	0.00000835456	0.0000250637	0	0	0	0	0	0.0000584819	0	0	0	0.0000334182	0	0	0	0.0000334182	0.0001838
FGC2634_s_1_1_TCTCATGATA-AACACGTGGA_FGC2634_s_1_2_TCTCATGATA-AACACGTGGA	0.014279	0	0.000147837	0.00000509783	0.0000101957	0.0005658589999999999	0.000168228	0.00000509783	0	0.000040782600000000005	0	0	0	0.00133053	0	0	0	0	0	0	0	0	0	0.0007035	0	0	0	0	0	0	0	0	0	0	0	0.000040782600000000005	0.000015293500000000002	0	0	0	0	0	0.0011062300000000001	0	0	0	0	0	0	0	0.000779967	0.000015293500000000002	0.0000101957	0.0000101957	0	0.000030587000000000004	0.00009176090000000001	0.0000560761	0	0.00000509783	0	0	0	0	0	0.0000356848	0	0.000020391300000000002	0.0000101957	0.000795261	0	0.0000458804	0.0000101957	0.00348691	0.0000713696	0	0.0000356848	0	0	0.00000509783	0	0	0	0	0.0000254891	0	0.000015293500000000002	0	0.00000509783	0	0.0000560761	0	0.0000101957	0	0.000020391300000000002	0	0	0.0000101957	0.0000560761	0.000178424
FGC2634_s_1_1_TCTGGTATCC-CGTTGCTTAC_FGC2634_s_1_2_TCTGGTATCC-CGTTGCTTAC	0.0154675	0	0.00013044	0.00000686527	0	0.0004943	0.00019222800000000002	0.0000205958	0	0.0000137305	0	0	0	0.00122202	0	0	0	0	0	0	0	0	0	0.000693392	0	0	0	0	0	0	0	0.00000686527	0	0	0	0.00005492220000000001	0	0	0	0	0	0	0.000988599	0	0	0	0	0	0	0	0.000611009	0.00000686527	0	0	0	0.0000205958	0.000137305	0.000027461100000000004	0	0	0	0	0.00000686527	0	0	0.0000686527	0.00000686527	0.0000137305	0	0.000954273	0.00000686527	0.00005492220000000001	0	0.0035218800000000002	0.0000617874	0	0.000027461100000000004	0	0	0	0.00000686527	0	0	0	0.00000686527	0	0	0.00000686527	0	0	0.0000205958	0	0	0	0.0000137305	0	0	0	0.0000411916	0.00015103599999999998
FGC2634_s_1_1_TGATGTAAGA-GTGCGTCCTT_FGC2634_s_1_2_TGATGTAAGA-GTGCGTCCTT	0.0138793	0	0.00011979	0.00001089	0.00000544498	0.000642508	0.000250469	0.00001089	0	0.000027224899999999997	0	0	0	0.0014919199999999999	0	0	0	0	0	0	0	0	0	0.000631618	0	0	0	0	0	0	0	0	0	0	0	0.0000435598	0.00001089	0	0	0	0	0	0.00103999	0	0	0	0	0	0	0.00001089	0.000833082	0.00001089	0	0.00000544498	0	0.00001089	0.0000925647	0.0000435598	0	0.00000544498	0	0	0	0	0	0.000054449799999999995	0	0.0000217799	0.00000544498	0.0008058570000000001	0	0.0000707847	0.00001089	0.0036318	0.000054449799999999995	0	0.0000435598	0	0	0	0	0	0	0.00000544498	0.00000544498	0	0.00000544498	0	0	0	0.0000217799	0	0.00000544498	0	0.0000163349	0	0.00000544498	0	0.0000707847	0.000190574
FGC2634_s_1_1_TGATTATACG-GTCGATTACA_FGC2634_s_1_2_TGATTATACG-GTCGATTACA	0.0144355	0	0.00010451599999999999	0.00000614799	0.000012296	0.000571763	0.00023362300000000002	0.00000614799	0	0.000036887899999999996	0	0	0	0.00120501	0	0	0	0	0	0	0	0	0	0.000725462	0	0	0	0	0	0	0	0	0	0	0	0.0000553319	0	0	0	0	0	0	0.00117427	0	0	0	0	0	0	0	0.000676278	0.000018444	0	0	0	0.00000614799	0.000116812	0.0000245919	0	0	0	0	0	0	0	0.0000430359	0	0.000012296	0	0.0007869419999999999	0	0.0000430359	0.000018444	0.0033936899999999996	0.0000860718	0	0.000036887899999999996	0	0	0	0	0	0	0.00000614799	0	0	0.000018444	0	0	0	0.0000245919	0	0.00000614799	0	0	0	0	0.00000614799	0.0000614799	0.000165996
FGC2634_s_1_1_TGGTACCTAA-CATGAGTACT_FGC2634_s_1_2_TGGTACCTAA-CATGAGTACT	0.014562599999999998	0	0.000133449	0.0000111208	0.0000055603800000000005	0.000505994	0.00023909599999999998	0.0000111208	0	0.0000389226	0	0	0	0.0012844500000000001	0	0	0	0	0	0	0	0	0	0.000622762	0	0	0	0	0	0	0	0	0	0	0	0.0000389226	0.000027801900000000002	0	0	0	0	0	0.00100087	0	0	0	0	0	0	0.0000111208	0.000706168	0	0	0	0	0.0000222415	0.0000778453	0.0000166811	0	0	0	0	0	0	0	0.000050043399999999996	0	0.000027801900000000002	0.0000055603800000000005	0.0009452639999999999	0	0.00006116409999999999	0.0000055603800000000005	0.00325282	0.0000667245	0	0.000033362300000000004	0	0	0	0	0	0	0	0.0000055603800000000005	0	0.0000111208	0	0	0	0.000027801900000000002	0	0.0000111208	0	0.0000222415	0	0	0	0.000033362300000000004	0.000177932
FGC2634_s_1_1_TGTAATCGAC-GATCACCGCG_FGC2634_s_1_2_TGTAATCGAC-GATCACCGCG	0.0138171	0	0.00013291300000000002	0.0000173364	0.00000577881	0.000589438	0.00021381599999999997	0.000023115200000000002	0	0.000011557600000000001	0	0	0	0.00140425	0	0	0	0	0	0	0	0	0	0.000589438	0	0	0	0	0	0	0	0	0	0	0	0.000040451600000000004	0	0	0	0	0	0	0.000941945	0	0	0	0	0	0	0	0.000768581	0.00000577881	0	0	0	0.000028893999999999998	0.0000462305	0.000052009300000000004	0	0.00000577881	0	0	0	0	0	0.0000693457	0	0.0000173364	0.00000577881	0.0008957149999999999	0	0.000040451600000000004	0.00000577881	0.0036059800000000004	0.0000809033	0	0.000040451600000000004	0	0	0	0.00000577881	0	0	0.00000577881	0.000023115200000000002	0	0.00000577881	0	0	0	0.0000173364	0	0	0	0.0000173364	0	0.00000577881	0.0000173364	0.0000635669	0.000156028
FGC2634_s_1_1_TGTCGCTGGT-TCGTCTGACT_FGC2634_s_1_2_TGTCGCTGGT-TCGTCTGACT	0.014240300000000001	0	0.0000686557	0.0000114426	0.0000114426	0.000589295	0.00013731100000000001	0.0000057213100000000005	0	0.0000457705	0	0	0	0.00136167	0	0	0	0	0	0	0	0	0	0.000635066	0	0	0	0	0	0	0	0	0	0	0	0.0000228852	0.0000114426	0	0	0	0	0	0.000955459	0	0	0	0	0	0	0	0.000663672	0.0000057213100000000005	0	0.0000057213100000000005	0	0.0000171639	0.0000686557	0.0000171639	0	0	0	0	0	0	0	0.0000457705	0.0000057213100000000005	0.0000114426	0.0000057213100000000005	0.0008238690000000001	0.0000057213100000000005	0.0000457705	0	0.00358726	0.000091541	0	0.0000514918	0	0	0	0	0	0	0	0.0000057213100000000005	0	0.0000057213100000000005	0	0	0	0.0000057213100000000005	0	0	0	0.0000114426	0	0	0	0.0000572131	0.000160197
FGC2634_s_1_1_TTCACGAGAC-AGATTGTTAC_FGC2634_s_1_2_TTCACGAGAC-AGATTGTTAC	0.014476600000000001	0	0.00007631619999999999	0.000017611400000000002	0.0000058704699999999995	0.00035809899999999996	0.000187855	0.000017611400000000002	0	0.0000234819	0	0	0	0.00136195	0	0	0	0	0	0	0	0	0	0.000645752	0	0	0	0	0	0	0	0	0	0	0	0.000035222800000000004	0.0000058704699999999995	0	0	0	0	0	0.0009686279999999999	0	0	0	0	0	0	0.0000058704699999999995	0.0006751050000000001	0	0.0000058704699999999995	0	0	0.0000058704699999999995	0.00007631619999999999	0.0000058704699999999995	0	0	0	0	0	0	0	0.00007631619999999999	0	0.0000058704699999999995	0.0000117409	0.00100972	0	0.0000587047	0.000017611400000000002	0.00338726	0.00007631619999999999	0.0000058704699999999995	0.000035222800000000004	0	0.0000058704699999999995	0.0000058704699999999995	0.0000117409	0	0	0	0.0000234819	0.0000058704699999999995	0.0000058704699999999995	0	0	0	0.0000234819	0	0.0000117409	0	0.0000117409	0	0.0000058704699999999995	0	0.0000528343	0.000176114
FGC2634_s_1_1_TTCTACATAC-CTAACTGTAA_FGC2634_s_1_2_TTCTACATAC-CTAACTGTAA	0.0140604	0	0.000151187	0.0000302375	0.0000060475	0.000616845	0.000253995	0.0000060475	0	0.00004838	0	0	0	0.00153002	0	0	0	0	0	0	0	0	0	0.000713605	0	0	0	0	0	0	0	0	0	0	0	0.000036285	0.000012095	0	0	0	0	0	0.00113693	0	0	0	0	0	0	0	0.000786175	0	0	0	0	0	0.000084665	0.0000181425	0	0	0	0	0	0	0	0.00002419	0	0.0000181425	0.0000060475	0.000810365	0	0.000036285	0.000012095	0.0034289299999999997	0.000114902	0	0.000054427499999999993	0	0	0	0	0	0	0	0.00002419	0	0.0000060475	0	0	0	0.0000060475	0	0.0000060475	0	0	0	0	0	0.0000907125	0.00019352
FGC2634_s_1_1_TTGGAATTCC-ACGTCAATAC_FGC2634_s_1_2_TTGGAATTCC-ACGTCAATAC	0.014858300000000001	0	0.0000934065	0.00000667189	0.00000667189	0.000560439	0.000186813	0.00000667189	0	0.0000333595	0	0	0	0.00132103	0	0	0	0	0	0	0	0	0	0.000647173	0	0	0	0	0	0	0	0	0	0	0	0.0000533751	0.00000667189	0	0	0	0	0	0.000980768	0	0	0	0	0	0	0	0.000680533	0	0	0	0	0.000026687600000000002	0.0000733908	0.000026687600000000002	0	0	0	0	0	0	0	0.000060047	0.00000667189	0.000026687600000000002	0.000013343800000000001	0.000894033	0	0.0000400313	0	0.0034160099999999997	0.0000867346	0	0.000046703200000000004	0	0	0	0	0	0	0.000026687600000000002	0	0	0.00000667189	0	0	0	0.000026687600000000002	0	0	0	0.00000667189	0	0	0	0.0000733908	0.000180141
FGC2634_s_2_1_AACATCGCGC-GTCCACTTGT_FGC2634_s_2_2_AACATCGCGC-GTCCACTTGT	0.0103558	0	0	0	0	0.000588485	0.000053498599999999996	0.000206352	0	0.0000382133	0	0	0	0.0012686800000000001	0	0	0	0	0	0	0	0	0	0.000664912	0	0	0.0000152853	0	0	0	0	0.000007642660000000001	0	0	0	0.0000382133	0.000022928	0	0	0	0	0	0.00254501	0	0	0.000007642660000000001	0	0	0	0.000007642660000000001	0.00142918	0.00008406929999999999	0.000022928	0.0000152853	0.0000382133	0.0000152853	0.000282779	0.00025220799999999997	0	0.000007642660000000001	0	0.000007642660000000001	0.000007642660000000001	0	0	0.0000382133	0	0.00027513600000000004	0.000022928	0.000382133	0	0.000053498599999999996	0	0.00483016	0.00023692300000000002	0	0.000175781	0.000022928	0	0.000007642660000000001	0.000022928	0.000007642660000000001	0	0	0.000007642660000000001	0.000305707	0.000007642660000000001	0.000007642660000000001	0	0	0.00009935460000000001	0	0.000007642660000000001	0	0	0	0.0000382133	0	0.000412704	0.00068784
FGC2634_s_2_1_AACCATAGAA-GGCGAGATGG_FGC2634_s_2_2_AACCATAGAA-GGCGAGATGG	0.00959529	0	0	0	0	0.000577095	0.0000344535	0.000180881	0	0.0000172267	0	0	0	0.00131784	0	0	0	0	0	0	0	0	0	0.000757976	0	0	0	0	0	0	0	0.00000861336	0	0	0	0.0000861336	0.0000258401	0	0	0	0.00000861336	0	0.00233422	0	0	0	0	0	0	0.0000258401	0.00131784	0.000094747	0.0000258401	0.00000861336	0.00000861336	0.0000258401	0.000241174	0.00024978800000000003	0	0	0	0.0000258401	0	0	0	0.0000344535	0.00000861336	0.000215334	0.0000516802	0.00042205499999999996	0.00000861336	0.0000602936	0.0000258401	0.0050646599999999995	0.000241174	0	0.000189494	0.00000861336	0	0	0.00000861336	0	0	0	0.00000861336	0.000241174	0.00000861336	0.0000258401	0	0.00000861336	0.000120587	0	0	0	0.00000861336	0	0.0000344535	0	0.000335921	0.000637389
FGC2634_s_2_1_ACAGTGTATG-GAACATACGG_FGC2634_s_2_2_ACAGTGTATG-GAACATACGG	0.0102261	0	0	0.0000136531	0	0.00062804	0.000054612200000000005	0.00017748999999999998	0	0.0000819183	0	0	0	0.00128339	0	0	0	0	0	0	0	0	0	0.00080553	0	0	0	0	0	0	0	0	0	0	0	0.000054612200000000005	0.0000136531	0	0	0	0	0	0.00243024	0	0	0	0	0	0	0.00000682653	0.00135165	0.000054612200000000005	0.0000204796	0.00000682653	0.0000136531	0.0000136531	0.000252582	0.000218449	0	0	0	0.00000682653	0	0	0	0.0000409592	0	0.000191143	0.0000341326	0.000477857	0	0.000054612200000000005	0.00000682653	0.004894620000000001	0.000150184	0	0.000109224	0.000027306100000000003	0	0	0.0000136531	0	0	0	0.00000682653	0.000211622	0.00000682653	0.00000682653	0	0	0.0000614387	0	0.0000136531	0	0.0000204796	0	0.0000136531	0	0.000286714	0.0006553469999999999
FGC2634_s_2_1_ACATATCCAG-TATGTGCAAT_FGC2634_s_2_2_ACATATCCAG-TATGTGCAAT	0.00951225	0	0	0.000016816	0	0.000526901	0.0000392373	0.000179371	0	0.000016816	0	0	0	0.00139012	0	0	0	0	0	0	0	0	0	0.00075672	0	0	0.00000560533	0	0	0	0	0.00000560533	0	0	0	0.0000560533	0.0000112107	0	0	0	0	0	0.00251679	0	0	0	0	0	0	0	0.0014013300000000001	0.00010089599999999999	0.00000560533	0.000028026699999999997	0.000028026699999999997	0.000022421299999999998	0.000319504	0.000302688	0	0.00000560533	0	0	0.00000560533	0	0	0.000067264	0	0.000280267	0.0000784746	0.00048205800000000005	0.00000560533	0.0000728693	0.000022421299999999998	0.00486543	0.000207397	0.00000560533	0.000117712	0.000050447999999999995	0	0.0000112107	0.000016816	0.00000560533	0	0	0.000022421299999999998	0.000302688	0	0.00000560533	0.00000560533	0	0.000117712	0	0	0	0	0	0.000022421299999999998	0	0.000308293	0.000723088
FGC2634_s_2_1_ACCACGACAT-TCGTATGCGG_FGC2634_s_2_2_ACCACGACAT-TCGTATGCGG	0.0102093	0	0	0.00000430771	0	0.000577233	0.0000258462	0.00020677	0	0.0000473848	0	0	0	0.00132247	0	0	0	0	0	0	0	0	0	0.000762464	0	0	0	0	0	0	0.00000430771	0	0	0	0	0.0000775387	0.0000172308	0	0	0	0	0	0.0022400099999999997	0	0	0	0	0	0	0.00000430771	0.00159385	0.0000861541	0.0000258462	0.0000215385	0.0000129231	0.00000861541	0.000280001	0.000275693	0	0	0	0.00000861541	0	0	0	0.000060307900000000006	0.00000430771	0.000275693	0.0000430771	0.00046092400000000003	0	0.0000516925	0.00000861541	0.0052553999999999995	0.00020677	0	0.000163693	0.0000129231	0	0.00000430771	0.00000430771	0	0	0	0.00000861541	0.000254155	0	0	0	0	0.000133539	0	0.00000430771	0	0.00000430771	0	0.0000129231	0	0.000310155	0.000693541
FGC2634_s_2_1_ACCGGCCGTA-TGGCAATATT_FGC2634_s_2_2_ACCGGCCGTA-TGGCAATATT	0.010616200000000001	0	0	0.00000771248	0	0.000655561	0.0000385624	0.000239087	0	0.0000385624	0	0	0	0.00137282	0	0	0	0	0	0	0	0	0	0.000832948	0	0	0.00000385624	0	0	0	0	0.00000771248	0	0	0	0.0000462749	0.000030849900000000004	0	0	0	0	0	0.00250656	0	0	0	0.00000771248	0	0.00000385624	0.00000771248	0.0013843899999999999	0.0000771248	0.000026993700000000002	0.0000115687	0.0000385624	0.0000115687	0.00033934899999999997	0.000273793	0	0.0000192812	0.00000385624	0.00000771248	0.0000115687	0.00000385624	0	0.0000732686	0.00000385624	0.00027764900000000004	0.0000771248	0.000401049	0.00000385624	0.0000501311	0.0000231374	0.00507481	0.000281505	0	0.000161962	0.0000115687	0.00000385624	0.0000115687	0.0000192812	0.0000115687	0	0.0000115687	0.0000192812	0.00027764900000000004	0.0000192812	0.0000115687	0	0.000015425	0.000107975	0	0.0000115687	0	0.000015425	0	0.0000462749	0	0.000320068	0.000724973
FGC2634_s_2_1_ACCGTTACAA-CTCATAGCGA_FGC2634_s_2_2_ACCGTTACAA-CTCATAGCGA	0.0105449	0	0	0.0000153269	0	0.000638621	0.000025544800000000003	0.000189032	0	0.0000357628	0	0	0	0.00158378	0	0	0	0	0	0	0	0	0	0.000858306	0	0	0	0	0	0	0	0	0	0	0	0.0000408717	0.000020435900000000002	0	0	0	0	0	0.00264133	0	0	0	0	0	0	0	0.0015378000000000002	0.0000970703	0.0000306538	0	0.000025544800000000003	0.0000153269	0.000321865	0.00025033900000000003	0	0.000010217900000000001	0.00000510896	0	0.00000510896	0	0	0.0000561986	0.00000510896	0.000270775	0.0000357628	0.000439371	0.00000510896	0.0000766345	0.0000357628	0.00514984	0.000265666	0	0.000189032	0.0000357628	0	0.000010217900000000001	0.00000510896	0.00000510896	0	0.00000510896	0.00000510896	0.000286102	0	0.00000510896	0	0.000010217900000000001	0.000117506	0	0.000010217900000000001	0.00000510896	0.00000510896	0	0.0000153269	0	0.000342301	0.0007152549999999999
FGC2634_s_2_1_ACGCCTTGTT-TAAGGAACGT_FGC2634_s_2_2_ACGCCTTGTT-TAAGGAACGT	0.00993128	0	0	0.0000238848	0	0.000640112	0.0000429926	0.000229294	0	0.000028661699999999997	0	0	0	0.0012850000000000001	0	0	0	0	0	0	0	0	0	0.0007308740000000001	0	0	0.00000477695	0	0	0	0	0.00000477695	0	0	0	0.0000477695	0.0000238848	0	0	0	0	0	0.0022595	0	0	0	0	0	0	0	0.00139487	0.0000812082	0.000028661699999999997	0.00000477695	0.0000382156	0.00000477695	0.000320056	0.000214963	0	0	0	0.000009553909999999999	0.00000477695	0	0	0.00006210039999999999	0	0.00021973999999999998	0.0000382156	0.000406041	0.00000477695	0.0000716543	0.000028661699999999997	0.00497281	0.00023407100000000003	0	0.000157639	0.00000477695	0	0	0	0	0	0	0.000009553909999999999	0.000238848	0	0	0.00000477695	0	0.000114647	0	0	0	0	0	0.0000238848	0	0.00031527899999999996	0.00067355
FGC2634_s_2_1_ACGGTCAGGA-CGGCCTCGTT_FGC2634_s_2_2_ACGGTCAGGA-CGGCCTCGTT	0.00994603	0	0	0.000012196199999999999	0	0.00061591	0.000036588700000000004	0.00022563	0	0.0000304906	0	0	0	0.00136598	0	0	0	0	0	0	0	0	0	0.000750068	0	0	0.000006098120000000001	0	0	0	0	0.000006098120000000001	0	0	0	0.0000609812	0.0000304906	0	0	0	0	0	0.00236607	0	0	0	0	0	0	0.000006098120000000001	0.00145135	0.000109766	0.0000182943	0.000012196199999999999	0.000012196199999999999	0.0000182943	0.00028051300000000003	0.00025002300000000004	0	0.000006098120000000001	0	0	0	0	0	0.0000609812	0.000006098120000000001	0.000268317	0.0000670793	0.000469555	0	0.0000487849	0.0000243925	0.00496996	0.000219532	0	0.000146355	0.0000182943	0	0	0	0	0	0	0.000012196199999999999	0.00029271	0	0.000006098120000000001	0	0.000006098120000000001	0.000134159	0	0	0	0.000006098120000000001	0	0.000006098120000000001	0	0.00029271	0.0007744609999999999
FGC2634_s_2_1_ACTCGGCAAT-GACAACTGAA_FGC2634_s_2_2_ACTCGGCAAT-GACAACTGAA	0.0106769	0	0	0.000041890599999999995	0	0.000691194	0.000041890599999999995	0.00021468899999999998	0	0.000041890599999999995	0	0	0	0.00142952	0	0	0	0	0	0	0	0	0	0.0007802120000000001	0	0	0	0	0	0	0	0	0	0	0	0.0000575995	0.000015709	0	0	0	0	0	0.00254485	0	0	0	0	0	0	0.00000523632	0.00142428	0.0000366542	0.0000261816	0.000020945299999999997	0.000020945299999999997	0.000020945299999999997	0.000287998	0.000261816	0	0.00000523632	0	0.000010472599999999999	0	0	0	0.0000680722	0	0.000251343	0.0000680722	0.000460796	0.00000523632	0.0000523632	0.0000523632	0.00506352	0.000261816	0	0.000141381	0.00000523632	0	0.00000523632	0.000010472599999999999	0	0	0	0.000010472599999999999	0.000246107	0.00000523632	0.000015709	0	0	0.0000942538	0	0.000010472599999999999	0	0.000010472599999999999	0	0.0000314179	0	0.000366542	0.000680722
FGC2634_s_2_1_ACTCTATTGT-ATCGCATATG_FGC2634_s_2_2_ACTCTATTGT-ATCGCATATG	0.0106192	0	0	0.00000570003	0	0.000524403	0.0000513003	0.000216601	0	0.0000513003	0	0	0	0.00155041	0	0	0	0	0	0	0	0	0	0.000792304	0	0	0.0000114001	0	0	0	0	0.0000114001	0	0	0	0.0000855005	0.000017100100000000003	0	0	0	0.00000570003	0	0.00267901	0	0	0	0	0	0	0.000017100100000000003	0.00135661	0.00010830099999999999	0.000034200200000000005	0.0000114001	0.0000399002	0.00000570003	0.000353402	0.000342002	0	0.0000114001	0.00000570003	0.0000114001	0	0	0	0.0000513003	0.00000570003	0.000302102	0.0000741004	0.000467402	0.00000570003	0.0000912005	0.0000228001	0.00491913	0.000245101	0	0.000142501	0.0000114001	0	0.00000570003	0.0000228001	0	0	0	0.0000114001	0.00030780200000000003	0.00000570003	0.00000570003	0	0.00000570003	0.000142501	0	0.000017100100000000003	0	0.000017100100000000003	0	0.0000399002	0	0.000353402	0.000741004
FGC2634_s_2_1_ACTGGATCTA-TCGCCGCTAG_FGC2634_s_2_2_ACTGGATCTA-TCGCCGCTAG	0.0099512	0	0	0.000032169800000000005	0	0.000675567	0.0000428931	0.000268082	0	0.000021446600000000002	0	0	0	0.00134577	0	0	0	0	0	0	0	0	0	0.0007827989999999999	0	0	0.000010723300000000001	0	0	0	0	0.000010723300000000001	0	0.00000536164	0	0.00011259399999999999	0.000026808200000000002	0	0	0	0	0	0.00251997	0	0	0	0	0	0	0.00000536164	0.00144228	0.000128679	0.0000482548	0.000026808200000000002	0.0000428931	0.000021446600000000002	0.000353868	0.000289529	0	0.000021446600000000002	0	0	0	0	0	0.0000857862	0.00000536164	0.00027880499999999997	0.0000643397	0.00042893099999999996	0.000010723300000000001	0.00009114790000000001	0.000032169800000000005	0.00506139	0.00027880499999999997	0	0.00020910399999999997	0.000037531500000000005	0	0.000010723300000000001	0.000016084900000000002	0.000010723300000000001	0	0.00000536164	0.00000536164	0.000310975	0.000016084900000000002	0.000010723300000000001	0	0	0.000155488	0	0.00000536164	0	0.00000536164	0	0.000021446600000000002	0	0.00027344399999999997	0.000755991
FGC2634_s_2_1_ACTTCAAGCG-GAACCATGAA_FGC2634_s_2_2_ACTTCAAGCG-GAACCATGAA	0.0100874	0	0	0.000012392399999999998	0	0.0005886369999999999	0.00008674650000000001	0.00024165099999999998	0	0.0000619618	0	0	0	0.00124543	0	0	0	0	0	0	0	0	0	0.000724953	0	0	0	0	0	0	0.0000061961799999999995	0.000012392399999999998	0	0	0	0.000123924	0.0000061961799999999995	0	0	0	0	0	0.0024227100000000002	0	0	0	0	0	0	0.0000061961799999999995	0.00119586	0.00006815800000000001	0.0000309809	0.000012392399999999998	0.0000371771	0.0000185885	0.000322201	0.00020447399999999998	0	0.000012392399999999998	0	0.000012392399999999998	0.0000061961799999999995	0	0	0.0000743542	0.0000061961799999999995	0.00023545500000000003	0.00006815800000000001	0.000526675	0.000012392399999999998	0.0000247847	0.0000247847	0.0047586700000000004	0.000216866	0	0.000142512	0.0000185885	0	0.0000061961799999999995	0.000012392399999999998	0.0000061961799999999995	0	0.0000061961799999999995	0.000012392399999999998	0.000223063	0.000012392399999999998	0.000012392399999999998	0.0000061961799999999995	0.0000061961799999999995	0.00009913890000000001	0	0.0000185885	0	0.0000185885	0	0.0000309809	0.0000061961799999999995	0.00034079	0.0005514599999999999
FGC2634_s_2_1_AGAGGCAACC-CTAATGATGG_FGC2634_s_2_2_AGAGGCAACC-CTAATGATGG	0.0104197	0	0	0.0000082045	0	0.00065636	0.0000410225	0.000205112	0	0.000082045	0	0	0	0.0015916699999999999	0	0	0	0	0	0	0	0	0	0.0008942900000000001	0	0	0	0	0	0	0	0.0000082045	0	0	0	0.000049226999999999995	0	0	0	0	0	0	0.00242853	0	0	0	0	0	0	0	0.0015916699999999999	0.000147681	0.000016409	0	0.000024613499999999997	0.0000082045	0.000344589	0.000287157	0	0	0	0	0	0	0	0.0000410225	0	0.000295362	0.000032818	0.00039381599999999996	0.0000082045	0.0000738405	0.0000082045	0.00512781	0.000303566	0	0.000180499	0.000049226999999999995	0	0	0.0000082045	0	0	0	0	0.000303566	0.0000082045	0.000024613499999999997	0	0	0.000155885	0	0.0000082045	0	0.000016409	0	0.0000082045	0	0.000369202	0.0008040410000000001
FGC2634_s_2_1_AGGTCAGATA-CTACAAGATA_FGC2634_s_2_2_AGGTCAGATA-CTACAAGATA	0.0112316	0	0	0.000016627	0	0.000540379	0.0000581946	0.00019121100000000002	0	0.0000748217	0	0	0	0.0013634200000000002	0	0	0	0	0	0	0	0	0	0.000798098	0	0	0.000008313519999999999	0	0	0	0	0.000016627	0	0	0	0.0000498811	0.000041567600000000005	0	0	0	0	0	0.00245249	0	0	0	0	0	0	0	0.00133016	0.000108076	0.000016627	0.000008313519999999999	0.000033254100000000004	0.000033254100000000004	0.0003076	0.000266033	0	0.000008313519999999999	0	0.000016627	0	0	0	0.0000498811	0.0000249406	0.00028266	0.0000748217	0.000407362	0.000008313519999999999	0.000108076	0.000033254100000000004	0.0047802700000000005	0.00019121100000000002	0	0.00014133	0.000041567600000000005	0	0.000008313519999999999	0.000016627	0	0	0	0.000008313519999999999	0.000324227	0	0.000008313519999999999	0	0	0.00009144869999999999	0	0	0	0	0	0.0000249406	0	0.000266033	0.000714963
FGC2634_s_2_1_AGTCAGACGA-ACCAGCGACA_FGC2634_s_2_2_AGTCAGACGA-ACCAGCGACA	0.0108203	0	0.00000758256	0.000030330200000000003	0	0.000530779	0.0000530779	0.00021989400000000002	0	0.000068243	0	0	0	0.00141036	0	0	0	0	0	0	0	0	0	0.000796169	0	0	0.000015165100000000002	0	0	0	0	0.0000227477	0	0	0	0.000121321	0.0000227477	0	0	0	0	0	0.00269939	0	0	0	0	0	0	0.000015165100000000002	0.00144069	0.000136486	0.0000379128	0.000015165100000000002	0.0000379128	0.000015165100000000002	0.00031846800000000003	0.000272972	0	0.000015165100000000002	0	0.000015165100000000002	0	0	0	0.0000758256	0.00000758256	0.00026539	0.0000758256	0.000485284	0	0.0000606605	0.000030330200000000003	0.00503482	0.00031846800000000003	0	0.00017439900000000002	0.0000454954	0	0.00000758256	0.000015165100000000002	0.00000758256	0	0	0.000015165100000000002	0.00028055500000000004	0.00000758256	0.000015165100000000002	0.00000758256	0	0.000113738	0	0.00000758256	0	0.00000758256	0	0.0000227477	0	0.000401876	0.000659683
FGC2634_s_2_1_AGTGTTGCAC-CTGGTACACG_FGC2634_s_2_2_AGTGTTGCAC-CTGGTACACG	0.0106173	0	0	0.0000100925	0	0.000585363	0.0000555086	0.00016148	0	0.000035323699999999995	0	0	0	0.00135744	0	0	0	0	0	0	0	0	0	0.0009537390000000001	0	0	0	0	0	0	0	0.00000504624	0	0	0	0.00005046240000000001	0.0000100925	0	0	0	0	0	0.00245247	0	0	0	0	0	0	0.00000504624	0.0012363300000000001	0.0000958785	0.00000504624	0.0000100925	0	0.0000201849	0.000363329	0.00023212700000000002	0	0.0000100925	0	0.000015138700000000001	0	0	0	0.0000403699	0	0.000267451	0.000030277400000000003	0.000423884	0.00000504624	0.0000958785	0.00000504624	0.00487971	0.00020184899999999998	0	0.000131202	0.0000201849	0	0	0	0	0	0	0.00000504624	0.000242219	0.00000504624	0	0	0	0.0000807398	0	0.000015138700000000001	0	0.0000100925	0	0.000025231200000000003	0	0.000267451	0.000625733
FGC2634_s_2_1_ATGGTTGACT-GGCCTGTCCT_FGC2634_s_2_2_ATGGTTGACT-GGCCTGTCCT	0.009665469999999999	0	0	0.00000710174	0	0.0005468340000000001	0.0000497122	0.000255663	0	0.0000213052	0	0	0	0.00139194	0	0	0	0	0	0	0	0	0	0.000703072	0	0	0	0	0	0	0	0	0	0	0	0.0000781192	0.000014203499999999999	0	0	0	0	0	0.0024714100000000003	0	0	0	0	0	0	0	0.0014061400000000002	0.0000923226	0.0000213052	0	0.000014203499999999999	0.00000710174	0.00028407000000000004	0.00023435699999999998	0	0.00000710174	0	0	0	0	0	0.0000497122	0	0.000220154	0.0000710174	0.000390596	0	0.0000568139	0.000014203499999999999	0.00509905	0.000198849	0	0.000134933	0.000028406999999999998	0	0.00000710174	0.00000710174	0	0.000014203499999999999	0	0.000014203499999999999	0.00026276399999999997	0.00000710174	0	0	0	0.0000781192	0	0.00000710174	0	0	0	0.000028406999999999998	0	0.000369291	0.000731479
FGC2634_s_2_1_ATTCCATAAG-TGCCTGGTGG_FGC2634_s_2_2_ATTCCATAAG-TGCCTGGTGG	0.0105363	0	0	0.0000128884	0	0.000708863	0.000032221	0.00023843600000000002	0	0.0000644421	0	0	0	0.0015466100000000001	0	0	0	0	0	0	0	0	0	0.0008506359999999999	0	0	0	0	0	0	0	0.000006444209999999999	0	0	0	0.0000579979	0.0000257768	0	0	0	0	0	0.00255191	0	0	0	0.000006444209999999999	0	0.000006444209999999999	0	0.00171416	0.0000966631	0.000038665300000000004	0.0000128884	0.0000193326	0.0000128884	0.000341543	0.000270657	0	0.0000193326	0.000006444209999999999	0.000006444209999999999	0	0	0	0.0000644421	0.000006444209999999999	0.000283545	0.0000708863	0.00042531799999999994	0.000006444209999999999	0.0000902189	0.000006444209999999999	0.005264919999999999	0.000270657	0	0.000173994	0.0000128884	0.000006444209999999999	0.000006444209999999999	0.0000193326	0.000006444209999999999	0	0.000006444209999999999	0.0000257768	0.00025132400000000004	0	0.0000128884	0	0	0.0000902189	0	0.0000193326	0	0	0	0.0000451095	0	0.000380208	0.0008184150000000001
FGC2634_s_2_1_CAATCGGCTG-GCTGTAGGAA_FGC2634_s_2_2_CAATCGGCTG-GCTGTAGGAA	0.010071199999999999	0	0	0.0000113286	0	0.000560768	0.0000566432	0.000164265	0	0.0000396502	0	0	0	0.00123482	0	0	0	0	0	0	0	0	0	0.000742026	0	0	0.00000566432	0	0	0	0	0	0	0	0	0.0000906291	0.00000566432	0	0	0	0	0	0.00259426	0	0	0	0	0	0	0.00000566432	0.00135377	0.0000509789	0.0000283216	0.00000566432	0.000016992999999999998	0.0000113286	0.00027755200000000003	0.000203916	0	0.0000113286	0	0.00000566432	0	0	0	0.0000736362	0	0.000164265	0.00006230749999999999	0.000436153	0	0.0000509789	0.000016992999999999998	0.00485999	0.000237901	0	0.000113286	0.0000113286	0	0	0.00000566432	0	0	0	0.0000226573	0.00021524400000000001	0.000016992999999999998	0.00000566432	0	0.0000113286	0.0000679719	0	0.00000566432	0	0.0000113286	0	0.0000453146	0	0.000368181	0.000617411
FGC2634_s_2_1_CACAATAGGA-TCCATCCGAG_FGC2634_s_2_2_CACAATAGGA-TCCATCCGAG	0.010858	0	0	0.00000722419	0	0.000744091	0.0000361209	0.000209501	0	0.0000144484	0	0	0	0.00137982	0	0	0	0	0	0	0	0	0	0.000686298	0	0	0	0	0	0	0	0	0	0	0	0.0000433451	0.0000144484	0	0	0	0	0	0.00260071	0	0	0	0	0	0	0	0.00148096	0.0000939144	0.0000216726	0.00000722419	0.0000433451	0.0000144484	0.000281743	0.00027451900000000003	0	0	0.00000722419	0	0	0	0	0.0000505693	0.0000216726	0.000303416	0.0000505693	0.000563487	0	0.0000577935	0.0000505693	0.00499914	0.000260071	0	0.000166156	0.0000361209	0	0	0.0000144484	0	0.00000722419	0	0.0000288968	0.000332313	0.0000216726	0	0.00000722419	0	0.000108363	0	0.0000216726	0	0	0	0.0000433451	0	0.000411779	0.0007224190000000001
FGC2634_s_2_1_CAGCCGCGTA-ACTAGCCGTG_FGC2634_s_2_2_CAGCCGCGTA-ACTAGCCGTG	0.0101969	0	0	0.0000291619	0	0.00063184	0.000063184	0.000170111	0	0.0000388825	0	0	0	0.00139491	0	0	0	0	0	0	0	0	0	0.0007727890000000001	0	0	0	0	0	0	0.00000486031	0	0	0	0	0.00010206700000000001	0.000014580900000000001	0	0	0	0	0	0.00252736	0	0	0	0	0	0	0.00000486031	0.0013754700000000002	0.000063184	0.0000194412	0.00000972062	0.0000291619	0.0000291619	0.000296479	0.000281898	0	0.000014580900000000001	0	0.00000972062	0	0	0	0.00008748560000000001	0.00000486031	0.000286758	0.0000680443	0.000490891	0.00000486031	0.0000729046	0.0000194412	0.00476796	0.000243015	0	0.000126368	0.000014580900000000001	0	0.00000972062	0.00000972062	0	0	0	0.00000486031	0.000267317	0.00000972062	0.00000486031	0	0	0.000136089	0	0.00000972062	0	0.00000486031	0	0.0000340222	0.00000486031	0.000354803	0.000743627
FGC2634_s_2_1_CAGTGGCACT-TAACAATAGG_FGC2634_s_2_2_CAGTGGCACT-TAACAATAGG	0.010257800000000001	0	0	0.0000162115	0	0.0005957709999999999	0.000056740099999999996	0.00017427300000000002	0	0.00005268719999999999	0	0	0	0.00138608	0	0	0	0	0	0	0	0	0	0.00077815	0	0	0.00000810573	0	0	0	0	0.00000810573	0	0	0	0.00005268719999999999	0.0000162115	0	0	0	0	0	0.00239119	0	0	0	0.0000040528599999999995	0	0	0.0000040528599999999995	0.00143471	0.0000810573	0.000012158599999999999	0.00000810573	0.0000202643	0.0000162115	0.000271542	0.000271542	0	0.00000810573	0	0	0.00000810573	0	0	0.0000729515	0.0000040528599999999995	0.000263436	0.000056740099999999996	0.000401233	0	0.00006484580000000001	0.000024317199999999998	0.00493234	0.000222907	0	0.000145903	0.0000445815	0	0.00000810573	0.000012158599999999999	0.0000040528599999999995	0	0.0000040528599999999995	0.000012158599999999999	0.000263436	0.0000040528599999999995	0.000012158599999999999	0	0.0000040528599999999995	0.000101322	0	0.0000040528599999999995	0	0.0000040528599999999995	0	0.0000202643	0	0.000324229	0.000624141
FGC2634_s_2_1_CATTAGTGCG-TGACTACATA_FGC2634_s_2_2_CATTAGTGCG-TGACTACATA	0.0100455	0	0	0.000033169	0	0.000582826	0.0000615995	0.000222706	0	0.000042645800000000004	0	0	0	0.00118935	0	0	0	0	0	0	0	0	0	0.0007865789999999999	0	0	0	0	0	0	0	0	0	0	0	0.000056861100000000004	0.0000189537	0	0	0	0	0	0.00232183	0	0	0	0.00000947685	0	0.00000947685	0.00000947685	0.00131254	0.00009476849999999999	0.0000189537	0.00000947685	0.0000284306	0.0000142153	0.000336428	0.000260613	0	0.0000236921	0.00000947685	0.00000473843	0	0	0	0.0000852917	0.00000473843	0.00025113699999999996	0.00009476849999999999	0.00046436599999999996	0	0.000033169	0.0000236921	0.0049800899999999995	0.000213229	0	0.00015163	0.0000379074	0.00000947685	0.0000142153	0.0000189537	0.00000947685	0	0.0000142153	0.0000189537	0.000260613	0.00000473843	0.0000189537	0	0	0.000108984	0	0.0000189537	0	0.00000473843	0	0.0000379074	0	0.000303259	0.000649164
FGC2634_s_2_1_CCACCAGGCA-CTTATGGAAT_FGC2634_s_2_2_CCACCAGGCA-CTTATGGAAT	0.009838350000000001	0	0	0.00000658965	0	0.000685324	0.000046127499999999995	0.000230638	0	0.0000724861	0	0	0	0.0013377	0	0	0	0	0	0	0	0	0	0.00074463	0	0	0.00000658965	0	0	0	0	0	0	0	0	0.0000395379	0.0000263586	0	0	0	0	0	0.00242499	0	0	0	0	0	0	0	0.00135088	0.0000856654	0.000032948200000000004	0	0.0000131793	0.00000658965	0.000316303	0.000250407	0	0	0	0.0000131793	0	0	0	0.00005930679999999999	0.00000658965	0.000250407	0.0000658965	0.000481044	0	0.0000395379	0.0000395379	0.00485657	0.000237227	0	0.000118614	0.000032948200000000004	0	0	0	0	0	0	0.00000658965	0.000296534	0	0	0	0	0.00010543400000000001	0	0.00000658965	0	0.00000658965	0	0.00000658965	0	0.000322893	0.000698503
FGC2634_s_2_1_CCATCATTAG-GGTTGCCTCT_FGC2634_s_2_2_CCATCATTAG-GGTTGCCTCT	0.00941459	0	0	0.00000819372	0	0.000655498	0.0000573561	0.000172068	0	0.0000655498	0	0	0	0.00122086	0	0	0	0	0	0	0	0	0	0.000688273	0	0	0	0	0	0	0	0	0	0.00000819372	0	0.000049162299999999995	0.0000327749	0	0	0	0	0	0.00240076	0	0	0	0.00000819372	0	0	0.00000819372	0.00136016	0.0000409686	0.000016387400000000002	0.000016387400000000002	0.0000245812	0.000016387400000000002	0.000262199	0.000245812	0	0.000016387400000000002	0.00000819372	0	0.00000819372	0	0	0.000049162299999999995	0.00000819372	0.000196649	0.00007374350000000001	0.000376911	0	0.0000327749	0.000016387400000000002	0.00500636	0.00020484300000000002	0	0.000155681	0.000016387400000000002	0	0	0.000016387400000000002	0	0.00000819372	0.00000819372	0	0.000262199	0.000016387400000000002	0.00000819372	0	0	0.0000983247	0	0.000016387400000000002	0	0.0000245812	0	0.000016387400000000002	0	0.000376911	0.000606336
FGC2634_s_2_1_CCATCTCGCC-TTCTATGGTT_FGC2634_s_2_2_CCATCTCGCC-TTCTATGGTT	0.0101983	0	0	0.0000064342499999999994	0.0000064342499999999994	0.00045683199999999995	0.0000386055	0.000167291	0	0.000012868499999999999	0	0	0	0.0011646	0	0	0	0	0	0	0	0	0	0.00077211	0	0	0.0000064342499999999994	0	0	0	0	0.0000064342499999999994	0	0	0	0.000077211	0.000025736999999999998	0	0	0	0	0	0.00249006	0	0	0	0	0	0	0	0.00133189	0.0000579083	0.0000386055	0.0000064342499999999994	0.000025736999999999998	0.0000064342499999999994	0.00026380399999999997	0.000173725	0	0	0	0	0	0	0	0.0000643425	0.0000064342499999999994	0.000180159	0.000051473999999999995	0.00046326600000000005	0.0000064342499999999994	0.0000386055	0.0000193028	0.00485786	0.000244502	0	0.000135119	0.000012868499999999999	0	0	0.000012868499999999999	0	0.0000064342499999999994	0	0.000012868499999999999	0.000167291	0	0	0	0	0.000077211	0	0.0000064342499999999994	0	0	0	0.0000064342499999999994	0	0.000283107	0.000591951
FGC2634_s_2_1_CCGTATGTTC-CATACACTGT_FGC2634_s_2_2_CCGTATGTTC-CATACACTGT	0.00938597	0	0	0.000009423669999999999	0	0.0005842670000000001	0.000009423669999999999	0.00017905000000000002	0	0.000028271	0	0	0	0.00141355	0	0	0	0	0	0	0	0	0	0.000687928	0	0	0	0	0	0	0	0.000009423669999999999	0	0	0	0.0000753893	0.000028271	0	0	0	0	0	0.0026669000000000003	0	0	0	0	0	0	0.000009423669999999999	0.00138528	0.0000471183	0.000009423669999999999	0.000018847299999999998	0.000009423669999999999	0.000018847299999999998	0.000292134	0.00018847299999999998	0	0.000018847299999999998	0	0	0	0	0	0.00008481299999999999	0	0.00018847299999999998	0.0000753893	0.00040521800000000005	0	0.000056542	0.000009423669999999999	0.00499454	0.00020732100000000003	0	0.000113084	0.000028271	0	0.000009423669999999999	0	0.000009423669999999999	0	0	0	0.000216744	0.000009423669999999999	0	0	0	0.0000753893	0	0	0	0	0	0.000018847299999999998	0	0.00028271	0.000725622
FGC2634_s_2_1_CCTCCGTCCA-CACATCGGTG_FGC2634_s_2_2_CCTCCGTCCA-CACATCGGTG	0.00943401	0	0	0.0000185953	0	0.0005950490000000001	0.0000309921	0.00018595299999999999	0	0.000043389	0	0	0	0.00135126	0	0	0	0	0	0	0	0	0	0.000712819	0	0	0.000006198429999999999	0	0	0	0	0	0	0	0	0.000055785900000000004	0.0000123969	0	0	0	0	0	0.0025227599999999998	0	0	0.000006198429999999999	0.000006198429999999999	0	0	0.000006198429999999999	0.0014194400000000001	0.0000743812	0.0000309921	0.0000185953	0.0000185953	0.0000247937	0.000328517	0.000303723	0	0.0000123969	0.000006198429999999999	0	0.000006198429999999999	0	0	0.0000619843	0.000006198429999999999	0.000291326	0.0000743812	0.000384303	0.0000123969	0.0000681827	0.0000309921	0.00489676	0.000223143	0	0.000136365	0.0000247937	0	0.0000123969	0.000006198429999999999	0.000006198429999999999	0	0.000006198429999999999	0.0000185953	0.00027892899999999997	0.000006198429999999999	0.0000123969	0	0	0.00011157200000000001	0	0.0000123969	0	0	0	0.0000309921	0	0.000309921	0.000737613
FGC2634_s_2_1_CCTCTACATG-GATACCTCCT_FGC2634_s_2_2_CCTCTACATG-GATACCTCCT	0.00994825	0	0	0.00000607341	0	0.000649855	0.0000364405	0.000212569	0	0.0000607341	0	0	0	0.00143332	0	0	0	0	0	0	0	0	0	0.00076525	0	0	0.00000607341	0	0	0	0.00000607341	0	0	0	0	0.0000911011	0.000048587299999999995	0	0	0	0	0	0.0025690500000000002	0	0	0	0	0	0	0	0.00133008	0.00009717459999999999	0.0000364405	0	0.0000607341	0.000018220200000000002	0.00024293600000000002	0.00026115700000000003	0	0.000012146800000000002	0.000012146800000000002	0	0	0	0	0.0000607341	0.00000607341	0.000297597	0.000103248	0.0004919459999999999	0.00000607341	0.000054660699999999997	0.000048587299999999995	0.00487695	0.000279377	0	0.000182202	0.000018220200000000002	0	0	0.000024293600000000004	0	0.000012146800000000002	0	0.000012146800000000002	0.00030367	0.000030367000000000002	0.000012146800000000002	0	0	0.00012146800000000001	0	0.000012146800000000002	0	0.000018220200000000002	0	0.000024293600000000004	0	0.000358331	0.000716662
FGC2634_s_2_1_CCTGTCTGTC-ACTGTTGTGA_FGC2634_s_2_2_CCTGTCTGTC-ACTGTTGTGA	0.0105543	0	0	0.000016229	0	0.000595063	0.000032458	0.000227206	0	0.0000540967	0	0	0	0.00140651	0	0	0	0	0	0	0	0	0	0.00097915	0	0	0	0	0	0	0	0	0	0	0	0.0000757353	0.000016229	0	0	0	0	0	0.00258582	0	0	0	0.0000054096700000000005	0	0.0000054096700000000005	0.0000108193	0.00142815	0.0000703257	0.000032458	0.000016229	0.0000270483	0.000016229	0.000427364	0.00029212199999999997	0	0.0000216387	0.0000054096700000000005	0.0000054096700000000005	0.0000108193	0.0000054096700000000005	0	0.0000703257	0	0.000254254	0.0000757353	0.000438183	0.000016229	0.000081145	0.000016229	0.00485247	0.00021097700000000002	0	0.000129832	0.000016229	0.0000054096700000000005	0.0000108193	0.0000108193	0.0000054096700000000005	0	0.0000054096700000000005	0.000016229	0.000254254	0.000016229	0.0000108193	0.0000054096700000000005	0.000016229	0.00009737399999999999	0	0.0000108193	0	0.0000108193	0	0.000032458	0	0.000335399	0.000708666
FGC2634_s_2_1_CGACATCCGA-TACGTTCATT_FGC2634_s_2_2_CGACATCCGA-TACGTTCATT	0.0102729	0	0	0.00000784193	0	0.000619512	0.0000313677	0.000196048	0	0.0000470516	0	0	0	0.00127823	0	0	0	0	0	0	0	0	0	0.000697932	0	0	0.00000784193	0	0	0	0.00000784193	0.00000784193	0	0	0	0.0000470516	0.0000313677	0	0	0	0	0	0.0023604200000000002	0	0	0	0	0	0	0.0000156839	0.0013723399999999999	0.00008626120000000001	0.000039209600000000005	0.0000235258	0.00007841929999999999	0.0000156839	0.000321519	0.00025094200000000004	0	0.0000156839	0	0.00000784193	0	0	0	0.0000627354	0.0000156839	0.00018820599999999998	0.000101945	0.000423464	0.0000313677	0.0000705774	0.0000470516	0.00494042	0.000219574	0.00000784193	0.000141155	0.0000313677	0	0.00000784193	0.000039209600000000005	0	0	0	0.00000784193	0.0002431	0.0000156839	0.00000784193	0.00000784193	0	0.000109787	0	0	0	0.0000156839	0	0.000039209600000000005	0	0.000384255	0.000682248
FGC2634_s_2_1_CGAGGCCAAG-GTGTTACCGG_FGC2634_s_2_2_CGAGGCCAAG-GTGTTACCGG	0.00952628	0	0	0.0000107946	0	0.00054513	0.0000377813	0.00019430400000000002	0	0.0000485759	0	0	0	0.00133854	0	0	0	0	0	0	0	0	0	0.000761023	0	0	0	0	0	0	0	0.00000539732	0	0.00000539732	0	0.0000809599	0.000016192	0	0	0	0	0	0.0025043599999999997	0	0	0	0	0	0	0.00000539732	0.00138711	0.000113344	0.0000269866	0.0000107946	0.0000377813	0.0000107946	0.000318442	0.000291456	0	0	0	0	0	0	0	0.0000431786	0.0000107946	0.000259072	0.00006476790000000001	0.00046416999999999997	0.00000539732	0.0000539732	0.0000269866	0.0050087199999999995	0.000280661	0	0.000178112	0.0000323839	0	0	0.00000539732	0	0	0	0.0000323839	0.00024827700000000004	0.00000539732	0.000016192	0.00000539732	0.00000539732	0.000107946	0	0.000016192	0	0.00000539732	0	0.0000323839	0	0.000388607	0.000755625
FGC2634_s_2_1_CGGTTACGGC-AAGACTATAG_FGC2634_s_2_2_CGGTTACGGC-AAGACTATAG	0.0106377	0	0	0	0	0.0005982289999999999	0.0000306784	0.000214749	0	0.0000230088	0	0	0	0.0013345100000000001	0	0	0	0	0	0	0	0	0	0.000682595	0	0	0	0	0	0	0	0.000007669610000000001	0	0	0	0.0000690265	0.000007669610000000001	0	0	0	0	0	0.00253097	0	0	0	0	0	0	0	0.00135752	0.0000997049	0	0	0.0000230088	0.000007669610000000001	0.000230088	0.00019941000000000002	0	0	0	0	0	0	0	0.000053687199999999997	0	0.00019174	0.0000230088	0.000375811	0.000007669610000000001	0.00006135690000000001	0.0000306784	0.00502359	0.000214749	0	0.000153392	0.000038348	0	0	0	0	0	0	0.0000153392	0.000214749	0	0	0	0	0.00006135690000000001	0	0.000007669610000000001	0	0	0	0.0000230088	0	0.000368141	0.000644247
FGC2634_s_2_1_CGTTATTCTA-CCATAAGGTT_FGC2634_s_2_2_CGTTATTCTA-CCATAAGGTT	0.0094655	0	0	0.000011376800000000001	0.0000056884000000000005	0.0005859050000000001	0.0000170652	0.000164964	0	0.000045507200000000004	0	0	0	0.00148467	0	0	0	0	0	0	0	0	0	0.00074518	0	0	0.0000056884000000000005	0	0	0	0	0.000011376800000000001	0	0	0	0.0000682608	0.000011376800000000001	0	0	0	0	0	0.00242326	0	0	0	0.0000056884000000000005	0	0	0	0.00138797	0.000113768	0.000022753600000000002	0.0000056884000000000005	0.000022753600000000002	0.0000170652	0.000341304	0.00029010799999999997	0	0.000022753600000000002	0	0.0000056884000000000005	0.000011376800000000001	0	0	0.0000625724	0	0.000267355	0.0000682608	0.000381123	0.000011376800000000001	0.000045507200000000004	0.0000170652	0.00503992	0.00020478199999999998	0	0.000153587	0.0000170652	0	0	0.0000170652	0.000011376800000000001	0.0000056884000000000005	0.000011376800000000001	0.0000170652	0.000329927	0.0000056884000000000005	0.0000170652	0	0.000011376800000000001	0.000136522	0	0.0000170652	0	0.0000170652	0	0.0000398188	0	0.000307174	0.000762246
FGC2634_s_2_1_CTAGTGCTCT-TGGAACAGTA_FGC2634_s_2_2_CTAGTGCTCT-TGGAACAGTA	0.0100399	0	0	0.0000306095	0	0.00058158	0.0000459142	0.00022447	0	0.0000459142	0	0	0	0.00135192	0	0	0	0	0	0	0	0	0	0.000760136	0	0	0	0	0	0	0	0.00000510158	0	0	0	0.0000816253	0.0000306095	0	0	0	0	0	0.00255079	0	0	0	0.00000510158	0	0	0.000010203199999999999	0.00133661	0.0000816253	0.0000306095	0.000010203199999999999	0.0000255079	0.000010203199999999999	0.00033160300000000003	0.000244876	0	0.000010203199999999999	0	0.0000153047	0.00000510158	0	0	0.000056117400000000006	0.00000510158	0.000244876	0.0000459142	0.00035711099999999996	0	0.0000459142	0.000020406299999999998	0.00485161	0.000244876	0	0.000132641	0.0000408127	0	0.000010203199999999999	0.000010203199999999999	0.00000510158	0	0.00000510158	0.0000255079	0.000260181	0.00000510158	0.000010203199999999999	0	0.00000510158	0.000117336	0	0.00000510158	0	0.0000153047	0	0.0000153047	0	0.000306095	0.000678511
FGC2634_s_2_1_CTATTACTAC-GAGTCTCTCC_FGC2634_s_2_2_CTATTACTAC-GAGTCTCTCC	0.00978723	0	0	0	0	0.0005493869999999999	0.0000406953	0.000128869	0	0.0000271302	0	0	0	0.00117338	0	0	0	0	0	0	0	0	0	0.000868167	0	0	0	0	0	0	0	0	0	0	0	0.00006782549999999999	0.0000203477	0	0	0	0	0	0.00241459	0	0	0	0	0	0	0	0.00124799	0.0000881732	0.0000135651	0.00000678255	0.0000339128	0	0.000257737	0.000244172	0	0	0	0.00000678255	0	0	0	0.0000406953	0	0.000237389	0.0000949558	0.00042730100000000005	0.0000135651	0.0000406953	0.0000203477	0.00448327	0.000223824	0	0.00010852100000000001	0.0000339128	0	0	0.0000339128	0	0	0	0.0000203477	0.000257737	0.0000135651	0.00000678255	0	0.00000678255	0.0000949558	0	0.0000203477	0	0.00000678255	0	0.0000271302	0	0.000325563	0.000657908
FGC2634_s_2_1_CTGCGAGCCA-AATCCGGCCA_FGC2634_s_2_2_CTGCGAGCCA-AATCCGGCCA	0.0106667	0	0	0.000028566399999999998	0.00000571329	0.000525622	0.0000114266	0.00022853099999999997	0	0.000039993	0	0	0	0.00138262	0	0	0	0	0	0	0	0	0	0.000759867	0	0	0.00000571329	0	0	0	0	0.00000571329	0	0	0	0.000039993	0.000017139900000000002	0	0	0	0	0	0.00239958	0	0	0.00000571329	0	0	0	0	0.00123978	0.0000628462	0.000028566399999999998	0.0000114266	0.000039993	0.0000114266	0.00034851	0.000194252	0	0.00000571329	0	0	0.00000571329	0	0	0.0000228531	0.00000571329	0.000234245	0.000079986	0.000302804	0.00000571329	0.0000628462	0.000039993	0.00478202	0.00027995099999999996	0	0.000171399	0.000017139900000000002	0	0.00000571329	0.000017139900000000002	0.00000571329	0.00000571329	0.00000571329	0.000017139900000000002	0.00023995800000000002	0.00000571329	0.00000571329	0.00000571329	0	0.000079986	0	0.000017139900000000002	0	0.00000571329	0	0.000028566399999999998	0	0.00029137799999999996	0.0006970209999999999
FGC2634_s_2_1_CTTGCCATTA-ATCACGAAGG_FGC2634_s_2_2_CTTGCCATTA-ATCACGAAGG	0.009504180000000001	0	0	0.000018230499999999998	0	0.000565146	0.0000303842	0.000212689	0	0.0000364611	0	0	0	0.00113029	0	0	0	0	0	0	0	0	0	0.000783913	0	0	0.00000607684	0	0	0	0	0.00000607684	0	0	0	0.0000607684	0.0000425379	0	0	0	0	0	0.00263735	0	0	0	0	0	0	0.00000607684	0.00132475	0.0000607684	0.00000607684	0	0.0000303842	0.00000607684	0.000425379	0.000164075	0	0	0	0.00000607684	0	0	0	0.0000364611	0.000012153700000000002	0.000151921	0.0000729221	0.00038891800000000003	0.00000607684	0.0000850758	0.0000425379	0.00469132	0.00023092	0	0.000133691	0.000018230499999999998	0	0	0.000018230499999999998	0	0	0	0.000012153700000000002	0.00020053600000000002	0.000012153700000000002	0.00000607684	0	0	0.0000668453	0	0.00000607684	0	0	0	0.0000364611	0	0.000255227	0.000662376
FGC2634_s_2_1_GAACTGAGCG-TCGTGGAGCG_FGC2634_s_2_2_GAACTGAGCG-TCGTGGAGCG	0.010359700000000001	0	0	0.0000221835	0	0.000695084	0.0000221835	0.00014789	0	0.0000443671	0	0	0	0.00119052	0	0	0	0	0	0	0	0	0	0.00083558	0	0	0	0	0	0	0.00000739451	0	0	0.00000739451	0	0.0000369726	0.0000221835	0	0	0	0	0	0.00236624	0	0	0	0	0	0	0	0.00122749	0.0000517616	0.0000443671	0	0.0000221835	0	0.000266203	0.000192257	0	0.00000739451	0	0.00000739451	0	0	0	0.0000369726	0.00000739451	0.000207046	0.0000517616	0.000414093	0	0.0000517616	0.0000221835	0.00479165	0.000207046	0.00000739451	0.00014789	0.000014789	0	0	0	0	0	0	0.0000221835	0.000184863	0.00000739451	0.00000739451	0	0	0.00009612870000000001	0	0.00000739451	0	0.00000739451	0	0.0000369726	0	0.000295781	0.000598956
FGC2634_s_2_1_GAAGCGGCAC-CGGCTCTACT_FGC2634_s_2_2_GAAGCGGCAC-CGGCTCTACT	0.0105293	0	0.0000040419400000000005	0.0000161678	0	0.000699256	0.0000485033	0.000210181	0	0.00005254529999999999	0	0	0	0.00136618	0	0	0	0	0	0	0	0	0	0.000804347	0	0	0	0	0	0	0	0.00000808389	0	0	0	0.0000485033	0.00000808389	0	0	0	0	0	0.00237262	0	0	0	0	0	0	0	0.0013298000000000001	0.0000767969	0.000028293600000000003	0	0.000012125800000000002	0.000012125800000000002	0.000307188	0.00025060100000000004	0	0.00000808389	0	0	0	0	0	0.0000485033	0	0.000258684	0.0000606292	0.00043653	0.00000808389	0.0000485033	0.000028293600000000003	0.0048947899999999996	0.00020209699999999999	0	0.000129342	0.000012125800000000002	0	0	0.000012125800000000002	0	0.0000040419400000000005	0	0.000028293600000000003	0.000274852	0.0000040419400000000005	0.0000040419400000000005	0.0000040419400000000005	0	0.000117216	0	0.0000161678	0	0.0000040419400000000005	0	0.0000404194	0	0.000343565	0.000662879
FGC2634_s_2_1_GACACCATGT-TCAACGTGTA_FGC2634_s_2_2_GACACCATGT-TCAACGTGTA	0.010472200000000001	0	0.000006127689999999999	0.0000183831	0	0.000704684	0.000024510700000000002	0.000153192	0	0.0000306384	0	0	0	0.00140324	0	0	0	0	0	0	0	0	0	0.000667918	0	0	0	0	0	0	0	0.000006127689999999999	0	0	0	0.0000919153	0.0000183831	0	0	0	0	0	0.00223048	0	0	0	0	0	0	0.000006127689999999999	0.0013726	0.00006740460000000001	0.0000122554	0.000024510700000000002	0	0.0000122554	0.00025123500000000004	0.000232852	0	0.0000183831	0	0.000006127689999999999	0	0	0	0.0000735322	0.0000122554	0.000183831	0.0000612769	0.000459576	0	0.0000490215	0.000024510700000000002	0.00518402	0.00023898	0	0.000147064	0.000024510700000000002	0	0.0000122554	0.0000122554	0	0	0	0	0.00022672399999999998	0	0.0000122554	0	0	0.000098043	0	0	0	0.000006127689999999999	0	0.0000306384	0	0.000355406	0.000729195
FGC2634_s_2_1_GACTGAGTAG-GTTGATAGTG_FGC2634_s_2_2_GACTGAGTAG-GTTGATAGTG	0.00976782	0	0	0.00000702216	0	0.000681149	0.000042133	0.00011937699999999999	0	0.000042133	0	0	0	0.00122888	0	0	0	0	0	0	0	0	0	0.000730305	0	0	0.00000702216	0	0	0	0	0.0000140443	0	0.00000702216	0	0.0000351108	0.0000210665	0	0	0	0	0	0.0024507300000000004	0	0	0	0	0	0	0	0.0014044300000000001	0.000126399	0.0000210665	0.0000140443	0.0000210665	0.0000140443	0.000308975	0.00025982	0	0.00000702216	0	0	0.00000702216	0	0	0.000042133	0.00000702216	0.000266842	0.000056177299999999995	0.00042133	0.00000702216	0.000056177299999999995	0.0000140443	0.00482422	0.000245776	0.00000702216	0.000147465	0.000056177299999999995	0	0	0.00000702216	0	0	0	0.0000140443	0.000280886	0.0000140443	0	0	0.00000702216	0.000112355	0	0	0	0	0	0.000042133	0	0.00035813	0.000681149
FGC2634_s_2_1_GAGAATGGTT-TCGGCAGCAA_FGC2634_s_2_2_GAGAATGGTT-TCGGCAGCAA	0.0102632	0	0	0.0000124933	0	0.000643403	0.000049973000000000004	0.00019989200000000002	0	0.000024986500000000002	0	0	0	0.0014179799999999999	0	0	0	0	0	0	0	0	0	0.000705869	0	0	0	0	0	0	0	0.00000624663	0	0	0	0.0000624663	0.0000124933	0	0	0	0	0	0.00233624	0	0	0	0	0	0	0	0.0014867	0.0000624663	0.0000124933	0	0.000049973000000000004	0.0000124933	0.000324825	0.000274852	0	0.0000124933	0	0.00000624663	0	0	0	0.0000562196	0.00000624663	0.00023112500000000002	0.0000936994	0.000456004	0.00000624663	0.0000562196	0.0000374798	0.00489111	0.000256112	0	0.000156166	0.000024986500000000002	0	0	0.0000187399	0	0	0	0	0.000268605	0.00000624663	0.00000624663	0.0000124933	0	0.000118686	0	0	0	0.00000624663	0	0.00000624663	0	0.000331071	0.0007558420000000001
FGC2634_s_2_1_GAGTCATAGG-GTGTGGCGCT_FGC2634_s_2_2_GAGTCATAGG-GTGTGGCGCT	0.00994028	0	0	0	0	0.000620406	0.0000413604	0.000144761	0	0.0000275736	0	0	0	0.00124771	0	0	0	0	0	0	0	0	0	0.0007720609999999999	0	0	0	0	0	0	0	0.0000068934	0	0	0	0.0000551472	0.0000068934	0	0	0	0	0	0.00252298	0	0	0	0	0	0	0.0000068934	0.0012408100000000002	0.0000482538	0.0000206802	0.0000068934	0.0000482538	0.0000137868	0.000310203	0.000227482	0	0.0000206802	0	0.0000068934	0	0	0	0.0000413604	0.0000137868	0.000179228	0.0000482538	0.000358457	0.0000137868	0.0000620406	0.0000275736	0.00477023	0.000275736	0	0.000158548	0.000034467	0	0.0000068934	0.0000068934	0	0.0000068934	0	0	0.000199909	0.0000068934	0.0000068934	0.0000068934	0.0000068934	0.0000827208	0	0.0000068934	0	0.0000068934	0	0.0000137868	0	0.00033777599999999997	0.000654873
FGC2634_s_2_1_GATAGGCCGA-CGCACATGGC_FGC2634_s_2_2_GATAGGCCGA-CGCACATGGC	0.0105302	0	0	0	0.000008916309999999999	0.000570644	0.0000891631	0.000151577	0	0.0000356652	0	0	0	0.00109671	0	0	0	0	0	0	0	0	0	0.000668723	0	0	0.000008916309999999999	0	0	0	0	0	0	0	0	0.0000891631	0.0000445815	0	0	0	0	0	0.00242524	0	0	0	0	0	0	0	0.00130178	0.0000624141	0.0000178326	0.0000178326	0.0000445815	0.0000178326	0.000276406	0.00026748900000000004	0	0	0	0.000008916309999999999	0	0	0	0.0000624141	0	0.00024074	0.0000891631	0.000401234	0	0.0000713305	0.0000445815	0.00461865	0.000187242	0	0.000115912	0.0000267489	0	0	0.000008916309999999999	0	0	0	0	0.000258573	0	0.000008916309999999999	0	0	0.000142661	0	0.0000356652	0	0.000008916309999999999	0	0.000008916309999999999	0.000008916309999999999	0.00020507499999999998	0.00065089
FGC2634_s_2_1_GATCAAGGCA-CCTTGTTAAT_FGC2634_s_2_2_GATCAAGGCA-CCTTGTTAAT	0.010477	0	0	0	0	0.000796281	0.0000589838	0.000243308	0	0.0000368649	0	0	0	0.0014082399999999998	0	0	0	0	0	0	0	0	0	0.000774162	0	0	0	0	0	0	0	0	0	0	0	0.000051610800000000004	0.0000147459	0	0	0	0	0	0.00235935	0	0	0	0	0	0	0	0.0014229800000000001	0.00008110269999999999	0.000022118900000000003	0.0000147459	0.000022118900000000003	0	0.000309665	0.00023593500000000002	0	0	0	0.00000737297	0	0	0	0.000051610800000000004	0.00000737297	0.000265427	0.00008110269999999999	0.00038339499999999997	0	0.0000294919	0.0000294919	0.0048661600000000005	0.000221189	0	0.00009584860000000001	0.000022118900000000003	0	0	0.0000147459	0	0.00000737297	0	0.000022118900000000003	0.000294919	0	0.00000737297	0	0	0.000110595	0	0.00000737297	0	0.00000737297	0	0.0000294919	0	0.000287546	0.0006783129999999999
FGC2634_s_2_1_GCAACATGGA-CTTGTCTTAA_FGC2634_s_2_2_GCAACATGGA-CTTGTCTTAA	0.0104344	0	0	0.0000177355	0	0.000626654	0.0000591183	0.00018917899999999999	0	0.0000650301	0	0	0	0.00136563	0	0	0	0	0	0	0	0	0	0.000833568	0	0	0	0	0	0	0	0.0000059118299999999994	0	0	0	0.000053206500000000006	0.0000118237	0	0	0	0	0	0.00284359	0	0	0	0	0	0	0	0.00148978	0.000112325	0.0000118237	0.0000059118299999999994	0.0000236473	0.0000059118299999999994	0.000325151	0.000266032	0	0	0	0.0000118237	0	0	0	0.0000413828	0.0000059118299999999994	0.000301503	0.0000591183	0.000313327	0	0.0000650301	0.0000177355	0.0047945	0.00020100199999999998	0	0.000177355	0.0000236473	0	0	0.0000059118299999999994	0	0	0	0.0000177355	0.000301503	0.0000059118299999999994	0.0000059118299999999994	0	0	0.00013006	0	0.0000177355	0	0.0000059118299999999994	0	0.000029559200000000003	0	0.00039609300000000003	0.000756714
FGC2634_s_2_1_GCCGCACTCT-TCCGACCTCG_FGC2634_s_2_2_GCCGCACTCT-TCCGACCTCG	0.00932189	0	0	0.0000168417	0	0.000555777	0.000042104299999999996	0.00013473400000000001	0	0.0000252626	0	0	0	0.00138944	0	0	0	0	0	0	0	0	0	0.000673669	0	0	0	0	0	0	0	0.00000842086	0	0	0	0.0000505252	0.0000252626	0	0	0	0	0	0.00257678	0	0	0	0	0	0	0	0.0014904900000000001	0.00010104999999999999	0.0000252626	0	0.000042104299999999996	0.0000168417	0.000227363	0.000319993	0	0.0000252626	0	0	0	0	0	0.0000252626	0	0.000286309	0.0000252626	0.00044630600000000005	0	0.0000673669	0.000042104299999999996	0.00502725	0.00019367999999999998	0	0.00010104999999999999	0.000058946	0	0	0.0000168417	0	0	0	0.00000842086	0.000345255	0	0.00000842086	0	0	0.0000926295	0	0.0000168417	0	0.00000842086	0	0.00000842086	0	0.000277888	0.0007578779999999999
FGC2634_s_2_1_GCGTGGATGG-TTGACCAATG_FGC2634_s_2_2_GCGTGGATGG-TTGACCAATG	0.0107145	0	0	0.0000132824	0	0.000668548	0.000066412	0.000230228	0	0.0000531296	0	0	0	0.0012928199999999999	0	0	0	0	0	0	0	0	0	0.0007836620000000001	0	0	0.00000442747	0	0	0	0	0	0	0	0	0.0000841219	0.000017709899999999998	0	0	0	0	0	0.00262106	0	0	0	0	0	0	0	0.00137694	0.0000885494	0.000017709899999999998	0.00000885494	0.000022137300000000002	0.00000885494	0.000309923	0.000274503	0	0.00000442747	0	0.00000442747	0	0	0	0.0000619846	0	0.000265648	0.0000487021	0.000438319	0.0000132824	0.000066412	0.0000132824	0.00502518	0.000256793	0	0.000185954	0.0000309923	0	0	0.00000885494	0	0	0	0.0000132824	0.000274503	0.00000885494	0	0	0	0.00011954199999999999	0	0	0	0	0	0.000022137300000000002	0	0.000376335	0.000672975
FGC2634_s_2_1_GCGTTGGTAT-ACATACTTCC_FGC2634_s_2_2_GCGTTGGTAT-ACATACTTCC	0.0098976	0	0	0.000013057499999999998	0	0.000522301	0.0000783451	0.000241564	0	0.0000522301	0	0	0	0.00162566	0	0	0	0	0	0	0	0	0	0.0007051059999999999	0	0	0	0	0	0	0	0	0	0	0	0.0000522301	0.000019586300000000003	0	0	0	0	0	0.00243523	0	0	0	0	0	0	0.00000652876	0.00135798	0.00011751800000000001	0.000026114999999999996	0.000013057499999999998	0.000026114999999999996	0	0.000293794	0.00027420799999999996	0	0	0	0	0	0	0	0.0000522301	0.000013057499999999998	0.00026115	0.0000587588	0.000319909	0	0.0000522301	0.000013057499999999998	0.00511202	0.00026115	0	0.00016321899999999998	0.000026114999999999996	0	0	0.000019586300000000003	0	0	0	0.000013057499999999998	0.00030032299999999996	0.00000652876	0.000013057499999999998	0.00000652876	0.00000652876	0.00010445999999999999	0	0.00000652876	0	0.00000652876	0	0.000013057499999999998	0	0.00032643799999999997	0.0006985769999999999
FGC2634_s_2_1_GGAGCGTGTA-ATCCGTAAGT_FGC2634_s_2_2_GGAGCGTGTA-ATCCGTAAGT	0.009441340000000001	0	0	0	0	0.0005532509999999999	0.0000541224	0.000192435	0	0.0000481088	0	0	0	0.0012388	0	0	0	0	0	0	0	0	0	0.000649468	0	0	0	0	0	0	0	0.0000060136	0	0	0	0.0000481088	0.0000240544	0	0	0	0	0	0.00244152	0	0	0	0.0000060136	0	0.0000060136	0.0000060136	0.00148536	0.0000962175	0.0000120272	0.0000060136	0.0000060136	0.000018040800000000002	0.000282639	0.00029466599999999996	0	0.0000120272	0.0000060136	0.0000060136	0.0000060136	0	0	0.0000420952	0	0.000288653	0.0000721631	0.00045703299999999997	0.0000060136	0.0000481088	0.000030068	0.0049552	0.000210476	0	0.000126285	0.0000120272	0.0000060136	0.0000120272	0.0000060136	0	0.0000060136	0.0000060136	0.0000060136	0.00030068	0.0000060136	0.0000120272	0	0	0.0000902039	0	0.0000060136	0	0.0000240544	0	0.000030068	0	0.000312707	0.00076974
FGC2634_s_2_1_GGCAAGCCAG-CAAGCATCCG_FGC2634_s_2_2_GGCAAGCCAG-CAAGCATCCG	0.0104043	0	0	0.000013636100000000001	0	0.000620442	0.000054544400000000006	0.00023863200000000002	0	0.0000477263	0	0	0	0.0013295199999999998	0	0	0	0	0	0	0	0	0	0.000865892	0	0	0.000006818050000000001	0	0	0	0	0.000006818050000000001	0	0.000006818050000000001	0	0.000040908299999999996	0.000013636100000000001	0	0	0	0	0	0.00238632	0	0	0	0	0	0	0.000006818050000000001	0.0014113399999999999	0.0000886346	0.000027272200000000003	0	0.000006818050000000001	0.000006818050000000001	0.00025908599999999995	0.000299994	0	0.000013636100000000001	0	0.0000204541	0	0	0	0.0000477263	0.000006818050000000001	0.000252268	0.000040908299999999996	0.000320448	0.000006818050000000001	0.0000681805	0.000013636100000000001	0.004963540000000001	0.000149997	0	0.000143179	0.0000477263	0	0	0	0	0	0	0	0.000272722	0	0.000006818050000000001	0	0.000006818050000000001	0.00012954299999999998	0	0.000006818050000000001	0	0	0	0.000006818050000000001	0	0.00027954	0.0007295310000000001
FGC2634_s_2_1_GGTAACTCGC-AAGTTGGTGA_FGC2634_s_2_2_GGTAACTCGC-AAGTTGGTGA	0.0111052	0	0	0.0000192464	0	0.000532484	0.000044908300000000005	0.000243788	0	0.0000320774	0	0	0	0.00123177	0	0	0	0	0	0	0	0	0	0.0007955190000000001	0	0	0	0	0	0	0	0	0	0	0	0.000044908300000000005	0.0000256619	0	0	0	0	0	0.00231599	0	0	0	0	0	0	0	0.00150764	0.0000705702	0.000044908300000000005	0	0.00000641547	0.00000641547	0.00028869599999999996	0.000192464	0	0.00000641547	0	0	0	0	0	0.0000513238	0.0000128309	0.000205295	0.0000834012	0.000372098	0	0.0000320774	0.0000384928	0.00517729	0.000282281	0	0.00016680200000000002	0.0000128309	0	0	0.0000128309	0.00000641547	0	0	0.0000128309	0.000243788	0.0000128309	0.0000128309	0	0	0.0000962321	0	0.0000192464	0	0.0000192464	0	0.0000320774	0	0.000352851	0.0006351320000000001
FGC2634_s_2_1_GGTTGCGAGG-AATAGAGCAA_FGC2634_s_2_2_GGTTGCGAGG-AATAGAGCAA	0.0101594	0	0	0.000036544599999999996	0	0.000706529	0.0000609077	0.000188814	0	0.0000548169	0	0	0	0.00124861	0	0	0	0	0	0	0	0	0	0.0007735280000000001	0	0	0.0000121815	0	0	0	0.000006090770000000001	0	0	0	0	0.000048726099999999994	0.0000609077	0	0	0	0	0	0.00235713	0	0	0	0.000006090770000000001	0	0.000006090770000000001	0.000006090770000000001	0.00124861	0.0000852708	0.000048726099999999994	0.0000121815	0.0000304538	0.0000121815	0.000347174	0.00028017499999999997	0	0.000006090770000000001	0.000006090770000000001	0.000006090770000000001	0	0	0	0.0000609077	0.000018272299999999998	0.000213177	0.00007308919999999999	0.00040199100000000003	0	0.000048726099999999994	0.0000609077	0.00486652	0.000219268	0	0.000146178	0.0000243631	0.000006090770000000001	0.0000121815	0.0000121815	0.000006090770000000001	0	0.000006090770000000001	0.0000121815	0.00023144900000000003	0.000006090770000000001	0.000006090770000000001	0	0	0.0000852708	0	0.0000121815	0	0.0000121815	0	0.0000304538	0	0.00026799399999999997	0.000609077
FGC2634_s_2_1_GTATTCCACC-ATGTAGACAA_FGC2634_s_2_2_GTATTCCACC-ATGTAGACAA	0.0104274	0	0.0000067186599999999995	0	0	0.000638272	0.0000873425	0.00021499700000000003	0	0.0000537493	0	0	0	0.0011153	0	0	0	0	0	0	0	0	0	0.000846551	0	0	0	0	0	0	0	0	0	0	0	0.0000739052	0	0	0	0	0	0	0.00245903	0	0	0	0	0	0	0	0.00131686	0.0000671866	0.000026874600000000002	0	0.0000067186599999999995	0.000013437300000000001	0.000322496	0.00019484100000000001	0	0	0	0.000013437300000000001	0	0	0	0.000047030599999999997	0	0.000188122	0.000026874600000000002	0.00039640100000000006	0.0000067186599999999995	0.0000403119	0.0000067186599999999995	0.004857589999999999	0.00024859000000000003	0	0.000120936	0.000020156	0	0.0000067186599999999995	0.0000067186599999999995	0	0.0000067186599999999995	0	0.0000067186599999999995	0.00021499700000000003	0.0000067186599999999995	0.000013437300000000001	0	0	0.0000739052	0	0.0000067186599999999995	0	0	0	0.000026874600000000002	0	0.00030234	0.00059796
FGC2634_s_2_1_GTCCGTAAGC-CGTGTATCTT_FGC2634_s_2_2_GTCCGTAAGC-CGTGTATCTT	0.010164	0	0.00000667806	0.00000667806	0	0.0006811629999999999	0.000026712300000000002	0.00024708799999999996	0	0.000033390300000000005	0	0	0	0.00135565	0	0	0	0	0	0	0	0	0	0.000747943	0	0	0	0	0	0	0	0	0	0	0	0.000026712300000000002	0.000013356099999999999	0	0	0	0	0	0.00241078	0	0	0	0	0	0	0	0.0014224300000000001	0.0000734587	0.000013356099999999999	0	0.000026712300000000002	0.000013356099999999999	0.000260445	0.000300513	0	0	0	0.000013356099999999999	0	0	0	0.000026712300000000002	0	0.000253766	0.000040068400000000004	0.000467465	0.00000667806	0.000053424499999999996	0.000026712300000000002	0.00507533	0.000233732	0	0.00015359500000000002	0.000026712300000000002	0	0	0.000013356099999999999	0	0	0	0.000026712300000000002	0.000273801	0.00000667806	0.00000667806	0	0.000013356099999999999	0.00010684899999999999	0	0.000013356099999999999	0	0	0	0.000026712300000000002	0	0.000340581	0.000727909
FGC2634_s_2_1_GTCCTGGATA-CGGTGGCGAA_FGC2634_s_2_2_GTCCTGGATA-CGGTGGCGAA	0.0105218	0	0	0.00000494211	0	0.000612822	0.000044479	0.00022239500000000001	0	0.0000543632	0	0	0	0.00143815	0	0	0	0	0	0	0	0	0	0.0007759119999999999	0	0	0.00000988422	0	0	0	0	0.00000494211	0	0.00000494211	0	0.0000642475	0.0000247106	0	0	0	0	0	0.0023326799999999997	0	0	0	0.00000494211	0	0	0	0.00151723	0.00007413170000000001	0.00000988422	0.00000494211	0.0000247106	0.0000148263	0.00026193200000000004	0.00021745300000000002	0	0.00000494211	0	0.00000494211	0.00000494211	0	0	0.0000691896	0	0.000232279	0.0000642475	0.0005040950000000001	0.00000494211	0.00007413170000000001	0.0000247106	0.0050903699999999994	0.000296527	0	0.000227337	0.000019768400000000002	0	0.00000494211	0.0000148263	0.00000494211	0	0.00000494211	0.0000247106	0.000232279	0.00000494211	0.00000988422	0	0.00000494211	0.000118611	0	0.0000148263	0	0.0000148263	0	0.0000345948	0.00000494211	0.00043490600000000004	0.0008203910000000001
FGC2634_s_2_1_GTCTAATGGC-AGTGGTCAGG_FGC2634_s_2_2_GTCTAATGGC-AGTGGTCAGG	0.0104874	0	0	0.00000677045	0	0.0006567330000000001	0.0000338522	0.000142179	0	0.0000473931	0	0	0	0.00136086	0	0	0	0	0	0	0	0	0	0.000866617	0	0	0.00000677045	0	0	0	0	0.00000677045	0	0	0	0.0000541636	0.0000135409	0	0	0	0	0	0.00264724	0	0	0	0	0	0	0.00000677045	0.0013067	0.00012863799999999998	0.0000338522	0.0000135409	0.0000338522	0.0000135409	0.000365604	0.00025727700000000004	0	0.0000135409	0	0.0000135409	0	0	0	0.0000677045	0	0.00024373599999999999	0.0000744749	0.000324981	0.00000677045	0.000115098	0.0000473931	0.00497628	0.000270818	0	0.00016249099999999999	0.0000135409	0	0.00000677045	0.00000677045	0	0	0	0.0000135409	0.00029790000000000003	0.00000677045	0	0	0.00000677045	0.00015572	0	0.0000135409	0	0.0000135409	0	0.0000203113	0.00000677045	0.000324981	0.0007108969999999999
FGC2634_s_2_1_GTGACACGCA-GCTTACGGAC_FGC2634_s_2_2_GTGACACGCA-GCTTACGGAC	0.011030400000000001	0	0	0.00000872656	0	0.000497414	0.000034906199999999995	0.000122172	0	0.0000610859	0	0	0	0.00109955	0	0	0	0	0	0	0	0	0	0.000741758	0	0	0	0	0	0	0	0.00000872656	0	0	0	0.0000872656	0.000034906199999999995	0	0	0	0.00000872656	0	0.0023910800000000003	0	0	0	0	0	0	0.000017453099999999997	0.00109955	0.0000698125	0.000034906199999999995	0.000017453099999999997	0.0000261797	0	0.00027925	0.000165805	0	0	0	0.00000872656	0	0	0	0.000104719	0.00000872656	0.000157078	0.0000523594	0.000410148	0	0.0000261797	0.0000436328	0.004921780000000001	0.000244344	0	0.000148352	0.00000872656	0	0	0.00000872656	0	0	0	0.000017453099999999997	0.000191984	0	0.00000872656	0	0	0.0000610859	0	0.00000872656	0	0.000017453099999999997	0	0.0000436328	0	0.00030543000000000004	0.0005061400000000001
FGC2634_s_2_1_GTGCAGACAG-TACCATCCGT_FGC2634_s_2_2_GTGCAGACAG-TACCATCCGT	0.00989343	0	0	0.0000179445	0	0.000634041	0.000053833600000000006	0.00010168599999999999	0	0.0000179445	0	0	0	0.00107667	0	0	0	0	0	0	0	0	0	0.000723763	0	0	0.000005981519999999999	0	0	0	0.000005981519999999999	0	0	0	0	0.0000777597	0.0000179445	0	0	0	0	0	0.00249429	0	0	0	0	0	0	0	0.0012262100000000001	0.000035889099999999995	0.0000418706	0	0.0000478521	0.0000179445	0.000287113	0.000179445	0	0	0	0.000005981519999999999	0.000005981519999999999	0	0	0.000059815199999999996	0.000005981519999999999	0.000137575	0.000113649	0.000364872	0.000005981519999999999	0.000053833600000000006	0.0000239261	0.00452203	0.00020935299999999999	0	0.000113649	0.0000239261	0	0	0.0000239261	0	0.000005981519999999999	0	0.0000239261	0.00019140799999999998	0.0000179445	0.000011962999999999999	0	0	0.0000957042	0	0.0000239261	0	0.0000179445	0	0.000059815199999999996	0	0.000281131	0.000550299
FGC2634_s_2_1_TAAGCATCCA-TCAATCCATT_FGC2634_s_2_2_TAAGCATCCA-TCAATCCATT	0.0106852	0	0	0.0000074931499999999996	0	0.0007043560000000001	0.000029972599999999998	0.000179836	0	0.000059945199999999997	0	0	0	0.00122888	0	0	0	0	0	0	0	0	0	0.000861712	0	0	0	0	0	0	0	0.0000074931499999999996	0	0	0	0.00006743830000000001	0.0000224794	0	0	0	0.0000074931499999999996	0	0.00258514	0	0	0	0	0	0	0.0000074931499999999996	0.0013113	0.000059945199999999997	0.000029972599999999998	0.0000074931499999999996	0.0000374657	0.0000074931499999999996	0.00041961600000000004	0.00020231499999999998	0	0.0000074931499999999996	0	0.0000074931499999999996	0	0	0	0.00006743830000000001	0.0000074931499999999996	0.00020980800000000002	0.0000449589	0.00038964399999999997	0.0000074931499999999996	0.0000374657	0.000029972599999999998	0.00468322	0.000232288	0	0.000127384	0.000029972599999999998	0	0.0000074931499999999996	0.000014986299999999999	0	0	0	0.000029972599999999998	0.000232288	0	0.0000074931499999999996	0	0	0.0000899178	0	0.000014986299999999999	0	0.0000074931499999999996	0	0.000014986299999999999	0	0.000269753	0.000674383
FGC2634_s_2_1_TAGCATAACC-GCTATGCGCA_FGC2634_s_2_2_TAGCATAACC-GCTATGCGCA	0.010056	0	0	0.000024814299999999997	0	0.0006948	0.0000620358	0.000204718	0	0.000049628599999999994	0	0	0	0.00137719	0	0	0	0	0	0	0	0	0	0.000794058	0	0	0	0	0	0	0	0	0	0	0	0.0000744429	0.000018610699999999998	0	0	0	0	0	0.00237597	0	0	0	0	0	0	0	0.0013275700000000001	0.0000620358	0.0000310179	0.0000124072	0.0000372215	0.0000062035800000000005	0.000303975	0.000167497	0	0	0	0	0	0	0	0.000043425	0.0000124072	0.000167497	0.0000558322	0.00043425	0.0000062035800000000005	0.0000372215	0.000049628599999999994	0.00521721	0.000204718	0	0.00009305359999999999	0.000018610699999999998	0	0	0.000018610699999999998	0.0000062035800000000005	0	0.0000062035800000000005	0.0000124072	0.000204718	0.000024814299999999997	0.0000062035800000000005	0.0000124072	0	0.0000558322	0	0.0000062035800000000005	0	0.0000124072	0	0.000043425	0	0.000316382	0.0006948
FGC2634_s_2_1_TAGTTCGGTA-CCATGTGTAG_FGC2634_s_2_2_TAGTTCGGTA-CCATGTGTAG	0.0100206	0	0	0.000018637099999999998	0	0.000596388	0.0000372743	0.000217433	0	0.0000372743	0	0	0	0.00139778	0	0	0	0	0	0	0	0	0	0.000820034	0	0	0.0000062123799999999995	0	0	0	0	0.0000062123799999999995	0	0	0	0.0000372743	0.000012424799999999998	0	0	0	0	0	0.00254086	0	0	0	0	0	0	0	0.0014537	0.0000931856	0.000012424799999999998	0	0.000018637099999999998	0.0000062123799999999995	0.000291982	0.000298194	0	0.0000062123799999999995	0	0	0	0	0	0.0000248495	0	0.000298194	0.0000559114	0.000378955	0.0000062123799999999995	0.0000683361	0.000012424799999999998	0.00488293	0.00023607	0	0.000161522	0.0000310619	0	0	0.000012424799999999998	0	0	0.0000062123799999999995	0.000012424799999999998	0.000316831	0.0000062123799999999995	0.0000062123799999999995	0	0	0.000099398	0	0.000018637099999999998	0	0	0	0.000018637099999999998	0	0.000335468	0.0007703349999999999
FGC2634_s_2_1_TATGCCTTAC-AGACACATTA_FGC2634_s_2_2_TATGCCTTAC-AGACACATTA	0.010191	0	0	0	0	0.0006332530000000001	0.000044180499999999995	0.000220902	0	0.0000294536	0	0	0	0.00130087	0	0	0	0	0	0	0	0	0	0.000682343	0	0	0	0	0	0	0	0.00000490894	0	0.00000490894	0	0.0000490894	0.0000294536	0	0	0	0	0	0.00245447	0	0	0	0.00000490894	0	0.00000490894	0	0.00128614	0.0000981788	0.000044180499999999995	0.00000981788	0.0000294536	0.00000490894	0.000260174	0.000294536	0	0.00000981788	0.00000490894	0.00000490894	0.00000490894	0	0	0.0000589073	0.00000981788	0.000260174	0.00008836090000000001	0.000436896	0.0000147268	0.000044180499999999995	0.0000245447	0.00476658	0.000211084	0	0.000132541	0.0000294536	0.00000490894	0.00000981788	0.0000343626	0.00000490894	0.00000490894	0.00000981788	0.0000147268	0.000299445	0.0000147268	0.00000981788	0	0	0.0000932699	0	0.00000981788	0	0.0000147268	0	0.0000245447	0	0.00027981	0.0006872520000000001
FGC2634_s_2_1_TATGTAGTCA-CGCACTAATG_FGC2634_s_2_2_TATGTAGTCA-CGCACTAATG	0.0103338	0	0	0.0000245574	0	0.000623758	0.000054026299999999995	0.00020137100000000002	0	0.0000392919	0	0	0	0.00125734	0	0	0	0	0	0	0	0	0	0.000736723	0	0	0.000004911480000000001	0	0	0	0	0.000004911480000000001	0	0.000004911480000000001	0	0.0000442034	0.0000147345	0	0	0	0	0	0.00228875	0	0	0	0	0	0	0	0.00127207	0.0000638493	0.0000245574	0.000004911480000000001	0.000029468900000000002	0.000029468900000000002	0.000333981	0.000186636	0	0.00000982297	0	0	0	0	0	0.0000785837	0.0000196459	0.000181725	0.000054026299999999995	0.000442034	0	0.0000736723	0.0000392919	0.00488202	0.000186636	0	0.000112964	0.0000196459	0	0	0.00000982297	0	0	0	0.00000982297	0.000225928	0.000004911480000000001	0.000004911480000000001	0	0	0.0000933182	0	0.0000147345	0	0.000004911480000000001	0	0.0000442034	0	0.00026030899999999996	0.000643404
FGC2634_s_2_1_TATTGCGCTC-CTGTGTTAGG_FGC2634_s_2_2_TATTGCGCTC-CTGTGTTAGG	0.0108896	0	0	0.00000666847	0	0.000666847	0.0000466793	0.000193386	0	0.0000400108	0	0	0	0.0012670099999999998	0	0	0	0	0	0	0	0	0	0.0006735150000000001	0	0	0.00000666847	0	0	0	0	0	0	0	0	0.0000400108	0.0000266739	0	0	0	0	0	0.002474	0	0	0	0.00000666847	0	0.00000666847	0.000013336900000000001	0.0013670400000000001	0.00009335849999999999	0.0000333423	0.000013336900000000001	0.0000466793	0	0.000246733	0.000253402	0	0.000013336900000000001	0	0	0.00000666847	0	0	0.00006668470000000001	0.000013336900000000001	0.000240065	0.0000600162	0.000420113	0.00000666847	0.000013336900000000001	0.0000533477	0.00486798	0.000300081	0	0.00016004299999999999	0.00000666847	0	0.00000666847	0.0000200054	0.00000666847	0	0.000013336900000000001	0.0000200054	0.000293413	0.000013336900000000001	0.000013336900000000001	0	0.00000666847	0.000106695	0	0.0000200054	0	0.0000200054	0	0.0000733531	0	0.000326755	0.0007468679999999999
FGC2634_s_2_1_TCAGAAGGCG-GGCCATCATA_FGC2634_s_2_2_TCAGAAGGCG-GGCCATCATA	0.00994049	0	0	0	0	0.0006921949999999999	0.0000356801	0.000221217	0	0.0000214081	0	0	0	0.00137725	0	0	0	0	0	0	0	0	0	0.000799235	0	0	0	0	0	0	0	0	0	0	0	0.0000428162	0.0000214081	0	0	0	0	0	0.0025190200000000003	0	0	0	0	0	0	0	0.00137012	0.00007849630000000001	0.0000214081	0	0.0000428162	0	0.000371073	0.00025689699999999996	0	0	0.00000713603	0.0000142721	0	0	0	0.0000214081	0	0.000235489	0.0000713603	0.000321121	0.00000713603	0.00005708820000000001	0.0000142721	0.00501663	0.000271169	0	0.000164129	0.0000142721	0	0	0	0	0.00000713603	0	0.00000713603	0.00024262499999999998	0.00000713603	0.00000713603	0	0	0.00008563229999999999	0	0	0	0	0	0.0000142721	0	0.000278305	0.0007564189999999999
FGC2634_s_2_1_TCATAGATTG-GATTAAGGTG_FGC2634_s_2_2_TCATAGATTG-GATTAAGGTG	0.0101503	0	0	0.0000296938	0	0.000633467	0.00006928549999999999	0.000158367	0	0.0000247448	0	0	0	0.00139561	0	0	0	0	0	0	0	0	0	0.0008611199999999999	0	0	0.00000494896	0	0	0	0	0	0	0	0	0.000039591699999999996	0.00000494896	0	0	0	0	0	0.00248933	0	0	0	0.00000494896	0	0	0	0.00128178	0.00006928549999999999	0.0000247448	0	0.0000148469	0.000009897930000000001	0.000331581	0.00025734600000000004	0	0.000009897930000000001	0.00000494896	0	0	0	0	0.000039591699999999996	0.00000494896	0.00025734600000000004	0.0000247448	0.000405815	0	0.0000346427	0.0000148469	0.00496381	0.00022765199999999998	0	0.00016826500000000002	0.0000148469	0	0.00000494896	0.0000148469	0	0	0.00000494896	0.0000247448	0.00027714199999999997	0	0.00000494896	0	0	0.00011382599999999999	0	0.0000148469	0	0	0	0.000009897930000000001	0	0.00032168299999999996	0.0006730589999999999
FGC2634_s_2_1_TCCATTGCCG-GAATGCACGA_FGC2634_s_2_2_TCCATTGCCG-GAATGCACGA	0.00997608	0	0	0.00000819727	0	0.000622993	0.0000655782	0.00018034	0	0.000057380900000000005	0	0	0	0.0014919	0	0	0	0	0	0	0	0	0	0.000713163	0	0	0.00000819727	0	0	0	0	0	0	0	0	0.0000819727	0.0000409864	0	0	0	0	0	0.00231983	0	0	0	0	0	0	0.00000819727	0.00146731	0.00009836730000000001	0.0000491836	0.00000819727	0.0000491836	0.0000163945	0.00034428599999999996	0.00032789099999999997	0	0.00000819727	0	0.00000819727	0	0	0	0.0000655782	0.00000819727	0.00031969400000000003	0.0000819727	0.000532823	0	0.00009836730000000001	0.0000491836	0.0050167300000000005	0.00026231299999999997	0	0.000155748	0.0000245918	0	0.00000819727	0.00000819727	0.00000819727	0	0	0.0000163945	0.00031969400000000003	0.0000245918	0.0000245918	0	0	0.00009017	0	0	0	0	0	0.0000163945	0	0.00034428599999999996	0.000836122
FGC2634_s_2_1_TCTCATGATA-AACACGTGGA_FGC2634_s_2_2_TCTCATGATA-AACACGTGGA	0.010502	0	0	0.0000050105	0	0.000721512	0.000060126	0.00020543099999999998	0	0.0000651365	0	0	0	0.00138791	0	0	0	0	0	0	0	0	0	0.000761596	0	0	0	0	0	0	0	0.0000050105	0	0.0000050105	0	0.000070147	0.000025052499999999998	0	0	0	0	0	0.00240003	0	0	0	0	0	0	0	0.00132277	0.000080168	0.0000150315	0.000010021	0.000020042	0.0000050105	0.00029562	0.000270567	0	0.0000050105	0	0.0000050105	0	0	0	0.0000350735	0	0.000250525	0.000070147	0.000370777	0	0.000050104999999999995	0.000020042	0.00493534	0.000215452	0	0.000115242	0.000040084	0	0	0	0	0.0000050105	0	0.000010021	0.000240504	0.0000050105	0	0	0	0.00007515749999999999	0	0.0000050105	0	0.0000050105	0	0.000025052499999999998	0	0.00029562	0.000666397
FGC2634_s_2_1_TCTGGTATCC-CGTTGCTTAC_FGC2634_s_2_2_TCTGGTATCC-CGTTGCTTAC	0.0109607	0	0	0	0	0.000580074	0.0000404703	0.00014164600000000002	0	0.0000539604	0	0	0	0.00128156	0	0	0	0	0	0	0	0	0	0.0007014850000000001	0	0	0.0000134901	0	0	0	0	0.00000674505	0	0	0	0.000101176	0.0000337252	0	0	0	0	0	0.00263057	0	0	0	0	0	0	0	0.00138948	0.0000876856	0.0000404703	0.00000674505	0.0000539604	0.0000269802	0.00028329200000000004	0.00026305699999999997	0	0	0	0.000020235100000000002	0	0	0	0.000047215299999999995	0.0000134901	0.000209096	0.0000674505	0.000485643	0.00000674505	0.0000741955	0.000047215299999999995	0.0049711	0.000290037	0	0.00018886100000000002	0.000020235100000000002	0	0	0.0000134901	0	0	0	0.00000674505	0.00024282200000000001	0	0.0000134901	0	0	0.00014164600000000002	0	0	0	0.00000674505	0	0.0000134901	0	0.000364233	0.0006879950000000001
FGC2634_s_2_1_TGATGTAAGA-GTGCGTCCTT_FGC2634_s_2_2_TGATGTAAGA-GTGCGTCCTT	0.009757749999999999	0	0	0.00000534964	0	0.000663356	0.000026748200000000003	0.00020863599999999997	0	0.000026748200000000003	0	0	0	0.00137486	0	0	0	0	0	0	0	0	0	0.000818495	0	0	0.00000534964	0	0	0	0	0.0000106993	0	0.00000534964	0	0.000026748200000000003	0.0000106993	0	0	0	0	0	0.0025036299999999997	0	0	0	0	0	0	0	0.0013320600000000001	0.000112342	0.0000106993	0	0.0000106993	0.0000106993	0.00030493	0.000230035	0	0.00000534964	0	0.00000534964	0	0	0	0.000042797100000000004	0.0000160489	0.000246084	0.000042797100000000004	0.000363776	0.0000106993	0.0000695454	0.0000213986	0.00473443	0.000197937	0	0.00014444000000000002	0.000032097899999999996	0	0.0000106993	0	0	0	0	0.0000160489	0.000267482	0.00000534964	0.0000106993	0	0	0.00010164299999999999	0	0.0000106993	0	0.0000213986	0	0.000048146800000000005	0	0.000283531	0.000679405
FGC2634_s_2_1_TGATTATACG-GTCGATTACA_FGC2634_s_2_2_TGATTATACG-GTCGATTACA	0.0107682	0	0	0.00000603937	0	0.000767001	0.000060393700000000004	0.000241575	0	0.000036236200000000004	0	0	0	0.00124411	0	0	0	0	0	0	0	0	0	0.000748882	0	0	0.00000603937	0	0	0	0	0.0000120787	0	0	0	0.000048315	0.000030196900000000002	0	0	0	0	0	0.0025727700000000003	0	0	0	0	0	0	0	0.0012561900000000001	0.000036236200000000004	0.0000241575	0.00000603937	0.000030196900000000002	0.0000120787	0.000253654	0.000181181	0	0	0	0.00000603937	0.00000603937	0	0	0.0000664331	0.0000120787	0.000175142	0.0000785119	0.000446914	0.000018118100000000002	0.000030196900000000002	0.000030196900000000002	0.00519386	0.000205339	0.00000603937	0.0000845512	0.000018118100000000002	0	0.00000603937	0.0000120787	0	0	0	0.000018118100000000002	0.00019326	0.00000603937	0.00000603937	0.00000603937	0.00000603937	0.0000724725	0	0.0000120787	0	0.000018118100000000002	0	0.000036236200000000004	0	0.00030800799999999997	0.000609977
FGC2634_s_2_1_TGGTACCTAA-CATGAGTACT_FGC2634_s_2_2_TGGTACCTAA-CATGAGTACT	0.0101829	0	0	0.000016388799999999998	0	0.000639161	0.0000600921	0.00020759100000000003	0	0.000027314599999999998	0	0	0	0.00134934	0	0	0	0	0	0	0	0	0	0.0008740670000000001	0	0	0	0	0	0	0.00000546292	0	0	0	0	0.0000819438	0.0000218517	0	0	0	0	0	0.00251841	0	0	0	0.0000109258	0	0.0000109258	0.00000546292	0.0014149	0.000065555	0.0000437033	0.00000546292	0.000027314599999999998	0.0000109258	0.000316849	0.000245831	0	0.000016388799999999998	0.0000109258	0.00000546292	0.00000546292	0.00000546292	0	0.000065555	0.0000109258	0.00019120200000000002	0.0000600921	0.000475274	0.00000546292	0.000065555	0.0000218517	0.004785520000000001	0.00024036799999999997	0.00000546292	0.000163888	0.000027314599999999998	0.0000109258	0.000016388799999999998	0.000016388799999999998	0.0000109258	0	0.0000109258	0.0000218517	0.00024036799999999997	0.0000109258	0.000016388799999999998	0	0.0000109258	0.0000983325	0	0.0000109258	0	0.000016388799999999998	0	0.0000437033	0	0.000371478	0.000671939
FGC2634_s_2_1_TGTAATCGAC-GATCACCGCG_FGC2634_s_2_2_TGTAATCGAC-GATCACCGCG	0.00946786	0	0	0.0000226504	0.0000056626	0.0005322840000000001	0.0000396382	0.00022084100000000002	0	0.0000339756	0	0	0	0.00129107	0	0	0	0	0	0	0	0	0	0.000651198	0	0	0.0000113252	0	0	0	0	0	0	0	0	0.0000622885	0.0000113252	0	0	0	0	0	0.00243492	0	0	0.0000056626	0	0	0	0	0.00126276	0.0000906015	0.0000169878	0.0000113252	0.0000226504	0.0000226504	0.000249154	0.000277467	0	0.0000113252	0	0	0.0000056626	0	0	0.0000849389	0	0.000271805	0.000056626	0.000560597	0.0000056626	0.000056626	0.0000169878	0.00485851	0.00023216599999999999	0	0.000164215	0.0000453008	0	0.0000056626	0.0000169878	0.0000056626	0	0	0.0000113252	0.000271805	0.0000056626	0.0000056626	0	0	0.0000792763	0	0	0	0.0000056626	0	0.0000056626	0	0.000294455	0.000702162
FGC2634_s_2_1_TGTCGCTGGT-TCGTCTGACT_FGC2634_s_2_2_TGTCGCTGGT-TCGTCTGACT	0.0103563	0	0	0.0000112508	0	0.000686297	0.0000787554	0.000236266	0	0.0000618793	0	0	0	0.0013613400000000002	0	0	0	0	0	0	0	0	0	0.000894436	0	0	0	0	0	0	0	0.0000056253900000000005	0	0	0	0.000050628500000000005	0.0000281269	0	0	0	0	0	0.00236829	0	0	0	0	0	0	0	0.00145135	0.000106882	0.0000337523	0.0000112508	0.0000225015	0.0000056253900000000005	0.000360025	0.000298145	0	0.0000056253900000000005	0	0.0000056253900000000005	0	0	0	0.0000562539	0.0000112508	0.000298145	0.0000843808	0.000472532	0.0000056253900000000005	0.0000618793	0.0000281269	0.0051753599999999995	0.000196889	0	0.00014626	0.0000393777	0	0.0000112508	0.0000056253900000000005	0	0	0	0.0000112508	0.00029252	0.0000056253900000000005	0.0000056253900000000005	0.0000056253900000000005	0	0.00009563160000000001	0	0.0000056253900000000005	0	0.0000056253900000000005	0	0.0000337523	0.0000056253900000000005	0.000331898	0.000708799
FGC2634_s_2_1_TTCACGAGAC-AGATTGTTAC_FGC2634_s_2_2_TTCACGAGAC-AGATTGTTAC	0.0104153	0	0	0.0000172725	0	0.000569994	0.0000403026	0.00013818	0	0.0000460601	0	0	0	0.00114575	0	0	0	0	0	0	0	0	0	0.000754235	0	0	0	0	0	0	0	0.00000575752	0	0	0	0.0000403026	0.000023030099999999998	0	0	0	0.00000575752	0	0.0023260399999999997	0	0	0	0.00000575752	0	0.00000575752	0.000011514999999999999	0.0014048300000000001	0.00008636269999999999	0.0000172725	0.000011514999999999999	0.000034545099999999996	0.000011514999999999999	0.000328178	0.000282118	0	0.00000575752	0	0.000011514999999999999	0.00000575752	0	0	0.000028787600000000002	0	0.000276361	0.000051817600000000003	0.000426056	0.00000575752	0.000051817600000000003	0.000034545099999999996	0.00494571	0.000218786	0	0.000126665	0.000028787600000000002	0.00000575752	0.00000575752	0.00000575752	0.00000575752	0	0.00000575752	0.000011514999999999999	0.000310906	0.00000575752	0.0000172725	0	0.000011514999999999999	0.00009787780000000001	0	0.00000575752	0	0.000011514999999999999	0	0.000023030099999999998	0	0.000310906	0.000639084
FGC2634_s_2_1_TTCTACATAC-CTAACTGTAA_FGC2634_s_2_2_TTCTACATAC-CTAACTGTAA	0.0105131	0	0	0.0000118926	0	0.0006600400000000001	0.0000654094	0.000184336	0	0.0000178389	0	0	0	0.0013736	0	0	0	0	0	0	0	0	0	0.0007730199999999999	0	0	0	0	0	0	0	0	0	0	0	0.0000713557	0.0000237852	0	0	0	0	0	0.00234879	0	0	0	0.00000594631	0	0.00000594631	0	0.00149252	0.00010108699999999999	0.000029731600000000002	0.00000594631	0.0000237852	0.00000594631	0.000249745	0.000327047	0	0.0000237852	0.00000594631	0.0000118926	0.00000594631	0	0	0.00008324830000000001	0.0000178389	0.00028542300000000004	0.00010703399999999999	0.000505436	0.0000118926	0.0000594631	0.0000356779	0.00496517	0.00027352999999999996	0	0.00011892599999999999	0.0000178389	0	0.0000118926	0.0000237852	0.00000594631	0	0.0000118926	0.0000118926	0.000315154	0.00000594631	0.0000178389	0	0.00000594631	0.000077302	0	0.0000118926	0	0.0000118926	0	0.0000535168	0	0.000332993	0.000814644
FGC2634_s_2_1_TTGGAATTCC-ACGTCAATAC_FGC2634_s_2_2_TTGGAATTCC-ACGTCAATAC	0.010833200000000001	0	0.00000653782	0.0000196135	0	0.000549177	0.0000196135	0.00017652099999999999	0	0.000039226899999999995	0	0	0	0.00124872	0	0	0	0	0	0	0	0	0	0.0008368410000000001	0	0	0	0	0	0	0	0	0	0	0	0.000026151299999999998	0.000026151299999999998	0	0	0	0	0	0.00251706	0	0	0	0	0	0	0	0.0012618	0.00005884039999999999	0.00000653782	0	0.00000653782	0	0.00027458800000000003	0.000215748	0	0.00000653782	0	0.00000653782	0	0	0	0.0000326891	0	0.000235361	0.00005884039999999999	0.000405345	0	0.00007845379999999999	0.0000196135	0.0048641399999999994	0.000241899	0	0.000130756	0.000026151299999999998	0	0.00000653782	0.00000653782	0	0	0	0.0000130756	0.000241899	0	0.00000653782	0	0	0.0000915295	0	0.00000653782	0	0.00000653782	0	0.000026151299999999998	0	0.000339967	0.000608017
FGC2639_s_1_1_AACATCGCGC-GTCCACTTGT_FGC2639_s_1_2_AACATCGCGC-GTCCACTTGT	0.0856309	0	0	0	0	0	0	0.00674924	0	0	0	0	0	0	0	0	0	0	0	0	0	0	0	0.00259757	0	0.0011544699999999999	0	0	0	0	0	0	0	0	0	0	0	0	0	0	0	0	0	0	0	0	0	0	0	0	0	0	0	0	0	0	0.0000222014	0	0.0000666043	0	0	0	0	0	0	0	0	0	0	0	0	0	0	0	0	0	0	0	0	0	0	0	0	0	0	0	0	0	0.0000666043	0	0	0	0.0000222014	0	0.0000666043	0	0	0	0.0000444029	0
FGC2639_s_1_1_AACCATAGAA-GGCGAGATGG_FGC2639_s_1_2_AACCATAGAA-GGCGAGATGG	0.0950884	0	0	0	0	0	0	0.00768187	0	0	0	0	0	0	0	0	0	0	0	0	0	0	0	0.0025522	0	0.000960234	0	0	0	0	0	0	0	0	0	0	0	0	0	0	0	0	0	0	0	0	0	0	0	0	0	0	0	0	0	0	0.0000252693	0	0.00007580790000000001	0	0	0	0	0	0	0	0	0	0	0	0	0	0	0	0	0	0	0	0	0	0	0	0	0	0	0	0	0	0.0000505386	0	0	0	0	0	0.00007580790000000001	0	0	0	0.0000505386	0
FGC2639_s_1_1_ACAGTGTATG-GAACATACGG_FGC2639_s_1_2_ACAGTGTATG-GAACATACGG	0.0927165	0	0	0	0	0	0	0.007231759999999999	0	0	0	0	0	0	0	0	0	0	0	0	0	0	0	0.0025118700000000002	0	0.00107362	0	0	0	0	0	0	0	0	0	0	0	0	0	0	0	0	0	0	0	0	0	0	0	0	0	0	0	0	0	0	0.0000405141	0	0.0000810281	0	0	0	0	0	0	0	0	0	0	0	0	0	0	0	0	0	0	0	0	0	0	0	0	0	0	0	0	0	0.0000405141	0	0	0	0.000020257	0	0	0	0	0	0.000020257	0
FGC2639_s_1_1_ACATATCCAG-TATGTGCAAT_FGC2639_s_1_2_ACATATCCAG-TATGTGCAAT	0.078307	0	0	0	0	0	0	0.006616179999999999	0	0	0	0	0	0	0	0	0	0	0	0	0	0	0	0.00189477	0	0.000761016	0	0	0	0	0	0	0	0	0	0	0	0	0	0	0	0	0	0	0	0	0	0	0	0	0	0	0	0	0	0	0.00006212370000000001	0	0.00013977800000000002	0	0	0	0	0	0	0	0	0	0	0	0	0	0	0	0	0	0	0	0	0	0	0	0	0	0	0	0	0	0	0	0	0	0	0	0.0000310619	0	0	0	0	0
FGC2639_s_1_1_ACCACGACAT-TCGTATGCGG_FGC2639_s_1_2_ACCACGACAT-TCGTATGCGG	0.0946724	0	0	0	0	0	0	0.008364719999999999	0	0.0000123739	0	0	0	0	0	0	0	0	0	0	0	0	0	0.00216542	0	0.000915665	0	0	0	0	0	0	0	0	0	0	0	0	0	0	0	0	0	0	0	0	0	0	0	0	0	0	0	0	0	0	0.0000247477	0	0.000086617	0	0	0	0.0000123739	0	0	0	0	0	0	0	0	0	0	0	0	0	0	0	0	0	0	0	0	0	0	0	0	0	0.000086617	0	0	0	0.0000494954	0	0.0000494954	0	0	0	0.0000494954	0
FGC2639_s_1_1_ACCGGCCGTA-TGGCAATATT_FGC2639_s_1_2_ACCGGCCGTA-TGGCAATATT	0.0955875	0	0	0	0	0	0	0.00816888	0	0.0000460219	0	0	0	0	0	0	0	0	0	0	0	0	0	0.0018984	0	0.00086291	0	0	0	0	0	0	0	0	0	0	0	0	0	0	0	0	0	0	0	0	0	0	0	0	0	0	0	0	0	0	0.0000115055	0	0.0000460219	0	0	0	0	0	0	0	0	0	0	0	0	0	0	0	0	0	0	0	0	0	0	0	0	0	0	0	0	0	0.0000460219	0	0	0	0	0	0.0000460219	0	0	0	0.0000115055	0
FGC2639_s_1_1_ACCGTTACAA-CTCATAGCGA_FGC2639_s_1_2_ACCGTTACAA-CTCATAGCGA	0.0961062	0	0	0	0	0	0	0.00742885	0	0.000029305100000000002	0	0	0	0	0	0	0	0	0	0	0	0	0	0.00241767	0	0.00102568	0	0	0	0	0	0	0	0	0	0	0	0	0	0	0	0	0	0	0	0	0	0	0	0	0	0	0	0	0	0	0.0000439577	0	0.000161178	0	0	0	0	0	0	0	0	0	0	0	0	0	0	0	0	0	0	0	0	0	0	0	0	0	0	0	0	0	0.0000732628	0	0	0	0	0	0	0	0	0	0.000029305100000000002	0
FGC2639_s_1_1_ACGCCTTGTT-TAAGGAACGT_FGC2639_s_1_2_ACGCCTTGTT-TAAGGAACGT	0.09065730000000001	0	0	0	0	0	0	0.0081657	0	0.000027821800000000002	0	0	0	0	0	0	0	0	0	0	0	0	0	0.00249005	0	0.0010155	0	0	0	0	0	0	0	0	0	0	0	0	0	0	0	0	0	0	0	0	0	0	0	0	0	0	0	0	0	0	0.0000695545	0.000013910900000000001	0.00009737629999999999	0	0	0	0	0	0	0	0	0	0	0	0	0	0	0	0	0	0	0	0	0	0	0	0	0	0	0	0	0	0.000027821800000000002	0	0	0	0	0	0.0000417327	0	0	0	0	0
FGC2639_s_1_1_ACGGTCAGGA-CGGCCTCGTT_FGC2639_s_1_2_ACGGTCAGGA-CGGCCTCGTT	0.0913572	0	0	0	0	0	0	0.007556	0	0.0000180334	0	0	0	0	0	0	0	0	0	0	0	0	0	0.00272304	0	0.00106397	0	0	0	0	0	0	0	0	0	0	0	0	0	0	0	0	0	0	0	0	0	0	0	0	0	0	0	0	0	0	0.0000360668	0	0.0000360668	0	0	0	0	0	0	0	0	0	0	0	0	0	0	0	0	0	0	0	0	0	0	0	0	0	0	0	0	0	0.0000541002	0	0	0	0.0000180334	0	0.0000541002	0	0	0	0.0000180334	0
FGC2639_s_1_1_ACTCGGCAAT-GACAACTGAA_FGC2639_s_1_2_ACTCGGCAAT-GACAACTGAA	0.0940604	0	0	0	0	0	0	0.008483880000000001	0	0.0000160376	0	0	0	0	0	0	0	0	0	0	0	0	0	0.00245375	0	0.00112263	0	0	0	0	0	0	0	0	0	0	0	0	0	0	0	0	0	0	0	0	0	0	0	0	0	0	0	0	0	0	0.000048112700000000004	0	0.00009622540000000001	0	0	0	0	0	0	0	0	0	0	0	0	0	0	0	0	0	0	0	0	0	0	0	0	0	0	0	0	0	0.0000320751	0	0	0	0	0	0.0000320751	0	0	0	0.0000320751	0
FGC2639_s_1_1_ACTCTATTGT-ATCGCATATG_FGC2639_s_1_2_ACTCTATTGT-ATCGCATATG	0.0939281	0	0	0	0	0	0	0.00819866	0	0.0000162029	0	0	0	0	0	0	0	0	0	0	0	0	0	0.0022846100000000003	0	0.0007777379999999999	0	0	0	0	0	0	0	0	0	0	0	0	0	0	0	0	0	0	0	0	0	0	0	0	0	0	0	0	0	0	0.000048608699999999994	0.0000162029	0.000129623	0	0	0	0	0	0	0	0	0	0	0	0	0	0	0	0	0	0	0	0	0	0	0	0	0	0	0	0	0	0.00009721730000000001	0	0	0	0.0000324058	0	0.0000648115	0	0	0	0.000048608699999999994	0
FGC2639_s_1_1_ACTGGATCTA-TCGCCGCTAG_FGC2639_s_1_2_ACTGGATCTA-TCGCCGCTAG	0.0917649	0	0	0	0	0	0	0.00842787	0	0.0000156943	0	0	0	0	0	0	0	0	0	0	0	0	0	0.00210304	0	0.000831801	0	0	0	0	0	0	0	0	0	0	0	0	0	0	0	0	0	0	0	0	0	0	0	0	0	0	0	0	0	0	0.0000784717	0	0.000141249	0	0	0	0	0	0	0	0	0	0	0	0	0	0	0	0	0	0	0	0	0	0	0	0	0	0	0	0	0	0.0000627774	0	0	0	0	0	0.0000627774	0	0	0	0	0
FGC2639_s_1_1_ACTTCAAGCG-GAACCATGAA_FGC2639_s_1_2_ACTTCAAGCG-GAACCATGAA	0.0923281	0	0	0	0	0	0	0.007639529999999999	0	0.0000344123	0	0	0	0	0	0	0	0	0	0	0	0	0	0.00218518	0	0.000877513	0	0	0	0	0	0	0	0	0	0	0	0	0	0	0	0	0	0	0	0	0	0	0	0	0	0	0	0	0	0	0.0000516184	0	0.000137649	0	0	0	0	0	0	0	0	0	0	0	0	0	0	0	0	0	0	0	0	0	0	0	0	0	0	0	0	0	0.0000516184	0	0	0	0	0	0.0000344123	0	0	0	0	0
FGC2639_s_1_1_AGAGGCAACC-CTAATGATGG_FGC2639_s_1_2_AGAGGCAACC-CTAATGATGG	0.0973288	0	0	0	0	0	0	0.00799387	0	0.000028048599999999998	0	0	0	0	0	0	0	0	0	0	0	0	0	0.00229999	0	0.00100975	0	0	0	0	0	0	0	0	0	0	0	0	0	0	0	0	0	0	0	0	0	0	0	0	0	0	0	0	0	0	0.0000560973	0	0.000196341	0	0	0	0	0	0	0	0	0	0	0	0	0	0	0	0	0	0	0	0	0	0	0	0	0	0	0	0	0	0.000028048599999999998	0	0	0	0	0	0.000028048599999999998	0	0	0	0	0
FGC2639_s_1_1_AGGTCAGATA-CTACAAGATA_FGC2639_s_1_2_AGGTCAGATA-CTACAAGATA	0.096408	0	0	0	0	0	0	0.00790352	0	0.000024853800000000002	0	0	0	0	0	0	0	0	0	0	0	0	0	0.00243567	0	0.000994153	0	0	0	0	0	0	0	0	0	0	0	0	0	0	0	0	0	0	0	0	0	0	0	0	0	0	0	0	0	0	0.000024853800000000002	0.000024853800000000002	0.00017397700000000002	0	0	0	0	0	0	0	0	0	0	0	0	0	0	0	0	0	0	0	0	0	0	0	0	0	0	0	0	0	0	0	0	0	0	0	0.000024853800000000002	0	0	0	0	0
FGC2639_s_1_1_AGTCAGACGA-ACCAGCGACA_FGC2639_s_1_2_AGTCAGACGA-ACCAGCGACA	0.100702	0	0	0	0	0	0	0.00816627	0	0.000022558799999999998	0	0	0	0	0	0	0	0	0	0	0	0	0	0.0021882	0	0.0010377000000000001	0	0	0	0	0	0	0	0	0	0	0	0	0	0	0	0	0	0	0	0	0	0	0	0	0	0	0	0	0	0	0	0	0.000135353	0	0	0	0	0	0	0	0	0	0	0	0	0	0	0	0	0	0	0	0	0	0	0	0	0	0	0	0	0	0.000112794	0	0	0	0.0000451175	0	0.0000902351	0	0	0	0.0000676763	0
FGC2639_s_1_1_AGTGTTGCAC-CTGGTACACG_FGC2639_s_1_2_AGTGTTGCAC-CTGGTACACG	0.0954588	0	0	0	0	0	0	0.00790863	0	0	0	0	0	0	0	0	0	0	0	0	0	0	0	0.00207095	0	0.0008703989999999999	0	0	0	0	0	0	0	0	0	0	0	0	0	0	0	0	0	0	0	0	0	0	0	0	0	0	0	0	0	0	0.0000450207	0	0.00009004130000000001	0	0	0	0	0	0	0	0	0	0	0	0	0	0	0	0	0	0	0	0	0	0	0	0	0	0.000015006899999999999	0	0	0	0.000105048	0	0	0	0.0000450207	0	0.000030013799999999997	0	0	0	0.0000450207	0
FGC2639_s_1_1_ATGGTTGACT-GGCCTGTCCT_FGC2639_s_1_2_ATGGTTGACT-GGCCTGTCCT	0.0815617	0	0	0	0	0	0	0.00627559	0	0.0000209186	0	0	0	0	0	0	0	0	0	0	0	0	0	0.0021127800000000003	0	0.0008785819999999999	0	0	0	0	0	0	0	0	0	0	0	0	0	0	0	0	0	0	0	0	0	0	0	0	0	0	0	0	0	0	0.0000209186	0	0.000125512	0	0	0	0	0	0	0	0	0	0	0	0	0	0	0	0	0	0	0	0	0	0	0	0	0	0.0000209186	0	0	0	0.0000418372	0	0	0	0	0	0.0000627559	0	0	0	0.0000209186	0
FGC2639_s_1_1_ATTCCATAAG-TGCCTGGTGG_FGC2639_s_1_2_ATTCCATAAG-TGCCTGGTGG	0.09564070000000001	0	0	0	0	0	0	0.00823004	0	0.0000191396	0	0	0	0	0	0	0	0	0	0	0	0	0	0.00233503	0	0.00122494	0	0	0	0	0	0	0	0	0	0	0	0	0	0	0	0	0	0	0	0	0	0	0	0	0	0	0	0	0	0	0.00005741889999999999	0	0.000114838	0	0	0	0	0	0	0	0	0	0	0	0	0	0	0	0	0	0	0	0	0	0	0	0	0	0	0	0	0	0.0000191396	0	0	0	0	0	0.0000382792	0	0	0	0	0
FGC2639_s_1_1_CAATCGGCTG-GCTGTAGGAA_FGC2639_s_1_2_CAATCGGCTG-GCTGTAGGAA	0.0919466	0	0	0	0	0	0	0.00839262	0	0.000016920600000000002	0	0	0	0	0	0	0	0	0	0	0	0	0	0.00216584	0	0.0008291099999999999	0	0	0	0	0	0	0	0	0	0	0	0	0	0	0	0	0	0	0	0	0	0	0	0	0	0	0	0	0	0	0.000033841200000000004	0	0.000169206	0	0	0	0	0	0	0	0	0	0	0	0	0	0	0	0	0	0	0	0	0	0	0	0	0	0.000016920600000000002	0	0	0	0.000118444	0	0	0	0.000016920600000000002	0	0.00010152400000000001	0	0	0	0.00006768240000000001	0
FGC2639_s_1_1_CACAATAGGA-TCCATCCGAG_FGC2639_s_1_2_CACAATAGGA-TCCATCCGAG	0.0937592	0	0	0	0	0	0	0.0077810299999999995	0	0	0	0	0	0	0	0	0	0	0	0	0	0	0	0.00285878	0	0.00098875	0	0	0	0	0	0	0	0	0	0	0	0	0	0	0	0	0	0	0	0	0	0	0	0	0	0	0	0	0	0	0.000042989100000000005	0	0.000107473	0	0	0	0	0	0	0	0	0	0	0	0	0	0	0	0	0	0	0	0	0	0	0	0	0	0	0	0.0000214946	0	0.00006448370000000001	0	0	0	0	0	0.00006448370000000001	0	0	0	0	0
FGC2639_s_1_1_CAGCCGCGTA-ACTAGCCGTG_FGC2639_s_1_2_CAGCCGCGTA-ACTAGCCGTG	0.09306110000000001	0	0	0	0	0	0	0.00784182	0	0.0000146576	0	0	0	0	0	0	0	0	0	0	0	0	0	0.00199343	0	0.00101137	0	0	0	0	0	0	0	0	0	0	0	0	0	0	0	0	0	0	0	0	0	0	0	0	0	0	0	0	0	0	0.0000439728	0	0.000102603	0	0	0	0	0	0	0	0	0	0	0	0	0	0	0	0	0	0	0	0	0	0	0	0	0	0	0	0	0	0.0000439728	0	0	0	0.0000146576	0	0.0000293152	0	0	0	0.0000439728	0
FGC2639_s_1_1_CAGTGGCACT-TAACAATAGG_FGC2639_s_1_2_CAGTGGCACT-TAACAATAGG	0.09498240000000001	0	0	0	0	0	0	0.00792337	0	0.000024530600000000002	0	0	0	0	0	0	0	0	0	0	0	0	0	0.00239173	0	0.00101802	0	0	0	0	0	0	0	0	0	0	0	0	0	0	0	0	0	0	0	0	0	0	0	0	0	0	0	0	0	0	0.0000367959	0.000012265300000000001	0.000110388	0	0	0	0	0	0	0	0	0	0	0	0	0	0	0	0	0	0	0	0	0	0	0	0	0	0	0	0	0	0.0000613264	0	0	0	0	0	0.0000735917	0	0	0	0.000012265300000000001	0
FGC2639_s_1_1_CATTAGTGCG-TGACTACATA_FGC2639_s_1_2_CATTAGTGCG-TGACTACATA	0.0926592	0	0	0	0	0	0	0.00767725	0	0	0	0	0	0	0	0	0	0	0	0	0	0	0	0.00203574	0	0.0009047710000000001	0	0	0	0	0	0	0	0	0	0	0	0	0	0	0	0	0	0	0	0	0	0	0	0	0	0	0	0	0	0	0.0000931382	0	0.00014636	0	0	0	0	0	0	0	0	0	0	0	0	0	0	0	0	0	0	0	0	0	0	0	0	0	0	0	0	0	0.000106444	0	0	0	0.0000133055	0	0.000053221800000000006	0	0	0	0.0000133055	0
FGC2639_s_1_1_CCACCAGGCA-CTTATGGAAT_FGC2639_s_1_2_CCACCAGGCA-CTTATGGAAT	0.0907336	0	0	0	0	0	0	0.00748931	0	0.0000191542	0	0	0	0	0	0	0	0	0	0	0	0	0	0.00199204	0	0.000747015	0	0	0	0	0	0	0	0	0	0	0	0	0	0	0	0	0	0	0	0	0	0	0	0	0	0	0	0	0	0	0.000057462699999999994	0	0.000057462699999999994	0	0	0	0	0	0	0	0	0	0	0	0	0	0	0	0	0	0	0	0	0	0	0	0	0	0	0	0	0	0.000076617	0	0	0	0.0000383085	0	0.0000383085	0	0	0	0.000076617	0
FGC2639_s_1_1_CCATCATTAG-GGTTGCCTCT_FGC2639_s_1_2_CCATCATTAG-GGTTGCCTCT	0.0824479	0	0	0	0	0	0	0.006933549999999999	0	0	0	0	0	0	0	0	0	0	0	0	0	0	0	0.0020046	0	0.00094334	0	0	0	0	0	0	0	0	0	0	0	0	0	0	0	0	0	0	0	0	0	0	0	0	0	0	0	0	0	0	0	0	0.0000707505	0	0	0	0	0	0	0	0	0	0	0	0	0	0	0	0	0	0	0	0	0	0	0	0	0	0.0000235835	0	0	0	0.000094334	0	0	0	0.0000235835	0	0.0000235835	0	0	0	0.0000235835	0
FGC2639_s_1_1_CCATCTCGCC-TTCTATGGTT_FGC2639_s_1_2_CCATCTCGCC-TTCTATGGTT	0.0677287	0	0	0	0	0	0	0.005730890000000001	0	0	0	0	0	0	0	0	0	0	0	0	0	0	0	0.0017246599999999998	0	0.00059285	0	0	0	0	0	0	0	0	0	0	0	0	0	0	0	0	0	0	0	0	0	0	0	0	0	0	0	0	0	0	0	0	0.00007186060000000001	0	0	0	0	0	0	0	0	0	0	0	0	0	0	0	0	0	0	0	0	0	0	0	0	0	0	0	0	0	0.00007186060000000001	0	0	0	0.0000179652	0	0.0000179652	0	0	0	0.000035930300000000004	0
FGC2639_s_1_1_CCGTATGTTC-CATACACTGT_FGC2639_s_1_2_CCGTATGTTC-CATACACTGT	0.0793677	0	0	0	0	0	0	0.00705989	0	0.0000280154	0	0	0	0	0	0	0	0	0	0	0	0	0	0.0019330600000000001	0	0.0008964940000000001	0	0	0	0	0	0	0	0	0	0	0	0	0	0	0	0	0	0	0	0	0	0	0	0	0	0	0	0	0	0	0	0	0.0000280154	0	0	0	0	0	0	0	0	0	0	0	0	0	0	0	0	0	0	0	0	0	0	0	0	0	0	0	0	0	0.0000560309	0	0	0	0	0	0.0000280154	0	0	0	0.0000280154	0
FGC2639_s_1_1_CCTCCGTCCA-CACATCGGTG_FGC2639_s_1_2_CCTCCGTCCA-CACATCGGTG	0.0874863	0	0	0	0	0	0	0.007382810000000001	0	0.0000167791	0	0	0	0	0	0	0	0	0	0	0	0	0	0.0019128200000000002	0	0.0007886179999999999	0	0	0	0	0	0	0	0	0	0	0	0	0	0	0	0	0	0	0	0	0	0	0	0	0	0	0	0	0	0	0	0.0000167791	0.000100675	0	0	0	0	0	0	0	0	0	0	0	0	0	0	0	0	0	0	0	0	0	0	0	0	0	0	0	0	0	0.0000335582	0	0	0	0.0000167791	0	0.0000335582	0	0	0	0.0000167791	0
FGC2639_s_1_1_CCTCTACATG-GATACCTCCT_FGC2639_s_1_2_CCTCTACATG-GATACCTCCT	0.0928198	0	0	0	0	0	0	0.00738577	0	0.000052381400000000006	0	0	0	0	0	0	0	0	0	0	0	0	0	0.00230478	0	0.00103017	0	0	0	0	0	0	0	0	0	0	0	0	0	0	0	0	0	0	0	0	0	0	0	0	0	0	0	0	0	0	0.0000349209	0	0.000122223	0	0	0	0	0	0	0	0	0	0	0	0	0	0	0	0	0	0	0	0	0	0	0	0	0	0	0	0	0	0.0000174605	0	0	0	0.0000174605	0	0.000052381400000000006	0	0	0	0.0000174605	0
FGC2639_s_1_1_CCTGTCTGTC-ACTGTTGTGA_FGC2639_s_1_2_CCTGTCTGTC-ACTGTTGTGA	0.0962412	0	0	0	0	0	0	0.00803525	0	0.0000496003	0	0	0	0	0	0	0	0	0	0	0	0	0	0.00214935	0	0.00095894	0	0	0	0	0	0	0	0	0	0	0	0	0	0	0	0	0	0	0	0	0	0	0	0	0	0	0	0	0	0	0.0000826672	0	0.000214935	0	0	0	0.0000165334	0	0	0	0	0	0	0	0	0	0	0	0.0000165334	0	0	0	0	0	0	0	0	0	0	0	0	0	0.0000496003	0	0	0	0	0	0.0000330669	0	0	0	0	0
FGC2639_s_1_1_CGACATCCGA-TACGTTCATT_FGC2639_s_1_2_CGACATCCGA-TACGTTCATT	0.0991386	0	0	0	0	0	0	0.00842762	0	0	0	0	0	0	0	0	0	0	0	0	0	0	0	0.0021849400000000002	0	0.000840361	0	0	0	0	0	0	0	0	0	0	0	0	0	0	0	0	0	0	0	0	0	0	0	0	0	0	0	0	0	0	0.00007203090000000001	0	0.000120052	0	0	0	0	0	0	0	0	0	0	0	0	0	0	0	0	0	0	0	0	0	0	0	0	0	0	0	0	0	0.00007203090000000001	0	0	0	0	0	0.000024010300000000003	0	0	0	0	0
FGC2639_s_1_1_CGAGGCCAAG-GTGTTACCGG_FGC2639_s_1_2_CGAGGCCAAG-GTGTTACCGG	0.0796343	0	0	0	0	0	0	0.0063599	0	0	0	0	0	0	0	0	0	0	0	0	0	0	0	0.0021518500000000003	0	0.00106795	0	0	0	0	0	0	0	0	0	0	0	0	0	0	0	0	0	0	0	0	0	0	0	0	0	0	0	0	0	0	0.0000318792	0	0.00007969800000000001	0	0	0	0	0	0	0	0	0	0	0	0	0	0	0	0	0	0	0	0	0	0	0	0	0	0	0	0	0	0.000047818800000000004	0	0	0	0.0000159396	0	0.0000318792	0	0	0	0.000047818800000000004	0
FGC2639_s_1_1_CGGTTACGGC-AAGACTATAG_FGC2639_s_1_2_CGGTTACGGC-AAGACTATAG	0.0947868	0	0	0	0	0	0	0.008495830000000001	0	0	0	0	0	0	0	0	0	0	0	0	0	0	0	0.00237979	0	0.0009281160000000001	0	0	0	0	0	0	0	0	0	0	0	0	0	0	0	0	0	0	0	0	0	0	0	0	0	0	0	0	0	0	0.0000475957	0	0.000118989	0	0	0	0.000023797899999999998	0	0	0	0	0	0	0	0	0	0	0	0	0	0	0	0	0	0	0	0	0	0	0	0	0	0.0000951914	0	0	0	0.000023797899999999998	0	0.000023797899999999998	0	0	0	0.0000475957	0
FGC2639_s_1_1_CGTTATTCTA-CCATAAGGTT_FGC2639_s_1_2_CGTTATTCTA-CCATAAGGTT	0.08458260000000001	0	0	0	0	0	0	0.0071871800000000005	0	0	0	0	0	0	0	0	0	0	0	0	0	0	0	0.0016797	0	0.000726793	0	0	0	0	0	0	0	0	0	0	0	0	0	0	0	0	0	0	0	0	0	0	0	0	0	0	0	0	0	0	0.0000646039	0	0.00008075480000000001	0	0	0	0	0	0	0	0	0	0	0	0	0	0	0	0	0	0	0	0	0	0	0	0	0	0	0	0	0	0.00008075480000000001	0	0	0	0.000016151	0	0.00008075480000000001	0	0	0	0.0000323019	0
FGC2639_s_1_1_CTAGTGCTCT-TGGAACAGTA_FGC2639_s_1_2_CTAGTGCTCT-TGGAACAGTA	0.0929506	0	0	0	0	0	0	0.00825508	0	0	0	0	0	0	0	0	0	0	0	0	0	0	0	0.00212935	0	0.00106467	0	0	0	0	0	0	0	0	0	0	0	0	0	0	0	0	0	0	0	0	0	0	0	0	0	0	0	0	0	0	0.0000308601	0	0.0000771503	0	0	0	0	0	0	0	0	0	0	0	0	0	0	0	0	0	0	0	0	0	0	0	0	0	0	0	0.0000154301	0	0.0000308601	0	0	0	0	0	0.0000154301	0	0	0	0	0
FGC2639_s_1_1_CTATTACTAC-GAGTCTCTCC_FGC2639_s_1_2_CTATTACTAC-GAGTCTCTCC	0.0662515	0	0	0	0	0	0	0.0051537399999999995	0	0.0000191589	0	0	0	0	0	0	0	0	0	0	0	0	0	0.0018201	0	0.000651403	0	0	0	0	0	0	0	0	0	0	0	0	0	0	0	0	0	0	0	0	0	0	0	0	0	0	0	0	0	0	0.0000191589	0	0.000114953	0	0	0	0	0	0	0	0	0	0	0	0	0	0	0	0	0	0	0	0	0	0	0	0	0	0	0	0	0	0.0000383178	0	0	0	0	0	0.000057476700000000005	0	0	0	0.0000191589	0
FGC2639_s_1_1_CTGCGAGCCA-AATCCGGCCA_FGC2639_s_1_2_CTGCGAGCCA-AATCCGGCCA	0.061649999999999996	0	0	0	0	0	0	0.00452259	0	0	0	0	0	0	0	0	0	0	0	0	0	0	0	0.0014916600000000001	0	0.0005871429999999999	0	0	0	0	0	0	0	0	0	0	0	0	0	0	0	0	0	0	0	0	0	0	0	0	0	0	0	0	0	0	0	0	0.0000793436	0	0	0	0	0	0	0	0	0	0	0	0	0	0	0	0	0	0	0	0	0	0	0	0	0	0	0	0	0	0.0000317375	0	0	0	0	0	0.0000158687	0	0	0	0	0
FGC2639_s_1_1_CTTGCCATTA-ATCACGAAGG_FGC2639_s_1_2_CTTGCCATTA-ATCACGAAGG	0.0829373	0	0	0	0	0	0	0.006686770000000001	0	0.0000177368	0	0	0	0	0	0	0	0	0	0	0	0	0	0.00244768	0	0.00106421	0	0	0	0	0	0	0	0	0	0	0	0	0	0	0	0	0	0	0	0	0	0	0	0	0	0	0	0	0	0	0.000053210399999999995	0	0.000141894	0	0	0	0	0	0	0	0	0	0	0	0	0	0	0	0	0	0	0	0	0	0	0	0	0	0	0	0	0	0.0000709472	0	0	0	0	0	0.000106421	0	0	0	0	0
FGC2639_s_1_1_GAACTGAGCG-TCGTGGAGCG_FGC2639_s_1_2_GAACTGAGCG-TCGTGGAGCG	0.0934835	0	0	0	0	0	0	0.00860197	0	0.000021888	0	0	0	0	0	0	0	0	0	0	0	0	0	0.0017948099999999998	0	0.000656639	0	0	0	0	0	0	0	0	0	0	0	0	0	0	0	0	0	0	0	0	0	0	0	0	0	0	0	0	0	0	0.0000437759	0	0.000131328	0	0	0	0	0	0	0	0	0	0	0	0	0	0	0	0	0	0	0	0	0	0	0	0	0	0	0	0	0	0.0000437759	0	0	0	0	0	0.0000437759	0	0	0	0.000021888	0
FGC2639_s_1_1_GAAGCGGCAC-CGGCTCTACT_FGC2639_s_1_2_GAAGCGGCAC-CGGCTCTACT	0.0940091	0	0	0	0	0	0	0.00800845	0	0.0000240494	0	0	0	0	0	0	0	0	0	0	0	0	0	0.00226064	0	0.0008176799999999999	0	0	0	0	0	0	0	0	0	0	0	0	0	0	0	0	0	0	0	0	0	0	0	0	0	0	0	0	0	0	0.0000240494	0	0.0000480988	0	0	0	0	0	0	0	0	0	0	0	0	0	0	0	0	0	0	0	0	0	0	0	0	0	0.0000120247	0	0	0	0.000060123499999999994	0	0	0	0.0000120247	0	0.0000480988	0	0	0	0.0000240494	0
FGC2639_s_1_1_GACACCATGT-TCAACGTGTA_FGC2639_s_1_2_GACACCATGT-TCAACGTGTA	0.0923469	0	0	0	0	0	0	0.00736008	0	0	0	0	0	0	0	0	0	0	0	0	0	0	0	0.00214595	0	0.000833552	0	0	0	0	0	0	0	0	0	0	0	0	0	0	0	0	0	0	0	0	0	0	0	0	0	0	0	0	0	0	0.0000709406	0	0.0000886757	0	0	0	0	0	0	0	0	0	0	0	0	0	0	0	0	0	0	0	0	0	0	0	0	0	0	0	0	0	0.0000354703	0	0	0	0	0	0.0000532054	0	0	0	0	0
FGC2639_s_1_1_GACTGAGTAG-GTTGATAGTG_FGC2639_s_1_2_GACTGAGTAG-GTTGATAGTG	0.0898772	0	0	0	0	0	0	0.00784866	0	0.0000201248	0	0	0	0	0	0	0	0	0	0	0	0	0	0.0021936	0	0.000925739	0	0	0	0	0	0	0	0	0	0	0	0	0	0	0	0	0	0	0	0	0	0	0	0	0	0	0	0	0	0	0.000060374299999999996	0	0.000040249499999999995	0	0	0	0	0	0	0	0	0	0	0	0	0	0	0	0	0	0	0	0	0	0	0	0	0	0	0	0.0000201248	0	0	0	0	0	0	0	0.000040249499999999995	0	0	0	0	0
FGC2639_s_1_1_GAGAATGGTT-TCGGCAGCAA_FGC2639_s_1_2_GAGAATGGTT-TCGGCAGCAA	0.0952459	0	0	0	0	0	0	0.00766133	0	0	0	0	0	0	0	0	0	0	0	0	0	0	0	0.00236162	0	0.00107854	0	0	0	0	0	0	0	0	0	0	0	0	0	0	0	0	0	0	0	0	0	0	0	0	0	0	0	0	0	0	0.0000371909	0	0.000148764	0	0	0	0	0	0	0	0	0	0	0	0	0	0	0	0	0	0	0	0	0	0	0	0	0	0	0	0	0	0.0000371909	0	0	0	0.0000185955	0	0.000055786400000000005	0	0	0	0.0000185955	0
FGC2639_s_1_1_GAGTCATAGG-GTGTGGCGCT_FGC2639_s_1_2_GAGTCATAGG-GTGTGGCGCT	0.0867123	0	0	0	0	0	0	0.007974	0	0.0000200352	0	0	0	0	0	0	0	0	0	0	0	0	0	0.00194341	0	0.000721267	0	0	0	0	0	0	0	0	0	0	0	0	0	0	0	0	0	0	0	0	0	0	0	0	0	0	0	0	0	0	0.0000400704	0	0.000060105499999999996	0	0	0	0	0	0	0	0	0	0	0	0	0	0	0	0	0	0	0	0	0	0	0	0	0	0	0	0	0	0.0000400704	0	0	0	0	0	0.0000400704	0	0	0	0	0
FGC2639_s_1_1_GATAGGCCGA-CGCACATGGC_FGC2639_s_1_2_GATAGGCCGA-CGCACATGGC	0.0624777	0	0	0	0	0	0	0.00413648	0	0.0000478206	0	0	0	0	0	0	0	0	0	0	0	0	0	0.00160199	0	0.00076513	0	0	0	0	0	0	0	0	0	0	0	0	0	0	0	0	0	0	0	0	0	0	0	0	0	0	0	0	0	0	0	0	0.000071731	0	0	0	0	0	0	0	0	0	0	0	0	0	0	0	0	0	0	0	0	0	0	0	0	0	0	0	0	0	0.0000239103	0	0	0	0	0	0.0000239103	0	0	0	0.0000239103	0
FGC2639_s_1_1_GATCAAGGCA-CCTTGTTAAT_FGC2639_s_1_2_GATCAAGGCA-CCTTGTTAAT	0.0919059	0	0	0	0	0	0	0.00849639	0	0.0000212942	0	0	0	0	0	0	0	0	0	0	0	0	0	0.00240625	0	0.000873063	0	0	0	0	0	0	0	0	0	0	0	0	0	0	0	0	0	0	0	0	0	0	0	0	0	0	0	0	0	0	0.0000425884	0	0.000106471	0	0	0	0	0	0	0	0	0	0	0	0	0	0	0	0	0	0	0	0	0	0	0	0	0	0	0	0	0	0.00008517690000000001	0	0	0	0	0	0.0000212942	0	0	0	0.0000212942	0
FGC2639_s_1_1_GCAACATGGA-CTTGTCTTAA_FGC2639_s_1_2_GCAACATGGA-CTTGTCTTAA	0.09169659999999999	0	0	0	0	0	0	0.00802715	0	0	0	0	0	0	0	0	0	0	0	0	0	0	0	0.0024787299999999997	0	0.00108342	0	0	0	0	0	0	0	0	0	0	0	0	0	0	0	0	0	0	0	0	0	0	0	0	0	0	0	0	0	0	0.0000328309	0	0.00008207720000000001	0	0	0	0.0000164154	0	0	0	0	0	0	0	0	0	0	0	0	0	0	0	0	0	0	0	0	0	0	0	0	0	0.0000164154	0	0	0	0	0	0.000049246299999999996	0	0	0	0.0000164154	0
FGC2639_s_1_1_GCCGCACTCT-TCCGACCTCG_FGC2639_s_1_2_GCCGCACTCT-TCCGACCTCG	0.0882234	0	0	0	0	0	0	0.008034310000000001	0	0	0	0	0	0	0	0	0	0	0	0	0	0	0	0.00251554	0	0.0008213999999999999	0	0	0	0	0	0	0	0	0	0	0	0	0	0	0	0	0	0	0	0	0	0	0	0	0	0	0	0	0	0	0	0	0.000128344	0	0	0	0	0	0	0	0	0	0	0	0	0	0	0	0	0	0	0	0	0	0	0	0	0	0	0	0	0	0.000025668699999999997	0	0	0	0	0	0	0	0	0	0	0
FGC2639_s_1_1_GCGTGGATGG-TTGACCAATG_FGC2639_s_1_2_GCGTGGATGG-TTGACCAATG	0.0948266	0	0	0	0	0	0	0.008263069999999999	0	0	0	0	0	0	0	0	0	0	0	0	0	0	0	0.00199956	0	0.000966673	0	0	0	0	0	0	0	0	0	0	0	0	0	0	0	0	0	0	0	0	0	0	0	0	0	0	0	0	0	0	0.0000397263	0	0.000132421	0	0	0	0	0	0	0	0	0	0	0	0	0	0	0	0	0	0	0	0	0	0	0	0	0	0	0	0	0	0.0000662105	0	0	0	0.0000132421	0	0.00009269459999999999	0	0	0	0.0000132421	0
FGC2639_s_1_1_GCGTTGGTAT-ACATACTTCC_FGC2639_s_1_2_GCGTTGGTAT-ACATACTTCC	0.059438700000000004	0	0	0	0	0	0	0.0038476699999999996	0	0.0000174103	0	0	0	0	0	0	0	0	0	0	0	0	0	0.0019499499999999998	0	0.000940156	0	0	0	0	0	0	0	0	0	0	0	0	0	0	0	0	0	0	0	0	0	0	0	0	0	0	0	0	0	0	0	0	0.0000696412	0	0	0	0.0000174103	0	0	0	0	0	0	0	0	0	0	0	0	0	0	0	0	0	0	0	0	0	0	0	0	0	0.0000174103	0	0	0	0	0	0	0	0	0	0	0
FGC2639_s_1_1_GGAGCGTGTA-ATCCGTAAGT_FGC2639_s_1_2_GGAGCGTGTA-ATCCGTAAGT	0.0762372	0	0	0	0	0	0	0.0063325199999999995	0	0	0	0	0	0	0	0	0	0	0	0	0	0	0	0.00216964	0	0.000952525	0	0	0	0	0	0	0	0	0	0	0	0	0	0	0	0	0	0	0	0	0	0	0	0	0	0	0	0	0	0	0.0000352787	0	0.0000881967	0	0	0	0	0	0	0	0	0	0	0	0	0	0	0	0.000017639300000000002	0	0	0	0	0	0	0	0	0	0	0	0	0	0.0000705574	0	0	0	0	0	0.000052918000000000004	0	0	0	0	0
FGC2639_s_1_1_GGCAAGCCAG-CAAGCATCCG_FGC2639_s_1_2_GGCAAGCCAG-CAAGCATCCG	0.0918997	0	0	0	0	0	0	0.007218410000000001	0	0.0000399912	0	0	0	0	0	0	0	0	0	0	0	0	0	0.00231949	0	0.0010197700000000001	0	0	0	0	0	0	0	0	0	0	0	0	0	0	0	0	0	0	0	0	0	0	0	0	0	0	0	0	0	0	0.000059986800000000006	0	0.0000799823	0	0	0	0	0	0	0	0	0	0	0	0	0	0	0	0	0	0	0	0	0	0	0	0	0	0.0000199956	0	0	0	0.000119974	0	0	0	0.0000399912	0	0.0000799823	0	0	0	0.0000999779	0
FGC2639_s_1_1_GGTAACTCGC-AAGTTGGTGA_FGC2639_s_1_2_GGTAACTCGC-AAGTTGGTGA	0.0965043	0	0	0	0	0	0	0.00784	0	0.0000195511	0	0	0	0	0	0	0	0	0	0	0	0	0	0.00228748	0	0.0010753100000000001	0	0	0	0	0	0	0	0	0	0	0	0	0	0	0	0	0	0	0	0	0	0	0	0	0	0	0	0	0	0	0.0000391022	0	0.000058653299999999996	0	0	0	0	0	0	0	0	0	0	0	0	0	0	0	0	0	0	0	0	0	0	0	0	0	0	0	0	0	0.000058653299999999996	0	0	0	0	0	0.0000977556	0	0	0	0.0000195511	0
FGC2639_s_1_1_GGTTGCGAGG-AATAGAGCAA_FGC2639_s_1_2_GGTTGCGAGG-AATAGAGCAA	0.094069	0	0	0	0	0	0	0.008131659999999999	0	0.0000181916	0	0	0	0	0	0	0	0	0	0	0	0	0	0.00231034	0	0.000800432	0	0	0	0	0	0	0	0	0	0	0	0	0	0	0	0	0	0	0	0	0	0	0	0	0	0	0	0	0	0	0.0000181916	0	0.00009095819999999999	0	0	0	0	0	0	0	0	0	0	0	0	0	0	0	0	0	0	0	0	0	0	0	0	0	0	0	0	0	0.0000363833	0	0	0	0	0	0.0000181916	0	0	0	0	0
FGC2639_s_1_1_GTATTCCACC-ATGTAGACAA_FGC2639_s_1_2_GTATTCCACC-ATGTAGACAA	0.0960632	0	0	0	0	0	0	0.00802137	0	0	0	0	0	0	0	0	0	0	0	0	0	0	0	0.00204883	0	0.0007731439999999999	0	0	0	0	0	0	0	0	0	0	0	0	0	0	0	0	0	0	0	0	0	0	0	0	0	0	0	0	0	0	0.000057985799999999996	0	0.000173957	0	0	0	0.0000386572	0	0	0	0	0	0	0	0	0	0	0	0	0	0	0	0	0	0	0	0	0	0	0	0	0	0.000154629	0	0	0	0.0000386572	0	0.000057985799999999996	0	0	0	0.0000773144	0
FGC2639_s_1_1_GTCCGTAAGC-CGTGTATCTT_FGC2639_s_1_2_GTCCGTAAGC-CGTGTATCTT	0.0919918	0	0	0	0	0	0	0.007687339999999999	0	0.000036606399999999996	0	0	0	0	0	0	0	0	0	0	0	0	0	0.0022696	0	0.000896856	0	0	0	0	0	0	0	0	0	0	0	0	0	0	0	0	0	0	0	0	0	0	0	0	0	0	0	0	0	0	0.000018303199999999998	0	0.000054909599999999993	0	0	0	0	0	0	0	0	0	0	0	0	0	0	0	0	0	0	0	0	0	0	0	0	0	0	0	0	0	0	0	0	0	0	0	0.000018303199999999998	0	0	0	0.000018303199999999998	0
FGC2639_s_1_1_GTCCTGGATA-CGGTGGCGAA_FGC2639_s_1_2_GTCCTGGATA-CGGTGGCGAA	0.0947561	0	0	0	0	0	0	0.008040259999999999	0	0.0000435393	0	0	0	0	0	0	0	0	0	0	0	0	0	0.00211891	0	0.000957865	0	0	0	0	0	0	0	0	0	0	0	0	0	0	0	0	0	0	0	0	0	0	0	0	0	0	0	0	0	0	0.0000435393	0	0.00008707869999999999	0	0	0	0	0	0	0	0	0	0	0	0	0	0	0	0	0	0	0	0	0	0	0	0	0	0	0	0	0	0.0000145131	0	0	0	0	0	0.0000435393	0	0	0	0	0
FGC2639_s_1_1_GTCTAATGGC-AGTGGTCAGG_FGC2639_s_1_2_GTCTAATGGC-AGTGGTCAGG	0.09339889999999999	0	0	0	0	0	0	0.00793373	0	0	0	0	0	0	0	0	0	0	0	0	0	0	0	0.00213054	0	0.0006290169999999999	0	0	0	0	0	0	0	0	0	0	0	0	0	0	0	0	0	0	0	0	0	0	0	0	0	0	0	0	0	0	0.0000405818	0	0.0000608726	0	0	0	0	0	0	0	0	0	0	0	0	0	0	0	0	0	0	0	0	0	0	0	0	0	0	0	0	0	0.0000202909	0	0	0	0	0	0.0000202909	0	0	0	0	0
FGC2639_s_1_1_GTGACACGCA-GCTTACGGAC_FGC2639_s_1_2_GTGACACGCA-GCTTACGGAC	0.0651142	0	0	0	0	0	0	0.00453483	0	0	0	0	0	0	0	0	0	0	0	0	0	0	0	0.00138016	0	0.000591499	0	0	0	0	0	0	0	0	0	0	0	0	0	0	0	0	0	0	0	0	0	0	0	0	0	0	0	0	0	0	0	0.0000246458	0	0	0	0	0	0	0	0	0	0	0	0	0	0	0	0	0	0	0	0	0	0	0	0	0	0	0	0	0	0	0.0000739374	0	0	0	0	0	0	0	0	0	0.0000246458	0
FGC2639_s_1_1_GTGCAGACAG-TACCATCCGT_FGC2639_s_1_2_GTGCAGACAG-TACCATCCGT	0.07650689999999999	0	0	0	0	0	0	0.00667677	0	0	0	0	0	0	0	0	0	0	0	0	0	0	0	0.0022612	0	0.00117511	0	0	0	0	0	0	0	0	0	0	0	0	0	0	0	0	0	0	0	0	0	0	0	0	0	0	0	0	0	0	0.0000712189	0	0.000142438	0	0	0	0.0000178047	0	0	0	0	0	0	0	0	0	0	0	0	0	0	0	0	0	0	0	0	0	0.0000178047	0	0	0	0.0000356095	0	0	0	0.0000178047	0	0.00010682800000000001	0	0	0	0.0000178047	0
FGC2639_s_1_1_TAAGCATCCA-TCAATCCATT_FGC2639_s_1_2_TAAGCATCCA-TCAATCCATT	0.0960213	0	0	0	0	0	0	0.00794848	0	0.0000685214	0	0	0	0	0	0	0	0	0	0	0	0	0	0.00248961	0	0.00121054	0	0	0	0	0	0	0	0	0	0	0	0	0	0	0	0	0	0	0	0	0	0	0	0	0	0	0	0	0	0	0	0	0.0000913619	0	0	0	0	0	0	0	0	0	0	0	0	0	0	0	0	0	0	0	0	0	0	0	0	0	0	0	0	0	0.0000685214	0	0	0	0	0	0	0	0	0	0	0
FGC2639_s_1_1_TAGCATAACC-GCTATGCGCA_FGC2639_s_1_2_TAGCATAACC-GCTATGCGCA	0.0909195	0	0	0	0	0	0	0.00758893	0	0.0000553937	0	0	0	0	0	0	0	0	0	0	0	0	0	0.00247425	0	0.0011447999999999999	0	0	0	0	0	0	0	0	0	0	0	0	0	0	0	0	0	0	0	0	0	0	0	0	0	0	0	0	0	0	0.0000553937	0.0000184646	0.00011078700000000001	0	0	0	0	0	0	0	0	0	0	0	0	0	0	0	0	0	0	0	0	0	0	0	0	0	0	0	0	0	0.000036929100000000005	0	0	0	0	0	0.0000553937	0	0	0	0	0
FGC2639_s_1_1_TAGTTCGGTA-CCATGTGTAG_FGC2639_s_1_2_TAGTTCGGTA-CCATGTGTAG	0.094848	0	0	0	0	0	0	0.00781369	0	0.0000190114	0	0	0	0	0	0	0	0	0	0	0	0	0	0.0026996200000000002	0	0.000988594	0	0	0	0	0	0	0	0	0	0	0	0	0	0	0	0	0	0	0	0	0	0	0	0	0	0	0	0	0	0	0.0000760457	0	0.00011406900000000001	0	0	0	0	0	0	0	0	0	0	0	0	0	0	0	0	0	0	0	0	0	0	0	0	0	0	0	0	0	0.0000760457	0	0	0	0	0	0.0000570343	0	0	0	0.0000190114	0
FGC2639_s_1_1_TATGCCTTAC-AGACACATTA_FGC2639_s_1_2_TATGCCTTAC-AGACACATTA	0.091231	0	0	0	0	0	0	0.00801251	0	0.000030179	0	0	0	0	0	0	0	0	0	0	0	0	0	0.0022030599999999997	0	0.0008299210000000001	0	0	0	0	0	0	0	0	0	0	0	0	0	0	0	0	0	0	0	0	0	0	0	0	0	0	0	0	0	0	0	0	0.0000754474	0	0	0	0	0	0	0	0	0	0	0	0	0	0	0	0	0	0	0	0	0	0	0	0	0	0.0000150895	0	0	0	0.000030179	0	0	0	0.0000150895	0	0.000030179	0	0	0	0.0000150895	0
FGC2639_s_1_1_TATGTAGTCA-CGCACTAATG_FGC2639_s_1_2_TATGTAGTCA-CGCACTAATG	0.0966689	0	0	0	0	0	0	0.008342420000000001	0	0	0	0	0	0	0	0	0	0	0	0	0	0	0	0.00203544	0	0.0009747159999999999	0	0	0	0	0	0	0	0	0	0	0	0	0	0	0	0	0	0	0	0	0	0	0	0	0	0	0	0	0	0	0.00010033800000000001	0.0000143341	0.00017200899999999999	0	0	0	0	0	0	0	0	0	0	0	0	0	0	0	0	0	0	0	0	0	0	0	0	0	0	0	0	0	0.00011467200000000002	0	0	0	0.0000143341	0	0.0000573362	0	0	0	0.0000430022	0
FGC2639_s_1_1_TATTGCGCTC-CTGTGTTAGG_FGC2639_s_1_2_TATTGCGCTC-CTGTGTTAGG	0.0971728	0	0	0	0	0	0	0.00837662	0	0.0000405647	0	0	0	0	0	0	0	0	0	0	0	0	0	0.00229191	0	0.000932989	0	0	0	0	0	0	0	0	0	0	0	0	0	0	0	0	0	0	0	0	0	0	0	0	0	0	0	0	0	0	0.00008112950000000001	0	0.00018254099999999999	0	0	0	0.000020282399999999997	0	0	0	0	0	0	0	0	0	0	0	0	0	0	0	0	0	0	0	0	0	0	0	0	0	0.000020282399999999997	0	0	0	0	0	0.0000608471	0	0	0	0	0
FGC2639_s_1_1_TCAGAAGGCG-GGCCATCATA_FGC2639_s_1_2_TCAGAAGGCG-GGCCATCATA	0.09082219999999999	0	0	0	0	0	0	0.00797763	0	0.0000395912	0	0	0	0	0	0	0	0	0	0	0	0	0	0.0025536300000000003	0	0.00112835	0	0	0	0	0	0	0	0	0	0	0	0	0	0	0	0	0	0	0	0	0	0	0	0	0	0	0	0	0	0	0	0	0.0000395912	0	0	0	0	0	0	0	0	0	0	0	0	0	0	0	0	0	0	0	0	0	0	0	0	0	0	0	0	0	0.0000395912	0	0	0	0.0000197956	0	0.0000593868	0	0	0	0.0000197956	0
FGC2639_s_1_1_TCATAGATTG-GATTAAGGTG_FGC2639_s_1_2_TCATAGATTG-GATTAAGGTG	0.09433129999999999	0	0	0	0	0	0	0.00814571	0	0.0000139481	0	0	0	0	0	0	0	0	0	0	0	0	0	0.00230144	0	0.00107401	0	0	0	0	0	0	0	0	0	0	0	0	0	0	0	0	0	0	0	0	0	0	0	0	0	0	0	0	0	0	0.0000557926	0.0000139481	0.00011158500000000001	0	0	0	0	0	0	0	0	0	0	0	0	0	0	0	0	0	0	0	0	0	0	0	0	0	0	0	0	0	0.00008368879999999999	0	0	0	0	0	0.0000557926	0	0	0	0	0
FGC2639_s_1_1_TCCATTGCCG-GAATGCACGA_FGC2639_s_1_2_TCCATTGCCG-GAATGCACGA	0.0920616	0	0	0	0	0	0	0.00777206	0	0	0	0	0	0	0	0	0	0	0	0	0	0	0	0.0020693400000000002	0	0.000697801	0	0	0	0	0	0	0	0	0	0	0	0	0	0	0	0	0	0	0	0	0	0	0	0	0	0	0	0	0	0	0.0000481242	0	0.000168435	0	0	0	0	0	0	0	0	0	0	0	0	0	0	0	0	0	0	0	0	0	0	0	0	0	0	0	0	0	0.00012030999999999999	0	0	0	0.0000240621	0	0.0000481242	0	0	0	0.0000481242	0
FGC2639_s_1_1_TCTCATGATA-AACACGTGGA_FGC2639_s_1_2_TCTCATGATA-AACACGTGGA	0.0956573	0	0	0	0	0	0	0.00856786	0	0.000014696199999999998	0	0	0	0	0	0	0	0	0	0	0	0	0	0.00261592	0	0.000999339	0	0	0	0	0	0	0	0	0	0	0	0	0	0	0	0	0	0	0	0	0	0	0	0	0	0	0	0	0	0	0.0000293923	0	0.0000587846	0	0	0	0	0	0	0	0	0	0	0	0	0	0	0	0	0	0	0	0	0	0	0	0	0	0	0	0	0	0	0	0	0	0	0	0.0000587846	0	0	0	0.000014696199999999998	0
FGC2639_s_1_1_TCTGGTATCC-CGTTGCTTAC_FGC2639_s_1_2_TCTGGTATCC-CGTTGCTTAC	0.0614026	0	0	0	0	0	0	0.00483925	0	0.000018612500000000002	0	0	0	0	0	0	0	0	0	0	0	0	0	0.0013773300000000002	0	0.000576988	0	0	0	0	0	0	0	0	0	0	0	0	0	0	0	0	0	0	0	0	0	0	0	0	0	0	0	0	0	0	0.000018612500000000002	0	0.00007445000000000001	0	0	0	0	0	0	0	0	0	0	0	0	0	0	0	0	0	0	0	0	0	0	0	0	0	0	0	0	0	0.000055837499999999995	0	0	0	0.000018612500000000002	0	0.000018612500000000002	0	0	0	0.000018612500000000002	0
FGC2639_s_1_1_TGATGTAAGA-GTGCGTCCTT_FGC2639_s_1_2_TGATGTAAGA-GTGCGTCCTT	0.09172409999999999	0	0	0	0	0	0	0.008082609999999999	0	0	0	0	0	0	0	0	0	0	0	0	0	0	0	0.00213533	0	0.000822496	0	0	0	0	0	0	0	0	0	0	0	0	0	0	0	0	0	0	0	0	0	0	0	0	0	0	0	0	0	0	0.000015817199999999998	0	0.00012653800000000001	0	0	0	0	0	0	0	0	0	0	0	0	0	0	0	0	0	0	0	0	0	0	0	0	0	0.000015817199999999998	0	0	0	0.0000474517	0	0	0	0.000015817199999999998	0	0.00007908620000000001	0	0	0	0.000015817199999999998	0
FGC2639_s_1_1_TGATTATACG-GTCGATTACA_FGC2639_s_1_2_TGATTATACG-GTCGATTACA	0.09480759999999999	0	0	0	0	0	0	0.00782349	0	0.0000181519	0	0	0	0	0	0	0	0	0	0	0	0	0	0.0022689900000000002	0	0.00105281	0	0	0	0	0	0	0	0	0	0	0	0	0	0	0	0	0	0	0	0	0	0	0	0	0	0	0	0	0	0	0.000127064	0	0.000127064	0	0	0	0	0	0	0	0	0	0	0	0	0	0	0	0	0	0	0	0	0	0	0	0	0	0	0	0	0	0.000127064	0	0	0	0.0000181519	0	0.0000181519	0	0	0	0.0000181519	0
FGC2639_s_1_1_TGGTACCTAA-CATGAGTACT_FGC2639_s_1_2_TGGTACCTAA-CATGAGTACT	0.0926281	0	0	0	0	0	0	0.00718652	0	0	0	0	0	0	0	0	0	0	0	0	0	0	0	0.00235678	0	0.00104561	0	0	0	0	0	0	0	0	0	0	0	0	0	0	0	0	0	0	0	0	0	0	0	0	0	0	0	0	0	0	0.0000331941	0	0.000132776	0	0	0	0	0	0	0	0	0	0	0	0	0	0	0	0	0	0	0	0	0	0	0	0	0	0	0	0	0	0.000049791100000000005	0	0	0	0.000016597	0	0.0000829852	0	0	0	0.0000331941	0
FGC2639_s_1_1_TGTAATCGAC-GATCACCGCG_FGC2639_s_1_2_TGTAATCGAC-GATCACCGCG	0.0856683	0	0	0	0	0	0	0.0071899	0	0.0000169573	0	0	0	0	0	0	0	0	0	0	0	0	0	0.00228924	0	0.0010683099999999998	0	0	0	0	0	0	0	0	0	0	0	0	0	0	0	0	0	0	0	0	0	0	0	0	0	0	0	0	0	0	0.0000339146	0	0.0000847866	0	0	0	0	0	0	0	0	0	0	0	0	0	0	0	0	0	0	0	0	0	0	0	0	0	0.0000169573	0	0	0	0.000050871899999999997	0	0	0	0.0000169573	0	0.0000339146	0	0	0	0.0000169573	0
FGC2639_s_1_1_TGTCGCTGGT-TCGTCTGACT_FGC2639_s_1_2_TGTCGCTGGT-TCGTCTGACT	0.0966737	0	0	0	0	0	0	0.00752318	0	0.0000504912	0	0	0	0	0	0	0	0	0	0	0	0	0	0.00233942	0	0.0011613	0	0	0	0	0	0	0	0	0	0	0	0	0	0	0	0	0	0	0	0	0	0	0	0	0	0	0	0	0	0	0.0000504912	0	0.0000841519	0	0	0	0	0	0	0	0	0	0	0	0	0	0	0	0	0	0	0	0	0	0	0	0	0	0	0	0	0	0.0000841519	0	0	0	0	0	0.00011781299999999999	0	0	0	0.0000168304	0
FGC2639_s_1_1_TTCACGAGAC-AGATTGTTAC_FGC2639_s_1_2_TTCACGAGAC-AGATTGTTAC	0.0666831	0	0	0	0	0	0	0.00527009	0	0.000016469	0	0	0	0	0	0	0	0	0	0	0	0	0	0.00177866	0	0.000724638	0	0	0	0	0	0	0	0	0	0	0	0	0	0	0	0	0	0	0	0	0	0	0	0	0	0	0	0	0	0	0.000032938099999999996	0	0.00016469	0	0	0	0.000016469	0	0	0	0	0	0	0	0	0	0	0	0	0	0	0	0	0	0	0	0	0	0	0	0	0	0.0000494071	0	0	0	0	0	0	0	0	0	0.000016469	0
FGC2639_s_1_1_TTCTACATAC-CTAACTGTAA_FGC2639_s_1_2_TTCTACATAC-CTAACTGTAA	0.0951097	0	0	0	0	0	0	0.00787521	0	0.0000178576	0	0	0	0	0	0	0	0	0	0	0	0	0	0.00241078	0	0.00103574	0	0	0	0	0	0	0	0	0	0	0	0	0	0	0	0	0	0	0	0	0	0	0	0	0	0	0	0	0	0	0.0000178576	0.0000178576	0.0000714305	0	0	0	0	0	0	0	0	0	0	0	0	0	0	0	0	0	0	0	0	0	0	0	0	0	0.0000178576	0	0	0	0.0000535728	0	0	0	0	0	0.0000357152	0	0	0	0	0
FGC2639_s_1_1_TTGGAATTCC-ACGTCAATAC_FGC2639_s_1_2_TTGGAATTCC-ACGTCAATAC	0.06191429999999999	0	0	0	0	0	0	0.004557879999999999	0	0	0	0	0	0	0	0	0	0	0	0	0	0	0	0.00158614	0	0.000747493	0	0	0	0	0	0	0	0	0	0	0	0	0	0	0	0	0	0	0	0	0	0	0	0	0	0	0	0	0	0	0.0000364631	0	0.0000546946	0	0	0	0	0	0	0	0	0	0	0	0	0	0	0	0	0	0	0	0	0	0	0	0	0	0	0	0	0	0.0000182315	0	0	0	0	0	0.0000182315	0	0	0	0	0
FGC2639_s_2_1_AACATCGCGC-GTCCACTTGT_FGC2639_s_2_2_AACATCGCGC-GTCCACTTGT	0.09723810000000001	0	0	0.00011667599999999999	0	0.0000466706	0	0.007840650000000001	0	0	0	0	0	0	0	0	0	0	0	0	0	0	0	0.0020534999999999998	0	0.0009800820000000002	0	0	0	0	0	0	0	0	0	0	0	0	0	0	0	0	0	0	0	0	0	0	0	0	0	0	0	0	0	0	0	0	0	0	0	0	0	0	0	0	0	0	0	0	0	0	0	0	0	0	0	0	0	0	0	0	0	0	0	0	0	0	0	0	0	0	0	0	0	0	0	0	0	0
FGC2639_s_2_1_AACCATAGAA-GGCGAGATGG_FGC2639_s_2_2_AACCATAGAA-GGCGAGATGG	0.107364	0	0	0.000184792	0	0.0000263989	0	0.00910763	0	0	0	0	0	0	0	0	0	0	0	0	0	0	0	0.00269269	0	0.0012407499999999999	0	0	0	0	0	0	0	0	0	0	0	0	0	0	0	0	0	0	0	0	0	0	0	0	0	0	0	0	0	0	0	0	0	0	0	0	0	0	0	0	0	0	0	0	0	0	0	0	0	0	0	0	0	0	0	0	0	0	0	0	0	0	0	0	0	0	0.0000263989	0	0	0	0	0	0	0
FGC2639_s_2_1_ACAGTGTATG-GAACATACGG_FGC2639_s_2_2_ACAGTGTATG-GAACATACGG	0.10488800000000001	0	0	0.000148296	0	0.0000635554	0	0.00936383	0	0	0	0	0	0	0	0	0	0	0	0	0	0	0	0.00239392	0	0.00112281	0	0	0	0	0	0	0	0	0	0	0	0	0	0	0	0	0	0	0	0	0	0	0	0	0	0	0	0	0	0	0	0	0	0	0	0	0	0	0	0	0	0	0	0	0	0	0	0	0	0	0	0	0	0	0	0	0	0	0	0	0	0	0	0	0	0	0	0	0	0	0	0	0	0
FGC2639_s_2_1_ACATATCCAG-TATGTGCAAT_FGC2639_s_2_2_ACATATCCAG-TATGTGCAAT	0.086031	0	0	0.0000983024	0	0.0000163837	0	0.00783143	0	0	0	0	0	0	0	0	0	0	0	0	0	0	0	0.00196605	0	0.00104856	0	0	0	0	0	0	0	0	0	0	0	0	0	0	0	0	0	0	0	0	0	0	0	0	0	0	0	0	0	0	0	0	0	0	0	0	0	0	0	0	0	0	0	0	0	0	0	0	0	0	0	0	0	0	0	0	0	0	0	0	0	0	0	0	0	0	0.0000163837	0	0	0	0	0	0	0
FGC2639_s_2_1_ACCACGACAT-TCGTATGCGG_FGC2639_s_2_2_ACCACGACAT-TCGTATGCGG	0.108261	0	0	0.000116828	0	0.00005192349999999999	0	0.00877507	0	0	0	0	0	0	0	0	0	0	0	0	0	0	0	0.00201204	0	0.000908661	0	0	0	0	0	0	0	0	0	0	0	0	0	0	0	0	0	0	0	0	0	0	0	0	0	0	0	0	0	0	0	0	0	0	0	0	0	0	0	0	0	0	0	0	0	0	0	0	0	0	0	0	0	0	0	0	0	0	0	0	0	0	0	0	0	0	0.0000129809	0	0	0	0	0	0	0
FGC2639_s_2_1_ACCGGCCGTA-TGGCAATATT_FGC2639_s_2_2_ACCGGCCGTA-TGGCAATATT	0.10976	0	0	0.000203414	0	0.0000119655	0	0.0101468	0	0	0	0	0	0	0	0	0	0	0	0	0	0	0	0.00220166	0	0.000993139	0	0	0	0	0	0	0	0	0	0	0	0	0	0	0	0	0	0	0	0	0	0	0	0	0	0	0	0	0	0	0	0	0	0	0	0	0	0	0	0	0	0	0	0	0	0	0	0	0	0	0	0	0	0	0	0	0	0	0	0	0	0	0	0	0	0	0	0	0	0	0	0	0	0
FGC2639_s_2_1_ACCGTTACAA-CTCATAGCGA_FGC2639_s_2_2_ACCGTTACAA-CTCATAGCGA	0.109626	0	0	0.00010738700000000001	0	0	0	0.00972615	0	0	0	0	0	0	0	0	0	0	0	0	0	0	0	0.00259262	0	0.00130398	0	0	0	0	0	0	0	0	0	0	0	0	0	0	0	0	0	0	0	0	0	0	0	0	0	0	0	0	0	0	0	0	0	0	0	0	0	0	0	0	0	0	0	0	0	0	0	0	0	0	0	0	0	0	0	0	0	0	0	0	0	0	0	0	0	0	0	0	0	0	0	0	0	0
FGC2639_s_2_1_ACGCCTTGTT-TAAGGAACGT_FGC2639_s_2_2_ACGCCTTGTT-TAAGGAACGT	0.106401	0	0	0.00017461900000000002	0	0.0000145516	0	0.00897835	0	0	0	0	0	0	0	0	0	0	0	0	0	0	0	0.0022846	0	0.00107682	0	0	0	0	0	0	0	0	0	0	0	0	0	0	0	0	0	0	0	0	0	0	0	0	0	0	0	0	0	0	0	0	0	0	0	0	0	0	0	0	0	0	0	0	0	0	0	0	0	0	0	0	0	0	0	0	0	0	0	0	0	0	0	0	0	0	0	0	0	0	0	0	0	0
FGC2639_s_2_1_ACGGTCAGGA-CGGCCTCGTT_FGC2639_s_2_2_ACGGTCAGGA-CGGCCTCGTT	0.106419	0	0	0.00009414280000000001	0	0	0	0.00952725	0	0	0	0	0	0	0	0	0	0	0	0	0	0	0	0.00222177	0	0.00116737	0	0	0	0	0	0	0	0	0	0	0	0	0	0	0	0	0	0	0	0	0	0	0	0	0	0	0	0	0	0	0	0	0	0	0	0	0	0	0	0	0	0	0	0	0	0	0	0	0	0	0	0	0	0	0	0	0	0	0	0	0	0	0	0	0	0	0.000018828599999999998	0	0	0	0	0	0	0
FGC2639_s_2_1_ACTCGGCAAT-GACAACTGAA_FGC2639_s_2_2_ACTCGGCAAT-GACAACTGAA	0.11264300000000001	0	0	0.000133187	0	0.0000166484	0	0.0102388	0	0	0	0	0	0	0	0	0	0	0	0	0	0	0	0.0023973700000000002	0	0.00109879	0	0	0	0	0	0	0	0	0	0	0	0	0	0	0	0	0	0	0	0	0	0	0	0	0	0	0	0	0	0	0	0	0	0	0	0	0	0	0	0	0	0	0	0	0	0	0	0	0	0	0	0	0	0	0	0	0	0	0	0	0	0	0	0	0	0	0.0000332968	0	0	0	0	0	0	0
FGC2639_s_2_1_ACTCTATTGT-ATCGCATATG_FGC2639_s_2_2_ACTCTATTGT-ATCGCATATG	0.111356	0	0	0.000287916	0	0.0000508086	0	0.00948428	0	0	0	0	0	0	0	0	0	0	0	0	0	0	0	0.00218477	0	0.00120247	0	0	0	0	0	0	0	0	0	0	0	0	0	0	0	0	0	0	0	0	0	0	0	0	0	0	0	0	0	0	0	0	0	0	0	0	0	0	0	0	0	0	0	0	0	0	0	0	0	0	0	0	0	0	0	0	0	0	0	0	0	0	0	0	0	0	0.0000169362	0	0	0	0	0	0	0
FGC2639_s_2_1_ACTGGATCTA-TCGCCGCTAG_FGC2639_s_2_2_ACTGGATCTA-TCGCCGCTAG	0.10845099999999999	0	0	0.000196352	0	0.0000327253	0	0.00922852	0	0	0	0	0	0	0	0	0	0	0	0	0	0	0	0.0019798800000000003	0	0.000965395	0	0	0	0	0	0	0	0	0	0	0	0	0	0	0	0	0	0	0	0	0	0	0	0	0	0	0	0	0	0	0	0	0	0	0	0	0	0	0	0	0	0	0	0	0	0	0	0	0	0	0	0	0	0	0	0	0	0	0	0	0	0	0	0	0	0	0.0000327253	0	0	0	0	0	0	0
FGC2639_s_2_1_ACTTCAAGCG-GAACCATGAA_FGC2639_s_2_2_ACTTCAAGCG-GAACCATGAA	0.10733999999999999	0	0	0.00010851500000000001	0	0.0000542576	0	0.0096036	0	0	0	0	0	0	0	0	0	0	0	0	0	0	0	0.0021341299999999997	0	0.0010670699999999998	0	0	0	0	0	0	0	0	0	0	0	0	0	0	0	0	0	0	0	0	0	0	0	0	0	0	0	0	0	0	0	0	0	0	0	0	0	0	0	0	0	0	0	0	0	0	0	0	0	0	0	0	0	0	0	0	0	0	0	0	0	0	0	0	0	0	0	0	0	0	0	0	0	0
FGC2639_s_2_1_AGAGGCAACC-CTAATGATGG_FGC2639_s_2_2_AGAGGCAACC-CTAATGATGG	0.111707	0	0	0.0000871127	0	0	0	0.00923394	0	0	0	0	0	0	0	0	0	0	0	0	0	0	0	0.00211974	0	0.0010163099999999999	0	0	0	0	0	0	0	0	0	0	0	0	0	0	0	0	0	0	0	0	0	0	0	0	0	0	0	0	0	0	0	0	0	0	0	0	0	0	0	0	0	0	0	0	0	0	0	0	0	0	0	0	0	0	0	0	0	0	0	0	0	0	0	0	0	0	0	0	0	0	0	0	0	0
FGC2639_s_2_1_AGGTCAGATA-CTACAAGATA_FGC2639_s_2_2_AGGTCAGATA-CTACAAGATA	0.111486	0	0	0.000103611	0	0.0000777084	0	0.0103352	0	0	0	0	0	0	0	0	0	0	0	0	0	0	0	0.00266799	0	0.00139875	0	0	0	0	0	0	0	0	0	0	0	0	0	0	0	0	0	0	0	0	0	0	0	0	0	0	0	0	0	0	0	0	0	0	0	0	0	0	0	0	0	0	0	0	0	0	0	0	0	0	0	0	0	0	0	0	0	0	0	0	0	0	0	0	0	0	0	0	0	0	0	0	0	0
FGC2639_s_2_1_AGTCAGACGA-ACCAGCGACA_FGC2639_s_2_2_AGTCAGACGA-ACCAGCGACA	0.111966	0	0	0.00021139000000000002	0	0	0	0.00899581	0	0	0	0	0	0	0	0	0	0	0	0	0	0	0	0.0025601599999999997	0	0.0011508999999999998	0	0	0	0	0	0	0	0	0	0	0	0	0	0	0	0	0	0	0	0	0	0	0	0	0	0	0	0	0	0	0	0	0	0	0	0	0	0	0	0	0	0	0	0	0	0	0	0	0	0	0	0	0	0	0	0	0	0	0	0	0	0	0	0	0	0	0	0	0	0	0	0	0	0
FGC2639_s_2_1_AGTGTTGCAC-CTGGTACACG_FGC2639_s_2_2_AGTGTTGCAC-CTGGTACACG	0.109894	0	0	0.00015612200000000002	0	0.00006244860000000001	0	0.0084774	0	0	0	0	0	0	0	0	0	0	0	0	0	0	0	0.00238866	0	0.00120214	0	0	0	0	0	0	0	0	0	0	0	0	0	0	0	0	0	0	0	0	0	0	0	0	0	0	0	0	0	0	0	0	0	0	0	0	0	0	0	0	0	0	0	0	0	0	0	0	0	0	0	0	0	0	0	0	0	0	0	0	0	0	0	0	0	0	0.0000156122	0	0	0	0	0	0	0
FGC2639_s_2_1_ATGGTTGACT-GGCCTGTCCT_FGC2639_s_2_2_ATGGTTGACT-GGCCTGTCCT	0.0930329	0	0	0.0000218953	0	0.0000437905	0	0.0076852299999999995	0	0	0	0	0	0	0	0	0	0	0	0	0	0	0	0.00240848	0	0.00111666	0	0	0	0	0	0	0	0	0	0	0	0	0	0	0	0	0	0	0	0	0	0	0	0	0	0	0	0	0	0	0	0	0	0	0	0	0	0	0	0	0	0	0	0	0	0	0	0	0	0	0	0	0	0	0	0	0	0	0	0	0	0	0	0	0	0	0.0000218953	0	0	0	0	0	0	0
FGC2639_s_2_1_ATTCCATAAG-TGCCTGGTGG_FGC2639_s_2_2_ATTCCATAAG-TGCCTGGTGG	0.111149	0	0	0.000179821	0	0.000019980100000000002	0	0.00983019	0	0	0	0	0	0	0	0	0	0	0	0	0	0	0	0.00259741	0	0.00133866	0	0	0	0	0	0	0	0	0	0	0	0	0	0	0	0	0	0	0	0	0	0	0	0	0	0	0	0	0	0	0	0	0	0	0	0	0	0	0	0	0	0	0	0	0	0	0	0	0	0	0	0	0	0	0	0	0	0	0	0	0	0	0	0	0	0	0	0	0	0	0	0	0	0
FGC2639_s_2_1_CAATCGGCTG-GCTGTAGGAA_FGC2639_s_2_2_CAATCGGCTG-GCTGTAGGAA	0.107544	0	0	0.000175927	0	0.000070371	0	0.00904267	0	0	0	0	0	0	0	0	0	0	0	0	0	0	0	0.00226946	0	0.0010555599999999999	0	0	0	0	0	0	0	0	0	0	0	0	0	0	0	0	0	0	0	0	0	0	0	0	0	0	0	0	0	0	0	0	0	0	0	0	0	0	0	0	0	0	0	0	0	0	0	0	0	0	0	0	0	0	0	0	0	0	0	0	0	0	0	0	0	0	0.000017592700000000002	0	0	0	0	0	0	0
FGC2639_s_2_1_CACAATAGGA-TCCATCCGAG_FGC2639_s_2_2_CACAATAGGA-TCCATCCGAG	0.111443	0	0	0.00024705100000000003	0	0.00008983690000000001	0	0.0091409	0	0	0	0	0	0	0	0	0	0	0	0	0	0	0	0.00202133	0	0.000988206	0	0	0	0	0	0	0	0	0	0	0	0	0	0	0	0	0	0	0	0	0	0	0	0	0	0	0	0	0	0	0	0	0	0	0	0	0	0	0	0	0	0	0	0	0	0	0	0	0	0	0	0	0	0	0	0	0	0	0	0	0	0	0	0	0	0	0	0	0	0	0	0	0	0
FGC2639_s_2_1_CAGCCGCGTA-ACTAGCCGTG_FGC2639_s_2_2_CAGCCGCGTA-ACTAGCCGTG	0.105905	0	0	0.000137064	0	0.000045688	0	0.009030990000000001	0	0	0	0	0	0	0	0	0	0	0	0	0	0	0	0.00208642	0	0.000959448	0	0	0	0	0	0	0	0	0	0	0	0	0	0	0	0	0	0	0	0	0	0	0	0	0	0	0	0	0	0	0	0	0	0	0	0	0	0	0	0	0	0	0	0	0	0	0	0	0	0	0	0	0	0	0	0	0	0	0	0	0	0	0	0	0	0	0	0	0	0	0	0	0	0
FGC2639_s_2_1_CAGTGGCACT-TAACAATAGG_FGC2639_s_2_2_CAGTGGCACT-TAACAATAGG	0.10793300000000002	0	0	0.00015325900000000002	0	0.0000766297	0	0.00984691	0	0	0	0	0	0	0	0	0	0	0	0	0	0	0	0.00261818	0	0.00117499	0	0	0	0	0	0	0	0	0	0	0	0	0	0	0	0	0	0	0	0	0	0	0	0	0	0	0	0	0	0	0	0	0	0	0	0	0	0	0	0	0	0	0	0	0	0	0	0	0	0	0	0	0	0	0	0	0	0	0	0	0	0	0	0	0	0	0	0	0	0	0	0	0	0
FGC2639_s_2_1_CATTAGTGCG-TGACTACATA_FGC2639_s_2_2_CATTAGTGCG-TGACTACATA	0.10450999999999999	0	0	0.00011206	0	0.000028015100000000002	0	0.009104909999999999	0	0	0	0	0	0	0	0	0	0	0	0	0	0	0	0.00218518	0	0.00103656	0	0	0	0	0	0	0	0	0	0	0	0	0	0	0	0	0	0	0	0	0	0	0	0	0	0	0	0	0	0	0	0	0	0	0	0	0	0	0	0	0	0	0	0	0	0	0	0	0	0	0	0	0	0	0	0	0	0	0	0	0	0	0	0	0	0	0	0	0	0	0	0	0	0
FGC2639_s_2_1_CCACCAGGCA-CTTATGGAAT_FGC2639_s_2_2_CCACCAGGCA-CTTATGGAAT	0.105515	0	0	0.000220532	0	0.0000801935	0	0.008340130000000001	0	0	0	0	0	0	0	0	0	0	0	0	0	0	0	0.0020248899999999997	0	0.0011227099999999999	0	0	0	0	0	0	0	0	0	0	0	0	0	0	0	0	0	0	0	0	0	0	0	0	0	0	0	0	0	0	0	0	0	0	0	0	0	0	0	0	0	0	0	0	0	0	0	0	0	0	0	0	0	0	0	0	0	0	0	0	0	0	0	0	0	0	0	0	0	0	0	0	0	0
FGC2639_s_2_1_CCATCATTAG-GGTTGCCTCT_FGC2639_s_2_2_CCATCATTAG-GGTTGCCTCT	0.091831	0	0	0.00007429700000000001	0	0	0	0.008123130000000001	0	0	0	0	0	0	0	0	0	0	0	0	0	0	0	0.00220414	0	0.0009906259999999999	0	0	0	0	0	0	0	0	0	0	0	0	0	0	0	0	0	0	0	0	0	0	0	0	0	0	0	0	0	0	0	0	0	0	0	0	0	0	0	0	0	0	0	0	0	0	0	0	0	0	0	0	0	0	0	0	0	0	0	0	0	0	0	0	0	0	0	0	0	0	0	0	0	0
FGC2639_s_2_1_CCATCTCGCC-TTCTATGGTT_FGC2639_s_2_2_CCATCTCGCC-TTCTATGGTT	0.0750146	0	0	0.0000950996	0	0.0000190199	0	0.00564892	0	0	0	0	0	0	0	0	0	0	0	0	0	0	0	0.00167375	0	0.000874917	0	0	0	0	0	0	0	0	0	0	0	0	0	0	0	0	0	0	0	0	0	0	0	0	0	0	0	0	0	0	0	0	0	0	0	0	0	0	0	0	0	0	0	0	0	0	0	0	0	0	0	0	0	0	0	0	0	0	0	0	0	0	0	0	0	0	0	0	0	0	0	0	0	0
FGC2639_s_2_1_CCGTATGTTC-CATACACTGT_FGC2639_s_2_2_CCGTATGTTC-CATACACTGT	0.09072480000000001	0	0	0.000205592	0	0.000029370300000000002	0	0.00660831	0	0	0	0	0	0	0	0	0	0	0	0	0	0	0	0.0018503299999999999	0	0.0009398489999999999	0	0	0	0	0	0	0	0	0	0	0	0	0	0	0	0	0	0	0	0	0	0	0	0	0	0	0	0	0	0	0	0	0	0	0	0	0	0	0	0	0	0	0	0	0	0	0	0	0	0	0	0	0	0	0	0	0	0	0	0	0	0	0	0	0	0	0	0	0	0	0	0	0	0
FGC2639_s_2_1_CCTCCGTCCA-CACATCGGTG_FGC2639_s_2_2_CCTCCGTCCA-CACATCGGTG	0.10105599999999999	0	0	0.000194816	0	0.000035421100000000005	0	0.00885527	0	0	0	0	0	0	0	0	0	0	0	0	0	0	0	0.0021606900000000003	0	0.0009209480000000001	0	0	0	0	0	0	0	0	0	0	0	0	0	0	0	0	0	0	0	0	0	0	0	0	0	0	0	0	0	0	0	0	0	0	0	0	0	0	0	0	0	0	0	0	0	0	0	0	0	0	0	0	0	0	0	0	0	0	0	0	0	0	0	0	0	0	0	0	0	0	0	0	0	0
FGC2639_s_2_1_CCTCTACATG-GATACCTCCT_FGC2639_s_2_2_CCTCTACATG-GATACCTCCT	0.10381100000000001	0	0	0.00010987200000000001	0	0.00007324790000000001	0	0.00860663	0	0	0	0	0	0	0	0	0	0	0	0	0	0	0	0.00221575	0	0.00100716	0	0	0	0	0	0	0	0	0	0	0	0	0	0	0	0	0	0	0	0	0	0	0	0	0	0	0	0	0	0	0	0	0	0	0	0	0	0	0	0	0	0	0	0	0	0	0	0	0	0	0	0	0	0	0	0	0	0	0	0	0	0	0	0	0	0	0	0	0	0	0	0	0	0
FGC2639_s_2_1_CCTGTCTGTC-ACTGTTGTGA_FGC2639_s_2_2_CCTGTCTGTC-ACTGTTGTGA	0.10879100000000001	0	0	0.00011996500000000001	0	0.000017137799999999997	0	0.009442929999999999	0	0	0	0	0	0	0	0	0	0	0	0	0	0	0	0.00212509	0	0.0009083040000000001	0	0	0	0	0	0	0	0	0	0	0	0	0	0	0	0	0	0	0	0	0	0	0	0	0	0	0	0	0	0	0	0	0	0	0	0	0	0	0	0	0	0	0	0	0	0	0	0	0	0	0	0	0	0	0	0	0	0	0	0	0	0	0	0	0	0	0	0	0	0	0	0	0	0
FGC2639_s_2_1_CGACATCCGA-TACGTTCATT_FGC2639_s_2_2_CGACATCCGA-TACGTTCATT	0.111362	0	0	0.0000996083	0	0.0000249021	0	0.00926358	0	0	0	0	0	0	0	0	0	0	0	0	0	0	0	0.00206687	0	0.00104589	0	0	0	0	0	0	0	0	0	0	0	0	0	0	0	0	0	0	0	0	0	0	0	0	0	0	0	0	0	0	0	0	0	0	0	0	0	0	0	0	0	0	0	0	0	0	0	0	0	0	0	0	0	0	0	0	0	0	0	0	0	0	0	0	0	0	0	0	0	0	0	0	0	0
FGC2639_s_2_1_CGAGGCCAAG-GTGTTACCGG_FGC2639_s_2_2_CGAGGCCAAG-GTGTTACCGG	0.0899863	0	0	0.000133461	0	0.0000333653	0	0.00739042	0	0	0	0	0	0	0	0	0	0	0	0	0	0	0	0.00215206	0	0.00101764	0	0	0	0	0	0	0	0	0	0	0	0	0	0	0	0	0	0	0	0	0	0	0	0	0	0	0	0	0	0	0	0	0	0	0	0	0	0	0	0	0	0	0	0	0	0	0	0	0	0	0	0	0	0	0	0	0	0	0	0	0	0	0	0	0	0	0	0	0	0	0	0	0	0
FGC2639_s_2_1_CGGTTACGGC-AAGACTATAG_FGC2639_s_2_2_CGGTTACGGC-AAGACTATAG	0.108992	0	0	0.000173042	0	0.0000247203	0	0.0090229	0	0	0	0	0	0	0	0	0	0	0	0	0	0	0	0.00202706	0	0.0010629699999999999	0	0	0	0	0	0	0	0	0	0	0	0	0	0	0	0	0	0	0	0	0	0	0	0	0	0	0	0	0	0	0	0	0	0	0	0	0	0	0	0	0	0	0	0	0	0	0	0	0	0	0	0	0	0	0	0	0	0	0	0	0	0	0	0	0	0	0	0	0	0	0	0	0	0
FGC2639_s_2_1_CGTTATTCTA-CCATAAGGTT_FGC2639_s_2_2_CGTTATTCTA-CCATAAGGTT	0.0955529	0	0	0.0000679246	0	0.0000339623	0	0.00825284	0	0	0	0	0	0	0	0	0	0	0	0	0	0	0	0.00210566	0	0.000916982	0	0	0	0	0	0	0	0	0	0	0	0	0	0	0	0	0	0	0	0	0	0	0	0	0	0	0	0	0	0	0	0	0	0	0	0	0	0	0	0	0	0	0	0	0	0	0	0	0	0	0	0	0	0	0	0	0	0	0	0	0	0	0	0	0	0	0	0	0	0	0	0	0	0
FGC2639_s_2_1_CTAGTGCTCT-TGGAACAGTA_FGC2639_s_2_2_CTAGTGCTCT-TGGAACAGTA	0.107348	0	0	0.00019284	0	0.00006428010000000001	0	0.00912778	0	0	0	0	0	0	0	0	0	0	0	0	0	0	0	0.00215338	0	0.000883852	0	0	0	0	0	0	0	0	0	0	0	0	0	0	0	0	0	0	0	0	0	0	0	0	0	0	0	0	0	0	0	0	0	0	0	0	0	0	0	0	0	0	0	0	0	0	0	0	0	0	0	0	0	0	0	0	0	0	0	0	0	0	0	0	0	0	0.00001607	0	0	0	0	0	0	0
FGC2639_s_2_1_CTATTACTAC-GAGTCTCTCC_FGC2639_s_2_2_CTATTACTAC-GAGTCTCTCC	0.0742834	0	0	0.000060971400000000004	0	0.0000406476	0	0.00585325	0	0	0	0	0	0	0	0	0	0	0	0	0	0	0	0.00184946	0	0.000955218	0	0	0	0	0	0	0	0	0	0	0	0	0	0	0	0	0	0	0	0	0	0	0	0	0	0	0	0	0	0	0	0	0	0	0	0	0	0	0	0	0	0	0	0	0	0	0	0	0	0	0	0	0	0	0	0	0	0	0	0	0	0	0	0	0	0	0	0	0	0	0	0	0	0
FGC2639_s_2_1_CTGCGAGCCA-AATCCGGCCA_FGC2639_s_2_2_CTGCGAGCCA-AATCCGGCCA	0.0705322	0	0	0.000050718300000000005	0	0	0	0.00559592	0	0	0	0	0	0	0	0	0	0	0	0	0	0	0	0.00140321	0	0.000710056	0	0	0	0	0	0	0	0	0	0	0	0	0	0	0	0	0	0	0	0	0	0	0	0	0	0	0	0	0	0	0	0	0	0	0	0	0	0	0	0	0	0	0	0	0	0	0	0	0	0	0	0	0	0	0	0	0	0	0	0	0	0	0	0	0	0	0	0	0	0	0	0	0	0
FGC2639_s_2_1_CTTGCCATTA-ATCACGAAGG_FGC2639_s_2_2_CTTGCCATTA-ATCACGAAGG	0.09185159999999999	0	0	0.000148717	0	0	0	0.007566000000000001	0	0	0	0	0	0	0	0	0	0	0	0	0	0	0	0.0017102500000000002	0	0.000817945	0	0	0	0	0	0	0	0	0	0	0	0	0	0	0	0	0	0	0	0	0	0	0	0	0	0	0	0	0	0	0	0	0	0	0	0	0	0	0	0	0	0	0	0	0	0	0	0	0	0	0	0	0	0	0	0	0	0	0	0	0	0	0	0	0	0	0	0	0	0	0	0	0	0
FGC2639_s_2_1_GAACTGAGCG-TCGTGGAGCG_FGC2639_s_2_2_GAACTGAGCG-TCGTGGAGCG	0.11304900000000001	0	0	0.000136918	0	0.000022819699999999998	0	0.00915068	0	0	0	0	0	0	0	0	0	0	0	0	0	0	0	0.0024417	0	0.000912786	0	0	0	0	0	0	0	0	0	0	0	0	0	0	0	0	0	0	0	0	0	0	0	0	0	0	0	0	0	0	0	0	0	0	0	0	0	0	0	0	0	0	0	0	0	0	0	0	0	0	0	0	0	0	0	0	0	0	0	0	0	0	0	0	0	0	0	0	0	0	0	0	0	0
FGC2639_s_2_1_GAAGCGGCAC-CGGCTCTACT_FGC2639_s_2_2_GAAGCGGCAC-CGGCTCTACT	0.10559	0	0	0.000100299	0	0.0000125373	0	0.00880122	0	0	0	0	0	0	0	0	0	0	0	0	0	0	0	0.00231941	0	0.00117851	0	0	0	0	0	0	0	0	0	0	0	0	0	0	0	0	0	0	0	0	0	0	0	0	0	0	0	0	0	0	0	0	0	0	0	0	0	0	0	0	0	0	0	0	0	0	0	0	0	0	0	0	0	0	0	0	0	0	0	0	0	0	0	0	0	0	0	0	0	0	0	0	0	0
FGC2639_s_2_1_GACACCATGT-TCAACGTGTA_FGC2639_s_2_2_GACACCATGT-TCAACGTGTA	0.11181400000000001	0	0	0.000148442	0	0.0000742212	0	0.00966731	0	0	0	0	0	0	0	0	0	0	0	0	0	0	0	0.00224519	0	0.00113187	0	0	0	0	0	0	0	0	0	0	0	0	0	0	0	0	0	0	0	0	0	0	0	0	0	0	0	0	0	0	0	0	0	0	0	0	0	0	0	0	0	0	0	0	0	0	0	0	0	0	0	0	0	0	0	0	0	0	0	0	0	0	0	0	0	0	0	0	0	0	0	0	0	0
FGC2639_s_2_1_GACTGAGTAG-GTTGATAGTG_FGC2639_s_2_2_GACTGAGTAG-GTTGATAGTG	0.09868679999999999	0	0	0.00008456449999999999	0	0.0000211411	0	0.00813934	0	0	0	0	0	0	0	0	0	0	0	0	0	0	0	0.00219868	0	0.000993633	0	0	0	0	0	0	0	0	0	0	0	0	0	0	0	0	0	0	0	0	0	0	0	0	0	0	0	0	0	0	0	0	0	0	0	0	0	0	0	0	0	0	0	0	0	0	0	0	0	0	0	0	0	0	0	0	0	0	0	0	0	0	0	0	0	0	0	0	0	0	0	0	0	0
FGC2639_s_2_1_GAGAATGGTT-TCGGCAGCAA_FGC2639_s_2_2_GAGAATGGTT-TCGGCAGCAA	0.10707	0	0	0.000058053699999999996	0	0.000116107	0	0.008688699999999999	0	0	0	0	0	0	0	0	0	0	0	0	0	0	0	0.00222539	0	0.000986912	0	0	0	0	0	0	0	0	0	0	0	0	0	0	0	0	0	0	0	0	0	0	0	0	0	0	0	0	0	0	0	0	0	0	0	0	0	0	0	0	0	0	0	0	0	0	0	0	0	0	0	0	0	0	0	0	0	0	0	0	0	0	0	0	0	0	0	0	0	0	0	0	0	0
FGC2639_s_2_1_GAGTCATAGG-GTGTGGCGCT_FGC2639_s_2_2_GAGTCATAGG-GTGTGGCGCT	0.101213	0	0	0.00020963799999999997	0	0.000020963799999999997	0	0.008029119999999999	0	0	0	0	0	0	0	0	0	0	0	0	0	0	0	0.0017399899999999999	0	0.000880478	0	0	0	0	0	0	0	0	0	0	0	0	0	0	0	0	0	0	0	0	0	0	0	0	0	0	0	0	0	0	0	0	0	0	0	0	0	0	0	0	0	0	0	0	0	0	0	0	0	0	0	0	0	0	0	0	0	0	0	0	0	0	0	0	0	0	0	0	0	0	0	0	0	0
FGC2639_s_2_1_GATAGGCCGA-CGCACATGGC_FGC2639_s_2_2_GATAGGCCGA-CGCACATGGC	0.0735407	0	0	0.0000763927	0	0	0	0.0061623400000000005	0	0	0	0	0	0	0	0	0	0	0	0	0	0	0	0.00201167	0	0.00104403	0	0	0	0	0	0	0	0	0	0	0	0	0	0	0	0	0	0	0	0	0	0	0	0	0	0	0	0	0	0	0	0	0	0	0	0	0	0	0	0	0	0	0	0	0	0	0	0	0	0	0	0	0	0	0	0	0	0	0	0	0	0	0	0	0	0	0	0	0	0	0	0	0	0
FGC2639_s_2_1_GATCAAGGCA-CCTTGTTAAT_FGC2639_s_2_2_GATCAAGGCA-CCTTGTTAAT	0.109195	0	0	0.000178424	0	0.0000669089	0	0.008854279999999999	0	0	0	0	0	0	0	0	0	0	0	0	0	0	0	0.00238642	0	0.000959028	0	0	0	0	0	0	0	0	0	0	0	0	0	0	0	0	0	0	0	0	0	0	0	0	0	0	0	0	0	0	0	0	0	0	0	0	0	0	0	0	0	0	0	0	0	0	0	0	0	0	0	0	0	0	0	0	0	0	0	0	0	0	0	0	0	0	0	0	0	0	0	0	0	0
FGC2639_s_2_1_GCAACATGGA-CTTGTCTTAA_FGC2639_s_2_2_GCAACATGGA-CTTGTCTTAA	0.10831199999999999	0	0	0.00018953699999999998	0	0.0000689226	0	0.00894271	0	0	0	0	0	0	0	0	0	0	0	0	0	0	0	0.00237783	0	0.00103384	0	0	0	0	0	0	0	0	0	0	0	0	0	0	0	0	0	0	0	0	0	0	0	0	0	0	0	0	0	0	0	0	0	0	0	0	0	0	0	0	0	0	0	0	0	0	0	0	0	0	0	0	0	0	0	0	0	0	0	0	0	0	0	0	0	0	0	0	0	0	0	0	0	0
FGC2639_s_2_1_GCCGCACTCT-TCCGACCTCG_FGC2639_s_2_2_GCCGCACTCT-TCCGACCTCG	0.100299	0	0	0.00021385599999999998	0	0.000026731999999999997	0	0.009088889999999999	0	0	0	0	0	0	0	0	0	0	0	0	0	0	0	0.00245935	0	0.00130987	0	0	0	0	0	0	0	0	0	0	0	0	0	0	0	0	0	0	0	0	0	0	0	0	0	0	0	0	0	0	0	0	0	0	0	0	0	0	0	0	0	0	0	0	0	0	0	0	0	0	0	0	0	0	0	0	0	0	0	0	0	0	0	0	0	0	0	0	0	0	0	0	0	0
FGC2639_s_2_1_GCGTGGATGG-TTGACCAATG_FGC2639_s_2_2_GCGTGGATGG-TTGACCAATG	0.110564	0	0	0.00013793	0	0.0000275859	0	0.00951715	0	0	0	0	0	0	0	0	0	0	0	0	0	0	0	0.00211032	0	0.0009793	0	0	0	0	0	0	0	0	0	0	0	0	0	0	0	0	0	0	0	0	0	0	0	0	0	0	0	0	0	0	0	0	0	0	0	0	0	0	0	0	0	0	0	0	0	0	0	0	0	0	0	0	0	0	0	0	0	0	0	0	0	0	0	0	0	0	0	0	0	0	0	0	0	0
FGC2639_s_2_1_GCGTTGGTAT-ACATACTTCC_FGC2639_s_2_2_GCGTTGGTAT-ACATACTTCC	0.0632997	0	0	0.0000561499	0	0.0000187166	0	0.00495991	0	0	0	0	0	0	0	0	0	0	0	0	0	0	0	0.0017968	0	0.0009358319999999999	0	0	0	0	0	0	0	0	0	0	0	0	0	0	0	0	0	0	0	0	0	0	0	0	0	0	0	0	0	0	0	0	0	0	0	0	0	0	0	0	0	0	0	0	0	0	0	0	0	0	0	0	0	0	0	0	0	0	0	0	0	0	0	0	0	0	0	0	0	0	0	0	0	0
FGC2639_s_2_1_GGAGCGTGTA-ATCCGTAAGT_FGC2639_s_2_2_GGAGCGTGTA-ATCCGTAAGT	0.0845107	0	0	0.0000739053	0	0.0000184763	0	0.00676234	0	0	0	0	0	0	0	0	0	0	0	0	0	0	0	0.00186611	0	0.000997722	0	0	0	0	0	0	0	0	0	0	0	0	0	0	0	0	0	0	0	0	0	0	0	0	0	0	0	0	0	0	0	0	0	0	0	0	0	0	0	0	0	0	0	0	0	0	0	0	0	0	0	0	0	0	0	0	0	0	0	0	0	0	0	0	0	0	0.0000184763	0	0	0	0	0	0	0
FGC2639_s_2_1_GGCAAGCCAG-CAAGCATCCG_FGC2639_s_2_2_GGCAAGCCAG-CAAGCATCCG	0.107327	0	0	0.000125358	0	0.000041786	0	0.00887953	0	0	0	0	0	0	0	0	0	0	0	0	0	0	0	0.00275788	0	0.00112822	0	0	0	0	0	0	0	0	0	0	0	0	0	0	0	0	0	0	0	0	0	0	0	0	0	0	0	0	0	0	0	0	0	0	0	0	0	0	0	0	0	0	0	0	0	0	0	0	0	0	0	0	0	0	0	0	0	0	0	0	0	0	0	0	0	0	0	0	0	0	0	0	0	0
FGC2639_s_2_1_GGTAACTCGC-AAGTTGGTGA_FGC2639_s_2_2_GGTAACTCGC-AAGTTGGTGA	0.110713	0	0	0.000162574	0	0.0000812871	0	0.00934802	0	0	0	0	0	0	0	0	0	0	0	0	0	0	0	0.0022354	0	0.0011177	0	0	0	0	0	0	0	0	0	0	0	0	0	0	0	0	0	0	0	0	0	0	0	0	0	0	0	0	0	0	0	0	0	0	0	0	0	0	0	0	0	0	0	0	0	0	0	0	0	0	0	0	0	0	0	0	0	0	0	0	0	0	0	0	0	0	0	0	0	0	0	0	0	0
FGC2639_s_2_1_GGTTGCGAGG-AATAGAGCAA_FGC2639_s_2_2_GGTTGCGAGG-AATAGAGCAA	0.10778199999999999	0	0	0.000170572	0	0.0000947621	0	0.00883182	0	0	0	0	0	0	0	0	0	0	0	0	0	0	0	0.00231219	0	0.0008718109999999999	0	0	0	0	0	0	0	0	0	0	0	0	0	0	0	0	0	0	0	0	0	0	0	0	0	0	0	0	0	0	0	0	0	0	0	0	0	0	0	0	0	0	0	0	0	0	0	0	0	0	0	0	0	0	0	0	0	0	0	0	0	0	0	0	0	0	0	0	0	0	0	0	0	0
FGC2639_s_2_1_GTATTCCACC-ATGTAGACAA_FGC2639_s_2_2_GTATTCCACC-ATGTAGACAA	0.10955	0	0	0.000242814	0	0.0000607035	0	0.00999585	0	0	0	0	0	0	0	0	0	0	0	0	0	0	0	0.00196275	0	0.00105219	0	0	0	0	0	0	0	0	0	0	0	0	0	0	0	0	0	0	0	0	0	0	0	0	0	0	0	0	0	0	0	0	0	0	0	0	0	0	0	0	0	0	0	0	0	0	0	0	0	0	0	0	0	0	0	0	0	0	0	0	0	0	0	0	0	0	0	0	0	0	0	0	0	0
FGC2639_s_2_1_GTCCGTAAGC-CGTGTATCTT_FGC2639_s_2_2_GTCCGTAAGC-CGTGTATCTT	0.10844400000000001	0	0	0.00009617230000000001	0	0.0000192345	0	0.0104635	0	0	0	0	0	0	0	0	0	0	0	0	0	0	0	0.00200038	0	0.000827082	0	0	0	0	0	0	0	0	0	0	0	0	0	0	0	0	0	0	0	0	0	0	0	0	0	0	0	0	0	0	0	0	0	0	0	0	0	0	0	0	0	0	0	0	0	0	0	0	0	0	0	0	0	0	0	0	0	0	0	0	0	0	0	0	0	0	0.0000192345	0	0	0	0	0	0	0
FGC2639_s_2_1_GTCCTGGATA-CGGTGGCGAA_FGC2639_s_2_2_GTCCTGGATA-CGGTGGCGAA	0.111515	0	0	0.00019672899999999998	0	0.000015132999999999999	0	0.00966999	0	0	0	0	0	0	0	0	0	0	0	0	0	0	0	0.00208836	0	0.0009231139999999999	0	0	0	0	0	0	0	0	0	0	0	0	0	0	0	0	0	0	0	0	0	0	0	0	0	0	0	0	0	0	0	0	0	0	0	0	0	0	0	0	0	0	0	0	0	0	0	0	0	0	0	0	0	0	0	0	0	0	0	0	0	0	0	0	0	0	0	0	0	0	0	0	0	0
FGC2639_s_2_1_GTCTAATGGC-AGTGGTCAGG_FGC2639_s_2_2_GTCTAATGGC-AGTGGTCAGG	0.10927599999999998	0	0	0.000169354	0	0.00008467719999999999	0	0.00901812	0	0	0	0	0	0	0	0	0	0	0	0	0	0	0	0.00222278	0	0.000994957	0	0	0	0	0	0	0	0	0	0	0	0	0	0	0	0	0	0	0	0	0	0	0	0	0	0	0	0	0	0	0	0	0	0	0	0	0	0	0	0	0	0	0	0	0	0	0	0	0	0	0	0	0	0	0	0	0	0	0	0	0	0	0	0	0	0	0	0	0	0	0	0	0	0
FGC2639_s_2_1_GTGACACGCA-GCTTACGGAC_FGC2639_s_2_2_GTGACACGCA-GCTTACGGAC	0.07279139999999999	0	0	0.0000522739	0	0.0000784108	0	0.00648196	0	0	0	0	0	0	0	0	0	0	0	0	0	0	0	0.00177731	0	0.000784108	0	0	0	0	0	0	0	0	0	0	0	0	0	0	0	0	0	0	0	0	0	0	0	0	0	0	0	0	0	0	0	0	0	0	0	0	0	0	0	0	0	0	0	0	0	0	0	0	0	0	0	0	0	0	0	0	0	0	0	0	0	0	0	0	0	0	0	0	0	0	0	0	0	0
FGC2639_s_2_1_GTGCAGACAG-TACCATCCGT_FGC2639_s_2_2_GTGCAGACAG-TACCATCCGT	0.0865483	0	0	0.000111603	0	0.0000930027	0	0.006975200000000001	0	0	0	0	0	0	0	0	0	0	0	0	0	0	0	0.0018972499999999998	0	0.000744021	0	0	0	0	0	0	0	0	0	0	0	0	0	0	0	0	0	0	0	0	0	0	0	0	0	0	0	0	0	0	0	0	0	0	0	0	0	0	0	0	0	0	0	0	0	0	0	0	0	0	0	0	0	0	0	0	0	0	0	0	0	0	0	0	0	0	0	0	0	0	0	0	0	0
FGC2639_s_2_1_TAAGCATCCA-TCAATCCATT_FGC2639_s_2_2_TAAGCATCCA-TCAATCCATT	0.11189299999999999	0	0	0.000166365	0	0.0000475329	0	0.00841333	0	0	0	0	0	0	0	0	0	0	0	0	0	0	0	0.00275691	0	0.0013071600000000001	0	0	0	0	0	0	0	0	0	0	0	0	0	0	0	0	0	0	0	0	0	0	0	0	0	0	0	0	0	0	0	0	0	0	0	0	0	0	0	0	0	0	0	0	0	0	0	0	0	0	0	0	0	0	0	0	0	0	0	0	0	0	0	0	0	0	0	0	0	0	0	0	0	0
FGC2639_s_2_1_TAGCATAACC-GCTATGCGCA_FGC2639_s_2_2_TAGCATAACC-GCTATGCGCA	0.10532	0	0	0.000154117	0	0.0000385292	0	0.009054369999999999	0	0	0	0	0	0	0	0	0	0	0	0	0	0	0	0.00208058	0	0.000943966	0	0	0	0	0	0	0	0	0	0	0	0	0	0	0	0	0	0	0	0	0	0	0	0	0	0	0	0	0	0	0	0	0	0	0	0	0	0	0	0	0	0	0	0	0	0	0	0	0	0	0	0	0	0	0	0	0	0	0	0	0	0	0	0	0	0	0	0	0	0	0	0	0	0
FGC2639_s_2_1_TAGTTCGGTA-CCATGTGTAG_FGC2639_s_2_2_TAGTTCGGTA-CCATGTGTAG	0.108602	0	0	0.00015728	0	0.00007864	0	0.0084538	0	0	0	0	0	0	0	0	0	0	0	0	0	0	0	0.00214294	0	0.00112062	0	0	0	0	0	0	0	0	0	0	0	0	0	0	0	0	0	0	0	0	0	0	0	0	0	0	0	0	0	0	0	0	0	0	0	0	0	0	0	0	0	0	0	0	0	0	0	0	0	0	0	0	0	0	0	0	0	0	0	0	0	0	0	0	0	0	0.00001966	0	0	0	0	0	0	0
FGC2639_s_2_1_TATGCCTTAC-AGACACATTA_FGC2639_s_2_2_TATGCCTTAC-AGACACATTA	0.107246	0	0	0.000125802	0	0.0000157253	0	0.00923074	0	0	0	0	0	0	0	0	0	0	0	0	0	0	0	0.00229589	0	0.0011164900000000001	0	0	0	0	0	0	0	0	0	0	0	0	0	0	0	0	0	0	0	0	0	0	0	0	0	0	0	0	0	0	0	0	0	0	0	0	0	0	0	0	0	0	0	0	0	0	0	0	0	0	0	0	0	0	0	0	0	0	0	0	0	0	0	0	0	0	0.0000157253	0	0	0	0	0	0	0
FGC2639_s_2_1_TATGTAGTCA-CGCACTAATG_FGC2639_s_2_2_TATGTAGTCA-CGCACTAATG	0.110226	0	0	0.000224645	0	0.0000299526	0	0.010288700000000001	0	0	0	0	0	0	0	0	0	0	0	0	0	0	0	0.00235128	0	0.0008836019999999999	0	0	0	0	0	0	0	0	0	0	0	0	0	0	0	0	0	0	0	0	0	0	0	0	0	0	0	0	0	0	0	0	0	0	0	0	0	0	0	0	0	0	0	0	0	0	0	0	0	0	0	0	0	0	0	0	0	0	0	0	0	0	0	0	0	0	0	0	0	0	0	0	0	0
FGC2639_s_2_1_TATTGCGCTC-CTGTGTTAGG_FGC2639_s_2_2_TATTGCGCTC-CTGTGTTAGG	0.11223699999999999	0	0	0.0000843571	0	0	0	0.00940582	0	0	0	0	0	0	0	0	0	0	0	0	0	0	0	0.0020245700000000003	0	0.00086466	0	0	0	0	0	0	0	0	0	0	0	0	0	0	0	0	0	0	0	0	0	0	0	0	0	0	0	0	0	0	0	0	0	0	0	0	0	0	0	0	0	0	0	0	0	0	0	0	0	0	0	0	0	0	0	0	0	0	0	0	0	0	0	0	0	0	0	0	0	0	0	0	0	0
FGC2639_s_2_1_TCAGAAGGCG-GGCCATCATA_FGC2639_s_2_2_TCAGAAGGCG-GGCCATCATA	0.105422	0	0	0.000166444	0	0.0000208055	0	0.00838463	0	0	0	0	0	0	0	0	0	0	0	0	0	0	0	0.0020389400000000004	0	0.00106108	0	0	0	0	0	0	0	0	0	0	0	0	0	0	0	0	0	0	0	0	0	0	0	0	0	0	0	0	0	0	0	0	0	0	0	0	0	0	0	0	0	0	0	0	0	0	0	0	0	0	0	0	0	0	0	0	0	0	0	0	0	0	0	0	0	0	0	0	0	0	0	0	0	0
FGC2639_s_2_1_TCATAGATTG-GATTAAGGTG_FGC2639_s_2_2_TCATAGATTG-GATTAAGGTG	0.10856500000000001	0	0	0.000175671	0	0.0000146393	0	0.009559459999999999	0	0	0	0	0	0	0	0	0	0	0	0	0	0	0	0.00207878	0	0.000936915	0	0	0	0	0	0	0	0	0	0	0	0	0	0	0	0	0	0	0	0	0	0	0	0	0	0	0	0	0	0	0	0	0	0	0	0	0	0	0	0	0	0	0	0	0	0	0	0	0	0	0	0	0	0	0	0	0	0	0	0	0	0	0	0	0	0	0	0	0	0	0	0	0	0
FGC2639_s_2_1_TCCATTGCCG-GAATGCACGA_FGC2639_s_2_2_TCCATTGCCG-GAATGCACGA	0.104868	0	0	0.0000754993	0	0.00005033280000000001	0	0.008707580000000001	0	0	0	0	0	0	0	0	0	0	0	0	0	0	0	0.00281864	0	0.0013086500000000002	0	0	0	0	0	0	0	0	0	0	0	0	0	0	0	0	0	0	0	0	0	0	0	0	0	0	0	0	0	0	0	0	0	0	0	0	0	0	0	0	0	0	0	0	0	0	0	0	0	0	0	0	0	0	0	0	0	0	0	0	0	0	0	0	0	0	0	0	0	0	0	0	0	0
FGC2639_s_2_1_TCTCATGATA-AACACGTGGA_FGC2639_s_2_2_TCTCATGATA-AACACGTGGA	0.108978	0	0	0.000122602	0	0.0000459759	0	0.00904193	0	0	0	0	0	0	0	0	0	0	0	0	0	0	0	0.0022375	0	0.00098082	0	0	0	0	0	0	0	0	0	0	0	0	0	0	0	0	0	0	0	0	0	0	0	0	0	0	0	0	0	0	0	0	0	0	0	0	0	0	0	0	0	0	0	0	0	0	0	0	0	0	0	0	0	0	0	0	0	0	0	0	0	0	0	0	0	0	0	0	0	0	0	0	0	0
FGC2639_s_2_1_TCTGGTATCC-CGTTGCTTAC_FGC2639_s_2_2_TCTGGTATCC-CGTTGCTTAC	0.073409	0	0	0.0000791258	0	0	0	0.00583553	0	0	0	0	0	0	0	0	0	0	0	0	0	0	0	0.0015231700000000001	0	0.000573662	0	0	0	0	0	0	0	0	0	0	0	0	0	0	0	0	0	0	0	0	0	0	0	0	0	0	0	0	0	0	0	0	0	0	0	0	0	0	0	0	0	0	0	0	0	0	0	0	0	0	0	0	0	0	0	0	0	0	0	0	0	0	0	0	0	0	0	0	0	0	0	0	0	0
FGC2639_s_2_1_TGATGTAAGA-GTGCGTCCTT_FGC2639_s_2_2_TGATGTAAGA-GTGCGTCCTT	0.10666099999999999	0	0	0.0000990966	0	0.0000165161	0	0.00952979	0	0	0	0	0	0	0	0	0	0	0	0	0	0	0	0.00232877	0	0.00112309	0	0	0	0	0	0	0	0	0	0	0	0	0	0	0	0	0	0	0	0	0	0	0	0	0	0	0	0	0	0	0	0	0	0	0	0	0	0	0	0	0	0	0	0	0	0	0	0	0	0	0	0	0	0	0	0	0	0	0	0	0	0	0	0	0	0	0.0000165161	0	0	0	0	0	0	0
FGC2639_s_2_1_TGATTATACG-GTCGATTACA_FGC2639_s_2_2_TGATTATACG-GTCGATTACA	0.110986	0	0	0.00015123300000000002	0	0.0000378081	0	0.00896053	0	0	0	0	0	0	0	0	0	0	0	0	0	0	0	0.00211726	0	0.000983011	0	0	0	0	0	0	0	0	0	0	0	0	0	0	0	0	0	0	0	0	0	0	0	0	0	0	0	0	0	0	0	0	0	0	0	0	0	0	0	0	0	0	0	0	0	0	0	0	0	0	0	0	0	0	0	0	0	0	0	0	0	0	0	0	0	0	0	0	0	0	0	0	0	0
FGC2639_s_2_1_TGGTACCTAA-CATGAGTACT_FGC2639_s_2_2_TGGTACCTAA-CATGAGTACT	0.105489	0	0	0.00010355600000000001	0	0.0000172593	0	0.00926826	0	0	0	0	0	0	0	0	0	0	0	0	0	0	0	0.00217468	0	0.000932004	0	0	0	0	0	0	0	0	0	0	0	0	0	0	0	0	0	0	0	0	0	0	0	0	0	0	0	0	0	0	0	0	0	0	0	0	0	0	0	0	0	0	0	0	0	0	0	0	0	0	0	0	0	0	0	0	0	0	0	0	0	0	0	0	0	0	0	0	0	0	0	0	0	0
FGC2639_s_2_1_TGTAATCGAC-GATCACCGCG_FGC2639_s_2_2_TGTAATCGAC-GATCACCGCG	0.09810089999999999	0	0	0.0000886187	0	0.0000708949	0	0.008471949999999999	0	0	0	0	0	0	0	0	0	0	0	0	0	0	0	0.00212685	0	0.0009570819999999999	0	0	0	0	0	0	0	0	0	0	0	0	0	0	0	0	0	0	0	0	0	0	0	0	0	0	0	0	0	0	0	0	0	0	0	0	0	0	0	0	0	0	0	0	0	0	0	0	0	0	0	0	0	0	0	0	0	0	0	0	0	0	0	0	0	0	0.000017723699999999998	0	0	0	0	0	0	0
FGC2639_s_2_1_TGTCGCTGGT-TCGTCTGACT_FGC2639_s_2_2_TGTCGCTGGT-TCGTCTGACT	0.10847899999999999	0	0	0.000262491	0	0.0000349989	0	0.00950219	0	0	0	0	0	0	0	0	0	0	0	0	0	0	0	0.00248492	0	0.00122496	0	0	0	0	0	0	0	0	0	0	0	0	0	0	0	0	0	0	0	0	0	0	0	0	0	0	0	0	0	0	0	0	0	0	0	0	0	0	0	0	0	0	0	0	0	0	0	0	0	0	0	0	0	0	0	0	0	0	0	0	0	0	0	0	0	0	0.0000174994	0	0	0	0	0	0	0
FGC2639_s_2_1_TTCACGAGAC-AGATTGTTAC_FGC2639_s_2_2_TTCACGAGAC-AGATTGTTAC	0.0736972	0	0	0.0000869481	0	0.0000347793	0	0.00674717	0	0	0	0	0	0	0	0	0	0	0	0	0	0	0	0.0023302099999999997	0	0.0011303300000000001	0	0	0	0	0	0	0	0	0	0	0	0	0	0	0	0	0	0	0	0	0	0	0	0	0	0	0	0	0	0	0	0	0	0	0	0	0	0	0	0	0	0	0	0	0	0	0	0	0	0	0	0	0	0	0	0	0	0	0	0	0	0	0	0	0	0	0	0	0	0	0	0	0	0
FGC2639_s_2_1_TTCTACATAC-CTAACTGTAA_FGC2639_s_2_2_TTCTACATAC-CTAACTGTAA	0.11036399999999999	0	0	0.000223674	0	0.0000559185	0	0.009860289999999999	0	0	0	0	0	0	0	0	0	0	0	0	0	0	0	0.00238586	0	0.00126749	0	0	0	0	0	0	0	0	0	0	0	0	0	0	0	0	0	0	0	0	0	0	0	0	0	0	0	0	0	0	0	0	0	0	0	0	0	0	0	0	0	0	0	0	0	0	0	0	0	0	0	0	0	0	0	0	0	0	0	0	0	0	0	0	0	0	0	0	0	0	0	0	0	0
FGC2639_s_2_1_TTGGAATTCC-ACGTCAATAC_FGC2639_s_2_2_TTGGAATTCC-ACGTCAATAC	0.0722132	0	0	0.0000775652	0	0.0000193913	0	0.00608887	0	0	0	0	0	0	0	0	0	0	0	0	0	0	0	0.00159009	0	0.00073687	0	0	0	0	0	0	0	0	0	0	0	0	0	0	0	0	0	0	0	0	0	0	0	0	0	0	0	0	0	0	0	0	0	0	0	0	0	0	0	0	0	0	0	0	0	0	0	0	0	0	0	0	0	0	0	0	0	0	0	0	0	0	0	0	0	0	0	0	0	0	0	0	0	0
