Sample	1	2	3	4	5	6	7	8	9	10	11	12	13	14	15	16	17	18	19	20	21	22	23	24	25	26	27	28	29	30	31	32	33	34	35	36	37	38	39	40	41	42	43	44	45	46	47	48	49	50	51	52	53	54	55	56	57	58	59	60	61	62	63	64	65	66	67	68	69	70	71	72	73	74	75	76	77	78	79	80	81	82	83	84	85	86	87	88	89	90	91	92	93	94	95	96	97	98	99	100
FGC2634_s_1_1_AACATCGCGC-GTCCACTTGT_FGC2634_s_1_2_AACATCGCGC-GTCCACTTGT	84.7845	66.6713	71.7055	67.7708	62.9193	61.799499999999995	56.5146	64.2463	61.854200000000006	60.6912	71.6248	69.3335	66.67729999999999	65.38350000000001	66.34440000000001	67.2133	66.663	66.69709999999999	67.5689	67.204	67.1083	67.8616	67.2829	67.4918	68.4408	67.57459999999999	67.5344	68.1071	67.656	67.6018	68.1785	67.4949	67.6331	68.5119	67.7984	67.66680000000001	68.3882	68.0202	67.82589999999999	68.6447	68.0385	67.8095	68.8535	68.0051	67.784	68.6151	67.93	67.7558	68.808	68.0217	68.08760000000001	68.6017	68.1819	67.9127	68.59049999999999	68.1576	68.0298	68.5552	68.11359999999999	67.76950000000001	68.6773	68.0962	67.6634	68.569	67.99340000000001	67.797	68.5966	68.11930000000001	67.8905	68.4999	67.9547	67.4735	68.26820000000001	67.6656	67.4555	68.23740000000001	67.57600000000001	67.3843	67.84639999999999	67.53320000000001	67.039	67.45	67.0081	66.56060000000001	67.15950000000001	66.5806	66.2584	66.71669999999999	66.1647	65.72710000000001	66.2434	65.49549999999999	65.3967	65.605	65.0027	64.5327	64.9876	64.2251	64.0733	64.4815
FGC2634_s_1_1_AACCATAGAA-GGCGAGATGG_FGC2634_s_1_2_AACCATAGAA-GGCGAGATGG	84.23859999999999	66.1206	72.36059999999999	69.17790000000001	63.3252	61.6686	56.5925	63.0736	60.8858	59.8345	70.1789	68.2749	66.792	65.0242	65.8097	67.0365	66.2788	66.2582	67.3865	66.9475	66.6834	67.7347	66.7539	67.0105	68.3822	67.3571	67.207	67.991	67.3904	67.2353	68.1126	67.1346	67.11580000000001	68.4026	67.3055	67.1559	68.337	67.8695	67.3253	68.5178	67.5721	67.5004	68.6357	67.5092	67.2852	68.4924	67.6984	67.31	68.7639	67.76830000000001	67.6653	68.554	67.8586	67.6566	68.6103	67.8926	67.73179999999999	68.5261	67.9607	67.431	68.6442	67.99119999999999	67.38119999999999	68.6517	67.78920000000001	67.483	68.56020000000001	68.0469	67.6522	68.5999	67.822	67.3023	68.4951	67.6896	67.4473	68.5983	67.6815	67.4783	68.32430000000001	67.8287	67.294	68.136	67.4578	67.0264	68.047	67.21390000000001	66.889	67.7837	66.9549	66.5204	67.5206	66.49589999999999	66.3625	67.0968	66.2804	65.7546	66.5589	65.5501	65.3428	66.22479999999999
FGC2634_s_1_1_ACAGTGTATG-GAACATACGG_FGC2634_s_1_2_ACAGTGTATG-GAACATACGG	84.1065	64.2146	70.8402	67.3145	61.4188	59.868	54.192099999999996	61.958999999999996	59.9229	58.072599999999994	68.78699999999999	66.445	64.2713	63.2666	64.3509	65.3097	64.7112	64.78190000000001	65.51639999999999	64.8721	64.8408	65.65990000000001	65.03790000000001	65.306	66.3698	65.4333	65.58460000000001	66.1948	65.6588	65.6516	66.2982	65.4083	65.6001	66.4102	65.6052	65.79169999999999	66.38770000000001	65.93719999999999	65.8648	66.6417	65.892	65.8006	66.7713	65.9052	65.79899999999999	66.5642	65.8578	65.7838	66.8157	65.9459	66.1417	66.7495	66.1022	65.9883	66.6807	66.0534	66.0324	66.63130000000001	66.079	65.8856	66.7429	66.1937	65.9385	66.8392	66.042	66.02019999999999	66.7756	66.2076	66.0569	66.724	66.117	65.8802	66.7258	66.0334	65.9208	66.7	65.9452	65.8805	66.4603	65.961	65.6295	66.2367	65.6964	65.46990000000001	66.1189	65.4798	65.2606	65.8653	65.14999999999999	64.8613	65.5483	64.6572	64.72250000000001	65.07849999999999	64.41210000000001	64.1597	64.64800000000001	63.7978	63.7518	64.22
FGC2634_s_1_1_ACATATCCAG-TATGTGCAAT_FGC2634_s_1_2_ACATATCCAG-TATGTGCAAT	84.03580000000001	67.46799999999999	71.0954	69.1957	62.67660000000001	62.3862	56.201100000000004	63.212599999999995	61.606300000000005	60.6393	70.6903	68.5672	66.7	65.44630000000001	65.8946	67.2699	66.5427	66.3942	67.7804	67.0316	66.76480000000001	68.0086	67.2907	67.4025	68.5716	67.47	67.35520000000001	68.3248	67.5	67.3571	68.5275	67.3609	67.4285	68.6001	67.6612	67.48769999999999	68.3845	67.8616	67.52850000000001	68.73899999999999	67.76950000000001	67.5961	68.9094	67.8566	67.4795	68.7368	67.68650000000001	67.4722	68.8338	67.7142	67.74419999999999	68.7377	67.93599999999999	67.58189999999999	68.4736	67.8415	67.691	68.7919	67.93400000000001	67.5767	68.6946	67.8968	67.4199	68.6233	67.6039	67.5235	68.6497	67.83970000000001	67.6285	68.6415	67.8473	67.3566	68.4164	67.5881	67.3567	68.4655	67.6468	67.29509999999999	68.1762	67.6969	67.1843	68.00659999999999	67.2856	66.8061	67.9028	67.0878	66.8048	67.7342	66.8598	66.48849999999999	67.5802	66.5666	66.4643	67.2602	66.3691	65.9383	66.9209	65.9462	65.78349999999999	66.7311
FGC2634_s_1_1_ACCACGACAT-TCGTATGCGG_FGC2634_s_1_2_ACCACGACAT-TCGTATGCGG	84.27130000000001	66.0258	72.2817	69.3762	62.9487	61.2079	56.42	63.188	60.7959	59.9405	70.4406	68.36919999999999	66.915	65.017	65.3109	67.02080000000001	66.263	66.0003	67.4933	66.9333	66.4859	67.7727	66.8938	66.7508	68.3886	67.2542	66.9357	68.0554	67.28269999999999	66.9314	68.21350000000001	67.1613	66.963	68.40469999999999	67.4674	67.1755	68.3087	67.6941	67.2434	68.6295	67.6174	67.2414	68.7595	67.5794	67.144	68.5701	67.6103	67.134	68.7252	67.6494	67.4947	68.56	67.85759999999999	67.381	68.4991	67.7929	67.4712	68.5826	67.8548	67.2672	68.68339999999999	67.9195	67.1314	68.66499999999999	67.6732	67.2753	68.63430000000001	67.9624	67.4692	68.6799	67.90469999999999	67.1164	68.4962	67.6472	67.1476	68.5172	67.60969999999999	67.1918	68.23599999999999	67.7844	67.0214	68.0899	67.24329999999999	66.6032	67.851	66.9727	66.4274	67.5339	66.6613	65.9971	67.1968	66.1563	65.8625	66.70519999999999	65.8488	65.0833	66.0818	65.0505	64.71440000000001	65.7305
FGC2634_s_1_1_ACCGGCCGTA-TGGCAATATT_FGC2634_s_1_2_ACCGGCCGTA-TGGCAATATT	84.0021	65.7767	72.86110000000001	68.7816	63.3016	61.6055	56.1528	63.9173	61.23420000000001	60.068	70.8213	68.3588	66.2479	65.2098	65.9888	66.956	66.6202	66.6356	67.3985	67.2432	66.8731	67.67790000000001	67.1105	67.2311	68.3564	67.6052	67.5376	68.0667	67.7463	67.5172	68.17750000000001	67.465	67.4589	68.37870000000001	67.714	67.69269999999999	68.31540000000001	68.256	67.8535	68.7615	68.1554	67.8025	68.7518	67.9135	67.6165	68.5552	67.9675	67.63329999999999	68.7757	68.1021	68.099	68.59150000000001	68.255	67.9577	68.5881	68.2268	68.053	68.5374	68.2534	67.7835	68.689	68.3602	67.6604	68.7262	68.1647	67.7838	68.621	68.40469999999999	67.9513	68.658	68.2702	67.6546	68.5526	68.0881	67.7833	68.6339	68.03620000000001	67.8183	68.292	68.209	67.5553	68.1363	67.72789999999999	67.2261	68.03479999999999	67.5396	67.1203	67.76060000000001	67.3077	66.726	67.4499	66.7635	66.6343	67.0676	66.551	65.9419	66.5545	65.851	65.63980000000001	66.2941
FGC2634_s_1_1_ACCGTTACAA-CTCATAGCGA_FGC2634_s_1_2_ACCGTTACAA-CTCATAGCGA	84.00410000000001	66.0611	70.24589999999999	67.3202	62.0355	61.2123	55.577600000000004	64.3192	61.307	59.787	71.22070000000001	68.09809999999999	65.5937	64.92750000000001	65.3281	66.5119	66.2439	65.9327	66.92519999999999	66.6929	66.0724	67.02080000000001	66.7248	66.5594	67.7077	67.12360000000001	66.7816	67.4902	67.1348	66.7573	67.5369	66.9004	66.6838	67.5907	67.1927	66.8231	67.5766	67.57079999999999	66.9306	67.8764	67.3314	66.9376	67.9735	67.3669	66.7721	67.8985	67.28150000000001	66.7817	68.04860000000001	67.3509	67.1631	67.9002	67.61019999999999	66.9996	67.7345	67.4824	67.0577	67.88889999999999	67.52890000000001	66.96459999999999	67.9302	67.7	66.8762	67.8587	67.36760000000001	67.0177	67.9136	67.7014	67.1045	67.8617	67.5877	66.8022	67.7694	67.5501	66.9507	67.78739999999999	67.4261	66.898	67.6387	67.5897	66.7453	67.4019	67.2098	66.4582	67.352	67.0154	66.40270000000001	67.0864	66.7418	66.0125	66.8347	66.2795	65.8389	66.426	66.0225	65.2897	65.9917	65.4314	65.0052	65.69420000000001
FGC2634_s_1_1_ACGCCTTGTT-TAAGGAACGT_FGC2634_s_1_2_ACGCCTTGTT-TAAGGAACGT	84.3279	66.32679999999999	71.99799999999999	69.37440000000001	63.3467	61.992000000000004	56.593199999999996	63.746100000000006	61.2128	60.296099999999996	70.79950000000001	68.4859	66.9898	65.4196	65.9539	67.37910000000001	66.5974	66.3636	67.66720000000001	67.1248	66.7936	68.0014	67.1842	67.1273	68.5632	67.5911	67.2497	68.2911	67.6794	67.3151	68.4195	67.6006	67.2272	68.6537	67.6433	67.5282	68.62310000000001	68.01	67.60629999999999	68.6276	67.8917	67.57180000000001	68.8207	67.8312	67.4179	68.66	67.911	67.43860000000001	68.9863	68.0745	67.6797	68.75869999999999	68.0561	67.68650000000001	68.8057	68.1517	67.7106	68.727	68.16499999999999	67.5086	68.8035	68.1799	67.502	68.95609999999999	68.078	67.5955	68.81150000000001	68.21249999999999	67.6257	68.7854	68.065	67.4242	68.7406	68.0295	67.5848	68.82629999999999	68.03240000000001	67.5118	68.5442	67.9768	67.4053	68.4893	67.7457	67.1685	68.2987	67.49770000000001	66.9939	68.0068	67.2033	66.6498	67.81580000000001	66.85560000000001	66.5629	67.4121	66.5689	65.9443	66.91420000000001	65.9862	65.5879	66.4994
FGC2634_s_1_1_ACGGTCAGGA-CGGCCTCGTT_FGC2634_s_1_2_ACGGTCAGGA-CGGCCTCGTT	84.40140000000001	66.2153	71.3587	67.6522	62.8231	61.8985	56.5478	64.7148	61.827200000000005	60.478699999999996	71.5972	68.8611	66.4044	65.40780000000001	66.00580000000001	67.06739999999999	66.63470000000001	66.4387	67.4408	67.0937	66.826	67.60730000000001	67.1993	67.1719	68.1907	67.46170000000001	67.27969999999999	67.9632	67.5537	67.2763	68.0378	67.3958	67.3275	68.2427	67.6536	67.4905	68.223	67.9612	67.5632	68.42869999999999	67.8209	67.5625	68.618	67.8131	67.52289999999999	68.40230000000001	67.8152	67.47760000000001	68.5604	67.9191	67.8643	68.4646	68.08999999999999	67.65060000000001	68.42439999999999	68.0868	67.80199999999999	68.46910000000001	68.06179999999999	67.6395	68.6182	68.0883	67.5768	68.5461	68.0033	67.72019999999999	68.5913	68.1553	67.8409	68.52709999999999	68.10549999999999	67.5403	68.4165	67.914	67.58619999999999	68.4693	67.9431	67.638	68.2811	68.0141	67.4883	68.0867	67.705	67.20150000000001	68.039	67.5424	67.1499	67.84	67.3481	66.8649	67.6469	67.0024	66.78150000000001	67.29220000000001	66.7865	66.2465	66.9423	66.2886	66.025	66.6559
FGC2634_s_1_1_ACTCGGCAAT-GACAACTGAA_FGC2634_s_1_2_ACTCGGCAAT-GACAACTGAA	84.01910000000001	65.8806	72.7935	68.9403	63.580999999999996	62.3454	56.21660000000001	64.7188	61.706	60.1634	71.15639999999999	68.5652	66.23310000000001	65.7068	66.50319999999999	67.4156	67.07039999999999	66.84440000000001	67.4824	67.27720000000001	67.0806	67.7816	67.45400000000001	67.4556	68.3448	67.8583	67.732	68.2294	68.0154	67.8149	68.3251	67.8643	67.7049	68.4739	67.9645	67.94059999999999	68.3424	68.3575	68.0265	68.7473	68.41319999999999	67.8878	68.7388	68.1646	67.92580000000001	68.5902	68.3206	67.9773	68.8855	68.42859999999999	68.2157	68.8029	68.46910000000001	68.23780000000001	68.76830000000001	68.49549999999999	68.2468	68.7071	68.4813	68.0871	68.7646	68.5604	68.10979999999999	68.8711	68.46029999999999	68.0853	68.7	68.51469999999999	68.083	68.6497	68.3958	68.0196	68.71690000000001	68.3623	68.0865	68.71629999999999	68.3236	67.9709	68.4419	68.2269	67.7928	68.2919	67.982	67.6003	68.1717	67.8377	67.4126	67.9289	67.5069	67.052	67.5934	67.0734	66.77260000000001	67.1661	66.7778	66.30930000000001	66.691	66.20819999999999	65.849	66.2631
FGC2634_s_1_1_ACTCTATTGT-ATCGCATATG_FGC2634_s_1_2_ACTCTATTGT-ATCGCATATG	83.35390000000001	66.1443	73.3964	69.9541	63.516600000000004	61.577000000000005	55.85679999999999	63.600100000000005	60.6996	59.691300000000005	70.4316	68.022	66.2346	65.1499	65.6129	66.8319	66.3298	66.0064	66.982	66.691	66.36229999999999	67.3087	66.8273	66.6392	67.8447	67.1956	66.82679999999999	67.7004	67.323	66.971	67.8348	67.24510000000001	66.8539	67.9865	67.3033	67.1277	67.8652	67.64909999999999	67.0907	68.0265	67.5845	67.0802	68.3053	67.4953	67.1273	68.0879	67.5892	67.14059999999999	68.322	67.68950000000001	67.394	68.201	67.7665	67.322	68.1665	67.7415	67.3477	68.1712	67.8098	67.21000000000001	68.232	67.8579	67.22160000000001	68.3052	67.7455	67.2756	68.2377	67.8877	67.3091	68.2009	67.7582	67.1161	68.14949999999999	67.6893	67.1912	68.21300000000001	67.6254	67.1208	67.9365	67.652	67.04679999999999	67.8435	67.4127	66.8068	67.6948	67.1489	66.6202	67.4501	66.8785	66.2708	67.2211	66.56729999999999	66.1945	66.8377	66.3131	65.62599999999999	66.3322	65.6998	65.2396	65.941
FGC2634_s_1_1_ACTGGATCTA-TCGCCGCTAG_FGC2634_s_1_2_ACTGGATCTA-TCGCCGCTAG	85.0565	66.4949	68.84710000000001	65.9888	62.2503	62.1273	56.055	64.5349	62.050000000000004	59.9607	71.58879999999999	68.6566	65.8409	65.2364	66.2752	66.8832	66.4268	66.4698	66.92519999999999	66.714	66.712	67.3805	66.9708	67.178	67.8883	67.3468	67.2226	67.5897	67.49770000000001	67.35419999999999	67.6735	67.4511	67.1641	67.99889999999999	67.3018	67.4952	67.7351	67.6893	67.63090000000001	67.804	67.5188	67.5891	67.96600000000001	67.4875	67.3487	67.9876	67.7795	67.40390000000001	68.3473	67.8374	67.4907	68.06569999999999	67.6371	67.63329999999999	68.2643	67.8999	67.6993	68.0154	67.84360000000001	67.4423	68.00540000000001	67.8991	67.5345	68.2991	67.86670000000001	67.534	67.99159999999999	67.8525	67.44069999999999	67.9182	67.5154	67.3961	68.0491	67.7228	67.5534	68.1232	67.7564	67.4148	67.95400000000001	67.5389	67.2812	67.7693	67.3961	67.0971	67.5455	67.1569	66.9346	67.32249999999999	66.8892	66.5699	67.0119	66.4558	66.2037	66.4953	66.1008	65.7905	66.1632	65.7093	65.3655	65.6892
FGC2634_s_1_1_ACTTCAAGCG-GAACCATGAA_FGC2634_s_1_2_ACTTCAAGCG-GAACCATGAA	85.3823	68.2149	73.0206	70.57	63.9363	62.374300000000005	56.314299999999996	64.0299	61.72840000000001	60.143100000000004	71.1442	68.7093	66.6243	65.8082	66.0739	67.3449	66.6215	66.17349999999999	67.3168	66.8677	66.6926	67.7355	67.3204	67.1694	68.1224	67.41040000000001	66.9759	68.0481	67.49579999999999	67.201	68.1257	67.5105	67.242	68.2681	67.594	67.3656	68.2041	67.6656	67.3561	68.2367	67.7936	67.3446	68.4147	67.7601	67.4511	68.4332	67.82589999999999	67.4302	68.44120000000001	67.8252	67.4551	68.4523	67.89309999999999	67.4438	68.3643	67.8821	67.5219	68.4468	67.8721	67.4413	68.3643	67.8529	67.4971	68.3925	67.7857	67.4937	68.3719	67.8501	67.4021	68.2464	67.67309999999999	67.3336	68.2325	67.6366	67.3125	68.1687	67.6434	67.1301	68.0052	67.44409999999999	67.0431	67.8526	67.3668	66.9114	67.7359	67.17269999999999	66.7465	67.583	66.97579999999999	66.59230000000001	67.4769	66.8468	66.5055	67.17689999999999	66.67490000000001	66.2292	66.9412	66.39150000000001	65.9996	66.7457
FGC2634_s_1_1_AGAGGCAACC-CTAATGATGG_FGC2634_s_1_2_AGAGGCAACC-CTAATGATGG	79.365	52.721	58.07940000000001	53.7212	48.8842	44.3627	39.894	49.0075	45.349000000000004	41.1012	52.532999999999994	48.6292	45.8321	46.373599999999996	50.3531	47.8557	48.1916	49.6471	47.3778	47.733399999999996	47.0214	46.2592	46.808	47.424699999999994	48.3146	48.6883	48.962	48.821999999999996	48.7048	50.8968	48.71	48.4599	47.2958	47.8884	47.0415	49.6888	48.0852	51.052	51.8464	50.94	50.0475	49.3737	48.9701	49.764199999999995	48.7724	48.830200000000005	49.3897	50.3412	50.1509	49.5849	50.64340000000001	49.3412	46.740500000000004	47.8632	48.8181	50.5324	50.5936	49.4026	50.3926	49.8557	50.0131	50.4615	48.2604	49.5338	48.493900000000004	46.8381	47.511700000000005	49.6346	48.1711	47.9491	47.914899999999996	48.3454	50.6324	49.034	50.542	51.8204	51.8707	49.9802	50.238499999999995	49.039	48.5529	49.957499999999996	49.6314	49.303399999999996	50.119899999999994	50.3429	51.394	49.6211	48.1933	48.9996	50.055899999999994	48.802	49.7559	48.6111	47.9604	48.6091	48.141099999999994	49.262	47.6832	48.9063
FGC2634_s_1_1_AGGTCAGATA-CTACAAGATA_FGC2634_s_1_2_AGGTCAGATA-CTACAAGATA	85.5404	66.6802	70.92530000000001	68.423	62.7853	62.5579	56.7256	63.451299999999996	62.1182	61.012299999999996	71.1079	69.4605	67.4205	65.374	66.6638	67.8039	66.6739	67.01899999999999	68.02759999999999	67.1984	67.3371	68.3819	67.21549999999999	67.845	69.0492	67.61789999999999	67.872	68.6332	67.6901	67.9111	68.7354	67.4803	67.8181	69.0724	67.643	68.0115	68.9389	67.9231	68.2126	69.0536	68.0579	67.9164	69.226	67.8206	67.9009	68.9957	67.9074	67.9312	69.2921	68.0009	68.1831	69.0724	68.0662	68.1691	69.0943	68.12310000000001	68.2651	69.069	68.1608	67.9319	69.1125	68.1243	67.8448	69.1474	67.938	67.9807	68.9457	68.1036	68.04249999999999	68.95599999999999	67.86680000000001	67.80279999999999	68.8626	67.69810000000001	67.8124	68.8257	67.6891	67.7076	68.4557	67.6523	67.4229	68.1515	67.1904	67.0597	67.9172	66.84750000000001	66.8092	67.5257	66.4087	66.3211	67.0972	65.8059	65.96509999999999	66.4845	65.4041	65.2077	65.9771	64.7325	64.7697	65.479
FGC2634_s_1_1_AGTCAGACGA-ACCAGCGACA_FGC2634_s_1_2_AGTCAGACGA-ACCAGCGACA	84.20609999999999	65.8887	71.7523	69.1979	62.678900000000006	61.7525	56.405499999999996	63.146100000000004	61.2456	60.3601	70.665	68.6362	66.8985	65.0857	65.896	67.43130000000001	66.5162	66.3986	67.625	66.92620000000001	66.64139999999999	67.8177	66.8998	67.09570000000001	68.53399999999999	67.3807	67.2822	68.3019	67.4818	67.3301	68.4154	67.23	67.215	68.5539	67.4373	67.3719	68.3206	67.8905	67.51939999999999	68.9223	67.7555	67.5467	69.0723	67.6551	67.4135	68.6953	67.6864	67.44369999999999	68.9322	67.85900000000001	67.9106	68.85090000000001	68.027	67.6722	68.7284	67.9045	67.7599	68.8327	67.956	67.6121	68.9064	68.0788	67.5495	68.9038	67.8425	67.6937	68.82730000000001	68.0664	67.7114	68.84	67.9815	67.4524	68.68130000000001	67.7525	67.5375	68.7737	67.6736	67.4842	68.40690000000001	67.8114	67.24560000000001	68.2329	67.31970000000001	66.8948	68.0601	67.0728	66.7014	67.72550000000001	66.72489999999999	66.2482	67.322	66.1756	66.0292	66.8391	65.8681	65.3033	66.2017	65.08659999999999	64.8474	65.8247
FGC2634_s_1_1_AGTGTTGCAC-CTGGTACACG_FGC2634_s_1_2_AGTGTTGCAC-CTGGTACACG	81.74430000000001	65.2558	72.55430000000001	69.2434	62.821400000000004	61.326899999999995	55.8886	63.5491	60.128499999999995	59.848800000000004	70.58879999999999	67.6934	66.0705	65.2274	65.5705	67.0372	66.62700000000001	66.1481	67.1685	67.0805	66.2861	67.50389999999999	66.9949	66.6243	68.0724	67.52759999999999	67.0441	67.9735	67.7131	67.0647	68.1054	67.5719	66.8505	68.2267	67.608	67.2595	68.075	68.1046	67.15480000000001	68.4114	68.14139999999999	67.3747	68.5052	68.0686	67.1452	68.3329	67.99300000000001	67.21340000000001	68.6915	68.1982	67.5076	68.5573	68.1878	67.51559999999999	68.5222	68.2061	67.5424	68.4238	68.2328	67.33879999999999	68.57849999999999	68.3841	67.3161	68.75869999999999	68.2185	67.4067	68.5531	68.3284	67.41749999999999	68.5782	68.1973	67.2699	68.5851	68.2324	67.5562	68.7639	68.20439999999999	67.5614	68.53280000000001	68.3032	67.4319	68.4696	67.9846	67.2288	68.34909999999999	67.9172	67.1048	68.1819	67.68769999999999	66.8683	68.0102	67.422	66.9023	67.77260000000001	67.3055	66.40700000000001	67.36189999999999	66.7613	66.1076	67.1074
FGC2634_s_1_1_ATGGTTGACT-GGCCTGTCCT_FGC2634_s_1_2_ATGGTTGACT-GGCCTGTCCT	83.7444	65.9306	72.3858	69.6531	63.460499999999996	61.87200000000001	56.8315	63.9578	61.3708	60.4085	70.95320000000001	68.729	66.9717	65.4995	65.8792	67.4332	66.78269999999999	66.3625	67.6989	67.1393	66.7625	67.8821	67.25999999999999	67.0183	68.42479999999999	67.5518	67.2343	68.2851	67.6086	67.2712	68.4327	67.4295	67.2681	68.5057	67.733	67.3684	68.4046	68.0171	67.4363	68.7126	67.9844	67.4193	68.8451	67.8384	67.4764	68.6695	67.8569	67.46950000000001	68.8072	67.9396	67.76870000000001	68.7677	68.1618	67.6434	68.6535	68.0447	67.6827	68.6998	68.04339999999999	67.59540000000001	68.85679999999999	68.1325	67.5116	68.7251	67.9388	67.5865	68.7886	68.1633	67.74210000000001	68.76910000000001	68.1312	67.4589	68.6445	67.92280000000001	67.46990000000001	68.6517	67.8898	67.5381	68.464	68.04820000000001	67.3586	68.31859999999999	67.6669	67.079	68.2034	67.486	66.9432	67.9468	67.23219999999999	66.6088	67.6653	66.77959999999999	66.4312	67.3002	66.55330000000001	65.8663	66.76140000000001	65.875	65.5021	66.4289
FGC2634_s_1_1_ATTCCATAAG-TGCCTGGTGG_FGC2634_s_1_2_ATTCCATAAG-TGCCTGGTGG	84.2785	65.1627	70.9949	68.0581	62.097199999999994	61.4322	55.828900000000004	62.9477	61.20440000000001	59.9236	70.3128	68.44170000000001	66.3181	64.5344	65.6487	66.9612	66.1196	66.1539	67.1312	66.3772	66.3716	67.3325	66.4675	66.8746	68.0098	66.9049	67.02749999999999	67.8793	67.1153	67.1138	67.9742	66.8281	67.0498	68.16590000000001	67.0573	67.0725	67.98570000000001	67.5027	67.43820000000001	68.4206	67.4616	67.27109999999999	68.5548	67.3437	67.3184	68.3261	67.4041	67.3314	68.5676	67.5619	67.65050000000001	68.5159	67.7071	67.6204	68.4913	67.6384	67.6492	68.4123	67.6262	67.4567	68.5762	67.7354	67.4418	68.5259	67.5612	67.4931	68.428	67.6866	67.5652	68.314	67.5184	67.26100000000001	68.3199	67.3143	67.26870000000001	68.2126	67.15100000000001	67.1568	67.8477	67.1797	66.8434	67.538	66.6657	66.4283	67.3575	66.3569	66.1465	66.9096	65.9459	65.6442	66.3864	65.2808	65.2114	65.7859	64.8296	64.4807	65.1369	64.0444	63.97429999999999	64.6435
FGC2634_s_1_1_CAATCGGCTG-GCTGTAGGAA_FGC2634_s_1_2_CAATCGGCTG-GCTGTAGGAA	83.0883	67.1052	74.2699	70.2419	63.84570000000001	61.976600000000005	56.197900000000004	64.4676	61.0921	60.2488	71.23089999999999	68.607	66.51700000000001	65.9011	66.20859999999999	67.3927	67.2435	66.813	67.597	67.739	67.0749	67.92190000000001	67.6452	67.3891	68.53580000000001	68.1322	67.6318	68.2939	68.1687	67.673	68.4032	67.99300000000001	67.60310000000001	68.5154	68.32679999999999	67.6701	68.3401	68.5245	67.8342	68.854	68.5963	67.85130000000001	68.89880000000001	68.4631	67.76050000000001	68.65679999999999	68.4159	67.7603	68.8899	68.51660000000001	68.12700000000001	68.831	68.634	67.979	68.6318	68.51559999999999	68.0689	68.6247	68.5906	67.87339999999999	68.7912	68.7022	67.7329	68.7751	68.51469999999999	67.8032	68.7211	68.717	67.93209999999999	68.7412	68.63050000000001	67.7251	68.609	68.4948	67.82770000000001	68.7487	68.4275	67.8311	68.3933	68.54820000000001	67.6344	68.2895	68.1345	67.3062	68.1553	67.95909999999999	67.194	67.9187	67.66929999999999	66.8416	67.6014	67.1604	66.7098	67.2479	66.9742	66.1281	66.7173	66.297	65.7405	66.42660000000001
FGC2634_s_1_1_CACAATAGGA-TCCATCCGAG_FGC2634_s_1_2_CACAATAGGA-TCCATCCGAG	83.2964	64.0775	69.95179999999999	67.1492	60.417	58.989599999999996	53.4093	60.3156	58.8168	57.318999999999996	67.6922	66.2222	64.203	62.367799999999995	63.2151	64.6042	63.568599999999996	63.4972	64.6556	63.786699999999996	63.8158	64.8485	63.947500000000005	64.3305	65.61	64.2985	64.34649999999999	65.3221	64.4321	64.5146	65.417	64.3837	64.5131	65.6037	64.6298	64.6809	65.6725	64.6867	64.7644	65.64569999999999	64.79599999999999	64.7764	65.9559	64.857	64.8025	65.6906	64.7752	64.73349999999999	65.9084	64.8216	65.06349999999999	65.914	65.00590000000001	64.8058	65.8182	64.92909999999999	64.87349999999999	65.8138	64.9756	64.7839	65.8618	65.0823	64.9177	65.947	64.9156	64.9576	65.9217	65.0739	64.9093	65.8463	64.90700000000001	64.68599999999999	65.83200000000001	64.74	64.7007	65.7142	64.64760000000001	64.53649999999999	65.4163	64.4975	64.2134	65.0605	64.2076	63.9888	64.7713	63.9324	63.65650000000001	64.4478	63.413799999999995	63.2231	63.9977	62.95119999999999	62.954100000000004	63.4082	62.569900000000004	62.187400000000004	62.8035	61.7752	61.752300000000005	62.383500000000005
FGC2634_s_1_1_CAGCCGCGTA-ACTAGCCGTG_FGC2634_s_1_2_CAGCCGCGTA-ACTAGCCGTG	83.2072	66.0775	72.8814	68.87	62.790800000000004	61.1051	55.1084	63.55499999999999	60.37519999999999	58.98480000000001	70.2667	67.6022	65.2798	64.88810000000001	65.16760000000001	66.3588	65.994	65.7154	66.5654	66.3	65.8891	66.75710000000001	66.5095	66.2904	67.2814	66.87100000000001	66.5415	67.3017	66.94630000000001	66.77680000000001	67.3446	66.8481	66.5248	67.2463	66.9125	66.6843	67.2949	67.16539999999999	66.7651	67.559	67.15950000000001	66.74520000000001	67.5402	67.17840000000001	66.6747	67.6212	67.1087	66.7698	67.6781	67.123	66.8751	67.66109999999999	67.31439999999999	66.78110000000001	67.3566	67.1856	66.75529999999999	67.56020000000001	67.2416	66.7902	67.5009	67.4571	66.8463	67.5072	67.1623	66.7632	67.5388	67.4507	66.8689	67.5368	67.2513	66.6561	67.4755	67.415	66.8747	67.54599999999999	67.2305	66.731	67.4494	67.3806	66.7158	67.2503	67.1244	66.4247	67.1225	66.85379999999999	66.2647	66.878	66.5585	66.0115	66.7459	66.18169999999999	65.78659999999999	66.27340000000001	66.0447	65.3565	65.8677	65.4342	65.0109	65.5603
FGC2634_s_1_1_CAGTGGCACT-TAACAATAGG_FGC2634_s_1_2_CAGTGGCACT-TAACAATAGG	84.96679999999999	66.91749999999999	71.7929	68.3702	63.4079	62.5016	56.2739	64.22290000000001	61.7948	60.4937	71.18809999999999	69.0137	66.7286	65.6358	66.4675	67.4466	66.934	66.8734	67.82820000000001	67.3132	67.2088	68.0253	67.4362	67.5921	68.6005	67.73599999999999	67.7598	68.4283	67.84599999999999	67.783	68.51310000000001	67.59920000000001	67.8122	68.6867	67.97619999999999	67.8317	68.54400000000001	68.1969	68.018	68.8335	68.1368	67.8872	69.0365	68.0619	67.9471	68.8233	68.02	67.8845	68.91000000000001	68.0857	68.23599999999999	68.8222	68.30850000000001	68.0205	68.759	68.2573	68.2174	68.8676	68.2359	67.9898	68.9174	68.2604	67.9504	68.8557	68.1431	68.1075	68.90650000000001	68.35900000000001	68.2238	68.9067	68.3431	67.9898	68.7974	68.1362	68.0293	68.89110000000001	68.22749999999999	68.0489	68.62549999999999	68.3095	67.91810000000001	68.4944	68.0093	67.6939	68.4507	67.85369999999999	67.7146	68.3506	67.7351	67.4534	68.20230000000001	67.3899	67.3804	67.87480000000001	67.2561	66.9316	67.6068	66.81660000000001	66.7362	67.4186
FGC2634_s_1_1_CATTAGTGCG-TGACTACATA_FGC2634_s_1_2_CATTAGTGCG-TGACTACATA	84.8479	66.3731	71.0215	67.8565	63.1138	62.327600000000004	57.0333	65.149	62.3529	60.9404	72.1161	69.3016	66.7711	65.8823	66.4769	67.659	67.0175	66.678	67.691	67.1897	67.077	68.006	67.5735	67.4418	68.4392	67.7381	67.4504	68.33709999999999	67.8512	67.58239999999999	68.4045	67.8369	67.6284	68.5894	67.9712	67.7363	68.5098	68.0459	67.79650000000001	68.6151	68.1404	67.7937	68.8138	68.1647	67.8602	68.7028	68.1679	67.8357	68.85719999999999	68.2377	67.9512	68.82249999999999	68.2643	67.949	68.8107	68.3244	67.9851	68.7942	68.281	67.91329999999999	68.82430000000001	68.3245	67.9981	68.8974	68.3021	68.05879999999999	68.867	68.3555	67.9953	68.8032	68.2611	67.9422	68.7631	68.27539999999999	67.95320000000001	68.8289	68.2986	67.8774	68.65820000000001	68.1834	67.8098	68.5967	68.0831	67.69810000000001	68.46130000000001	67.9347	67.59479999999999	68.315	67.794	67.3886	68.1658	67.55630000000001	67.2146	67.8605	67.2952	66.8913	67.5848	66.9481	66.6162	67.24170000000001
FGC2634_s_1_1_CCACCAGGCA-CTTATGGAAT_FGC2634_s_1_2_CCACCAGGCA-CTTATGGAAT	82.7762	66.4263	73.30799999999999	69.3152	63.399899999999995	61.4401	55.576899999999995	64.1408	60.8069	59.458200000000005	70.789	68.0373	65.68979999999999	65.2983	65.6387	66.6178	66.5063	66.0732	66.8172	66.8344	66.3685	67.0478	67.0347	66.6463	67.6554	67.3762	66.9417	67.5748	67.5311	67.0625	67.6738	67.423	66.97619999999999	67.73780000000001	67.59429999999999	67.2046	67.67790000000001	67.82169999999999	67.2885	67.9217	67.8335	67.2495	68.09960000000001	67.7242	67.20150000000001	67.9677	67.7423	67.22120000000001	68.1545	67.8873	67.4858	68.0944	67.958	67.3755	67.9139	67.9297	67.41080000000001	68.0023	67.9354	67.3346	68.06060000000001	68.0646	67.3253	68.0607	67.8833	67.3257	68.01700000000001	68.0869	67.3617	67.9816	67.8944	67.1354	67.87950000000001	67.9029	67.27250000000001	67.9424	67.7505	67.1356	67.687	67.75179999999999	66.9956	67.5481	67.4763	66.6878	67.32430000000001	67.15769999999999	66.4538	66.99159999999999	66.81009999999999	66.092	66.7281	66.4003	65.8907	66.2429	66.0847	65.28540000000001	65.693	65.37389999999999	64.81710000000001	65.2744
FGC2634_s_1_1_CCATCATTAG-GGTTGCCTCT_FGC2634_s_1_2_CCATCATTAG-GGTTGCCTCT	83.8831	66.17450000000001	72.4756	70.03059999999999	63.978699999999996	62.8651	57.467	64.4123	61.8429	61.0534	71.246	69.1239	67.4573	66.01350000000001	66.4555	68.0826	67.2555	66.77929999999999	68.1118	67.45020000000001	67.2012	68.3767	67.6685	67.4974	68.892	67.9166	67.671	68.7853	67.99579999999999	67.728	68.9098	67.89739999999999	67.7342	68.9434	68.1106	67.8034	68.84479999999999	68.27499999999999	67.92439999999999	69.09309999999999	68.32390000000001	67.8732	69.209	68.2927	67.8786	69.0836	68.25240000000001	67.9093	69.21260000000001	68.34909999999999	68.1241	69.2135	68.471	68.0762	69.0928	68.38459999999999	68.0793	69.17410000000001	68.3664	68.0209	69.1992	68.4291	68.0309	69.1662	68.3247	67.9967	69.14829999999999	68.3766	68.0472	69.1348	68.3839	67.9537	69.0479	68.2539	67.876	69.0164	68.23310000000001	67.84609999999999	68.8402	68.2269	67.6874	68.69	67.9347	67.4906	68.5259	67.8172	67.33869999999999	68.2871	67.48349999999999	67.0176	68.0902	67.0934	66.791	67.6442	66.8531	66.3706	67.199	66.3255	65.967	66.8593
FGC2634_s_1_1_CCATCTCGCC-TTCTATGGTT_FGC2634_s_1_2_CCATCTCGCC-TTCTATGGTT	83.8978	66.232	72.9272	69.4781	63.5193	61.684799999999996	56.2466	64.0965	61.31870000000001	60.183600000000006	71.1083	68.6243	66.51010000000001	65.60279999999999	65.9884	67.1814	66.7434	66.4477	67.5646	67.2697	66.8916	67.7846	67.3925	67.1827	68.3322	67.6322	67.3357	68.1952	67.66250000000001	67.3703	68.3126	67.58999999999999	67.4178	68.39920000000001	67.85600000000001	67.5157	68.3061	68.0959	67.606	68.5672	68.0382	67.5635	68.7686	67.9867	67.6156	68.5859	67.9409	67.58269999999999	68.6944	68.01350000000001	67.8973	68.6156	68.2383	67.7067	68.4885	68.1465	67.8419	68.66449999999999	68.2033	67.72449999999999	68.73320000000001	68.2355	67.6234	68.6587	68.0702	67.7864	68.7247	68.33510000000001	67.8772	68.7501	68.316	67.6284	68.58840000000001	68.0885	67.67229999999999	68.66929999999999	68.0983	67.6987	68.4213	68.2328	67.5853	68.3841	67.92580000000001	67.34259999999999	68.2598	67.79849999999999	67.25959999999999	68.0573	67.592	66.9944	67.9149	67.24510000000001	66.9927	67.6137	67.1105	66.41590000000001	67.1761	66.5091	66.2035	66.8981
FGC2634_s_1_1_CCGTATGTTC-CATACACTGT_FGC2634_s_1_2_CCGTATGTTC-CATACACTGT	83.7582	65.5812	72.2633	69.6565	62.9397	61.4599	56.36449999999999	63.0485	60.6194	60.0263	70.2341	68.0771	66.6545	64.9002	65.6772	67.389	66.4251	66.14229999999999	67.3083	66.6157	66.27720000000001	67.6874	66.67269999999999	66.764	68.2432	67.2907	66.9439	68.1551	67.5096	67.211	68.26520000000001	67.47919999999999	66.88340000000001	68.528	67.5355	67.2597	68.5298	67.5887	67.2234	68.5745	67.9897	67.24560000000001	68.67569999999999	67.8247	67.20739999999999	68.57910000000001	67.85470000000001	67.3497	68.9602	68.03519999999999	67.5308	68.79180000000001	67.9102	67.6682	68.8771	68.0331	67.6379	68.69330000000001	68.01270000000001	67.4208	68.7627	68.1215	67.4964	69.0639	68.0471	67.4956	68.7298	68.069	67.38159999999999	68.6312	67.7857	67.35900000000001	68.76259999999999	67.92099999999999	67.5049	68.75919999999999	67.8051	67.3027	68.4606	67.6257	67.1311	68.2958	67.3643	66.8597	68.0245	67.0526	66.5033	67.6181	66.64999999999999	66.1427	67.2484	66.2349	65.735	66.6605	65.7354	65.1462	66.0847	65.0886	64.62830000000001	65.5307
FGC2634_s_1_1_CCTCCGTCCA-CACATCGGTG_FGC2634_s_1_2_CCTCCGTCCA-CACATCGGTG	84.6614	66.7619	70.50450000000001	68.56989999999999	61.392500000000005	60.5826	54.8047	62.85960000000001	60.81490000000001	59.0714	69.97640000000001	67.4513	65.3306	64.3953	64.7223	66.0419	65.3193	65.0115	66.3738	65.6027	65.326	66.5928	66.0226	65.976	67.12979999999999	66.2465	66.0043	67.0528	66.1571	66.1173	67.078	66.098	65.9607	67.0485	66.2848	66.1736	66.8962	66.4241	66.08030000000001	67.1405	66.3785	66.22710000000001	67.256	66.494	65.9629	67.35520000000001	66.3861	66.1235	67.3678	66.2502	66.12209999999999	67.3973	66.591	66.1023	66.9516	66.4211	66.0723	67.2907	66.57220000000001	66.115	66.9813	66.67999999999999	66.14750000000001	67.129	66.3051	66.26379999999999	67.26480000000001	66.6891	66.3404	67.202	66.42139999999999	66.08619999999999	67.0829	66.6531	66.3451	67.2186	66.6444	66.17269999999999	67.1671	66.7664	66.2209	66.8823	66.5061	65.85499999999999	66.9088	66.4052	65.9892	66.9219	66.1506	65.7289	66.93130000000001	66.0517	65.852	66.5658	66.04480000000001	65.5727	66.479	65.75	65.4832	66.5074
FGC2634_s_1_1_CCTCTACATG-GATACCTCCT_FGC2634_s_1_2_CCTCTACATG-GATACCTCCT	83.67830000000001	64.87819999999999	70.14280000000001	66.76870000000001	61.65540000000001	60.4634	54.878400000000006	62.7983	60.3271	58.77719999999999	69.6615	67.1823	64.88850000000001	63.8571	64.7992	65.7785	65.1447	65.0679	65.8926	65.39789999999999	65.2714	66.0585	65.52289999999999	65.6728	66.7478	65.84299999999999	65.87960000000001	66.511	66.0535	65.94069999999999	66.5657	65.8586	65.8299	66.75569999999999	66.0955	66.0311	66.6452	66.2919	66.0643	66.80430000000001	66.3323	65.9894	66.97030000000001	66.26950000000001	66.0274	66.789	66.2594	66.01129999999999	67.1198	66.31129999999999	66.2834	66.9387	66.35950000000001	66.1738	66.9567	66.4268	66.23360000000001	66.893	66.4304	66.0634	66.9937	66.4907	66.0877	67.0676	66.3857	66.1927	66.9897	66.4923	66.1948	66.9444	66.3356	66.0309	66.9358	66.3015	66.1477	66.94879999999999	66.2714	66.0644	66.7191	66.2608	65.88159999999999	66.55250000000001	66.0762	65.7584	66.4275	65.8738	65.55969999999999	66.2165	65.5873	65.2346	66.02409999999999	65.2509	65.13560000000001	65.5561	64.96600000000001	64.6258	65.2134	64.4541	64.3285	64.8545
FGC2634_s_1_1_CCTGTCTGTC-ACTGTTGTGA_FGC2634_s_1_2_CCTGTCTGTC-ACTGTTGTGA	84.03150000000001	66.8638	72.9721	69.2202	63.6806	62.33070000000001	56.340999999999994	64.29780000000001	61.5714	60.536500000000004	71.1585	68.8719	66.7128	65.6191	66.15379999999999	67.22409999999999	66.82820000000001	66.6463	67.6853	67.3618	67.0817	67.8508	67.422	67.3772	68.4639	67.6985	67.535	68.2756	67.7694	67.54860000000001	68.3482	67.5816	67.6069	68.5237	67.94879999999999	67.6805	68.3959	68.2256	67.81099999999999	68.7193	68.089	67.7642	68.8467	68.0744	67.75569999999999	68.6849	68.0025	67.68610000000001	68.7744	68.0666	68.0877	68.67370000000001	68.3356	67.84710000000001	68.561	68.2166	67.99	68.7156	68.2734	67.8708	68.8405	68.313	67.7351	68.7128	68.1079	67.9066	68.8048	68.4037	68.0601	68.81009999999999	68.3883	67.7513	68.6068	68.1272	67.7948	68.7133	68.1438	67.8708	68.496	68.32169999999999	67.69460000000001	68.366	67.9657	67.4361	68.2525	67.7731	67.3811	68.1051	67.6332	67.1069	67.9238	67.2506	67.0865	67.6345	67.1237	66.5295	67.20660000000001	66.5528	66.31089999999999	67.01660000000001
FGC2634_s_1_1_CGACATCCGA-TACGTTCATT_FGC2634_s_1_2_CGACATCCGA-TACGTTCATT	84.48949999999999	66.6578	70.93979999999999	68.7614	63.0212	62.6878	56.059599999999996	64.55330000000001	62.063	60.5538	71.5326	69.0129	66.9149	65.62219999999999	66.4548	67.50500000000001	66.8985	66.6998	67.5069	67.3706	67.1238	68.03320000000001	67.4535	67.575	68.6223	67.9207	67.6264	68.2607	67.9859	67.6984	68.31620000000001	67.884	67.52759999999999	68.7158	68.1267	67.8332	68.36680000000001	68.3431	67.7145	68.6277	68.4016	67.9351	69.00359999999999	68.02890000000001	67.7054	68.6312	68.34649999999999	67.8246	69.0605	68.4222	68.1831	68.8419	68.2758	67.9682	68.85170000000001	68.4369	68.1407	68.8877	68.4551	67.9751	68.8216	68.4235	67.8981	68.8638	68.2306	67.8555	68.5632	68.2221	67.7131	68.4801	67.9572	67.4496	68.264	67.6872	67.3726	68.1994	67.5455	67.1724	67.7281	67.2895	66.7646	67.2955	66.7404	66.1976	66.8057	66.1914	65.6216	66.1572	65.5071	65.0043	65.5936	64.839	64.4443	64.8806	64.2203	63.6859	64.1534	63.497899999999994	63.2019	63.74419999999999
FGC2634_s_1_1_CGAGGCCAAG-GTGTTACCGG_FGC2634_s_1_2_CGAGGCCAAG-GTGTTACCGG	83.7377	65.8096	70.4902	67.3283	62.7568	62.124599999999994	56.9839	64.4136	61.7708	60.6853	71.4454	68.7814	66.4426	65.3656	66.1624	67.3666	66.7886	66.6983	67.6065	67.05590000000001	66.7633	67.7028	67.0961	67.18849999999999	68.29809999999999	67.46809999999999	67.4468	68.193	67.7129	67.44630000000001	68.23979999999999	67.4172	67.3121	68.4206	67.6953	67.5209	68.22749999999999	68.0206	67.76259999999999	68.6695	67.95790000000001	67.549	68.7052	67.90129999999999	67.47800000000001	68.4907	67.8014	67.4986	68.7382	67.99849999999999	67.866	68.6639	68.08800000000001	67.7967	68.6241	68.1062	67.8327	68.537	68.0716	67.5816	68.7028	68.1003	67.6022	68.7199	67.9816	67.7427	68.6674	68.15780000000001	67.777	68.5644	67.97840000000001	67.5081	68.5356	67.9237	67.6235	68.609	67.903	67.6303	68.3387	67.9165	67.4155	68.13289999999999	67.6017	67.1975	68.0666	67.47330000000001	67.1029	67.8818	67.25280000000001	66.7706	67.6426	66.7962	66.6314	67.21679999999999	66.5872	66.1248	66.87769999999999	66.08579999999999	65.8712	66.5609
FGC2634_s_1_1_CGGTTACGGC-AAGACTATAG_FGC2634_s_1_2_CGGTTACGGC-AAGACTATAG	83.5069	65.6012	72.5749	70.1701	63.844699999999996	62.3698	57.39919999999999	64.0584	61.423	60.829	70.77459999999999	68.4927	67.0228	65.7011	66.1987	67.99589999999999	67.0677	66.6009	67.93010000000001	67.083	66.7607	68.0673	67.2779	67.1083	68.607	67.67060000000001	67.3553	68.6969	67.8962	67.5597	68.7935	67.7891	67.4336	68.7712	67.8965	67.607	68.85510000000001	68.0479	67.7448	69.0122	68.2641	67.79939999999999	69.1395	68.1589	67.704	69.0093	68.13550000000001	67.7573	69.18140000000001	68.2987	67.9739	69.20150000000001	68.3535	67.9097	69.11890000000001	68.2924	67.90509999999999	69.0586	68.2509	67.8313	69.15820000000001	68.3554	67.9608	69.2774	68.3272	67.9135	69.14529999999999	68.3151	67.8324	69.07600000000001	68.2499	67.8147	69.0512	68.2731	67.8366	69.1181	68.2443	67.73740000000001	68.84559999999999	68.0706	67.5839	68.7264	67.8933	67.4298	68.5698	67.6982	67.1974	68.31540000000001	67.38539999999999	66.8762	68.05499999999999	67.07509999999999	66.6228	67.6268	66.6897	66.14020000000001	67.1374	66.17530000000001	65.7437	66.6778
FGC2634_s_1_1_CGTTATTCTA-CCATAAGGTT_FGC2634_s_1_2_CGTTATTCTA-CCATAAGGTT	83.9529	66.4477	72.8351	69.1331	63.2378	61.548700000000004	56.1368	63.9627	61.053999999999995	60.056	70.8993	68.461	66.4834	65.3221	65.8333	67.15299999999999	66.7535	66.45259999999999	67.5291	67.2595	66.7641	67.7181	67.2061	67.10549999999999	68.3447	67.6335	67.3215	68.1703	67.7104	67.3299	68.23949999999999	67.47720000000001	67.3149	68.3636	67.8229	67.4822	68.25240000000001	68.0728	67.5413	68.5866	68	67.5716	68.7836	67.9294	67.5284	68.5894	67.98819999999999	67.4918	68.7529	68.0369	67.8959	68.6134	68.2497	67.6645	68.5422	68.1733	67.8347	68.6129	68.18950000000001	67.6339	68.7577	68.30420000000001	67.5183	68.6918	68.0975	67.6867	68.7003	68.3575	67.8516	68.7551	68.2599	67.5553	68.6183	68.112	67.6952	68.7368	68.1204	67.74419999999999	68.4995	68.37440000000001	67.6007	68.4178	67.99380000000001	67.3932	68.3699	67.8765	67.3743	68.2274	67.75919999999999	67.0811	68.0595	67.3774	67.11829999999999	67.78920000000001	67.3026	66.63980000000001	67.4426	66.77199999999999	66.4165	67.2679
FGC2634_s_1_1_CTAGTGCTCT-TGGAACAGTA_FGC2634_s_1_2_CTAGTGCTCT-TGGAACAGTA	84.8584	66.28190000000001	71.7918	68.7286	62.8609	62.0169	56.80539999999999	63.18129999999999	61.67399999999999	60.6314	70.8169	69.2846	67.2434	65.14020000000001	66.1062	67.4466	66.3913	66.4824	67.68990000000001	66.7825	66.9497	67.9253	66.89359999999999	67.31899999999999	68.5629	67.1895	67.3331	68.312	67.2506	67.3902	68.37689999999999	67.0337	67.4331	68.58330000000001	67.34700000000001	67.4337	68.4225	67.6324	67.6015	68.7483	67.5745	67.5148	68.9227	67.4828	67.5698	68.69330000000001	67.4732	67.5416	68.7907	67.54820000000001	67.8549	68.6739	67.8176	67.663	68.6022	67.6841	67.7962	68.74090000000001	67.69800000000001	67.5382	68.8212	67.69030000000001	67.4666	68.6152	67.4863	67.6358	68.6444	67.7105	67.74080000000001	68.6157	67.60629999999999	67.35379999999999	68.3894	67.2171	67.2559	68.2865	67.16680000000001	67.20429999999999	67.9469	67.136	66.8775	67.6224	66.6546	66.44449999999999	67.3571	66.2381	66.18169999999999	66.9491	65.85220000000001	65.6309	66.4634	65.1915	65.2493	65.82000000000001	64.7746	64.4894	65.216	64.0333	64.09479999999999	64.8328
FGC2634_s_1_1_CTATTACTAC-GAGTCTCTCC_FGC2634_s_1_2_CTATTACTAC-GAGTCTCTCC	82.4948	66.2748	73.3485	69.7695	63.6587	61.8352	56.1674	64.0153	60.9424	60.0418	70.7829	68.217	66.2393	65.3464	65.78779999999999	66.9652	66.7436	66.34259999999999	67.19810000000001	67.1416	66.6056	67.4503	67.0841	66.86410000000001	68.0375	67.5933	67.22200000000001	67.86999999999999	67.7185	67.2237	67.9509	67.4628	67.0359	68.0848	67.78	67.15090000000001	67.9374	67.9519	67.3034	68.3052	68.0599	67.2848	68.3837	67.9095	67.2978	68.2319	67.9125	67.3354	68.4593	68.071	67.6644	68.381	68.13289999999999	67.6327	68.3252	68.095	67.6639	68.25949999999999	68.1391	67.4748	68.4324	68.2767	67.428	68.4345	68.1064	67.4387	68.351	68.2822	67.6026	68.3459	68.1282	67.3254	68.3016	68.04639999999999	67.4744	68.4025	67.9826	67.4691	68.14139999999999	68.156	67.3104	67.9871	67.7659	67.0605	67.9183	67.6149	66.9599	67.6733	67.3716	66.5681	67.43010000000001	66.914	66.50930000000001	67.1318	66.7354	65.979	66.61930000000001	66.1218	65.67450000000001	66.3712
FGC2634_s_1_1_CTGCGAGCCA-AATCCGGCCA_FGC2634_s_1_2_CTGCGAGCCA-AATCCGGCCA	84.8234	66.2821	72.479	68.812	63.35340000000001	62.3537	56.5238	63.9568	61.606899999999996	60.0234	70.6742	68.8662	66.75410000000001	65.3818	66.2795	67.3914	66.658	66.5443	67.4491	66.82900000000001	66.988	67.781	67.1624	67.3371	68.2556	67.368	67.3899	68.1006	67.4897	67.5139	68.2069	67.4102	67.4858	68.3938	67.5801	67.5534	68.3238	67.7714	67.7175	68.40270000000001	67.8732	67.7186	68.673	67.708	67.7029	68.49680000000001	67.81859999999999	67.739	68.6065	67.9004	67.8949	68.59809999999999	67.9474	67.8689	68.65790000000001	67.99380000000001	67.9429	68.6615	67.9633	67.8518	68.6854	67.99969999999999	67.8985	68.6768	67.9824	67.8983	68.6859	68.0047	67.9447	68.5777	67.9594	67.8505	68.6021	67.88149999999999	67.851	68.6182	67.8913	67.828	68.4765	67.8445	67.67999999999999	68.2972	67.6879	67.5402	68.2428	67.5478	67.3831	68.0369	67.30709999999999	67.1171	67.8063	66.96079999999999	66.8898	67.42139999999999	66.719	66.5179	66.9801	66.20190000000001	66.1189	66.6831
FGC2634_s_1_1_CTTGCCATTA-ATCACGAAGG_FGC2634_s_1_2_CTTGCCATTA-ATCACGAAGG	84.1686	66.4717	71.9855	69.7036	62.7166	61.484899999999996	56.0839	63.0422	60.8602	60.212500000000006	70.6686	68.5955	66.81	65.188	65.5155	67.34	66.4197	66.0158	67.4623	66.8126	66.3894	67.7284	66.9294	66.7808	68.2836	67.21730000000001	66.86569999999999	68.0965	67.2678	66.9708	68.25099999999999	67.1566	66.9346	68.298	67.3818	66.9754	68.1599	67.66879999999999	67.1746	68.622	67.63749999999999	67.03	68.6486	67.5553	67.0814	68.4818	67.51270000000001	67.1375	68.6067	67.5426	67.3421	68.5532	67.7504	67.1919	68.337	67.6492	67.2324	68.5102	67.70620000000001	67.1466	68.6293	67.7821	67.0684	68.52890000000001	67.51899999999999	67.257	68.5187	67.745	67.2992	68.50659999999999	67.76480000000001	67.003	68.38159999999999	67.5403	67.0811	68.44940000000001	67.5158	67.06	68.21159999999999	67.6362	66.928	68.0148	67.233	66.654	67.9432	67.0475	66.47189999999999	67.5926	66.6843	66.0689	67.3484	66.24940000000001	65.8778	66.853	66.00580000000001	65.2255	66.2982	65.2739	64.9441	65.9751
FGC2634_s_1_1_GAACTGAGCG-TCGTGGAGCG_FGC2634_s_1_2_GAACTGAGCG-TCGTGGAGCG	84.4516	64.5412	70.872	67.1754	61.8692	60.2262	55.3601	61.7849	60.1422	58.81420000000001	69.16879999999999	67.2294	65.7237	63.45269999999999	65.2473	65.8253	64.8876	65.7852	65.9799	65.78190000000001	65.8579	66.9259	65.28659999999999	66.3441	67.5616	66.4813	66.64189999999999	66.7328	66.6148	66.8272	66.8697	66.3862	65.79169999999999	67.4255	66.5107	65.8323	66.5874	66.82000000000001	66.1813	67.8291	66.0455	66.8644	67.78110000000001	66.74759999999999	65.7578	66.9946	66.6531	66.1293	67.9409	66.75290000000001	66.1747	67.1639	66.1609	66.77499999999999	67.5417	66.7492	66.6848	66.9203	66.7276	66.00540000000001	66.8469	67.0128	66.1389	67.536	66.6312	65.9547	66.6949	66.7585	65.806	66.6283	65.7166	65.66290000000001	66.9926	66.5277	66.4358	67.21679999999999	66.3365	66.2035	66.99929999999999	66.2756	65.989	66.5731	65.869	65.5162	66.2761	65.4129	65.1798	65.8255	64.86420000000001	64.7051	65.3949	64.239	64.1709	64.66290000000001	63.8746	63.5606	64.087	63.134299999999996	63.0578	63.61449999999999
FGC2634_s_1_1_GAAGCGGCAC-CGGCTCTACT_FGC2634_s_1_2_GAAGCGGCAC-CGGCTCTACT	84.3797	66.6913	72.39320000000001	69.9948	63.237500000000004	62.0859	56.5661	63.1975	61.23800000000001	60.57	70.8082	68.9861	67.42	65.4891	65.9927	67.6074	66.6583	66.4852	67.86280000000001	67.2182	66.94489999999999	68.1353	67.2727	67.2808	68.83749999999999	67.6013	67.4369	68.50840000000001	67.6204	67.4356	68.65639999999999	67.4469	67.4166	68.7902	67.7717	67.4428	68.57600000000001	68.08189999999999	67.6855	69.049	68.0497	67.647	69.1285	67.9727	67.5732	68.9157	67.8977	67.5572	69.1066	67.9744	67.8755	68.9769	68.1925	67.77159999999999	68.8324	68.03099999999999	67.8406	68.9584	68.1454	67.64099999999999	69.0745	68.2369	67.54299999999999	68.9501	67.9222	67.6757	68.996	68.18849999999999	67.8215	69.0058	68.1996	67.5517	68.86330000000001	67.8885	67.5569	68.888	67.86529999999999	67.6009	68.58760000000001	68.0361	67.4063	68.46130000000001	67.5609	67.0834	68.2748	67.31970000000001	66.8666	67.9655	67.0388	66.4733	67.6752	66.5438	66.32209999999999	67.2113	66.26769999999999	65.6354	66.61540000000001	65.5184	65.2771	66.2826
FGC2634_s_1_1_GACACCATGT-TCAACGTGTA_FGC2634_s_1_2_GACACCATGT-TCAACGTGTA	83.6404	66.7984	73.2338	70.04939999999999	63.892700000000005	62.2979	56.4809	64.2278	61.43579999999999	60.369499999999995	70.958	68.66069999999999	66.7597	65.7701	66.04719999999999	67.3815	66.9557	66.5155	67.66799999999999	67.3259	66.9324	67.8533	67.4443	67.2116	68.4247	67.7299	67.3548	68.3275	67.8373	67.4554	68.3623	67.6606	67.4164	68.4763	67.8976	67.47370000000001	68.4505	68.1306	67.62559999999999	68.622	68.1203	67.58380000000001	68.8039	68.04	67.6104	68.6581	68.041	67.5993	68.7209	68.1198	67.8707	68.68520000000001	68.3044	67.6992	68.562	68.1989	67.7856	68.68849999999999	68.2286	67.6793	68.7761	68.2779	67.6426	68.693	68.1283	67.77109999999999	68.7127	68.3446	67.8497	68.71589999999999	68.308	67.6297	68.5875	68.0798	67.64059999999999	68.671	68.0959	67.644	68.4249	68.1793	67.5091	68.3287	67.905	67.3145	68.269	67.74980000000001	67.2215	68.08370000000001	67.5851	66.9392	67.93299999999999	67.2507	66.9036	67.62209999999999	67.1139	66.4274	67.1821	66.553	66.1964	66.9948
FGC2634_s_1_1_GACTGAGTAG-GTTGATAGTG_FGC2634_s_1_2_GACTGAGTAG-GTTGATAGTG	84.6796	65.7436	70.3395	68.2582	61.9803	61.687599999999996	55.5198	62.963	61.177800000000005	59.816199999999995	70.2742	68.23179999999999	66.2366	64.7238	65.5358	67.0578	66.0214	65.81139999999999	66.9717	66.0963	66.1087	67.2613	66.4406	66.6712	67.86489999999999	66.7291	66.67739999999999	67.7708	66.9162	66.842	67.8334	66.8428	66.7949	67.9981	66.9544	66.9349	67.9725	67.0775	67.11240000000001	68.0832	67.2777	67.0013	68.2342	67.1874	67.0646	68.14519999999999	67.23	67.07499999999999	68.3605	67.35079999999999	67.2312	68.29849999999999	67.31089999999999	67.2093	68.2778	67.3967	67.2609	68.2747	67.3999	67.1713	68.3102	67.4586	67.28450000000001	68.42089999999999	67.3862	67.26060000000001	68.3089	67.40390000000001	67.2461	68.2436	67.3386	67.1759	68.2594	67.3374	67.1834	68.25139999999999	67.3018	67.0348	67.9992	67.1097	66.88690000000001	67.8937	66.9958	66.7484	67.7031	66.7461	66.4987	67.40169999999999	66.42179999999999	66.1561	67.1194	66.0492	65.888	66.65950000000001	65.6818	65.39970000000001	66.13520000000001	65.1165	64.9245	65.6961
FGC2634_s_1_1_GAGAATGGTT-TCGGCAGCAA_FGC2634_s_1_2_GAGAATGGTT-TCGGCAGCAA	83.9155	66.3442	72.6707	70.0131	63.7801	62.0019	56.839099999999995	63.9664	61.3159	60.540499999999994	71.0773	68.7719	67.10000000000001	65.7079	65.8931	67.5356	66.8987	66.4242	67.8725	67.3785	66.8621	68.0504	67.4091	67.11749999999999	68.64630000000001	67.7178	67.3466	68.4742	67.7918	67.337	68.6368	67.6558	67.4206	68.6913	67.9547	67.5218	68.6078	68.1904	67.6183	68.8974	68.1787	67.6094	69.0733	68.1306	67.62979999999999	68.9101	68.04860000000001	67.5528	68.9895	68.1416	67.938	68.9581	68.3953	67.7456	68.795	68.2316	67.83930000000001	68.9384	68.30330000000001	67.73169999999999	69.0504	68.3543	67.62899999999999	68.95320000000001	68.15870000000001	67.77300000000001	69.0108	68.396	67.9136	69.06609999999999	68.4117	67.6551	68.849	68.1821	67.6669	68.9793	68.2123	67.705	68.7064	68.3282	67.5883	68.6303	68.0304	67.35849999999999	68.54010000000001	67.8477	67.2857	68.3498	67.64909999999999	67.001	68.1939	67.34639999999999	67.0035	67.9162	67.2223	66.4585	67.47919999999999	66.64330000000001	66.213	67.2538
FGC2634_s_1_1_GAGTCATAGG-GTGTGGCGCT_FGC2634_s_1_2_GAGTCATAGG-GTGTGGCGCT	83.9712	66.13210000000001	71.5086	69.31	62.8997	62.365899999999996	56.513999999999996	63.7663	61.595	60.4451	71.0627	68.9252	67.2112	65.4974	66.28150000000001	67.67830000000001	66.78500000000001	66.5567	67.5754	67.1636	66.9389	68.06609999999999	67.191	67.3786	68.6415	67.732	67.44449999999999	68.3252	67.7814	67.5601	68.382	67.6951	67.27300000000001	68.7209	67.8405	67.30969999999999	68.65010000000001	67.821	67.75139999999999	68.6541	67.8905	67.4731	69.0412	68.0412	67.4812	68.62559999999999	68.0773	67.58760000000001	69.0156	68.20439999999999	67.7657	68.8069	68.05290000000001	67.9154	68.8995	68.24759999999999	67.972	68.7848	68.2299	67.6774	68.8519	68.33409999999999	67.7368	69.0209	68.1973	67.76910000000001	68.7464	68.2923	67.7144	68.7011	68.04090000000001	67.6262	68.8634	68.1232	67.839	68.96719999999999	68.1094	67.7844	68.7387	68.1211	67.6524	68.62089999999999	67.8877	67.4978	68.5118	67.75999999999999	67.308	68.28	67.44210000000001	67.0354	68.036	67.101	66.7718	67.6226	66.83879999999999	66.35069999999999	67.1828	66.2483	65.9375	66.8477
FGC2634_s_1_1_GATAGGCCGA-CGCACATGGC_FGC2634_s_1_2_GATAGGCCGA-CGCACATGGC	83.2863	65.0426	71.5692	69.1029	62.965700000000005	62.023799999999994	56.675799999999995	63.2251	61.0294	59.7262	69.8512	67.97760000000001	66.37650000000001	64.9142	65.6314	67.25529999999999	66.2377	65.9207	67.0911	66.1986	66.1679	67.345	66.5826	66.6085	67.86710000000001	66.8245	66.70519999999999	67.87140000000001	67.0234	66.9557	67.99260000000001	66.9933	66.89110000000001	68.04679999999999	67.0161	66.9824	68.03620000000001	67.1809	67.1773	68.1941	67.378	67.14869999999999	68.2782	67.21770000000001	67.1072	68.2679	67.3368	67.1619	68.3672	67.4381	67.2844	68.377	67.4732	67.23649999999999	68.2958	67.5055	67.2675	68.3591	67.4075	67.2388	68.31580000000001	67.5519	67.3774	68.3976	67.48150000000001	67.3487	68.33709999999999	67.51899999999999	67.2186	68.24080000000001	67.3899	67.18469999999999	68.2736	67.45219999999999	67.2703	68.3002	67.3916	67.05250000000001	68.1078	67.1936	66.9982	67.9582	67.1641	66.8581	67.809	66.9011	66.62639999999999	67.5382	66.5993	66.30709999999999	67.3297	66.2953	66.0356	66.8231	65.95060000000001	65.5836	66.3082	65.3771	65.1485	65.871
FGC2634_s_1_1_GATCAAGGCA-CCTTGTTAAT_FGC2634_s_1_2_GATCAAGGCA-CCTTGTTAAT	83.9255	66.7022	72.1452	67.8002	63.0556	61.3771	56.3221	64.0129	61.0932	60.059200000000004	71.2093	68.6127	66.5724	65.0415	66.0758	66.6608	66.367	66.4889	66.814	67.18469999999999	66.8292	67.5829	66.85839999999999	67.1464	68.1547	67.6559	67.27459999999999	67.5231	67.7893	67.3866	67.5962	67.6396	66.91279999999999	68.2717	67.8956	66.9984	67.669	68.1521	67.14949999999999	67.8719	68.1524	67.64320000000001	68.6499	67.4917	67.1473	67.9385	68.083	67.2982	68.6181	68.1845	67.4901	68.0307	67.7696	67.6751	68.4204	68.2525	67.8175	68.0221	68.18849999999999	67.2303	68.039	68.1821	67.1456	68.39020000000001	68.0283	67.2647	67.8642	68.0947	67.1255	67.7295	67.4087	66.7619	67.6956	67.5952	67.152	67.8646	67.45360000000001	66.9841	67.4945	67.3265	66.6142	67.0987	66.81519999999999	66.1408	66.73649999999999	66.3088	65.7351	66.2222	65.8527	65.22019999999999	65.7391	65.2137	64.7982	65.0496	64.65729999999999	63.9502	64.39160000000001	63.8784	63.4857	63.841300000000004
FGC2634_s_1_1_GCAACATGGA-CTTGTCTTAA_FGC2634_s_1_2_GCAACATGGA-CTTGTCTTAA	84.5344	66.1462	71.7662	68.4527	62.826800000000006	61.811400000000006	55.657599999999995	63.775000000000006	61.2328	59.912200000000006	70.7248	68.504	66.2728	65.1545	65.8451	67.0309	66.4191	66.2418	67.2455	66.7158	66.5863	67.50580000000001	66.9837	66.9947	68.0372	67.2572	67.14909999999999	67.9519	67.3233	67.2446	68.0373	67.17999999999999	67.2309	68.0977	67.447	67.2996	67.9915	67.61789999999999	67.40939999999999	68.2774	67.6441	67.4223	68.4764	67.6007	67.38	68.3709	67.5885	67.3938	68.4126	67.6047	67.6399	68.4097	67.7814	67.49929999999999	68.2925	67.721	67.6192	68.4257	67.7931	67.5801	68.3717	67.8385	67.5909	68.38539999999999	67.7361	67.5706	68.4435	67.8962	67.70819999999999	68.4454	67.888	67.5836	68.4419	67.86149999999999	67.6504	68.5039	67.8993	67.6782	68.42819999999999	68.0539	67.6642	68.37060000000001	67.8811	67.541	68.3804	67.85369999999999	67.6332	68.3947	67.77	67.5209	68.3796	67.62129999999999	67.536	68.2566	67.7013	67.3994	68.13850000000001	67.43	67.3578	68.1598
FGC2634_s_1_1_GCCGCACTCT-TCCGACCTCG_FGC2634_s_1_2_GCCGCACTCT-TCCGACCTCG	82.94	65.9209	72.7855	69.6879	63.48009999999999	61.280100000000004	56.620599999999996	63.5568	60.7079	59.7715	70.3811	68.1747	66.7387	65.0446	65.4164	66.979	66.4697	66.105	67.25410000000001	67.0916	66.4668	67.5419	66.81909999999999	66.647	68.155	67.3835	66.8927	67.8678	67.5051	66.99929999999999	67.9764	67.258	66.794	68.2012	67.5547	67.09230000000001	68.16250000000001	67.86710000000001	67.2232	68.3245	67.8172	67.00019999999999	68.657	67.4842	66.95309999999999	68.2292	67.6721	66.9798	68.5301	67.7624	67.3424	68.3901	67.8309	67.351	68.318	67.8206	67.34219999999999	68.1876	67.8559	67.0042	68.3584	67.90429999999999	66.8742	68.3768	67.6307	66.9286	68.1295	67.7859	67.0137	68.06830000000001	67.4829	66.6189	67.91629999999999	67.30810000000001	66.6323	67.8399	66.99589999999999	66.4939	67.3423	66.9914	66.08579999999999	66.9281	66.3103	65.5106	66.54560000000001	65.867	65.0381	65.9754	65.2857	64.3985	65.33409999999999	64.5161	64.0544	64.6933	64.01559999999999	63.2233	63.9406	63.1989	62.7996	63.5865
FGC2634_s_1_1_GCGTGGATGG-TTGACCAATG_FGC2634_s_1_2_GCGTGGATGG-TTGACCAATG	83.7159	65.8618	70.8429	66.8096	62.3277	61.2868	56.0815	64.694	61.4817	60.0228	71.5836	68.5262	65.8342	65.1062	65.7531	66.6404	66.5576	66.2397	67.0071	66.9496	66.5234	67.2504	66.9847	66.89009999999999	67.84649999999999	67.3716	67.1134	67.6119	67.4987	67.0989	67.6701	67.25330000000001	67.0768	67.9232	67.7013	67.2933	67.8899	67.8213	67.41669999999999	68.1953	67.7672	67.24080000000001	68.38109999999999	67.81779999999999	67.3027	68.0844	67.8027	67.3152	68.3557	67.9367	67.6546	68.1768	68.0108	67.5723	68.18570000000001	68.0866	67.6834	68.1533	68.026	67.46379999999999	68.2903	68.0801	67.3642	68.3145	68.0098	67.4856	68.259	68.1507	67.6255	68.16879999999999	68.0304	67.32209999999999	68.1464	67.8818	67.4553	68.1536	67.8419	67.4689	67.943	67.9686	67.2554	67.7483	67.5687	66.9675	67.7106	67.4375	66.94980000000001	67.4742	67.23700000000001	66.6041	67.2368	66.7782	66.4658	66.8817	66.57459999999999	65.9235	66.5059	66.047	65.6926	66.2678
FGC2634_s_1_1_GCGTTGGTAT-ACATACTTCC_FGC2634_s_1_2_GCGTTGGTAT-ACATACTTCC	85.075	68.2526	72.1669	69.1866	63.1798	61.948499999999996	56.11390000000001	64.3364	61.9294	60.260999999999996	71.3875	68.779	66.2963	65.4671	65.8219	66.9641	66.6195	66.2087	67.364	67.06410000000001	66.7377	67.55630000000001	67.257	67.1671	68.0595	67.4088	67.0469	67.8549	67.38929999999999	67.06400000000001	67.9079	67.2566	67.1187	68.0853	67.5812	67.162	67.8964	67.74940000000001	67.22540000000001	68.1819	67.6815	67.2345	68.37870000000001	67.6637	67.3215	68.2551	67.6635	67.265	68.2688	67.6527	67.54860000000001	68.2446	67.8729	67.36149999999999	68.1165	67.8192	67.5183	68.3079	67.83439999999999	67.3462	68.322	67.839	67.2544	68.1494	67.6793	67.35940000000001	68.2587	67.9001	67.4832	68.1163	67.824	67.1619	68.01	67.5376	67.1451	67.9763	67.5221	67.1555	67.7881	67.6168	67.0189	67.5725	67.283	66.658	67.5831	67.119	66.706	67.373	67.0053	66.4381	67.2665	66.7107	66.4426	67.0298	66.5759	66.0205	66.7504	66.21770000000001	65.9297	66.7233
FGC2634_s_1_1_GGAGCGTGTA-ATCCGTAAGT_FGC2634_s_1_2_GGAGCGTGTA-ATCCGTAAGT	83.4716	65.4645	70.5402	66.8628	62.3625	61.3275	56.031	64.4987	61.3649	59.796899999999994	71.2405	68.1043	65.5341	64.9996	65.7789	66.60000000000001	66.41629999999999	66.2305	66.8394	66.7865	66.3769	67.12599999999999	66.8266	66.8463	67.71249999999999	67.2758	67.0153	67.5128	67.4237	67.0546	67.569	67.1931	66.92869999999999	67.8121	67.4933	67.2081	67.6759	67.8365	67.3929	68.1065	67.5949	67.3179	68.07260000000001	67.5197	67.1361	67.955	67.6511	67.1791	68.2124	67.8022	67.5095	68.0851	67.8384	67.4831	68.03	67.8987	67.5415	67.9738	67.8987	67.2733	68.06	67.9095	67.1787	68.1374	67.7732	67.3481	68.0298	67.97109999999999	67.3716	67.92089999999999	67.6961	67.07079999999999	67.8596	67.6353	67.2052	67.8912	67.5254	67.1121	67.64569999999999	67.54679999999999	66.8687	67.3218	67.144	66.5179	67.2042	66.9097	66.36800000000001	66.866	66.57079999999999	65.9443	66.5084	65.9905	65.6541	65.9614	65.6203	65.0141	65.4744	64.9978	64.62780000000001	65.0573
FGC2634_s_1_1_GGCAAGCCAG-CAAGCATCCG_FGC2634_s_1_2_GGCAAGCCAG-CAAGCATCCG	85.5984	66.2622	70.4533	67.5691	62.5385	62.2901	56.8293	64.3732	62.4302	60.7684	71.5436	69.271	66.8455	65.33409999999999	66.3244	67.2183	66.48610000000001	66.6887	67.7593	67.0415	67.1623	68.0082	67.207	67.59230000000001	68.5617	67.38589999999999	67.5253	68.20150000000001	67.4846	67.55210000000001	68.2847	67.2729	67.65679999999999	68.5883	67.6763	67.7035	68.4281	67.7565	67.7506	68.6781	67.7859	67.77919999999999	68.786	67.8227	67.7262	68.6669	67.74090000000001	67.6381	68.7954	67.7495	67.9709	68.64519999999999	67.9145	67.877	68.6524	68.0042	68.0553	68.6829	67.9576	67.76219999999999	68.71310000000001	67.9129	67.6906	68.7129	67.8445	67.8719	68.7191	68.05879999999999	67.999	68.71159999999999	67.9288	67.7315	68.5709	67.7495	67.8086	68.67269999999999	67.8175	67.8193	68.4409	67.9188	67.6824	68.2739	67.6168	67.4059	68.2493	67.4782	67.4111	68.112	67.2935	67.1489	67.9328	66.89659999999999	67.0988	67.5879	66.744	66.56689999999999	67.3058	66.2889	66.35849999999999	67.0658
FGC2634_s_1_1_GGTAACTCGC-AAGTTGGTGA_FGC2634_s_1_2_GGTAACTCGC-AAGTTGGTGA	82.5767	65.5158	73.2993	69.9223	63.0759	60.836800000000004	55.3552	62.6282	59.999100000000006	58.9221	69.4409	67.2388	65.379	64.4118	64.64959999999999	66.1133	65.5091	65.3299	66.3073	65.8216	65.4721	66.58800000000001	66.01050000000001	65.8358	67.0831	66.4995	66.1559	67.0893	66.5512	66.4418	67.146	66.4256	66.1031	67.04390000000001	66.57079999999999	66.301	66.9868	66.6863	66.3371	67.4647	66.7119	66.4093	67.3804	66.7882	66.2408	67.4312	66.6844	66.35839999999999	67.5224	66.6772	66.4451	67.4798	66.8579	66.4359	67.13799999999999	66.7141	66.3742	67.3234	66.7582	66.3631	67.1854	67.0335	66.4527	67.2302	66.7353	66.1949	67.2171	66.9661	66.362	67.2085	66.7046	66.0758	67.1248	66.9048	66.4004	67.1828	66.6732	66.1794	67.06450000000001	66.85600000000001	66.13130000000001	66.8076	66.5049	65.7585	66.6435	66.1217	65.4985	66.22540000000001	65.65090000000001	65.1527	65.993	65.1191	64.7115	65.3176	64.8934	64.22200000000001	64.7898	64.1277	63.72409999999999	64.4124
FGC2634_s_1_1_GGTTGCGAGG-AATAGAGCAA_FGC2634_s_1_2_GGTTGCGAGG-AATAGAGCAA	83.9348	66.3754	72.5799	69.9589	63.6935	62.1147	56.5521	63.26690000000001	60.98010000000001	59.88719999999999	70.1126	68.279	66.9371	65.2899	65.85990000000001	67.2392	66.42280000000001	66.1854	67.4246	66.8917	66.6807	67.76520000000001	66.9288	66.9691	68.3476	67.4114	67.16159999999999	68.0544	67.452	67.2234	68.2128	67.3539	67.0888	68.4344	67.6277	67.4011	68.2618	67.6562	67.4212	68.6604	67.8687	67.297	68.7643	67.8034	67.3385	68.5122	67.7995	67.3898	68.7446	67.8916	67.5551	68.62859999999999	67.8468	67.6078	68.63860000000001	67.9645	67.7052	68.5975	68.0029	67.4902	68.662	68.0558	67.4816	68.7234	67.8793	67.49199999999999	68.64489999999999	68.10159999999999	67.6047	68.59880000000001	67.9214	67.40610000000001	68.6138	67.8485	67.5411	68.64	67.83	67.5377	68.4803	67.9674	67.4721	68.4083	67.6699	67.178	68.25670000000001	67.5029	67.0985	68.06	67.288	66.75529999999999	67.8989	66.937	66.65910000000001	67.4794	66.708	66.179	67.0795	66.1687	65.84140000000001	66.78110000000001
FGC2634_s_1_1_GTATTCCACC-ATGTAGACAA_FGC2634_s_1_2_GTATTCCACC-ATGTAGACAA	83.60600000000001	68.1242	71.9813	69.1202	62.276399999999995	60.809599999999996	54.4089	63.4752	60.3649	59.0311	70.3477	67.3929	65.13640000000001	64.6892	64.69319999999999	65.8829	65.6806	65.1164	66.2984	66.147	65.3956	66.4801	66.3449	65.9752	67.0763	66.7054	66.13170000000001	67.021	66.6581	66.21860000000001	67.0518	66.5582	66.0073	67.0442	66.7914	66.3651	66.9336	66.9595	66.1579	67.2589	66.9002	66.3736	67.3644	66.99589999999999	66.1912	67.352	66.86919999999999	66.2534	67.3721	66.789	66.3459	67.38929999999999	67.0625	66.2381	66.90549999999999	66.9072	66.2467	67.31869999999999	67.0699	66.25609999999999	67.0809	67.137	66.2428	67.1622	66.7382	66.2756	67.2527	67.2491	66.4987	67.26820000000001	66.9633	66.1315	67.0136	67.156	66.4927	67.2724	67.1721	66.3497	67.1953	67.3382	66.3611	66.9478	66.9739	65.9512	66.9501	66.8603	66.11580000000001	66.88589999999999	66.64529999999999	65.8617	66.8975	66.4871	66.0729	66.6748	66.55630000000001	65.6918	66.4985	66.2408	65.6393	66.5098
FGC2634_s_1_1_GTCCGTAAGC-CGTGTATCTT_FGC2634_s_1_2_GTCCGTAAGC-CGTGTATCTT	84.8562	68.2136	72.8118	70.24040000000001	63.5466	61.75469999999999	55.8219	63.984700000000004	61.31680000000001	59.836800000000004	71.116	68.4257	66.26530000000001	65.5981	65.8006	67.1082	66.5757	65.9629	67.0908	66.81200000000001	66.435	67.4704	67.2316	66.8607	67.87349999999999	67.3106	66.711	67.7824	67.4021	66.9401	67.8357	67.4177	66.9196	67.9937	67.4821	67.0438	67.9551	67.5816	67.0782	67.9576	67.6816	67.0397	68.152	67.66879999999999	67.1411	68.1633	67.6766	67.1437	68.1934	67.7187	67.1809	68.19669999999999	67.7226	67.1225	68.0841	67.7495	67.1842	68.1263	67.71209999999999	67.1187	68.06219999999999	67.7128	67.146	68.09429999999999	67.6019	67.1241	68.05409999999999	67.6775	67.0713	67.9153	67.538	66.9414	67.8835	67.48570000000001	66.9494	67.8677	67.4362	66.7678	67.7016	67.2991	66.70049999999999	67.5501	67.2388	66.5424	67.4177	67.0163	66.4138	67.2644	66.8108	66.2602	67.1522	66.7008	66.2068	66.94099999999999	66.55250000000001	65.9522	66.7013	66.2736	65.7531	66.508
FGC2634_s_1_1_GTCCTGGATA-CGGTGGCGAA_FGC2634_s_1_2_GTCCTGGATA-CGGTGGCGAA	83.79769999999999	65.52289999999999	72.2499	68.9496	61.991600000000005	59.882400000000004	54.6967	62.2561	59.7731	58.3839	69.2237	66.9793	65.0518	63.8069	64.0698	65.594	64.8437	64.7448	65.97319999999999	65.3352	64.9645	66.22749999999999	65.5478	65.3839	66.756	65.9145	65.60679999999999	66.6259	65.9286	65.9233	66.7306	65.8886	65.5575	66.54729999999999	65.9595	65.6688	66.5368	66.0763	65.7843	66.9025	66.11359999999999	65.75370000000001	66.7591	66.1218	65.5282	66.99730000000001	66.02080000000001	65.70129999999999	67.0341	65.861	65.7248	66.9763	66.167	65.7659	66.5116	66.00160000000001	65.6209	66.77159999999999	66.0221	65.6601	66.5288	66.4066	65.7149	66.54520000000001	65.9121	65.4422	66.5579	66.22019999999999	65.5723	66.5374	65.8267	65.2339	66.3711	66.1318	65.5171	66.2925	65.6483	65.0792	66.0903	65.73830000000001	65.0113	65.62219999999999	65.2419	64.3129	65.196	64.5513	63.90749999999999	64.6258	63.891200000000005	63.3691	64.2312	63.273500000000006	62.8366	63.398900000000005	62.91759999999999	62.2569	62.813900000000004	62.132299999999994	61.792899999999996	62.4857
FGC2634_s_1_1_GTCTAATGGC-AGTGGTCAGG_FGC2634_s_1_2_GTCTAATGGC-AGTGGTCAGG	84.6867	66.27459999999999	72.75829999999999	69.1867	63.548300000000005	62.0719	56.4344	64.2658	61.7032	60.250099999999996	71.16409999999999	68.81540000000001	66.59909999999999	65.7488	66.2956	67.389	66.8497	66.67739999999999	67.6436	67.2482	67.1107	67.863	67.4602	67.4285	68.4263	67.6642	67.52289999999999	68.3002	67.7703	67.60589999999999	68.3457	67.5951	67.5945	68.51610000000001	67.8478	67.6901	68.4203	68.0485	67.75179999999999	68.6054	68.0438	67.7416	68.8069	68.02120000000001	67.7734	68.6447	68.02420000000001	67.7243	68.7158	68.0379	68.01129999999999	68.655	68.2244	67.8413	68.5772	68.1795	67.9596	68.705	68.19279999999999	67.8115	68.7344	68.2132	67.79230000000001	68.644	68.0881	67.8809	68.7105	68.27499999999999	68.0042	68.6778	68.1797	67.7137	68.5532	67.9976	67.73479999999999	68.598	67.9935	67.7246	68.38210000000001	68.053	67.5832	68.2248	67.7778	67.33940000000001	68.0998	67.5723	67.1844	67.9058	67.3618	66.9322	67.6785	66.9613	66.7782	67.3167	66.76100000000001	66.25569999999999	66.86720000000001	66.1837	65.9564	66.5535
FGC2634_s_1_1_GTGACACGCA-GCTTACGGAC_FGC2634_s_1_2_GTGACACGCA-GCTTACGGAC	84.0126	65.727	72.181	68.3505	62.8608	61.3533	55.565	63.617000000000004	60.9765	59.5627	70.4354	67.9625	65.7034	64.8938	65.59700000000001	66.6445	66.3169	66.1709	66.9677	66.7089	66.4045	67.2049	66.75609999999999	66.789	67.8108	67.1516	67.0277	67.6739	67.3165	67.0872	67.759	67.0381	67.0358	67.8975	67.3607	67.13470000000001	67.8093	67.6479	67.3471	68.16640000000001	67.6934	67.2936	68.3583	67.47760000000001	67.2161	68.1029	67.5384	67.2475	68.3014	67.6468	67.6842	68.1921	67.77300000000001	67.4578	68.1115	67.7555	67.56609999999999	68.1324	67.7576	67.3987	68.23270000000001	67.82780000000001	67.3492	68.23979999999999	67.71470000000001	67.3944	68.1655	67.8808	67.50540000000001	68.107	67.759	67.17830000000001	68.0104	67.5116	67.2247	68.021	67.4381	67.19319999999999	67.6768	67.5766	66.9524	67.4607	67.0479	66.5752	67.3309	66.8274	66.3654	66.9842	66.5051	65.9893	66.6345	65.9621	65.7156	66.1295	65.6204	65.0506	65.61630000000001	64.8919	64.63069999999999	65.1862
FGC2634_s_1_1_GTGCAGACAG-TACCATCCGT_FGC2634_s_1_2_GTGCAGACAG-TACCATCCGT	84.10210000000001	66.59	73.42790000000001	69.7505	63.7959	61.9207	56.5382	64.3143	61.466100000000004	60.3481	71.2269	68.76520000000001	66.7145	65.769	66.2338	67.3976	66.9474	66.6336	67.6849	67.445	67.07600000000001	67.9508	67.522	67.34400000000001	68.5249	67.7804	67.4838	68.2945	67.83439999999999	67.527	68.4277	67.7512	67.57	68.58619999999999	68.035	67.6599	68.5197	68.267	67.71979999999999	68.692	68.172	67.6987	68.8457	68.1791	67.7525	68.7066	68.1277	67.6929	68.81869999999999	68.2164	67.97370000000001	68.72930000000001	68.38640000000001	67.8291	68.6484	68.3026	67.95	68.7258	68.3242	67.7944	68.83449999999999	68.3961	67.7304	68.75670000000001	68.2256	67.89150000000001	68.8159	68.45400000000001	67.9371	68.8518	68.417	67.7109	68.6677	68.2218	67.7524	68.7522	68.2147	67.7869	68.4996	68.2657	67.6305	68.4118	67.9778	67.3918	68.2599	67.7721	67.2484	68.025	67.5565	66.9285	67.8006	67.1883	66.8631	67.4607	66.9466	66.2502	66.9801	66.3265	65.952	66.6431
FGC2634_s_1_1_TAAGCATCCA-TCAATCCATT_FGC2634_s_1_2_TAAGCATCCA-TCAATCCATT	83.0145	64.2153	71.11410000000001	67.7194	61.6127	59.3384	54.83559999999999	61.6915	59.16479999999999	57.82000000000001	68.566	66.3945	64.8792	63.089	63.9808	65.2356	64.5069	64.46300000000001	65.3313	64.9859	64.6463	65.7284	64.76809999999999	64.9599	66.3797	65.4663	65.24990000000001	66.0115	65.6962	65.4042	66.10669999999999	65.51820000000001	64.9935	66.461	65.3066	65.1339	66.1925	65.9038	65.6315	66.3481	65.6746	65.56450000000001	66.8755	65.57549999999999	65.2663	66.3719	65.92360000000001	65.3537	66.8729	66.0091	65.7116	66.6153	65.9005	65.6172	66.7694	66.098	65.75609999999999	66.56689999999999	66.1285	65.4832	66.582	66.2705	65.5461	66.8581	66.118	65.6605	66.5633	66.2006	65.5039	66.5014	65.8058	65.3498	66.60679999999999	65.9712	65.6371	66.7664	65.9005	65.5388	66.4665	65.8204	65.3348	66.2349	65.59089999999999	65.09660000000001	66.036	65.3383	64.86	65.7591	64.9322	64.4208	65.37429999999999	64.5019	64.2042	64.85119999999999	64.1243	63.5913	64.30409999999999	63.4389	63.1508	63.891200000000005
FGC2634_s_1_1_TAGCATAACC-GCTATGCGCA_FGC2634_s_1_2_TAGCATAACC-GCTATGCGCA	83.6168	66.5098	73.67280000000001	70.1982	63.906	62.1657	56.4336	63.9548	61.224500000000006	60.3649	70.8183	68.6279	66.81049999999999	65.6191	66.04379999999999	67.3451	66.8315	66.536	67.6993	67.2685	66.9509	67.8586	67.3113	67.1736	68.42859999999999	67.6577	67.3737	68.2564	67.69539999999999	67.4052	68.37490000000001	67.56649999999999	67.3917	68.4801	67.7636	67.4995	68.395	68.07809999999999	67.5696	68.6369	67.98140000000001	67.5278	68.818	67.9678	67.6046	68.625	67.90939999999999	67.53670000000001	68.7271	67.9941	67.8805	68.6743	68.1956	67.7152	68.4991	68.06370000000001	67.7667	68.6605	68.1421	67.6296	68.75909999999999	68.203	67.57950000000001	68.6673	67.9939	67.6836	68.7178	68.2423	67.7976	68.7189	68.1828	67.557	68.5611	67.9984	67.5741	68.6662	67.9785	67.5965	68.4117	68.1124	67.4533	68.28739999999999	67.774	67.1931	68.1939	67.5654	67.07079999999999	67.9677	67.37530000000001	66.7752	67.7541	67.0325	66.7493	67.4594	66.8435	66.22540000000001	66.9546	66.2333	65.88629999999999	66.676
FGC2634_s_1_1_TAGTTCGGTA-CCATGTGTAG_FGC2634_s_1_2_TAGTTCGGTA-CCATGTGTAG	84.521	66.0316	71.83850000000001	68.7172	63.443400000000004	62.6499	56.49079999999999	64.2553	61.982800000000005	60.457899999999995	70.9658	68.7661	66.6463	65.6204	66.4222	67.5987	66.8409	66.7194	67.6075	66.969	67.03829999999999	67.8821	67.31899999999999	67.47800000000001	68.3425	67.5379	67.5225	68.36619999999999	67.73179999999999	67.67229999999999	68.4485	67.6746	67.7129	68.5802	67.7129	67.786	68.57029999999999	67.929	67.9154	68.6994	68.1151	67.9385	68.7783	67.984	67.9503	68.772	68.0501	67.9703	68.9058	68.1859	68.1206	68.9221	68.1867	68.0887	68.88300000000001	68.2619	68.1216	68.8837	68.21390000000001	68.0316	68.8847	68.27260000000001	68.1593	68.9871	68.2475	68.18419999999999	68.9112	68.293	68.1157	68.8721	68.2109	68.08579999999999	68.9188	68.2132	68.14059999999999	68.9302	68.2302	68.0346	68.7714	68.06649999999999	67.9736	68.695	68.0542	67.8912	68.6056	67.8828	67.7532	68.4424	67.69579999999999	67.5407	68.2895	67.4841	67.37910000000001	67.9178	67.2547	67.0111	67.6108	66.8371	66.6841	67.2242
FGC2634_s_1_1_TATGCCTTAC-AGACACATTA_FGC2634_s_1_2_TATGCCTTAC-AGACACATTA	83.86869999999999	65.7055	71.0583	67.8711	62.8276	61.941599999999994	56.5484	64.50399999999999	61.5765	60.244299999999996	71.3129	68.5261	66.1879	65.3724	66.0197	67.2065	66.7645	66.38589999999999	67.3611	66.9416	66.6237	67.5441	67.155	67.034	68.1208	67.4505	67.2069	68.02759999999999	67.6303	67.2919	68.12129999999999	67.44590000000001	67.2271	68.2616	67.63369999999999	67.3136	68.1605	67.94449999999999	67.5273	68.4783	67.9054	67.4186	68.56269999999999	67.8682	67.4535	68.38300000000001	67.8796	67.4915	68.61540000000001	68.02850000000001	67.7521	68.5732	68.10159999999999	67.6991	68.49	68.099	67.7291	68.4778	68.0235	67.6271	68.6122	68.13810000000001	67.5737	68.5723	68.0404	67.6194	68.5458	68.16839999999999	67.6921	68.4489	68.03479999999999	67.4813	68.4388	67.877	67.5043	68.406	67.83200000000001	67.4845	68.1935	67.8574	67.2706	67.97720000000001	67.5295	66.98610000000001	67.8598	67.28030000000001	66.8175	67.5182	66.9928	66.4205	67.1761	66.4975	66.0892	66.67309999999999	66.11019999999999	65.50319999999999	66.17779999999999	65.47659999999999	65.0721	65.72919999999999
FGC2634_s_1_1_TATGTAGTCA-CGCACTAATG_FGC2634_s_1_2_TATGTAGTCA-CGCACTAATG	84.3572	65.4555	72.193	68.88250000000001	62.9395	61.5063	55.6899	63.4379	61.1431	59.385200000000005	69.9899	67.75919999999999	65.7131	64.7852	65.60289999999999	66.73249999999999	65.9739	65.8084	66.7043	66.0853	66.1354	66.9803	66.4019	66.52550000000001	67.4735	66.6516	66.6064	67.4071	66.8279	66.7887	67.4759	66.7787	66.729	67.6354	66.8405	66.8269	67.59349999999999	67.014	66.8836	67.64059999999999	67.1697	66.85900000000001	67.8694	67.0149	66.9543	67.7404	67.12320000000001	66.9741	67.9186	67.2076	67.0888	67.904	67.1767	67.0315	67.8616	67.2496	67.108	67.8241	67.2376	67.0065	67.83590000000001	67.2863	67.0815	67.9735	67.23310000000001	67.1013	67.8693	67.2609	67.0479	67.7953	67.1722	66.9774	67.8559	67.1662	67.0158	67.8308	67.137	66.9036	67.60199999999999	66.9782	66.75750000000001	67.49889999999999	66.889	66.656	67.30319999999999	66.6502	66.3731	67.0963	66.3577	66.0706	66.835	66.0007	65.8198	66.342	65.6868	65.3681	65.902	65.1253	64.92	65.42710000000001
FGC2634_s_1_1_TATTGCGCTC-CTGTGTTAGG_FGC2634_s_1_2_TATTGCGCTC-CTGTGTTAGG	84.195	65.7401	72.3712	69.7229	63.7161	62.3946	57.213899999999995	64.1985	61.740700000000004	60.5538	70.9751	68.89309999999999	67.1391	65.69030000000001	66.1763	67.7489	66.9209	66.4978	67.79469999999999	67.1374	66.93780000000001	68.0551	67.3836	67.2903	68.582	67.6315	67.3762	68.4399	67.7093	67.4528	68.5471	67.6167	67.4811	68.6725	67.796	67.5711	68.57130000000001	67.97370000000001	67.6673	68.79180000000001	68.0879	67.6451	68.8833	67.9793	67.6735	68.807	68.0095	67.6832	68.8924	68.0651	67.8176	68.8998	68.164	67.8167	68.8108	68.11840000000001	67.8222	68.8176	68.0825	67.7298	68.8843	68.1374	67.738	68.8088	68.0136	67.6667	68.7655	68.1005	67.7239	68.6981	67.97579999999999	67.57130000000001	68.63050000000001	67.83449999999999	67.49340000000001	68.5666	67.7485	67.3899	68.2955	67.636	67.1909	68.0479	67.3315	66.8879	67.8439	67.0218	66.5705	67.4813	66.6649	66.1772	67.1085	66.14020000000001	65.8176	66.5372	65.7389	65.21209999999999	65.9383	65.0632	64.7124	65.4692
FGC2634_s_1_1_TCAGAAGGCG-GGCCATCATA_FGC2634_s_1_2_TCAGAAGGCG-GGCCATCATA	85.0911	68.4375	72.731	69.9192	63.7037	62.3482	56.052800000000005	63.9376	61.5958	60.299499999999995	71.1134	68.7615	66.5292	65.5796	66.0161	67.0766	66.6391	66.3138	67.5277	67.1436	66.8751	67.7577	67.3874	67.2841	68.3231	67.5457	67.2508	68.0861	67.5537	67.2992	68.2113	67.4005	67.3874	68.3526	67.7653	67.4335	68.1412	67.9495	67.4383	68.4949	67.8643	67.47800000000001	68.6762	67.8543	67.5365	68.5337	67.82979999999999	67.4761	68.5538	67.8431	67.74799999999999	68.5121	68.0265	67.58659999999999	68.3559	67.9467	67.6669	68.5418	67.98349999999999	67.5851	68.5597	68.0217	67.4562	68.3756	67.7971	67.52359999999999	68.4981	68.01559999999999	67.7588	68.4404	68.0215	67.4095	68.2842	67.7149	67.3871	68.3047	67.7445	67.4303	68.1086	67.85520000000001	67.2736	67.9267	67.5183	66.9159	67.86999999999999	67.2894	66.9352	67.6866	67.16210000000001	66.6803	67.553	66.8532	66.6549	67.31089999999999	66.7341	66.2235	66.9844	66.30420000000001	66.0814	66.91319999999999
FGC2634_s_1_1_TCATAGATTG-GATTAAGGTG_FGC2634_s_1_2_TCATAGATTG-GATTAAGGTG	84.9719	68.3835	71.7406	69.6022	63.248400000000004	62.537699999999994	56.520700000000005	63.706399999999995	61.9001	60.859700000000004	71.191	68.986	66.9691	65.76610000000001	66.2426	67.5163	66.8147	66.7136	68.0564	67.3906	67.1214	68.2464	67.583	67.6758	68.89189999999999	67.7851	67.6367	68.5645	67.7953	67.6312	68.6965	67.59779999999999	67.70739999999999	68.868	67.9554	67.74130000000001	68.5816	68.1311	67.7997	68.9787	68.0307	67.8146	69.1423	68.1393	67.7829	68.9824	67.9632	67.7304	69.0407	68.0071	68.0287	68.9451	68.2302	67.8578	68.7646	68.1646	67.99929999999999	69.0133	68.2141	67.8276	68.9917	68.2098	67.6955	68.9211	67.9674	67.8626	68.9567	68.1986	68.03529999999999	68.9745	68.2345	67.76060000000001	68.8004	68.027	67.7855	68.9202	68.1591	67.84179999999999	68.7231	68.2624	67.7367	68.5813	67.88149999999999	67.4524	68.5639	67.7959	67.5407	68.4864	67.6709	67.289	68.43430000000001	67.4868	67.4032	68.2568	67.3922	66.9747	68.0292	67.0776	66.9338	67.9693
FGC2634_s_1_1_TCCATTGCCG-GAATGCACGA_FGC2634_s_1_2_TCCATTGCCG-GAATGCACGA	83.21499999999999	65.67150000000001	73.2023	70.00420000000001	63.76969999999999	61.747600000000006	56.7711	63.796200000000006	60.97050000000001	60.0826	70.6421	68.3315	66.68809999999999	65.3696	65.9136	67.3285	66.8265	66.5733	67.52890000000001	67.2453	66.7794	67.8208	67.0861	67.0817	68.4709	67.744	67.3997	68.23939999999999	67.8677	67.4791	68.3385	67.6363	67.2296	68.48140000000001	67.6584	67.5152	68.4816	68.0257	67.43780000000001	68.6773	68.26219999999999	67.69239999999999	68.9977	68.0656	67.4373	68.5839	68.0308	67.4564	68.8897	68.1746	67.825	68.7942	68.22399999999999	67.8203	68.6935	68.2018	67.8486	68.5868	68.2478	67.5744	68.7268	68.3488	67.5187	68.82979999999999	68.1518	67.5534	68.5787	68.301	67.6195	68.61789999999999	68.1407	67.3861	68.5706	68.09009999999999	67.6106	68.6624	67.9929	67.5202	68.3663	68.1134	67.3358	68.1643	67.6816	67.0318	68.0607	67.4879	66.88680000000001	67.8173	67.1612	66.5031	67.44879999999999	66.6487	66.3185	67.0428	66.4465	65.77499999999999	66.4992	65.7361	65.3447	66.1938
FGC2634_s_1_1_TCTCATGATA-AACACGTGGA_FGC2634_s_1_2_TCTCATGATA-AACACGTGGA	83.8016	66.2579	70.2036	66.4782	62.9102	62.1123	57.1622	65.25030000000001	62.045300000000005	60.8985	72.1549	68.9882	66.3964	65.6018	66.59	67.324	67.1546	67.0413	67.5806	67.5184	67.0374	67.84909999999999	67.34740000000001	67.53710000000001	68.4424	67.9905	67.747	68.0705	68.1801	67.75189999999999	68.1121	67.8646	67.446	68.5296	67.89739999999999	67.8624	68.17699999999999	68.50110000000001	67.712	68.4728	68.4024	67.6091	68.62169999999999	68.0388	67.5816	68.401	68.2702	67.61019999999999	68.8669	68.4338	67.9965	68.5256	68.34	68.0669	68.7157	68.542	68.13289999999999	68.407	68.4862	67.6921	68.5878	68.53200000000001	67.6564	68.81389999999999	68.4449	67.778	68.54390000000001	68.53970000000001	67.8409	68.4866	68.19760000000001	67.55539999999999	68.5388	68.3043	67.8943	68.7038	68.3414	67.8929	68.4177	68.3307	67.6199	68.16029999999999	67.94590000000001	67.3596	68.13090000000001	67.8092	67.36919999999999	67.92909999999999	67.5977	66.9913	67.6096	67.14020000000001	66.8227	67.2246	66.852	66.2616	66.93480000000001	66.4002	66.0232	66.5887
FGC2634_s_1_1_TCTGGTATCC-CGTTGCTTAC_FGC2634_s_1_2_TCTGGTATCC-CGTTGCTTAC	82.76440000000001	66.795	72.5594	68.6297	64.8007	61.74380000000001	57.909	64.81569999999999	61.0035	60.45890000000001	71.5309	68.3301	67.4119	65.3288	66.629	66.59530000000001	66.5308	67.1057	66.8943	68.3276	67.3468	68.30850000000001	66.7935	67.4663	68.8133	68.5178	67.7463	67.3095	68.471	67.6328	67.3219	68.2628	66.2976	68.65480000000001	67.2407	67.7347	67.3401	68.9045	67.8684	67.6365	67.34750000000001	66.4418	69.10300000000001	68.73740000000001	66.474	67.56299999999999	68.6228	66.869	69.0948	68.6955	66.84440000000001	67.5647	67.6809	67.93979999999999	68.819	68.84740000000001	68.119	67.6321	68.8555	66.6027	67.7786	68.8634	66.5188	68.90690000000001	68.7187	66.6777	67.79129999999999	68.9623	66.8017	67.6926	67.6825	66.47840000000001	68.34949999999999	68.59009999999999	67.7829	68.9644	68.72779999999999	67.8807	68.7482	68.9585	67.808	68.6005	68.5364	67.54339999999999	68.5196	68.40990000000001	67.5883	68.4024	68.2885	67.2237	68.2282	67.9346	67.3006	68.04400000000001	67.8275	66.7657	67.6771	67.3828	66.6427	67.5603
FGC2634_s_1_1_TGATGTAAGA-GTGCGTCCTT_FGC2634_s_1_2_TGATGTAAGA-GTGCGTCCTT	84.6819	67.2187	72.1144	68.3108	63.5659	62.3848	56.4729	64.803	61.856199999999994	60.782000000000004	71.7364	69.1734	66.68730000000001	65.7997	66.4741	67.4335	67.0995	66.88889999999999	67.7991	67.50699999999999	67.173	67.976	67.5497	67.5345	68.5326	67.8688	67.6886	68.3246	67.95949999999999	67.7081	68.3909	67.7353	67.7183	68.5331	68.0536	67.7946	68.407	68.293	67.9628	68.6908	68.1904	67.79220000000001	68.9052	68.1519	67.8331	68.7189	68.1423	67.7787	68.83	68.2362	68.1916	68.721	68.41629999999999	67.9346	68.63669999999999	68.3665	68.0974	68.7579	68.3423	67.9326	68.7702	68.3847	67.8356	68.74980000000001	68.2396	68.01270000000001	68.7813	68.44160000000001	68.1171	68.7512	68.3693	67.8266	68.5813	68.1984	67.8571	68.6886	68.2723	67.89	68.42	68.3004	67.6844	68.2376	67.953	67.44200000000001	68.1674	67.7501	67.3861	67.9974	67.5941	67.0595	67.7527	67.1205	66.953	67.3586	66.9267	66.3698	66.9701	66.398	66.1091	66.7035
FGC2634_s_1_1_TGATTATACG-GTCGATTACA_FGC2634_s_1_2_TGATTATACG-GTCGATTACA	83.7295	66.89009999999999	73.2424	69.4705	63.6999	62.0104	56.02740000000001	64.60249999999999	61.5455	60.262800000000006	71.4675	68.738	66.3774	65.7721	66.1267	67.0608	66.9289	66.5926	67.44839999999999	67.4401	67.0006	67.6843	67.5336	67.2644	68.2848	67.8328	67.4624	68.099	67.8546	67.4956	68.1546	67.7193	67.515	68.2597	67.9928	67.6454	68.18180000000001	68.2675	67.66919999999999	68.4629	68.199	67.6421	68.66590000000001	68.1796	67.6969	68.4886	68.1446	67.6413	68.6113	68.2018	68.0071	68.51230000000001	68.4169	67.7675	68.3539	68.2545	67.9141	68.5034	68.3283	67.7668	68.57600000000001	68.4278	67.6593	68.4874	68.1896	67.7642	68.5426	68.4568	67.914	68.5252	68.3996	67.58840000000001	68.3561	68.1743	67.656	68.4257	68.12310000000001	67.6635	68.16069999999999	68.2636	67.4471	68.01	67.8702	67.1666	67.8908	67.59530000000001	67.03059999999999	67.5814	67.38300000000001	66.6527	67.333	66.8763	66.5112	66.9075	66.6717	65.85849999999999	66.3693	65.97370000000001	65.5262	66.07499999999999
FGC2634_s_1_1_TGGTACCTAA-CATGAGTACT_FGC2634_s_1_2_TGGTACCTAA-CATGAGTACT	83.3469	66.08699999999999	71.37599999999999	67.4717	63.0672	62.0183	56.313500000000005	65.2019	61.582	60.030499999999996	71.7743	68.5145	65.9245	65.6547	66.3327	67.1247	67.0355	66.6061	67.1324	67.1794	66.79429999999999	67.46950000000001	67.33160000000001	67.2223	68.0171	67.8608	67.4436	67.8413	67.9896	67.51989999999999	67.8691	67.8325	67.29690000000001	68.17790000000001	67.8219	67.6348	68.2002	68.0179	67.5519	68.4009	68.3501	67.4631	68.2855	67.9769	67.5526	68.19619999999999	68.2786	67.6199	68.53630000000001	68.43010000000001	67.8167	68.3687	68.2541	67.8179	68.4963	68.4177	67.9236	68.3484	68.3439	67.7407	68.3467	68.452	67.7679	68.50150000000001	68.3365	67.75959999999999	68.2667	68.3544	67.61319999999999	68.1662	68.0699	67.4996	68.1919	68.1067	67.6384	68.2403	68.0599	67.4982	67.96950000000001	67.917	67.2779	67.7281	67.6537	67.0447	67.5514	67.40509999999999	66.7703	67.1931	67.0108	66.3477	66.8206	66.50890000000001	65.9769	66.26520000000001	66.05959999999999	65.4061	65.7413	65.4889	64.91550000000001	65.2457
FGC2634_s_1_1_TGTAATCGAC-GATCACCGCG_FGC2634_s_1_2_TGTAATCGAC-GATCACCGCG	83.619	65.25659999999999	72.0658	67.7244	62.6073	60.98479999999999	55.2273	63.6884	60.777800000000006	58.722300000000004	70.13430000000001	67.5049	65.0327	64.5022	65.4339	66.07690000000001	65.73259999999999	65.78580000000001	66.0731	66.0342	65.9591	66.60350000000001	66.2435	66.4239	67.1233	66.7883	66.6191	66.899	66.9366	66.85459999999999	66.961	66.8396	66.44330000000001	67.1192	66.617	66.83829999999999	66.8934	66.7868	66.7079	67.1464	67.1576	66.938	67.1631	67.1315	66.6127	67.2975	67.1758	66.8064	67.6641	67.135	66.7247	67.3767	67.00930000000001	67.0322	67.404	67.1589	66.9773	67.2829	67.1667	66.7751	67.1219	67.4203	66.85140000000001	67.41890000000001	67.1533	66.6387	67.1266	67.3172	66.65259999999999	67.0087	66.7672	66.5514	67.2633	67.19239999999999	66.9139	67.1777	66.9511	66.6115	67.07610000000001	66.8721	66.5069	66.7319	66.6459	66.101	66.51169999999999	66.203	65.8039	66.0681	65.7106	65.3933	65.6859	65.1787	64.79700000000001	64.9528	64.7321	64.2807	64.3882	63.99510000000001	63.659699999999994	63.8525
FGC2634_s_1_1_TGTCGCTGGT-TCGTCTGACT_FGC2634_s_1_2_TGTCGCTGGT-TCGTCTGACT	84.3604	66.4644	71.9635	68.8384	63.54149999999999	62.4757	56.9967	64.24119999999999	61.7329	60.8168	71.188	69.0033	67.1545	65.68549999999999	66.3878	67.5918	66.89399999999999	66.82430000000001	67.983	67.4123	67.1887	68.199	67.4335	67.5607	68.7933	67.7697	67.6705	68.5211	67.81859999999999	67.69539999999999	68.6262	67.6712	67.65679999999999	68.85759999999999	67.90230000000001	67.8238	68.61540000000001	68.2406	67.97840000000001	69.0304	68.05489999999999	67.919	69.1627	68.07990000000001	67.8142	68.89030000000001	68.01899999999999	67.7847	69.10549999999999	68.1648	68.0962	68.92580000000001	68.2998	67.9899	68.9144	68.2473	68.0542	68.9059	68.268	67.8626	69.0261	68.3224	67.7979	69.0044	68.1326	67.93350000000001	68.9655	68.3173	68.0275	68.972	68.2373	67.7235	68.8319	68.08229999999999	67.8145	68.9136	68.105	67.8431	68.6119	68.14099999999999	67.6411	68.517	67.8104	67.3611	68.3872	67.5811	67.30319999999999	68.1232	67.3638	66.9225	67.9197	66.97659999999999	66.8412	67.5269	66.7343	66.2574	67.0903	66.1641	65.9578	66.7645
FGC2634_s_1_1_TTCACGAGAC-AGATTGTTAC_FGC2634_s_1_2_TTCACGAGAC-AGATTGTTAC	84.5522	66.233	70.8544	67.4995	62.9749	62.5787	56.842999999999996	65.20179999999999	62.4321	60.5917	72.0089	69.3636	66.70519999999999	65.7527	66.5732	67.46990000000001	67.03949999999999	66.8287	67.4983	67.2681	67.2232	67.8867	67.52749999999999	67.6088	68.36619999999999	67.7613	67.6415	68.13369999999999	67.8786	67.6944	68.2196	67.77260000000001	67.6708	68.47959999999999	67.8453	67.69770000000001	68.4521	68.0301	67.9836	68.5865	68.0684	67.9234	68.62129999999999	68.13470000000001	67.8709	68.5459	68.1633	67.8756	68.7248	68.2404	68.0329	68.599	68.2364	68.0782	68.7225	68.34400000000001	68.16990000000001	68.6415	68.2902	67.9253	68.6782	68.3065	67.9702	68.7693	68.2819	68.0076	68.6341	68.33439999999999	68.0006	68.5367	68.2117	67.9312	68.6293	68.1729	67.9732	68.6316	68.1939	67.9568	68.4629	68.1043	67.7834	68.2745	67.9461	67.6379	68.2373	67.80969999999999	67.5487	68.0433	67.6162	67.289	67.8404	67.2784	67.0651	67.4705	67.0317	66.7089	67.1658	66.6171	66.4044	66.9203
FGC2634_s_1_1_TTCTACATAC-CTAACTGTAA_FGC2634_s_1_2_TTCTACATAC-CTAACTGTAA	83.5882	66.6445	72.25049999999999	69.8146	63.452600000000004	61.794000000000004	56.2369	63.995400000000004	61.05350000000001	60.1804	70.9577	68.4066	66.6974	65.5078	65.6909	67.2996	66.89789999999999	66.3473	67.68950000000001	67.3797	66.6261	67.7751	67.2565	66.9269	68.41329999999999	67.729	67.2055	68.277	67.78999999999999	67.1638	68.36919999999999	67.534	67.1437	68.3989	67.82169999999999	67.2585	68.3838	68.18610000000001	67.3706	68.7656	68.05489999999999	67.3384	68.8147	68.0514	67.32780000000001	68.6232	67.9546	67.296	68.8036	68.06	67.7419	68.729	68.3228	67.5227	68.4871	68.08579999999999	67.5852	68.5923	68.18809999999999	67.4292	68.76910000000001	68.31779999999999	67.3185	68.6356	67.98729999999999	67.4337	68.6748	68.2219	67.5553	68.69420000000001	68.1959	67.2302	68.46910000000001	67.9546	67.2604	68.50150000000001	67.8544	67.22630000000001	68.14750000000001	67.9739	66.9732	67.9682	67.4786	66.6166	67.7355	67.174	66.3891	67.3727	66.7755	65.881	66.9324	66.1751	65.6724	66.4671	65.84309999999999	64.9339	65.7709	65.011	64.4906	65.3794
FGC2634_s_1_1_TTGGAATTCC-ACGTCAATAC_FGC2634_s_1_2_TTGGAATTCC-ACGTCAATAC	83.7726	64.8251	69.9347	66.7141	61.439	60.37670000000001	54.9573	63.0772	60.3475	58.8701	70.1023	67.1747	64.8383	64.0901	64.7534	65.97800000000001	65.4654	65.3393	66.2265	65.7293	65.3894	66.4162	65.9412	65.8709	67.07039999999999	66.3738	66.1405	67.0138	66.55290000000001	66.3103	67.0855	66.3914	66.15910000000001	67.1023	66.4631	66.249	67.167	66.8534	66.5415	67.37819999999999	66.79549999999999	66.4666	67.56219999999999	66.86959999999999	66.3299	67.4366	66.7622	66.42949999999999	67.71589999999999	66.9281	66.6879	67.581	67.00500000000001	66.6756	67.4532	67.0041	66.6238	67.4393	66.97370000000001	66.6115	67.514	67.20479999999999	66.6976	67.6361	67.0221	66.6478	67.5513	67.1642	66.66640000000001	67.5254	66.983	66.5431	67.5384	67.2039	66.7578	67.582	67.053	66.5912	67.472	67.1066	66.5845	67.2777	66.86609999999999	66.3301	67.21350000000001	66.744	66.257	66.9941	66.5055	65.98819999999999	66.86410000000001	66.1157	65.8253	66.47070000000001	65.9029	65.3942	66.1262	65.4854	65.11479999999999	65.7389
FGC2634_s_2_1_AACATCGCGC-GTCCACTTGT_FGC2634_s_2_2_AACATCGCGC-GTCCACTTGT	84.8574	66.687	71.7525	67.83789999999999	62.944199999999995	61.8139	56.563300000000005	64.225	61.87200000000001	60.694700000000005	71.6196	69.34280000000001	66.7439	65.3632	66.3344	67.2272	66.6648	66.7162	67.5725	67.1888	67.0921	67.8457	67.28269999999999	67.4791	68.46719999999999	67.5609	67.512	68.1041	67.6586	67.6166	68.19380000000001	67.4887	67.6301	68.5076	67.81960000000001	67.6737	68.3983	68.0122	67.8288	68.659	68.0205	67.8021	68.88459999999999	68.0107	67.77069999999999	68.632	67.8977	67.7568	68.8088	68.0083	68.07180000000001	68.61850000000001	68.1499	67.9323	68.5732	68.1516	68.0399	68.5888	68.1079	67.7415	68.683	68.0804	67.6674	68.5792	67.9707	67.7842	68.5519	68.1332	67.86569999999999	68.51270000000001	67.95609999999999	67.4731	68.2537	67.63749999999999	67.47800000000001	68.2312	67.5753	67.3728	67.8788	67.535	67.03829999999999	67.4951	67.0082	66.58539999999999	67.1732	66.5342	66.2777	66.7132	66.1285	65.71470000000001	66.2444	65.4401	65.3644	65.6075	64.9676	64.54140000000001	64.9631	64.2223	64.0488	64.5029
FGC2634_s_2_1_AACCATAGAA-GGCGAGATGG_FGC2634_s_2_2_AACCATAGAA-GGCGAGATGG	84.2648	66.1369	72.3739	69.231	63.361599999999996	61.74190000000001	56.6067	63.126599999999996	60.9096	59.8314	70.2071	68.2854	66.7491	65.0585	65.7693	67.0292	66.25750000000001	66.28490000000001	67.35640000000001	66.9624	66.6834	67.7061	66.7936	66.9982	68.37910000000001	67.3431	67.2247	67.9868	67.401	67.2102	68.11880000000001	67.1358	67.0979	68.3994	67.318	67.1433	68.34400000000001	67.8774	67.3276	68.512	67.5687	67.4923	68.6412	67.5181	67.3132	68.4922	67.7231	67.2816	68.7304	67.75529999999999	67.64949999999999	68.5162	67.8522	67.6026	68.5711	67.92479999999999	67.7145	68.5119	67.9431	67.43719999999999	68.619	67.9659	67.3389	68.6598	67.7535	67.4783	68.55550000000001	68.0415	67.6352	68.61070000000001	67.8072	67.33930000000001	68.4627	67.6917	67.43780000000001	68.6127	67.6844	67.47959999999999	68.3215	67.848	67.3022	68.1268	67.43010000000001	67.033	68.0236	67.2329	66.875	67.7909	66.9408	66.4917	67.5144	66.4558	66.4014	67.0788	66.2604	65.7616	66.5297	65.51169999999999	65.3478	66.1939
FGC2634_s_2_1_ACAGTGTATG-GAACATACGG_FGC2634_s_2_2_ACAGTGTATG-GAACATACGG	84.1464	64.2299	70.8674	67.3438	61.4534	59.8596	54.2365	61.9749	59.927600000000005	58.092999999999996	68.75750000000001	66.4859	64.2675	63.2968	64.3269	65.33539999999999	64.7031	64.77289999999999	65.5201	64.8792	64.8453	65.6519	65.0407	65.2991	66.3747	65.4422	65.58619999999999	66.21000000000001	65.6438	65.6571	66.2886	65.3933	65.5551	66.38300000000001	65.63170000000001	65.7785	66.3823	65.9164	65.87039999999999	66.63289999999999	65.8711	65.8104	66.7385	65.9028	65.8108	66.56020000000001	65.8771	65.74210000000001	66.8434	65.9308	66.1447	66.73249999999999	66.0914	65.9747	66.671	66.0463	66.0273	66.61160000000001	66.1046	65.8741	66.7401	66.2084	65.9473	66.8256	66.0746	66.0305	66.74520000000001	66.178	66.0244	66.7025	66.1263	65.8526	66.7473	65.98570000000001	65.9306	66.68039999999999	65.9406	65.8787	66.42240000000001	65.9124	65.6505	66.2433	65.6738	65.4588	66.1035	65.4367	65.25269999999999	65.8513	65.1344	64.8196	65.53020000000001	64.64760000000001	64.7083	65.0531	64.40249999999999	64.12010000000001	64.6243	63.7447	63.7171	64.17819999999999
FGC2634_s_2_1_ACATATCCAG-TATGTGCAAT_FGC2634_s_2_2_ACATATCCAG-TATGTGCAAT	84.0665	67.4893	71.1413	69.2285	62.697599999999994	62.3822	56.226	63.2196	61.602900000000005	60.661500000000004	70.7085	68.6144	66.74799999999999	65.4351	65.905	67.2878	66.4946	66.4083	67.814	67.041	66.77149999999999	68.0112	67.2685	67.39	68.6043	67.453	67.35560000000001	68.34599999999999	67.4898	67.362	68.5302	67.3118	67.4432	68.5772	67.69030000000001	67.473	68.3798	67.8419	67.54719999999999	68.7439	67.7834	67.5892	68.9169	67.8593	67.47189999999999	68.7507	67.6715	67.462	68.8204	67.7179	67.7474	68.7717	67.9214	67.5663	68.4931	67.81779999999999	67.6655	68.7916	67.9293	67.5568	68.6939	67.8883	67.4294	68.6276	67.5856	67.5415	68.6563	67.8343	67.6243	68.6546	67.8454	67.348	68.42190000000001	67.5988	67.3478	68.4678	67.64	67.30239999999999	68.18180000000001	67.6563	67.16919999999999	68.0493	67.2355	66.7941	67.8807	67.0706	66.7569	67.7341	66.8382	66.4635	67.5492	66.5548	66.4507	67.2124	66.3314	65.9262	66.91040000000001	65.9088	65.7625	66.7265
FGC2634_s_2_1_ACCACGACAT-TCGTATGCGG_FGC2634_s_2_2_ACCACGACAT-TCGTATGCGG	84.30189999999999	66.06830000000001	72.3024	69.4306	62.989799999999995	61.2104	56.440400000000004	63.208299999999994	60.7954	59.9657	70.4531	68.3875	66.8914	65.0061	65.3154	67.03519999999999	66.2662	65.9841	67.4816	66.93339999999999	66.4734	67.7781	66.8925	66.7532	68.3761	67.2492	66.9211	68.0265	67.2762	66.9184	68.2316	67.1528	67.00019999999999	68.3933	67.4605	67.1686	68.3084	67.7073	67.2273	68.6397	67.6216	67.25569999999999	68.7372	67.5616	67.1362	68.5709	67.5967	67.1165	68.7203	67.64059999999999	67.48100000000001	68.5558	67.85759999999999	67.3681	68.50319999999999	67.77929999999999	67.4668	68.55980000000001	67.8435	67.2391	68.6796	67.89920000000001	67.1139	68.6456	67.6516	67.2855	68.6199	67.9616	67.4535	68.6689	67.9097	67.0855	68.4665	67.6282	67.1246	68.50150000000001	67.5952	67.1759	68.2403	67.7751	66.9918	68.0808	67.2258	66.5959	67.8301	66.9553	66.4059	67.50779999999999	66.6644	65.9829	67.179	66.1416	65.8222	66.6657	65.8038	65.0775	66.0585	65.0139	64.6647	65.6965
FGC2634_s_2_1_ACCGGCCGTA-TGGCAATATT_FGC2634_s_2_2_ACCGGCCGTA-TGGCAATATT	84.0488	65.8072	72.9085	68.8265	63.3143	61.6421	56.178200000000004	63.9358	61.2583	60.070100000000004	70.84660000000001	68.3725	66.278	65.24640000000001	65.99629999999999	66.96220000000001	66.6411	66.6515	67.41	67.2379	66.87049999999999	67.6811	67.1108	67.2215	68.3591	67.6027	67.5299	68.06609999999999	67.7271	67.5216	68.167	67.4525	67.4391	68.3989	67.7193	67.67800000000001	68.3262	68.2616	67.867	68.7341	68.161	67.8014	68.7508	67.91430000000001	67.6258	68.5411	67.9741	67.6074	68.7851	68.1084	68.09309999999999	68.5958	68.2535	67.97330000000001	68.5855	68.2271	68.0358	68.5342	68.25710000000001	67.7714	68.7041	68.35480000000001	67.6525	68.70270000000001	68.1413	67.7918	68.62660000000001	68.3909	67.9703	68.658	68.273	67.6295	68.5404	68.07950000000001	67.78070000000001	68.6392	68.0262	67.8072	68.2787	68.2154	67.5528	68.1458	67.7249	67.2264	68.0162	67.5326	67.1271	67.77109999999999	67.2762	66.70960000000001	67.427	66.7625	66.6097	67.0826	66.533	65.9629	66.54560000000001	65.8389	65.6162	66.2449
FGC2634_s_2_1_ACCGTTACAA-CTCATAGCGA_FGC2634_s_2_2_ACCGTTACAA-CTCATAGCGA	84.048	66.0796	70.2896	67.3357	62.078900000000004	61.1921	55.556000000000004	64.3408	61.297900000000006	59.7933	71.2676	68.104	65.606	64.9493	65.3145	66.50880000000001	66.2799	65.9253	66.9198	66.6704	66.0581	67.0087	66.74520000000001	66.5499	67.713	67.1284	66.74600000000001	67.4893	67.1335	66.7329	67.521	66.9032	66.6728	67.5831	67.205	66.80930000000001	67.5453	67.5659	66.9314	67.8802	67.3574	66.9311	67.9352	67.3833	66.7438	67.88650000000001	67.2816	66.7573	68.0476	67.3643	67.1384	67.87910000000001	67.5916	66.99340000000001	67.7131	67.4752	67.04329999999999	67.8809	67.5395	66.94210000000001	67.9028	67.7145	66.8485	67.84710000000001	67.3885	66.9788	67.9465	67.6974	67.07	67.8429	67.5925	66.782	67.7543	67.5458	66.9279	67.7668	67.4263	66.9067	67.6482	67.5869	66.7461	67.4084	67.2026	66.4298	67.36189999999999	67.0312	66.4062	67.06299999999999	66.7084	65.9879	66.84830000000001	66.2803	65.8278	66.4288	66.02940000000001	65.261	65.97840000000001	65.4111	64.9836	65.6961
FGC2634_s_2_1_ACGCCTTGTT-TAAGGAACGT_FGC2634_s_2_2_ACGCCTTGTT-TAAGGAACGT	84.3572	66.3589	72.015	69.4088	63.346999999999994	62.00059999999999	56.588300000000004	63.758700000000005	61.201899999999995	60.2972	70.8037	68.5206	67.0029	65.4278	65.93639999999999	67.3819	66.61160000000001	66.37530000000001	67.6383	67.1312	66.7623	67.9971	67.1689	67.1314	68.5561	67.5859	67.2316	68.29129999999999	67.6669	67.3054	68.4206	67.6119	67.2029	68.66069999999999	67.6338	67.4704	68.6207	68.0132	67.6046	68.6044	67.8898	67.5783	68.8064	67.81819999999999	67.4074	68.6596	67.9235	67.4158	68.972	68.0737	67.6735	68.7569	68.0433	67.6871	68.8161	68.1445	67.7203	68.7311	68.142	67.52	68.79039999999999	68.18459999999999	67.4952	68.9427	68.06569999999999	67.5991	68.7891	68.1953	67.6092	68.8056	68.0331	67.4333	68.7427	68.0308	67.59540000000001	68.8155	68.0095	67.5047	68.53190000000001	67.999	67.3766	68.48769999999999	67.7485	67.1423	68.2862	67.4759	66.9671	67.9787	67.2122	66.6172	67.7911	66.8639	66.54759999999999	67.3799	66.5775	65.9145	66.9109	65.96600000000001	65.56110000000001	66.47279999999999
FGC2634_s_2_1_ACGGTCAGGA-CGGCCTCGTT_FGC2634_s_2_2_ACGGTCAGGA-CGGCCTCGTT	84.4374	66.27420000000001	71.3611	67.6971	62.868900000000004	61.8871	56.584599999999995	64.717	61.8597	60.487199999999994	71.5997	68.8717	66.4307	65.3996	66.0274	67.0481	66.6451	66.4467	67.4383	67.0769	66.8086	67.60629999999999	67.212	67.1558	68.196	67.45689999999999	67.2407	67.97720000000001	67.5333	67.2637	68.0467	67.3771	67.3204	68.2587	67.6437	67.4851	68.2242	67.9527	67.5523	68.42439999999999	67.8406	67.52890000000001	68.6405	67.7942	67.4978	68.399	67.7899	67.4414	68.5553	67.9159	67.8473	68.4395	68.078	67.6269	68.4259	68.06790000000001	67.7897	68.4731	68.0489	67.6327	68.58800000000001	68.06649999999999	67.5561	68.536	67.9928	67.7385	68.58370000000001	68.1814	67.8113	68.51509999999999	68.09819999999999	67.5001	68.3794	67.9144	67.5613	68.4751	67.9601	67.5895	68.26140000000001	67.9911	67.4614	68.0871	67.705	67.1739	68.0364	67.5172	67.1696	67.8026	67.3686	66.8068	67.6438	66.9573	66.7721	67.2839	66.7672	66.238	66.919	66.2718	66.0235	66.64020000000001
FGC2634_s_2_1_ACTCGGCAAT-GACAACTGAA_FGC2634_s_2_2_ACTCGGCAAT-GACAACTGAA	84.0622	65.90350000000001	72.8466	68.9987	63.5977	62.3703	56.2313	64.7111	61.738499999999995	60.149300000000004	71.1758	68.6051	66.2594	65.7064	66.5112	67.4191	67.0894	66.85170000000001	67.47760000000001	67.2848	67.0805	67.7953	67.4659	67.4625	68.34750000000001	67.8534	67.728	68.2312	68.0103	67.80669999999999	68.3169	67.8955	67.71350000000001	68.473	67.9512	67.92580000000001	68.3655	68.3401	68.03059999999999	68.729	68.4166	67.8869	68.7344	68.185	67.94829999999999	68.6162	68.2907	68.0056	68.8774	68.4499	68.20150000000001	68.781	68.4633	68.2308	68.7589	68.48100000000001	68.24329999999999	68.7103	68.4539	68.0698	68.7717	68.5612	68.0927	68.869	68.4707	68.0954	68.7253	68.4984	68.0983	68.6561	68.37259999999999	67.9952	68.7024	68.35210000000001	68.0805	68.7109	68.3009	67.98729999999999	68.4634	68.2273	67.7789	68.2861	67.96990000000001	67.5796	68.1787	67.8075	67.4014	67.906	67.5108	67.05590000000001	67.57560000000001	67.0382	66.77459999999999	67.1468	66.7347	66.2715	66.6529	66.1748	65.8013	66.2645
FGC2634_s_2_1_ACTCTATTGT-ATCGCATATG_FGC2634_s_2_2_ACTCTATTGT-ATCGCATATG	83.4021	66.1638	73.4338	69.9995	63.5129	61.571600000000004	55.896699999999996	63.6101	60.7161	59.6962	70.4013	68.025	66.2402	65.1323	65.6336	66.84830000000001	66.3168	65.99549999999999	66.9987	66.6961	66.37610000000001	67.2924	66.8155	66.6405	67.8709	67.17070000000001	66.8154	67.707	67.3056	66.9564	67.8228	67.2552	66.8762	67.95909999999999	67.2857	67.11749999999999	67.8806	67.6281	67.0634	68.0581	67.5596	67.07	68.2971	67.44630000000001	67.1157	68.10199999999999	67.6005	67.13510000000001	68.3051	67.6833	67.3601	68.2131	67.7633	67.3017	68.1689	67.7366	67.3544	68.16839999999999	67.7752	67.199	68.2373	67.8636	67.23219999999999	68.3098	67.7436	67.2496	68.2304	67.8369	67.2964	68.2048	67.7458	67.0966	68.1259	67.6635	67.1909	68.2109	67.6054	67.1012	67.919	67.6455	67.0202	67.85210000000001	67.3535	66.7843	67.6833	67.1166	66.5878	67.4361	66.8448	66.26140000000001	67.2077	66.545	66.1641	66.7919	66.2823	65.5928	66.31129999999999	65.6767	65.2264	65.915
FGC2634_s_2_1_ACTGGATCTA-TCGCCGCTAG_FGC2634_s_2_2_ACTGGATCTA-TCGCCGCTAG	85.085	66.5099	68.8715	66.02029999999999	62.2684	62.153499999999994	56.0676	64.5346	62.060700000000004	59.9907	71.59400000000001	68.6785	65.8604	65.2312	66.3054	66.877	66.40209999999999	66.4509	66.9327	66.7116	66.726	67.3827	66.94099999999999	67.1836	67.9004	67.3342	67.24560000000001	67.5736	67.4637	67.3449	67.66029999999999	67.4182	67.1508	67.99539999999999	67.2608	67.50110000000001	67.72059999999999	67.672	67.6195	67.7778	67.5031	67.6071	67.9658	67.48049999999999	67.3431	67.9852	67.7709	67.41239999999999	68.343	67.8299	67.4741	68.05099999999999	67.6203	67.6369	68.2602	67.90230000000001	67.6926	68.0161	67.8492	67.4477	68.0068	67.8779	67.5422	68.3016	67.8482	67.5403	68.0061	67.812	67.42	67.9282	67.506	67.3906	68.027	67.6955	67.5528	68.11019999999999	67.7414	67.4236	67.9489	67.5449	67.2692	67.7444	67.3656	67.09530000000001	67.5658	67.1522	66.9428	67.314	66.8687	66.5463	67.0295	66.4353	66.1887	66.49340000000001	66.0567	65.7842	66.16250000000001	65.6738	65.3549	65.6734
FGC2634_s_2_1_ACTTCAAGCG-GAACCATGAA_FGC2634_s_2_2_ACTTCAAGCG-GAACCATGAA	85.4161	68.2253	73.0561	70.5982	63.94990000000001	62.3832	56.3237	64.033	61.748099999999994	60.1522	71.1456	68.71770000000001	66.6249	65.7992	66.09089999999999	67.3386	66.664	66.1679	67.306	66.8494	66.7187	67.7276	67.3137	67.1574	68.1269	67.4154	66.9937	68.03139999999999	67.4761	67.174	68.09570000000001	67.5033	67.232	68.2679	67.5889	67.3797	68.20270000000001	67.6892	67.3722	68.2365	67.78	67.3338	68.4277	67.757	67.4379	68.4193	67.8241	67.44160000000001	68.417	67.834	67.4538	68.45750000000001	67.8386	67.4396	68.3648	67.89500000000001	67.49589999999999	68.4362	67.8727	67.4179	68.349	67.83059999999999	67.475	68.36529999999999	67.7591	67.4799	68.3689	67.84320000000001	67.4273	68.2412	67.6854	67.3288	68.196	67.6044	67.29169999999999	68.14529999999999	67.631	67.12169999999999	68.0026	67.4509	67.0489	67.8304	67.3685	66.9193	67.739	67.176	66.7355	67.5475	66.9595	66.5729	67.46	66.8342	66.4501	67.1666	66.6512	66.1995	66.9558	66.36919999999999	65.9881	66.76299999999999
FGC2634_s_2_1_AGAGGCAACC-CTAATGATGG_FGC2634_s_2_2_AGAGGCAACC-CTAATGATGG	79.40660000000001	52.73759999999999	58.094	53.77119999999999	48.9166	44.3971	39.901599999999995	49.019	45.3762	41.1283	52.5485	48.667300000000004	45.8361	46.3701	50.3747	47.870400000000004	48.188900000000004	49.6447	47.3847	47.7899	47.016799999999996	46.2891	46.8196	47.3939	48.2846	48.7165	48.9824	48.8194	48.7248	50.8714	48.688900000000004	48.5054	47.282000000000004	47.8804	47.0404	49.7408	48.0637	51.0556	51.8552	50.9713	50.0328	49.3968	48.9593	49.7823	48.7879	48.8453	49.4062	50.309400000000004	50.132200000000005	49.5928	50.6226	49.324200000000005	46.7502	47.907	48.7941	50.501799999999996	50.62799999999999	49.3966	50.389300000000006	49.864399999999996	49.9959	50.4793	48.2412	49.5231	48.5075	46.8114	47.5356	49.613099999999996	48.172599999999996	47.978500000000004	47.927	48.3262	50.6451	49.0594	50.5845	51.865399999999994	51.8949	49.9542	50.280499999999996	49.0473	48.537	49.9788	49.6622	49.3216	50.134299999999996	50.346900000000005	51.3914	49.648399999999995	48.1821	49.018	50.04769999999999	48.830200000000005	49.7689	48.6498	47.9505	48.613299999999995	48.1524	49.2364	47.6878	48.937599999999996
FGC2634_s_2_1_AGGTCAGATA-CTACAAGATA_FGC2634_s_2_2_AGGTCAGATA-CTACAAGATA	85.59309999999999	66.6937	70.9578	68.4411	62.785999999999994	62.573100000000004	56.7484	63.48009999999999	62.13340000000001	60.989000000000004	71.10929999999999	69.4635	67.4504	65.3383	66.6698	67.7749	66.6681	67.0265	68.0548	67.1954	67.32390000000001	68.4208	67.1945	67.88	69.051	67.61200000000001	67.8732	68.6116	67.7088	67.9268	68.7306	67.4783	67.8407	69.0428	67.62939999999999	68.0098	68.88260000000001	67.9072	68.2103	69.0533	68.04780000000001	67.899	69.1936	67.8034	67.91850000000001	69.0097	67.8958	67.93679999999999	69.2983	68.0092	68.15719999999999	69.0503	68.08070000000001	68.1654	69.0809	68.1005	68.2907	69.0424	68.1139	67.9318	69.0805	68.1273	67.8527	69.1246	67.9045	67.9795	68.9589	68.0589	68.0205	68.9359	67.8669	67.733	68.8305	67.6644	67.8297	68.8216	67.6716	67.7003	68.4376	67.6218	67.4121	68.147	67.1551	67.0685	67.92439999999999	66.7906	66.8244	67.56	66.4092	66.2791	67.107	65.8181	65.9639	66.4851	65.3697	65.2004	65.9637	64.6927	64.7265	65.4812
FGC2634_s_2_1_AGTCAGACGA-ACCAGCGACA_FGC2634_s_2_2_AGTCAGACGA-ACCAGCGACA	84.23049999999999	65.9495	71.7669	69.2008	62.71679999999999	61.749500000000005	56.402699999999996	63.199600000000004	61.2492	60.375	70.6943	68.679	66.8983	65.0958	65.8884	67.4562	66.5496	66.4049	67.61	66.9435	66.6638	67.8018	66.8968	67.1018	68.53099999999999	67.375	67.3006	68.3065	67.463	67.3177	68.3922	67.2551	67.21289999999999	68.5351	67.4293	67.38159999999999	68.3283	67.8917	67.4757	68.9379	67.7603	67.5592	69.0366	67.67030000000001	67.4024	68.65820000000001	67.69030000000001	67.4299	68.9852	67.86670000000001	67.925	68.8684	68.0386	67.6803	68.72399999999999	67.9648	67.7515	68.8125	67.9919	67.6159	68.9053	68.0955	67.5326	68.89269999999999	67.8642	67.7089	68.79950000000001	68.0664	67.7167	68.8472	67.9858	67.4481	68.6615	67.7412	67.51899999999999	68.7493	67.6746	67.4662	68.37140000000001	67.796	67.2485	68.2055	67.31049999999999	66.9091	68.0663	67.08239999999999	66.6848	67.6918	66.7092	66.2187	67.31660000000001	66.1667	66.0077	66.794	65.8563	65.2823	66.1699	65.0494	64.8459	65.7843
FGC2634_s_2_1_AGTGTTGCAC-CTGGTACACG_FGC2634_s_2_2_AGTGTTGCAC-CTGGTACACG	81.7785	65.2603	72.6227	69.2738	62.836000000000006	61.3733	55.874500000000005	63.5394	60.1627	59.8452	70.5881	67.7157	66.0835	65.2415	65.5933	67.0365	66.6335	66.1899	67.1527	67.07	66.3255	67.4768	66.9629	66.6575	68.0814	67.5335	67.0601	67.96940000000001	67.6941	67.0769	68.087	67.5593	66.8894	68.2427	67.5969	67.2619	68.0777	68.07419999999999	67.1796	68.3949	68.1383	67.38539999999999	68.5256	68.0493	67.17309999999999	68.3056	67.9713	67.1991	68.6918	68.1743	67.527	68.5398	68.1517	67.5222	68.5327	68.184	67.5422	68.4103	68.2256	67.3639	68.5556	68.3701	67.3035	68.7492	68.186	67.40650000000001	68.55059999999999	68.3164	67.4692	68.5552	68.184	67.26339999999999	68.5706	68.1927	67.56370000000001	68.7357	68.2211	67.5582	68.5149	68.3133	67.4594	68.4721	67.97800000000001	67.2532	68.34179999999999	67.9178	67.107	68.1669	67.6986	66.8627	67.9936	67.4187	66.8806	67.754	67.29889999999999	66.4102	67.3468	66.7517	66.12259999999999	67.07990000000001
FGC2634_s_2_1_ATGGTTGACT-GGCCTGTCCT_FGC2634_s_2_2_ATGGTTGACT-GGCCTGTCCT	83.7945	65.9503	72.4063	69.7065	63.4846	61.8591	56.863600000000005	63.9491	61.3788	60.435300000000005	70.9654	68.7296	67.0042	65.50280000000001	65.8809	67.47760000000001	66.77149999999999	66.3486	67.70530000000001	67.1346	66.7617	67.8982	67.232	67.0218	68.4705	67.52359999999999	67.25330000000001	68.3082	67.6378	67.2604	68.414	67.43	67.2762	68.4927	67.7239	67.3779	68.4001	68.00739999999999	67.4422	68.7225	67.9667	67.4349	68.86710000000001	67.824	67.4478	68.6908	67.82679999999999	67.44019999999999	68.80380000000001	67.93249999999999	67.7791	68.8	68.15259999999999	67.6369	68.6173	68.0215	67.6707	68.75019999999999	68.0182	67.5816	68.8527	68.1317	67.5368	68.7311	67.944	67.5825	68.7574	68.1615	67.7366	68.7552	68.1516	67.4636	68.6701	67.8605	67.4563	68.6587	67.8605	67.508	68.4542	68.014	67.3378	68.31230000000001	67.6367	67.065	68.2077	67.4752	66.95870000000001	67.9489	67.2091	66.5893	67.6575	66.7418	66.4193	67.26729999999999	66.5148	65.8443	66.7428	65.8417	65.4849	66.4474
FGC2634_s_2_1_ATTCCATAAG-TGCCTGGTGG_FGC2634_s_2_2_ATTCCATAAG-TGCCTGGTGG	84.3248	65.2212	71.0183	68.0632	62.137	61.4524	55.8932	62.966	61.2299	59.9385	70.3136	68.4442	66.3484	64.5377	65.6558	66.9832	66.14139999999999	66.14999999999999	67.1489	66.3842	66.3194	67.38250000000001	66.4755	66.8806	68.0334	66.8921	67.03569999999999	67.88539999999999	67.1176	67.11439999999999	67.9705	66.84909999999999	67.0308	68.1715	67.0451	67.0801	67.96940000000001	67.4984	67.435	68.4464	67.4597	67.2714	68.5339	67.33550000000001	67.2821	68.3428	67.375	67.3138	68.61779999999999	67.5494	67.67530000000001	68.5167	67.66799999999999	67.61890000000001	68.504	67.6363	67.6311	68.4145	67.6318	67.4716	68.5866	67.7536	67.401	68.5436	67.5972	67.47189999999999	68.4594	67.6972	67.53099999999999	68.3437	67.5304	67.2497	68.3227	67.2833	67.2491	68.2063	67.1787	67.16680000000001	67.8613	67.1516	66.826	67.5496	66.6479	66.411	67.3639	66.3369	66.1569	66.8905	65.9207	65.60000000000001	66.4001	65.2726	65.1791	65.7884	64.7794	64.4586	65.1194	64.0069	63.933099999999996	64.629
FGC2634_s_2_1_CAATCGGCTG-GCTGTAGGAA_FGC2634_s_2_2_CAATCGGCTG-GCTGTAGGAA	83.1427	67.1567	74.2861	70.2744	63.901300000000006	62.009	56.2087	64.4892	61.1013	60.2462	71.2989	68.6153	66.5102	65.9402	66.2166	67.3712	67.2693	66.7996	67.5962	67.7513	67.0727	67.9018	67.6746	67.3861	68.5195	68.1398	67.62650000000001	68.2927	68.1949	67.67	68.3906	67.9837	67.5846	68.5153	68.3279	67.6525	68.3636	68.5282	67.831	68.826	68.6195	67.84949999999999	68.8839	68.4848	67.74210000000001	68.6273	68.4157	67.7341	68.8484	68.5465	68.109	68.7878	68.6586	67.9778	68.6068	68.5245	68.06309999999999	68.6113	68.6241	67.8606	68.74510000000001	68.7033	67.7248	68.75240000000001	68.511	67.7855	68.6883	68.6742	67.9422	68.7426	68.6284	67.71589999999999	68.6267	68.4875	67.8446	68.7389	68.4307	67.8163	68.4078	68.5654	67.6327	68.2933	68.1173	67.3176	68.13900000000001	67.97109999999999	67.1908	67.918	67.6456	66.8297	67.57260000000001	67.1497	66.7054	67.21390000000001	66.9823	66.122	66.6995	66.2689	65.7205	66.3985
FGC2634_s_2_1_CACAATAGGA-TCCATCCGAG_FGC2634_s_2_2_CACAATAGGA-TCCATCCGAG	83.2867	64.1002	69.98100000000001	67.2039	60.4231	58.9883	53.408199999999994	60.324299999999994	58.82770000000001	57.3167	67.7072	66.2132	64.1974	62.395900000000005	63.215900000000005	64.6037	63.548700000000004	63.511700000000005	64.6534	63.800000000000004	63.84140000000001	64.83959999999999	63.937	64.2976	65.6084	64.2919	64.35119999999999	65.3149	64.4424	64.49770000000001	65.45649999999999	64.3484	64.5084	65.6151	64.5912	64.6881	65.6602	64.6944	64.7315	65.671	64.7636	64.7472	65.9401	64.84649999999999	64.78580000000001	65.6984	64.7929	64.6836	65.9107	64.8086	65.0523	65.908	64.9845	64.80080000000001	65.78359999999999	64.9321	64.86880000000001	65.802	64.968	64.7723	65.8448	65.1089	64.9416	65.96079999999999	64.89359999999999	64.9418	65.9116	65.0671	64.89399999999999	65.8386	64.8848	64.6339	65.8333	64.7629	64.6832	65.7111	64.6161	64.5468	65.4075	64.47699999999999	64.21329999999999	65.0336	64.1794	63.991200000000006	64.7712	63.9016	63.65260000000001	64.4077	63.3949	63.200199999999995	63.9692	62.9228	62.937799999999996	63.37350000000001	62.5154	62.174099999999996	62.764399999999995	61.771699999999996	61.731700000000004	62.3348
FGC2634_s_2_1_CAGCCGCGTA-ACTAGCCGTG_FGC2634_s_2_2_CAGCCGCGTA-ACTAGCCGTG	83.2747	66.1005	72.9651	68.9106	62.834199999999996	61.137600000000006	55.1395	63.5548	60.4097	59.007600000000004	70.24860000000001	67.6075	65.2906	64.9093	65.1651	66.3535	66.0094	65.7176	66.5386	66.2989	65.92179999999999	66.75410000000001	66.50890000000001	66.27300000000001	67.2976	66.8452	66.5425	67.2907	66.9576	66.7717	67.3305	66.846	66.5401	67.2642	66.9247	66.65299999999999	67.2779	67.1636	66.7404	67.568	67.1781	66.7261	67.52669999999999	67.1568	66.6926	67.6166	67.1177	66.7672	67.704	67.111	66.8707	67.66879999999999	67.3039	66.7752	67.3697	67.1541	66.7847	67.55799999999999	67.25280000000001	66.7686	67.4945	67.465	66.855	67.5014	67.1768	66.7329	67.5373	67.44059999999999	66.84989999999999	67.56060000000001	67.238	66.648	67.4624	67.3871	66.8971	67.5484	67.2112	66.7248	67.4412	67.36370000000001	66.7157	67.23599999999999	67.1253	66.4517	67.128	66.8646	66.2422	66.8684	66.5601	66.00160000000001	66.7407	66.18929999999999	65.7708	66.2588	66.0336	65.3477	65.8551	65.4174	64.97619999999999	65.5325
FGC2634_s_2_1_CAGTGGCACT-TAACAATAGG_FGC2634_s_2_2_CAGTGGCACT-TAACAATAGG	85.00450000000001	66.9451	71.8403	68.3763	63.426700000000004	62.495	56.2843	64.2677	61.814499999999995	60.4989	71.2024	69.0299	66.7161	65.6557	66.4696	67.4493	66.9749	66.8913	67.83500000000001	67.3362	67.197	68.0227	67.4547	67.6159	68.5792	67.7349	67.7576	68.4161	67.85369999999999	67.77680000000001	68.50500000000001	67.6036	67.8112	68.6615	67.95989999999999	67.82820000000001	68.5456	68.19770000000001	68.00789999999999	68.8201	68.1321	67.89309999999999	69.0215	68.0832	67.9295	68.8208	68.0264	67.882	68.8775	68.0955	68.2126	68.80460000000001	68.2938	68.0385	68.75	68.2757	68.2069	68.8497	68.2789	67.9886	68.9079	68.2627	67.9474	68.8247	68.1503	68.0908	68.8961	68.3419	68.2191	68.8798	68.3559	67.9635	68.796	68.1167	67.994	68.854	68.2225	68.0386	68.6153	68.3175	67.9075	68.475	67.99539999999999	67.70389999999999	68.4366	67.86569999999999	67.7029	68.3448	67.7347	67.4272	68.1685	67.3819	67.3833	67.8719	67.23360000000001	66.9176	67.5945	66.8164	66.70580000000001	67.3982
FGC2634_s_2_1_CATTAGTGCG-TGACTACATA_FGC2634_s_2_2_CATTAGTGCG-TGACTACATA	84.8893	66.4053	71.07679999999999	67.8906	63.125600000000006	62.3594	57.0459	65.1501	62.3834	60.929100000000005	72.1227	69.30969999999999	66.7898	65.9016	66.5104	67.656	67.0112	66.68230000000001	67.6993	67.2133	67.0963	67.9941	67.56299999999999	67.47229999999999	68.4376	67.7225	67.448	68.3075	67.83970000000001	67.5755	68.4045	67.81479999999999	67.6348	68.5581	67.98389999999999	67.7544	68.5092	68.03439999999999	67.7993	68.6036	68.1571	67.7977	68.7953	68.1476	67.857	68.70009999999999	68.1596	67.8443	68.8523	68.2539	67.971	68.8029	68.26950000000001	67.9442	68.8059	68.3164	67.9924	68.77799999999999	68.28	67.91239999999999	68.82639999999999	68.3008	68.0033	68.8857	68.2936	68.0515	68.8578	68.3276	67.9692	68.7842	68.2509	67.9293	68.7632	68.2431	67.9527	68.8207	68.28490000000001	67.8726	68.65289999999999	68.16990000000001	67.80969999999999	68.58959999999999	68.0783	67.6871	68.47189999999999	67.93	67.5868	68.31960000000001	67.7496	67.4046	68.1545	67.5339	67.23010000000001	67.8533	67.2878	66.8987	67.5927	66.95410000000001	66.6005	67.2267
FGC2634_s_2_1_CCACCAGGCA-CTTATGGAAT_FGC2634_s_2_2_CCACCAGGCA-CTTATGGAAT	82.7924	66.4422	73.3706	69.34949999999999	63.4659	61.4385	55.591100000000004	64.1787	60.805	59.46	70.8354	68.0187	65.69279999999999	65.309	65.6282	66.6254	66.5224	66.08810000000001	66.8106	66.8754	66.3428	67.0691	67.0413	66.65520000000001	67.6502	67.3901	66.9072	67.5877	67.5673	67.0481	67.6736	67.4157	66.961	67.7291	67.60589999999999	67.1721	67.68459999999999	67.8381	67.2862	67.9182	67.8818	67.266	68.0844	67.73780000000001	67.1931	67.975	67.7787	67.2165	68.1284	67.8719	67.44879999999999	68.0965	67.9644	67.3669	67.9414	67.9399	67.381	68.00460000000001	67.9661	67.2932	68.0436	68.0941	67.3185	68.0579	67.9058	67.3014	68.0302	68.0868	67.33160000000001	67.9775	67.8972	67.1367	67.86149999999999	67.90350000000001	67.2276	67.929	67.73310000000001	67.104	67.7002	67.76060000000001	66.9822	67.52590000000001	67.4388	66.6895	67.3227	67.1561	66.4335	66.9559	66.80160000000001	66.06840000000001	66.7171	66.366	65.8582	66.232	66.082	65.25619999999999	65.6688	65.3454	64.8154	65.2381
FGC2634_s_2_1_CCATCATTAG-GGTTGCCTCT_FGC2634_s_2_2_CCATCATTAG-GGTTGCCTCT	83.9106	66.2459	72.505	70.06179999999999	64.00489999999999	62.8976	57.4608	64.4378	61.868	61.0739	71.2632	69.1624	67.45139999999999	66.0623	66.4633	68.069	67.2512	66.8052	68.1323	67.4328	67.176	68.35470000000001	67.6651	67.4927	68.8896	67.93639999999999	67.6558	68.76689999999999	68.01	67.74759999999999	68.89229999999999	67.8883	67.7599	68.9422	68.0944	67.845	68.8335	68.2521	67.9238	69.0919	68.32350000000001	67.86999999999999	69.2234	68.2715	67.8949	69.0437	68.23129999999999	67.9187	69.2084	68.31819999999999	68.122	69.2014	68.4558	68.0771	69.0557	68.3964	68.10159999999999	69.1577	68.3646	68.00739999999999	69.2367	68.4225	68.0168	69.1392	68.36489999999999	67.98429999999999	69.1113	68.3758	68.0492	69.1229	68.3873	67.94160000000001	69.0069	68.2541	67.9002	69.0255	68.2259	67.83449999999999	68.8257	68.2037	67.6862	68.6891	67.9324	67.47720000000001	68.5259	67.79560000000001	67.35759999999999	68.3072	67.4745	67.0308	68.0498	67.0918	66.7798	67.64099999999999	66.84949999999999	66.3312	67.1943	66.29899999999999	65.9405	66.8797
FGC2634_s_2_1_CCATCTCGCC-TTCTATGGTT_FGC2634_s_2_2_CCATCTCGCC-TTCTATGGTT	83.9673	66.23360000000001	72.9422	69.5086	63.50900000000001	61.7271	56.2462	64.07690000000001	61.3419	60.1993	71.11319999999999	68.63709999999999	66.5402	65.59479999999999	65.9966	67.18610000000001	66.752	66.4294	67.5789	67.2681	66.86919999999999	67.8022	67.3969	67.2105	68.327	67.6198	67.30890000000001	68.1584	67.6832	67.3703	68.3031	67.5605	67.4292	68.4211	67.8528	67.5446	68.3102	68.1017	67.6006	68.5472	68.04299999999999	67.58800000000001	68.7712	68.0031	67.6234	68.5934	67.9369	67.56259999999999	68.67790000000001	68.02289999999999	67.888	68.624	68.233	67.691	68.5128	68.144	67.8233	68.6486	68.1939	67.6884	68.7533	68.2065	67.6336	68.66109999999999	68.07379999999999	67.79849999999999	68.7602	68.3141	67.8823	68.7735	68.3307	67.646	68.5576	68.0731	67.656	68.6555	68.1047	67.7014	68.40650000000001	68.23740000000001	67.5848	68.3588	67.9278	67.3274	68.2555	67.7643	67.2672	68.0472	67.5773	66.9979	67.902	67.2453	66.9834	67.59920000000001	67.09039999999999	66.4095	67.1705	66.5152	66.1504	66.91
FGC2634_s_2_1_CCGTATGTTC-CATACACTGT_FGC2634_s_2_2_CCGTATGTTC-CATACACTGT	83.79090000000001	65.6022	72.3108	69.7083	62.9396	61.5143	56.3744	63.0461	60.669399999999996	59.9779	70.2257	68.0964	66.6879	64.9012	65.6882	67.3768	66.4201	66.1458	67.2973	66.6257	66.28960000000001	67.68039999999999	66.66149999999999	66.7398	68.2418	67.2512	66.9884	68.1378	67.51939999999999	67.1807	68.2461	67.4357	66.8985	68.46640000000001	67.5313	67.2359	68.508	67.5712	67.2538	68.5484	67.9649	67.2382	68.6588	67.8412	67.2218	68.5457	67.8215	67.342	68.9512	68.05499999999999	67.4902	68.7737	67.8774	67.6633	68.8781	68.029	67.60969999999999	68.6662	68.0213	67.41279999999999	68.69800000000001	68.109	67.5094	69.0554	68.04860000000001	67.4754	68.6957	68.0456	67.3876	68.61779999999999	67.7735	67.32209999999999	68.7463	67.90559999999999	67.48140000000001	68.7461	67.78999999999999	67.28309999999999	68.43939999999999	67.6248	67.136	68.2814	67.367	66.8695	67.99889999999999	67.0319	66.5222	67.60979999999999	66.6675	66.1498	67.2185	66.2376	65.764	66.68849999999999	65.7108	65.13940000000001	66.0437	65.0544	64.61	65.48310000000001
FGC2634_s_2_1_CCTCCGTCCA-CACATCGGTG_FGC2634_s_2_2_CCTCCGTCCA-CACATCGGTG	84.695	66.8092	70.51849999999999	68.5826	61.4324	60.594800000000006	54.81	62.8733	60.84889999999999	59.0642	70.006	67.4725	65.3199	64.3938	64.72670000000001	66.0164	65.3262	65.00479999999999	66.363	65.5961	65.2919	66.5671	66.03989999999999	65.9609	67.1361	66.2658	65.9773	67.0095	66.1568	66.1045	67.0438	66.0972	65.9635	67.03320000000001	66.2682	66.171	66.86720000000001	66.4006	66.07169999999999	67.1331	66.3653	66.2294	67.2335	66.4523	65.97760000000001	67.2997	66.40559999999999	66.12310000000001	67.33590000000001	66.2291	66.08699999999999	67.37689999999999	66.5926	66.0538	66.9123	66.4298	66.0864	67.30199999999999	66.5436	66.10470000000001	66.9337	66.6596	66.1575	67.0955	66.3015	66.2486	67.2171	66.69030000000001	66.3248	67.1757	66.4087	66.0917	67.0772	66.632	66.35	67.1795	66.621	66.152	67.1592	66.7538	66.18939999999999	66.88969999999999	66.5059	65.83869999999999	66.8828	66.418	65.97030000000001	66.8849	66.1425	65.71470000000001	66.8886	66.024	65.8466	66.548	66.0181	65.5571	66.4643	65.7569	65.45830000000001	66.4864
FGC2634_s_2_1_CCTCTACATG-GATACCTCCT_FGC2634_s_2_2_CCTCTACATG-GATACCTCCT	83.7296	64.8956	70.2106	66.8039	61.6455	60.47	54.9268	62.800599999999996	60.3661	58.757400000000004	69.6613	67.2122	64.9169	63.862300000000005	64.785	65.80319999999999	65.13719999999999	65.0999	65.9321	65.38340000000001	65.2863	66.0743	65.52329999999999	65.6805	66.7496	65.87469999999999	65.87910000000001	66.50059999999999	66.04050000000001	65.93299999999999	66.593	65.8561	65.834	66.7576	66.10589999999999	66.0291	66.6628	66.3082	66.0478	66.8149	66.3226	65.9735	66.9954	66.30120000000001	66.0295	66.8068	66.2453	65.9789	67.1225	66.3223	66.2907	66.9357	66.3712	66.1805	66.9932	66.4049	66.2333	66.8675	66.4205	66.04759999999999	66.9887	66.4944	66.0926	67.0655	66.3818	66.1562	66.9757	66.4837	66.1875	66.9242	66.3344	66.02510000000001	66.9456	66.2948	66.13130000000001	66.9554	66.22409999999999	66.07260000000001	66.6896	66.2332	65.8935	66.547	66.05799999999999	65.77380000000001	66.4281	65.85640000000001	65.54759999999999	66.2304	65.5849	65.2431	66.04860000000001	65.22449999999999	65.1326	65.5531	64.95100000000001	64.6251	65.196	64.46159999999999	64.3167	64.84689999999999
FGC2634_s_2_1_CCTGTCTGTC-ACTGTTGTGA_FGC2634_s_2_2_CCTGTCTGTC-ACTGTTGTGA	84.0862	66.8856	73.0313	69.2791	63.6999	62.373400000000004	56.3552	64.28819999999999	61.5782	60.5392	71.1981	68.899	66.7191	65.6344	66.1912	67.2193	66.8255	66.6579	67.6912	67.3472	67.0932	67.873	67.3832	67.3771	68.4679	67.6905	67.5484	68.2758	67.7495	67.5714	68.3498	67.56790000000001	67.6174	68.50500000000001	67.9547	67.7007	68.3583	68.19659999999999	67.7872	68.70349999999999	68.05590000000001	67.7934	68.8197	68.0882	67.76830000000001	68.6859	67.9686	67.7119	68.762	68.0334	68.0945	68.6676	68.3045	67.8755	68.5406	68.2146	67.9946	68.70570000000001	68.2641	67.884	68.81779999999999	68.2937	67.7338	68.6718	68.1196	67.9135	68.78689999999999	68.36489999999999	68.0875	68.80810000000001	68.3592	67.7718	68.5973	68.1085	67.7815	68.6971	68.1377	67.892	68.4555	68.2769	67.693	68.3591	67.9665	67.4391	68.2758	67.7424	67.4006	68.0693	67.6198	67.1009	67.89880000000001	67.2391	67.0994	67.623	67.1159	66.53099999999999	67.2103	66.5369	66.3159	67.001
FGC2634_s_2_1_CGACATCCGA-TACGTTCATT_FGC2634_s_2_2_CGACATCCGA-TACGTTCATT	84.5105	66.7411	70.9778	68.78999999999999	63.083999999999996	62.7026	56.1011	64.5931	62.0437	60.567099999999996	71.5423	69.0136	66.9303	65.6481	66.4693	67.5051	66.9362	66.7385	67.5124	67.3743	67.081	68.01230000000001	67.4474	67.5699	68.6323	67.9016	67.6272	68.25630000000001	68.02470000000001	67.7148	68.321	67.9058	67.5052	68.7084	68.1609	67.8496	68.39460000000001	68.3464	67.6795	68.6195	68.4015	67.8965	69.0116	68.052	67.7077	68.6045	68.32639999999999	67.79509999999999	69.0365	68.47229999999999	68.1815	68.831	68.2717	67.96849999999999	68.8497	68.42960000000001	68.132	68.8827	68.4585	67.95020000000001	68.8291	68.42240000000001	67.8443	68.8253	68.271	67.8381	68.5848	68.2518	67.7083	68.4533	67.9584	67.4286	68.2742	67.7109	67.3751	68.1799	67.5347	67.14489999999999	67.7361	67.3054	66.7197	67.2949	66.7483	66.1843	66.79	66.191	65.6152	66.1858	65.5127	64.9864	65.56309999999999	64.83529999999999	64.42139999999999	64.88850000000001	64.18469999999999	63.6799	64.1288	63.4942	63.1652	63.72409999999999
FGC2634_s_2_1_CGAGGCCAAG-GTGTTACCGG_FGC2634_s_2_2_CGAGGCCAAG-GTGTTACCGG	83.788	65.86659999999999	70.5257	67.3654	62.79749999999999	62.157700000000006	56.991	64.4323	61.802800000000005	60.6935	71.4572	68.7915	66.4623	65.3844	66.1941	67.36959999999999	66.80239999999999	66.6854	67.6215	67.0518	66.7773	67.7114	67.09570000000001	67.2014	68.30000000000001	67.4675	67.4286	68.16680000000001	67.6849	67.4491	68.2237	67.4216	67.3087	68.4041	67.708	67.5125	68.2106	68.03630000000001	67.7466	68.6697	67.9736	67.5426	68.6797	67.9084	67.4647	68.4848	67.7869	67.4889	68.7311	68.0026	67.87389999999999	68.6634	68.10040000000001	67.8035	68.6288	68.0913	67.80199999999999	68.5104	68.0365	67.5863	68.681	68.093	67.58579999999999	68.73700000000001	68.0106	67.7388	68.6744	68.1332	67.7593	68.5497	67.9902	67.4821	68.5317	67.9045	67.61970000000001	68.608	67.9147	67.6064	68.3284	67.9226	67.4014	68.1391	67.59920000000001	67.204	68.0881	67.446	67.1305	67.8566	67.23479999999999	66.7809	67.6324	66.8055	66.6426	67.22	66.5718	66.0979	66.8981	66.0703	65.8605	66.5544
FGC2634_s_2_1_CGGTTACGGC-AAGACTATAG_FGC2634_s_2_2_CGGTTACGGC-AAGACTATAG	83.5328	65.61489999999999	72.6026	70.1858	63.9003	62.3676	57.4168	64.0969	61.4359	60.855000000000004	70.8168	68.50460000000001	67.0481	65.6705	66.2303	67.9976	67.054	66.6187	67.9523	67.1008	66.7696	68.1172	67.2709	67.1346	68.599	67.6638	67.3504	68.7087	67.88640000000001	67.522	68.76400000000001	67.8192	67.4606	68.7761	67.8636	67.622	68.8897	68.0794	67.75179999999999	69.0105	68.2886	67.7846	69.1317	68.14489999999999	67.7047	69.0146	68.1079	67.7446	69.1744	68.2963	67.95360000000001	69.2312	68.3725	67.90610000000001	69.1032	68.30709999999999	67.876	69.0902	68.266	67.8303	69.1156	68.38929999999999	67.9072	69.2702	68.3319	67.9384	69.1461	68.3389	67.82820000000001	69.0981	68.2525	67.8082	69.0604	68.2525	67.8593	69.1362	68.2282	67.7237	68.8777	68.05799999999999	67.5335	68.7572	67.9068	67.4208	68.5933	67.6848	67.21629999999999	68.2998	67.3857	66.88690000000001	68.0597	67.0388	66.6291	67.6056	66.682	66.1559	67.1411	66.16109999999999	65.6862	66.6628
FGC2634_s_2_1_CGTTATTCTA-CCATAAGGTT_FGC2634_s_2_2_CGTTATTCTA-CCATAAGGTT	84.0029	66.4472	72.8831	69.1909	63.253800000000005	61.5721	56.1507	63.9722	61.088	60.0391	70.8972	68.4589	66.4988	65.31099999999999	65.85210000000001	67.1557	66.7509	66.4514	67.5258	67.23649999999999	66.7702	67.7343	67.2013	67.09389999999999	68.3587	67.6364	67.3439	68.1529	67.714	67.3395	68.2542	67.4572	67.3358	68.3792	67.8205	67.4734	68.2709	68.0777	67.52289999999999	68.6074	67.95949999999999	67.56060000000001	68.7774	67.9007	67.5257	68.5882	67.9721	67.4848	68.7326	68.0269	67.8794	68.6267	68.23179999999999	67.68220000000001	68.5475	68.15780000000001	67.8466	68.5959	68.2025	67.62599999999999	68.7259	68.279	67.5375	68.6797	68.0846	67.6964	68.7073	68.3482	67.8434	68.744	68.2776	67.5773	68.6152	68.1013	67.6891	68.7321	68.133	67.75179999999999	68.4841	68.3455	67.6009	68.39070000000001	67.9974	67.3644	68.3981	67.8609	67.384	68.2406	67.7187	67.0885	68.0441	67.33630000000001	67.1043	67.7946	67.2631	66.6182	67.431	66.7266	66.3876	67.2462
FGC2634_s_2_1_CTAGTGCTCT-TGGAACAGTA_FGC2634_s_2_2_CTAGTGCTCT-TGGAACAGTA	84.9064	66.33019999999999	71.8243	68.7375	62.91	62.029599999999995	56.8078	63.2295	61.6766	60.6436	70.83030000000001	69.3171	67.2558	65.1517	66.0983	67.4401	66.422	66.4448	67.7171	66.7995	66.9477	67.941	66.9535	67.3283	68.5575	67.18849999999999	67.333	68.2901	67.2633	67.37570000000001	68.35369999999999	67.0432	67.4554	68.5797	67.3707	67.4277	68.4081	67.6585	67.62599999999999	68.7386	67.5869	67.5296	68.9078	67.4812	67.55630000000001	68.6811	67.4692	67.535	68.7851	67.5586	67.8398	68.67999999999999	67.8134	67.6802	68.6061	67.7049	67.7594	68.7271	67.7178	67.5381	68.8069	67.7273	67.4716	68.6082	67.5065	67.633	68.64959999999999	67.6989	67.71509999999999	68.6091	67.59479999999999	67.362	68.3855	67.2407	67.2609	68.30969999999999	67.14179999999999	67.1811	67.9375	67.1168	66.8678	67.5826	66.65100000000001	66.4331	67.3485	66.25750000000001	66.1408	66.92	65.8669	65.60510000000001	66.4437	65.189	65.2106	65.7799	64.77239999999999	64.4466	65.1721	64.0108	64.0536	64.7976
FGC2634_s_2_1_CTATTACTAC-GAGTCTCTCC_FGC2634_s_2_2_CTATTACTAC-GAGTCTCTCC	82.5254	66.3285	73.4025	69.8171	63.717400000000005	61.8378	56.1605	64.07119999999999	60.9265	60.0331	70.8022	68.1955	66.2414	65.3766	65.7708	66.9594	66.7386	66.3296	67.1849	67.1813	66.5821	67.4274	67.08380000000001	66.8989	68.05099999999999	67.6019	67.18499999999999	67.8686	67.6988	67.2176	67.9332	67.46180000000001	67.0407	68.0778	67.7976	67.1477	67.9161	67.9609	67.2911	68.29849999999999	68.0856	67.2566	68.41000000000001	67.9227	67.3036	68.214	67.8921	67.3056	68.4625	68.0495	67.6831	68.3717	68.1292	67.613	68.29039999999999	68.1208	67.636	68.2679	68.1581	67.4807	68.4272	68.2815	67.3999	68.4155	68.1032	67.4278	68.32639999999999	68.2738	67.5681	68.3338	68.1248	67.31230000000001	68.293	68.0378	67.4574	68.37530000000001	67.9563	67.4658	68.1257	68.1404	67.29429999999999	68.0009	67.7172	67.0341	67.9314	67.6015	66.9311	67.6714	67.3569	66.5666	67.39659999999999	66.9234	66.4769	67.1103	66.7388	65.9677	66.6224	66.1125	65.6284	66.349
FGC2634_s_2_1_CTGCGAGCCA-AATCCGGCCA_FGC2634_s_2_2_CTGCGAGCCA-AATCCGGCCA	84.8599	66.3017	72.5002	68.86280000000001	63.3724	62.3641	56.52009999999999	63.942600000000006	61.5937	60.043899999999994	70.7066	68.8733	66.7689	65.3799	66.25919999999999	67.4018	66.6589	66.52470000000001	67.44250000000001	66.8453	66.9747	67.78309999999999	67.1521	67.3318	68.2629	67.3608	67.3549	68.1147	67.4761	67.4832	68.205	67.3963	67.4523	68.38640000000001	67.5921	67.5224	68.3233	67.7674	67.7101	68.4157	67.8607	67.6992	68.6497	67.6766	67.69279999999999	68.4775	67.8045	67.69460000000001	68.6159	67.8898	67.8781	68.5975	67.9426	67.84599999999999	68.6318	68.0039	67.9422	68.6298	67.9543	67.84949999999999	68.6854	67.9633	67.87440000000001	68.6759	67.97879999999999	67.8698	68.64829999999999	68.0234	67.8943	68.5728	67.9558	67.8171	68.6126	67.8579	67.8251	68.63040000000001	67.8813	67.789	68.4531	67.8373	67.666	68.32350000000001	67.6829	67.5336	68.2304	67.5282	67.3872	68.0326	67.2935	67.0839	67.79129999999999	66.9394	66.85839999999999	67.3965	66.6839	66.4654	66.9871	66.1586	66.1113	66.666
FGC2634_s_2_1_CTTGCCATTA-ATCACGAAGG_FGC2634_s_2_2_CTTGCCATTA-ATCACGAAGG	84.1794	66.5173	72.02	69.7577	62.72370000000001	61.496700000000004	56.1141	63.066100000000006	60.8616	60.2116	70.68299999999999	68.6243	66.8515	65.1789	65.5262	67.3771	66.4016	66.0177	67.4552	66.79990000000001	66.39779999999999	67.6989	66.9149	66.793	68.2692	67.199	66.8888	68.0894	67.295	66.9413	68.2464	67.14670000000001	66.9347	68.3103	67.3697	66.9836	68.1627	67.6546	67.1713	68.614	67.6362	67.0368	68.632	67.5528	67.11510000000001	68.42970000000001	67.5279	67.1499	68.5921	67.5347	67.3566	68.5434	67.73780000000001	67.18889999999999	68.3188	67.6392	67.2595	68.46170000000001	67.71350000000001	67.1498	68.61110000000001	67.7756	67.0865	68.5413	67.525	67.22789999999999	68.4951	67.77159999999999	67.288	68.49340000000001	67.7756	66.9864	68.3885	67.51350000000001	67.0855	68.4418	67.49969999999999	67.04560000000001	68.184	67.6159	66.9355	68.0163	67.19810000000001	66.6416	67.92240000000001	67.0172	66.4833	67.5652	66.659	66.06309999999999	67.3055	66.1973	65.87049999999999	66.8235	66.0151	65.21209999999999	66.2678	65.2416	64.93379999999999	65.95
FGC2634_s_2_1_GAACTGAGCG-TCGTGGAGCG_FGC2634_s_2_2_GAACTGAGCG-TCGTGGAGCG	84.5291	64.5549	70.9096	67.2208	61.88399999999999	60.239399999999996	55.4047	61.8012	60.1492	58.8638	69.1808	67.2731	65.7346	63.448800000000006	65.24180000000001	65.84309999999999	64.8733	65.776	65.9656	65.8002	65.8477	66.9072	65.30369999999999	66.32639999999999	67.53280000000001	66.5066	66.6156	66.7337	66.6049	66.8356	66.8292	66.411	65.7821	67.3963	66.50150000000001	65.7905	66.55630000000001	66.8082	66.1594	67.8125	66.0223	66.8653	67.7946	66.7368	65.7616	66.97030000000001	66.6705	66.11540000000001	67.953	66.7387	66.1651	67.14139999999999	66.1688	66.7608	67.55210000000001	66.7142	66.6839	66.9048	66.7371	65.989	66.85459999999999	67.0442	66.1319	67.5586	66.6283	65.9779	66.6837	66.7473	65.8361	66.6273	65.6969	65.6246	66.9803	66.4897	66.4336	67.19969999999999	66.289	66.1797	67.0128	66.2556	65.9961	66.5215	65.8733	65.50399999999999	66.2779	65.4209	65.1556	65.8218	64.871	64.6933	65.36699999999999	64.2303	64.1495	64.6487	63.8358	63.5188	64.072	63.1139	63.0587	63.6142
FGC2634_s_2_1_GAAGCGGCAC-CGGCTCTACT_FGC2634_s_2_2_GAAGCGGCAC-CGGCTCTACT	84.4273	66.7195	72.4266	70.029	63.260799999999996	62.0918	56.610400000000006	63.2228	61.229	60.5907	70.8331	69.00619999999999	67.44409999999999	65.4962	65.99770000000001	67.6248	66.67729999999999	66.4682	67.8691	67.23219999999999	66.9486	68.1282	67.2752	67.2731	68.8247	67.6251	67.4059	68.4883	67.623	67.41329999999999	68.6356	67.471	67.40559999999999	68.7942	67.7778	67.4534	68.5907	68.08720000000001	67.70230000000001	69.0449	68.0414	67.6399	69.1208	67.97879999999999	67.581	68.9111	67.893	67.5375	69.0942	67.9809	67.8875	68.96379999999999	68.2051	67.7621	68.82390000000001	68.0463	67.82669999999999	68.9562	68.1391	67.6255	69.0813	68.2338	67.5513	68.9804	67.9395	67.6901	68.9675	68.2017	67.8292	69.01389999999999	68.2111	67.5447	68.86250000000001	67.8848	67.5664	68.9072	67.8524	67.5804	68.5842	68.036	67.4197	68.4627	67.5806	67.067	68.268	67.3305	66.8814	67.976	67.0331	66.4572	67.6503	66.5215	66.2915	67.2186	66.2423	65.6101	66.5911	65.4987	65.243	66.2668
FGC2634_s_2_1_GACACCATGT-TCAACGTGTA_FGC2634_s_2_2_GACACCATGT-TCAACGTGTA	83.6727	66.81139999999999	73.297	70.08250000000001	63.923300000000005	62.3381	56.471199999999996	64.2482	61.4533	60.35359999999999	70.9993	68.6701	66.80930000000001	65.7803	66.07600000000001	67.4207	66.9381	66.514	67.6559	67.3358	66.9326	67.8632	67.3961	67.206	68.4011	67.7011	67.3621	68.3343	67.8131	67.40429999999999	68.3768	67.6463	67.4184	68.4818	67.8786	67.47760000000001	68.42190000000001	68.1127	67.6382	68.6313	68.0845	67.54639999999999	68.8124	68.0331	67.6331	68.6675	68.022	67.58370000000001	68.7418	68.1048	67.874	68.6983	68.27720000000001	67.6969	68.5412	68.1893	67.7776	68.6777	68.22160000000001	67.6874	68.7834	68.285	67.6408	68.6945	68.111	67.73209999999999	68.7315	68.32169999999999	67.8385	68.6824	68.2664	67.578	68.5826	68.0682	67.62310000000001	68.66489999999999	68.0728	67.63329999999999	68.4673	68.1473	67.5134	68.3236	67.9052	67.29119999999999	68.278	67.726	67.20960000000001	68.06830000000001	67.5505	66.9363	67.8943	67.2358	66.91890000000001	67.6078	67.0697	66.4088	67.1697	66.5266	66.1403	66.9803
FGC2634_s_2_1_GACTGAGTAG-GTTGATAGTG_FGC2634_s_2_2_GACTGAGTAG-GTTGATAGTG	84.71459999999999	65.7714	70.3746	68.2973	62.016000000000005	61.7354	55.516	62.9377	61.1882	59.8266	70.3138	68.2473	66.2479	64.747	65.568	67.0796	66.0022	65.80749999999999	66.9832	66.1126	66.0812	67.2709	66.4499	66.6763	67.8799	66.74560000000001	66.68260000000001	67.7728	66.9153	66.8416	67.8527	66.8667	66.82770000000001	68.0019	66.9696	66.89840000000001	67.9712	67.0928	67.13090000000001	68.0728	67.2473	66.98429999999999	68.2244	67.1871	67.0446	68.145	67.2188	67.0847	68.3441	67.3442	67.245	68.3181	67.34609999999999	67.1968	68.265	67.40509999999999	67.2489	68.2364	67.4433	67.1838	68.296	67.4698	67.2582	68.4228	67.3688	67.2525	68.29429999999999	67.45100000000001	67.1996	68.2133	67.3626	67.1758	68.26060000000001	67.3416	67.1956	68.2407	67.3009	67.0087	67.99199999999999	67.1022	66.92519999999999	67.881	66.9966	66.7573	67.6788	66.72829999999999	66.4667	67.3867	66.3918	66.1748	67.1119	66.0633	65.8902	66.6113	65.6703	65.3481	66.12310000000001	65.1113	64.8942	65.6568
FGC2634_s_2_1_GAGAATGGTT-TCGGCAGCAA_FGC2634_s_2_2_GAGAATGGTT-TCGGCAGCAA	83.9712	66.3821	72.7253	70.0564	63.7901	62.0243	56.848	63.990899999999996	61.338800000000006	60.553599999999996	71.08879999999999	68.7874	67.1105	65.7362	65.9215	67.5337	66.8989	66.4243	67.88929999999999	67.3909	66.8823	68.0578	67.4217	67.1336	68.645	67.72200000000001	67.3682	68.4944	67.786	67.38539999999999	68.6237	67.6531	67.42139999999999	68.6638	67.9497	67.4933	68.6296	68.2144	67.6281	68.9476	68.1576	67.5985	69.0572	68.1195	67.5934	68.9119	68.0481	67.60040000000001	68.9815	68.1404	67.9315	68.9704	68.3961	67.7532	68.7964	68.2237	67.8232	68.9267	68.3209	67.7367	69.069	68.3694	67.6564	68.94449999999999	68.1326	67.77720000000001	69.0076	68.4092	67.9147	69.0466	68.4356	67.6408	68.8622	68.179	67.66069999999999	68.94369999999999	68.1867	67.68849999999999	68.7183	68.3583	67.5777	68.64909999999999	68.0432	67.3376	68.5498	67.8698	67.2689	68.3586	67.6541	66.9385	68.1876	67.3292	66.9988	67.93679999999999	67.23010000000001	66.4592	67.47189999999999	66.635	66.20700000000001	67.2288
FGC2634_s_2_1_GAGTCATAGG-GTGTGGCGCT_FGC2634_s_2_2_GAGTCATAGG-GTGTGGCGCT	84.0288	66.1507	71.5541	69.32509999999999	62.9293	62.3669	56.5438	63.7426	61.609	60.4742	71.066	68.9172	67.23179999999999	65.5344	66.282	67.6956	66.79169999999999	66.5545	67.5777	67.1066	66.9193	68.0536	67.1813	67.36999999999999	68.6506	67.7079	67.4573	68.281	67.7666	67.53059999999999	68.4103	67.6738	67.277	68.6758	67.86	67.3351	68.6734	67.789	67.746	68.6521	67.87480000000001	67.4245	69.0235	68.0481	67.4982	68.6095	68.06569999999999	67.5655	69.0239	68.1833	67.7265	68.8006	68.0524	67.8807	68.8761	68.2444	67.9508	68.78790000000001	68.2403	67.6558	68.8466	68.3168	67.735	69.0133	68.1704	67.73519999999999	68.7674	68.286	67.71340000000001	68.7077	68.0455	67.6083	68.85170000000001	68.10199999999999	67.8129	68.9481	68.1119	67.7647	68.7507	68.1048	67.6468	68.6121	67.9084	67.4753	68.5325	67.7149	67.3077	68.2839	67.4336	67.022	68.0215	67.09270000000001	66.78309999999999	67.6261	66.8098	66.3278	67.1721	66.2126	65.93440000000001	66.8035
FGC2634_s_2_1_GATAGGCCGA-CGCACATGGC_FGC2634_s_2_2_GATAGGCCGA-CGCACATGGC	83.3349	65.0494	71.639	69.157	62.951100000000004	62.0404	56.647999999999996	63.2014	61.0345	59.7088	69.8519	68.0224	66.4168	64.903	65.6286	67.21730000000001	66.2094	65.9136	67.10589999999999	66.1911	66.19500000000001	67.32979999999999	66.5601	66.5997	67.84599999999999	66.81479999999999	66.7252	67.879	66.9887	66.9477	67.9546	66.95790000000001	66.8829	68.0395	67.0016	66.9413	68.0022	67.1326	67.1795	68.191	67.3569	67.1396	68.28739999999999	67.2379	67.12519999999999	68.2244	67.3215	67.1585	68.3605	67.398	67.29129999999999	68.3972	67.4996	67.25750000000001	68.3106	67.43430000000001	67.2521	68.3213	67.455	67.2295	68.3045	67.5349	67.4041	68.3956	67.44200000000001	67.32979999999999	68.3179	67.5149	67.2303	68.2127	67.3356	67.1965	68.27210000000001	67.44839999999999	67.2603	68.2949	67.3589	67.06790000000001	68.095	67.22	66.9895	67.9584	67.11580000000001	66.8642	67.8269	66.876	66.58699999999999	67.5197	66.5709	66.3262	67.3049	66.2821	66.0177	66.80430000000001	65.9296	65.609	66.3247	65.3547	65.1348	65.8493
FGC2634_s_2_1_GATCAAGGCA-CCTTGTTAAT_FGC2634_s_2_2_GATCAAGGCA-CCTTGTTAAT	83.9683	66.71669999999999	72.2093	67.8093	63.119499999999995	61.398799999999994	56.3477	64.0283	61.1018	60.0782	71.2296	68.6288	66.562	65.0312	66.0847	66.65729999999999	66.3583	66.4871	66.8237	67.1827	66.8198	67.571	66.8541	67.1634	68.1579	67.6863	67.2881	67.4986	67.7816	67.3896	67.5676	67.62599999999999	66.8807	68.2899	67.88589999999999	67.0104	67.6596	68.1422	67.1219	67.89410000000001	68.1429	67.6279	68.6444	67.5095	67.1511	67.9358	68.0577	67.28460000000001	68.6054	68.1884	67.5001	68.0154	67.7581	67.6635	68.4451	68.2288	67.7925	68.0568	68.1996	67.206	67.9994	68.1454	67.13940000000001	68.3964	68.0211	67.2539	67.8876	68.0528	67.1139	67.692	67.4192	66.75489999999999	67.7251	67.54289999999999	67.1393	67.86280000000001	67.4729	66.9833	67.5153	67.30199999999999	66.6284	67.0909	66.8063	66.1396	66.7191	66.3307	65.7265	66.21209999999999	65.85180000000001	65.1987	65.7332	65.1976	64.7775	65.0588	64.6196	63.9093	64.3596	63.853899999999996	63.461800000000004	63.845
FGC2634_s_2_1_GCAACATGGA-CTTGTCTTAA_FGC2634_s_2_2_GCAACATGGA-CTTGTCTTAA	84.5872	66.1949	71.8257	68.49	62.861	61.8313	55.685399999999994	63.802899999999994	61.2441	59.926500000000004	70.7152	68.50739999999999	66.2704	65.1568	65.8491	67.011	66.4356	66.2424	67.2602	66.678	66.5636	67.52369999999999	66.96379999999999	66.99000000000001	68.0724	67.2612	67.1267	67.94879999999999	67.3167	67.2515	68.01559999999999	67.1802	67.25489999999999	68.1043	67.4645	67.3083	67.9624	67.6214	67.4093	68.258	67.6032	67.4195	68.4515	67.5565	67.3939	68.33449999999999	67.5805	67.3932	68.4092	67.5934	67.6244	68.3799	67.79260000000001	67.4949	68.2547	67.7309	67.58619999999999	68.3947	67.7641	67.5655	68.3875	67.8446	67.5835	68.4015	67.7034	67.5902	68.4612	67.8745	67.7079	68.4319	67.8799	67.5677	68.43249999999999	67.82639999999999	67.6658	68.52329999999999	67.8971	67.6716	68.4435	68.053	67.6431	68.3602	67.8833	67.53829999999999	68.3991	67.8686	67.6439	68.3895	67.7721	67.4996	68.3872	67.5818	67.5111	68.2478	67.6667	67.36410000000001	68.1485	67.4358	67.32209999999999	68.161
FGC2634_s_2_1_GCCGCACTCT-TCCGACCTCG_FGC2634_s_2_2_GCCGCACTCT-TCCGACCTCG	83.0042	65.9325	72.8267	69.72699999999999	63.5068	61.342600000000004	56.6131	63.5861	60.739200000000004	59.7823	70.4284	68.2002	66.7475	65.038	65.4158	67.00399999999999	66.4845	66.1085	67.2775	67.0818	66.4649	67.5408	66.83970000000001	66.62740000000001	68.1683	67.3617	66.8848	67.8729	67.5023	66.9893	67.9939	67.28020000000001	66.7583	68.1794	67.5537	67.0988	68.1497	67.8783	67.1908	68.3057	67.8425	66.9702	68.65790000000001	67.45400000000001	66.9423	68.2371	67.69	66.9915	68.502	67.8037	67.33869999999999	68.34750000000001	67.829	67.30930000000001	68.29610000000001	67.7998	67.3481	68.1794	67.85940000000001	67.0268	68.3288	67.9003	66.87729999999999	68.3233	67.6619	66.9196	68.1478	67.8103	66.9975	68.0763	67.491	66.6276	67.899	67.32169999999999	66.642	67.80030000000001	67.0126	66.4503	67.3253	66.9623	66.0651	66.9131	66.3153	65.5206	66.55640000000001	65.8105	65.0648	65.9477	65.235	64.375	65.2901	64.4954	64.0086	64.67060000000001	64.0364	63.196	63.8752	63.163000000000004	62.754200000000004	63.562799999999996
FGC2634_s_2_1_GCGTGGATGG-TTGACCAATG_FGC2634_s_2_2_GCGTGGATGG-TTGACCAATG	83.7643	65.9007	70.88	66.8523	62.361999999999995	61.33070000000001	56.1026	64.7581	61.515100000000004	60.0182	71.5911	68.56360000000001	65.8531	65.1202	65.7532	66.6427	66.5596	66.2436	67.01820000000001	66.9641	66.5347	67.2313	67.0118	66.89580000000001	67.8377	67.3884	67.1056	67.6019	67.5055	67.1083	67.6599	67.2612	67.07809999999999	67.9313	67.691	67.3094	67.8804	67.8229	67.4307	68.2071	67.7609	67.2396	68.3711	67.8092	67.2919	68.1051	67.809	67.32010000000001	68.3293	67.9292	67.6683	68.18469999999999	68.0139	67.5792	68.1953	68.083	67.6742	68.1282	68.0181	67.45360000000001	68.27879999999999	68.0847	67.34830000000001	68.2737	67.99380000000001	67.4851	68.2418	68.145	67.61009999999999	68.1593	68.0279	67.30669999999999	68.1295	67.8723	67.4187	68.1522	67.8487	67.4571	67.9399	67.9627	67.2604	67.7296	67.56649999999999	66.95259999999999	67.7014	67.43820000000001	66.92479999999999	67.4714	67.2414	66.5613	67.221	66.77250000000001	66.4483	66.8679	66.5763	65.92670000000001	66.4829	66.06030000000001	65.6777	66.2556
FGC2634_s_2_1_GCGTTGGTAT-ACATACTTCC_FGC2634_s_2_2_GCGTTGGTAT-ACATACTTCC	85.0946	68.2624	72.1985	69.22789999999999	63.1586	61.974	56.129799999999996	64.3532	61.962799999999994	60.272999999999996	71.416	68.7942	66.3125	65.4469	65.8591	66.9282	66.6045	66.2114	67.376	67.00779999999999	66.7453	67.5574	67.2454	67.172	68.0589	67.3752	67.0458	67.8396	67.3949	67.0889	67.8725	67.20739999999999	67.13419999999999	68.0761	67.5653	67.1785	67.8903	67.7445	67.2393	68.18570000000001	67.65719999999999	67.2463	68.37060000000001	67.6439	67.3288	68.2551	67.63289999999999	67.259	68.2492	67.66250000000001	67.5304	68.2407	67.8755	67.37530000000001	68.0927	67.82820000000001	67.5303	68.27210000000001	67.8163	67.3188	68.2889	67.8522	67.2401	68.1284	67.6537	67.3575	68.25189999999999	67.8784	67.4918	68.1314	67.78960000000001	67.16	67.9823	67.5176	67.15870000000001	68.0014	67.5192	67.172	67.7924	67.6047	66.9782	67.5856	67.259	66.6906	67.5789	67.1228	66.68990000000001	67.39540000000001	66.9789	66.4377	67.2381	66.6834	66.4427	67.0269	66.5439	66.03320000000001	66.7539	66.1605	65.92670000000001	66.7046
FGC2634_s_2_1_GGAGCGTGTA-ATCCGTAAGT_FGC2634_s_2_2_GGAGCGTGTA-ATCCGTAAGT	83.5105	65.5076	70.5649	66.8902	62.40599999999999	61.3305	56.060900000000004	64.4696	61.376200000000004	59.79560000000001	71.26050000000001	68.1297	65.5553	65.0032	65.7802	66.6012	66.427	66.2025	66.8256	66.7701	66.372	67.1353	66.8084	66.834	67.7175	67.255	66.9974	67.5484	67.4279	67.0454	67.5753	67.1803	66.9402	67.82740000000001	67.48729999999999	67.2167	67.6704	67.816	67.3792	68.11009999999999	67.56790000000001	67.28840000000001	68.0768	67.4947	67.1295	67.9721	67.6421	67.17530000000001	68.2226	67.7824	67.5106	68.0645	67.8248	67.426	68.0374	67.8853	67.54639999999999	67.97290000000001	67.87490000000001	67.26299999999999	68.0585	67.8981	67.1934	68.1468	67.7453	67.3111	68.0268	67.9388	67.349	67.94879999999999	67.67229999999999	67.0736	67.8665	67.61880000000001	67.1862	67.8978	67.5297	67.11240000000001	67.6268	67.5497	66.8409	67.3157	67.1332	66.5351	67.1828	66.8878	66.3697	66.84400000000001	66.5352	65.9264	66.4942	65.977	65.6452	65.9716	65.5869	64.9897	65.4523	64.9672	64.6133	65.0621
FGC2634_s_2_1_GGCAAGCCAG-CAAGCATCCG_FGC2634_s_2_2_GGCAAGCCAG-CAAGCATCCG	85.62110000000001	66.305	70.48179999999999	67.5798	62.6047	62.31100000000001	56.82430000000001	64.38850000000001	62.4856	60.772800000000004	71.5341	69.33319999999999	66.8728	65.3841	66.3084	67.23519999999999	66.4941	66.7093	67.70859999999999	67.0834	67.1791	68.0168	67.2118	67.60969999999999	68.5403	67.4203	67.5224	68.1937	67.50389999999999	67.5642	68.2708	67.2859	67.637	68.59809999999999	67.7146	67.7123	68.4096	67.7837	67.7744	68.6503	67.8072	67.77109999999999	68.7929	67.8052	67.69770000000001	68.6353	67.6986	67.65440000000001	68.8068	67.7405	67.9714	68.6339	67.8981	67.8644	68.6336	68.0371	68.0522	68.6773	67.9821	67.7482	68.7234	67.89460000000001	67.7013	68.6999	67.8409	67.9038	68.6853	68.0465	68.0107	68.6884	67.9338	67.71740000000001	68.5586	67.75959999999999	67.792	68.6627	67.84949999999999	67.8188	68.4399	67.91810000000001	67.67689999999999	68.2675	67.6307	67.4246	68.22749999999999	67.486	67.43719999999999	68.0831	67.2762	67.1349	67.9006	66.905	67.0651	67.5603	66.7552	66.537	67.274	66.27420000000001	66.3665	67.0341
FGC2634_s_2_1_GGTAACTCGC-AAGTTGGTGA_FGC2634_s_2_2_GGTAACTCGC-AAGTTGGTGA	82.6147	65.55149999999999	73.3421	69.948	63.0852	60.825700000000005	55.376099999999994	62.656	59.98759999999999	58.9373	69.45519999999999	67.2426	65.4167	64.43860000000001	64.678	66.10000000000001	65.52510000000001	65.3044	66.3053	65.8437	65.48	66.56609999999999	66.0057	65.80460000000001	67.079	66.47420000000001	66.1656	67.0724	66.545	66.4461	67.1426	66.4256	66.0738	67.0408	66.5741	66.2852	66.97	66.6909	66.3314	67.4633	66.7327	66.4087	67.36410000000001	66.8072	66.2026	67.4088	66.6923	66.3449	67.5037	66.666	66.42949999999999	67.4798	66.8527	66.4256	67.1361	66.7053	66.3378	67.3258	66.7415	66.3293	67.17349999999999	67.0412	66.396	67.187	66.7566	66.1787	67.1761	66.93430000000001	66.3275	67.1984	66.688	66.0524	67.1115	66.9379	66.3867	67.18769999999999	66.6566	66.1649	67.039	66.85510000000001	66.1295	66.78349999999999	66.4786	65.7597	66.6044	66.1087	65.4829	66.2312	65.6484	65.1258	65.973	65.1287	64.6625	65.295	64.873	64.1907	64.76140000000001	64.1008	63.7177	64.4045
FGC2634_s_2_1_GGTTGCGAGG-AATAGAGCAA_FGC2634_s_2_2_GGTTGCGAGG-AATAGAGCAA	83.97019999999999	66.393	72.6027	69.9945	63.719800000000006	62.1495	56.558299999999996	63.265899999999995	60.9586	59.9111	70.1322	68.2976	66.9595	65.2995	65.8215	67.2324	66.4353	66.1765	67.4259	66.87480000000001	66.68079999999999	67.76440000000001	66.9481	66.9727	68.3601	67.3766	67.1322	68.0574	67.44200000000001	67.2312	68.1959	67.3478	67.10730000000001	68.4401	67.5903	67.3921	68.2389	67.6456	67.4615	68.6438	67.86680000000001	67.2643	68.7519	67.78229999999999	67.3175	68.5049	67.8357	67.38119999999999	68.7676	67.8691	67.5466	68.62780000000001	67.8675	67.6099	68.6747	67.9295	67.65299999999999	68.5595	67.9734	67.474	68.6508	68.0275	67.47149999999999	68.7342	67.8982	67.4935	68.6644	68.0591	67.60979999999999	68.6133	67.9135	67.4042	68.6443	67.8417	67.5334	68.63709999999999	67.79899999999999	67.54050000000001	68.52080000000001	67.9404	67.4337	68.40889999999999	67.67060000000001	67.20469999999999	68.2797	67.4707	67.0706	68.0217	67.2481	66.7599	67.8721	66.9102	66.625	67.51129999999999	66.70620000000001	66.1608	67.0769	66.13210000000001	65.8099	66.7799
FGC2634_s_2_1_GTATTCCACC-ATGTAGACAA_FGC2634_s_2_2_GTATTCCACC-ATGTAGACAA	83.65010000000001	68.1567	72.0184	69.16499999999999	62.291399999999996	60.807	54.4503	63.49829999999999	60.392	59.060599999999994	70.38640000000001	67.4193	65.1234	64.7016	64.6863	65.8612	65.6802	65.1247	66.2816	66.134	65.39110000000001	66.51310000000001	66.33590000000001	65.9423	67.0816	66.6895	66.09909999999999	66.9838	66.631	66.1724	67.03320000000001	66.5745	66.0019	67.0397	66.79469999999999	66.3417	66.9332	66.9592	66.1642	67.2453	66.9005	66.3698	67.3512	67.00739999999999	66.2037	67.3606	66.8727	66.242	67.36330000000001	66.7803	66.3544	67.3818	67.06609999999999	66.2219	66.90559999999999	66.9183	66.2436	67.29939999999999	67.09429999999999	66.2625	67.0717	67.1339	66.2175	67.1507	66.7388	66.2569	67.231	67.2243	66.4852	67.2555	66.9351	66.1207	67.0382	67.092	66.4609	67.2714	67.1382	66.3498	67.1581	67.35170000000001	66.3635	66.9497	66.9317	65.9524	66.9161	66.84219999999999	66.0725	66.8953	66.6284	65.8554	66.8891	66.4474	66.0589	66.6703	66.54060000000001	65.7252	66.4953	66.2033	65.6134	66.5085
FGC2634_s_2_1_GTCCGTAAGC-CGTGTATCTT_FGC2634_s_2_2_GTCCGTAAGC-CGTGTATCTT	84.92	68.2723	72.832	70.29429999999999	63.585499999999996	61.7679	55.852500000000006	63.9886	61.3377	59.845800000000004	71.1258	68.4612	66.3073	65.5988	65.8501	67.0966	66.5539	65.9395	67.1186	66.8252	66.42519999999999	67.4919	67.1987	66.8664	67.9032	67.303	66.73989999999999	67.7832	67.3934	66.92630000000001	67.8643	67.40509999999999	66.9053	67.985	67.4941	67.0709	67.9541	67.6143	67.06400000000001	67.94059999999999	67.6671	67.03059999999999	68.1678	67.6732	67.1586	68.1323	67.6892	67.1243	68.16	67.65719999999999	67.1879	68.1797	67.7397	67.1407	68.0845	67.7384	67.1709	68.1283	67.72550000000001	67.1091	68.0356	67.7132	67.13090000000001	68.0778	67.6134	67.12089999999999	68.0617	67.69420000000001	67.0706	67.928	67.5395	66.93599999999999	67.8862	67.4865	66.929	67.8798	67.4493	66.7839	67.6609	67.2885	66.7049	67.5571	67.20580000000001	66.5457	67.42580000000001	66.9856	66.42280000000001	67.2404	66.8057	66.2461	67.1819	66.6642	66.1859	66.8831	66.5329	65.93299999999999	66.7208	66.2405	65.7473	66.5139
FGC2634_s_2_1_GTCCTGGATA-CGGTGGCGAA_FGC2634_s_2_2_GTCCTGGATA-CGGTGGCGAA	83.8205	65.5283	72.312	68.96940000000001	62.0287	59.891000000000005	54.6986	62.2786	59.7719	58.3638	69.2523	66.99730000000001	65.064	63.8205	64.064	65.59479999999999	64.8813	64.7351	65.9544	65.3434	64.9529	66.1992	65.5421	65.3919	66.7286	65.898	65.6013	66.6091	65.9392	65.8916	66.7126	65.8783	65.5575	66.5192	65.9795	65.667	66.5374	66.07469999999999	65.7706	66.8894	66.1245	65.7299	66.7486	66.13409999999999	65.52789999999999	66.9759	66.03059999999999	65.7082	67.0138	65.8934	65.7213	66.977	66.1917	65.7624	66.5026	66.0018	65.605	66.7749	66.0167	65.6464	66.5112	66.4154	65.7305	66.54299999999999	65.8842	65.4284	66.54679999999999	66.2021	65.572	66.52940000000001	65.83	65.227	66.3355	66.1217	65.5108	66.2873	65.6333	65.0861	66.0815	65.7539	64.98620000000001	65.62360000000001	65.2205	64.31139999999999	65.19200000000001	64.541	63.8885	64.6161	63.9	63.37429999999999	64.1803	63.25110000000001	62.7941	63.345	62.919000000000004	62.2155	62.7842	62.1077	61.778200000000005	62.449200000000005
FGC2634_s_2_1_GTCTAATGGC-AGTGGTCAGG_FGC2634_s_2_2_GTCTAATGGC-AGTGGTCAGG	84.7177	66.34219999999999	72.8119	69.2253	63.5908	62.082899999999995	56.4225	64.3034	61.7425	60.2674	71.1991	68.8216	66.62	65.72879999999999	66.3381	67.4229	66.8624	66.7212	67.6177	67.2672	67.1189	67.8894	67.4513	67.4563	68.42960000000001	67.6608	67.5144	68.2967	67.7607	67.5869	68.3666	67.6244	67.592	68.5221	67.8627	67.70739999999999	68.443	68.0564	67.7544	68.5804	68.045	67.732	68.8026	68.0261	67.793	68.6271	67.9971	67.73219999999999	68.7174	68.04639999999999	67.994	68.6421	68.2191	67.8275	68.5881	68.1669	67.935	68.6926	68.1743	67.83449999999999	68.74	68.2036	67.7696	68.6719	68.0451	67.9002	68.731	68.2389	67.95320000000001	68.66250000000001	68.1902	67.6975	68.5276	67.9999	67.72409999999999	68.6165	67.9913	67.70570000000001	68.3435	68.0138	67.5562	68.2099	67.7394	67.3245	68.0693	67.5628	67.2056	67.8639	67.3505	66.8848	67.6919	66.9581	66.7729	67.2979	66.7372	66.2425	66.8424	66.1284	65.9361	66.5527
FGC2634_s_2_1_GTGACACGCA-GCTTACGGAC_FGC2634_s_2_2_GTGACACGCA-GCTTACGGAC	84.0322	65.7591	72.23150000000001	68.405	62.8899	61.400600000000004	55.5976	63.653099999999995	60.980999999999995	59.569300000000005	70.4713	67.959	65.66290000000001	64.9043	65.6452	66.6203	66.3572	66.1983	67.0023	66.70009999999999	66.4263	67.2251	66.7873	66.8275	67.8407	67.1364	67.0644	67.6429	67.3047	67.1099	67.7355	67.0436	67.032	67.90079999999999	67.3666	67.1263	67.7979	67.6641	67.3589	68.1622	67.71470000000001	67.3321	68.3497	67.45609999999999	67.197	68.0719	67.5372	67.2515	68.2471	67.67229999999999	67.6718	68.1853	67.7708	67.47760000000001	68.1302	67.7642	67.5601	68.1198	67.7088	67.4319	68.2097	67.8364	67.3357	68.2243	67.7141	67.4198	68.154	67.8895	67.4953	68.1066	67.7315	67.1689	68.0126	67.4971	67.25179999999999	68.0018	67.4014	67.2035	67.6873	67.5281	66.9672	67.4436	67.0595	66.5692	67.30890000000001	66.8211	66.4122	66.9683	66.4911	65.9566	66.5961	65.9109	65.73360000000001	66.0667	65.6065	65.0331	65.5812	64.8896	64.6286	65.1876
FGC2634_s_2_1_GTGCAGACAG-TACCATCCGT_FGC2634_s_2_2_GTGCAGACAG-TACCATCCGT	84.128	66.6276	73.4618	69.7881	63.829899999999995	61.935700000000004	56.5546	64.30749999999999	61.48780000000001	60.3553	71.2422	68.74759999999999	66.7335	65.7991	66.2348	67.3807	66.93440000000001	66.628	67.7007	67.4417	67.0536	67.94630000000001	67.528	67.3627	68.4856	67.78	67.4732	68.30239999999999	67.86609999999999	67.5372	68.4005	67.7698	67.53620000000001	68.5663	68.04289999999999	67.65520000000001	68.50699999999999	68.2766	67.7361	68.6986	68.1538	67.7207	68.8677	68.1795	67.7295	68.6945	68.11009999999999	67.6894	68.8481	68.193	68.0026	68.74860000000001	68.37870000000001	67.8713	68.6038	68.3248	67.9434	68.7245	68.3201	67.8108	68.8214	68.394	67.7265	68.7818	68.217	67.882	68.8203	68.4588	67.9505	68.8173	68.4111	67.7349	68.6601	68.1955	67.73780000000001	68.7513	68.20960000000001	67.77109999999999	68.4917	68.2968	67.6121	68.398	67.973	67.36529999999999	68.2442	67.7819	67.2285	68.0121	67.55600000000001	66.92519999999999	67.8203	67.1661	66.8706	67.4435	66.9243	66.2386	66.9713	66.3172	65.9115	66.6185
FGC2634_s_2_1_TAAGCATCCA-TCAATCCATT_FGC2634_s_2_2_TAAGCATCCA-TCAATCCATT	83.06989999999999	64.2021	71.1357	67.7685	61.655499999999996	59.3749	54.869299999999996	61.6823	59.19990000000001	57.8327	68.5678	66.3882	64.87049999999999	63.080099999999995	64.0023	65.2246	64.5134	64.4571	65.3555	64.98049999999999	64.6562	65.7405	64.7408	64.9814	66.3822	65.4527	65.24419999999999	65.98049999999999	65.6886	65.39399999999999	66.121	65.4915	65.0115	66.4634	65.31519999999999	65.159	66.185	65.8948	65.60629999999999	66.3593	65.6802	65.5802	66.8763	65.57929999999999	65.263	66.3466	65.9426	65.3296	66.8985	66.0431	65.7036	66.591	65.92280000000001	65.57809999999999	66.767	66.0998	65.769	66.5752	66.1125	65.4736	66.57300000000001	66.2529	65.54910000000001	66.9067	66.12740000000001	65.672	66.5755	66.194	65.496	66.5252	65.8226	65.3296	66.5778	65.9851	65.6378	66.733	65.9289	65.5304	66.4832	65.8279	65.3095	66.2189	65.593	65.0916	66.0539	65.3531	64.8107	65.7392	64.9383	64.39200000000001	65.3703	64.5181	64.1964	64.8571	64.1604	63.58279999999999	64.2664	63.452200000000005	63.09669999999999	63.885999999999996
FGC2634_s_2_1_TAGCATAACC-GCTATGCGCA_FGC2634_s_2_2_TAGCATAACC-GCTATGCGCA	83.6642	66.5219	73.7162	70.2537	63.957699999999996	62.18	56.4576	63.993199999999995	61.2247	60.3833	70.83319999999999	68.6203	66.83	65.63550000000001	66.0377	67.3609	66.8455	66.52789999999999	67.6858	67.2873	66.9369	67.8636	67.3377	67.1612	68.43350000000001	67.62599999999999	67.3501	68.28410000000001	67.7422	67.4117	68.3723	67.58239999999999	67.4058	68.4759	67.76140000000001	67.49629999999999	68.3891	68.0848	67.5653	68.6091	68.0034	67.5292	68.8202	67.9621	67.5732	68.6216	67.9077	67.51599999999999	68.7222	67.9805	67.8691	68.6599	68.20779999999999	67.669	68.5116	68.08840000000001	67.7414	68.6264	68.1366	67.6151	68.7578	68.22399999999999	67.5733	68.6782	68.01559999999999	67.6759	68.695	68.23129999999999	67.78020000000001	68.7143	68.1917	67.5227	68.5491	67.98530000000001	67.5711	68.633	67.9691	67.5974	68.3758	68.1161	67.431	68.2732	67.7501	67.167	68.1523	67.5666	67.0638	67.9326	67.3717	66.7675	67.7385	67.0037	66.7447	67.4169	66.8315	66.176	66.9315	66.23219999999999	65.8717	66.64179999999999
FGC2634_s_2_1_TAGTTCGGTA-CCATGTGTAG_FGC2634_s_2_2_TAGTTCGGTA-CCATGTGTAG	84.56620000000001	66.04480000000001	71.89410000000001	68.7662	63.44220000000001	62.7047	56.4811	64.2867	61.974399999999996	60.4858	70.9655	68.77539999999999	66.6565	65.64020000000001	66.42620000000001	67.62129999999999	66.8342	66.7029	67.6047	66.95259999999999	67.0411	67.8651	67.3382	67.4422	68.35520000000001	67.54339999999999	67.49629999999999	68.343	67.729	67.67450000000001	68.45949999999999	67.6771	67.7029	68.5771	67.74419999999999	67.78999999999999	68.58999999999999	67.908	67.9183	68.6821	68.1155	67.9041	68.7996	67.97710000000001	67.9451	68.7556	68.0721	67.96140000000001	68.91000000000001	68.1968	68.07069999999999	68.9152	68.18560000000001	68.0826	68.8721	68.2548	68.1125	68.8733	68.2335	68.0402	68.9332	68.2727	68.1352	68.9872	68.23559999999999	68.1748	68.9226	68.2713	68.1045	68.8449	68.2235	68.0863	68.9057	68.23660000000001	68.1091	68.9269	68.2445	68.01310000000001	68.7729	68.0681	67.93209999999999	68.7028	68.0325	67.8759	68.587	67.88640000000001	67.74029999999999	68.4472	67.70230000000001	67.51700000000001	68.28920000000001	67.4509	67.3704	67.9426	67.2379	66.98859999999999	67.56569999999999	66.8366	66.6602	67.2544
FGC2634_s_2_1_TATGCCTTAC-AGACACATTA_FGC2634_s_2_2_TATGCCTTAC-AGACACATTA	83.9141	65.7706	71.0865	67.9191	62.8525	61.9483	56.5805	64.4944	61.6023	60.2363	71.3415	68.5284	66.2036	65.3896	66.0266	67.2353	66.7612	66.3643	67.3726	66.9117	66.6326	67.5423	67.1551	67.0417	68.1384	67.4543	67.1905	68.06400000000001	67.6187	67.2742	68.1281	67.4395	67.2397	68.2569	67.6276	67.3338	68.1782	67.9432	67.5372	68.4573	67.89359999999999	67.4046	68.5476	67.8677	67.4662	68.3932	67.8723	67.4639	68.58720000000001	68.0025	67.75280000000001	68.5411	68.0575	67.7091	68.4894	68.0608	67.7064	68.4721	68.03479999999999	67.6007	68.6109	68.1226	67.5741	68.5548	68.01859999999999	67.6429	68.5436	68.1244	67.6763	68.4495	68.0019	67.4678	68.4375	67.8614	67.4837	68.4015	67.8231	67.48610000000001	68.1748	67.8511	67.2502	67.94930000000001	67.4926	66.9627	67.85600000000001	67.2551	66.79169999999999	67.4998	66.99000000000001	66.39070000000001	67.18260000000001	66.4667	66.0791	66.663	66.0856	65.49199999999999	66.1535	65.47309999999999	65.0559	65.7003
FGC2634_s_2_1_TATGTAGTCA-CGCACTAATG_FGC2634_s_2_2_TATGTAGTCA-CGCACTAATG	84.3954	65.4683	72.2247	68.8922	62.9888	61.541199999999996	55.7018	63.414	61.13849999999999	59.4004	69.9895	67.76769999999999	65.7293	64.7571	65.6065	66.76530000000001	65.9824	65.83099999999999	66.6944	66.0844	66.1262	66.9663	66.39359999999999	66.51650000000001	67.4954	66.6356	66.5915	67.4298	66.8289	66.77680000000001	67.4808	66.76140000000001	66.7282	67.6219	66.8233	66.8364	67.5907	67.0339	66.8844	67.6803	67.1513	66.847	67.83970000000001	67.0068	66.9589	67.7382	67.1411	66.9525	67.9282	67.17790000000001	67.0867	67.8862	67.1836	67.0488	67.8595	67.2447	67.0885	67.8115	67.21249999999999	66.9906	67.8401	67.24560000000001	67.0758	67.9722	67.223	67.0968	67.8648	67.2475	67.036	67.7996	67.16539999999999	67.00150000000001	67.8336	67.163	67.01740000000001	67.8226	67.1134	66.89110000000001	67.60549999999999	66.9356	66.7697	67.4933	66.86229999999999	66.6249	67.2935	66.62700000000001	66.3713	67.0695	66.3238	66.0587	66.81960000000001	65.9911	65.8054	66.3289	65.6493	65.3486	65.8874	65.11	64.8968	65.4185
FGC2634_s_2_1_TATTGCGCTC-CTGTGTTAGG_FGC2634_s_2_2_TATTGCGCTC-CTGTGTTAGG	84.224	65.755	72.3962	69.7614	63.736599999999996	62.41	57.201800000000006	64.1964	61.763400000000004	60.5158	70.9671	68.8943	67.1241	65.6809	66.1891	67.7229	66.92	66.50019999999999	67.7829	67.1088	66.9647	68.06219999999999	67.357	67.2974	68.55940000000001	67.61789999999999	67.3835	68.4217	67.701	67.4783	68.5433	67.5944	67.5009	68.6636	67.77969999999999	67.5589	68.5721	67.9201	67.67790000000001	68.7794	68.0467	67.6478	68.88069999999999	67.9539	67.69539999999999	68.7797	68.006	67.6915	68.91770000000001	68.0678	67.8428	68.8853	68.1415	67.823	68.8088	68.0913	67.8561	68.81009999999999	68.0744	67.7286	68.8368	68.1082	67.73979999999999	68.78410000000001	67.98920000000001	67.70389999999999	68.77109999999999	68.06219999999999	67.7526	68.684	67.95949999999999	67.5662	68.618	67.7933	67.4965	68.5528	67.7186	67.396	68.28800000000001	67.6516	67.1661	68.0411	67.2978	66.863	67.8195	67.0163	66.5997	67.4396	66.6392	66.1694	67.0937	66.1206	65.8118	66.5326	65.7479	65.2382	65.9204	65.0224	64.7015	65.4705
FGC2634_s_2_1_TCAGAAGGCG-GGCCATCATA_FGC2634_s_2_2_TCAGAAGGCG-GGCCATCATA	85.13629999999999	68.50110000000001	72.7662	69.9405	63.721399999999996	62.3533	56.045199999999994	63.9583	61.602500000000006	60.2799	71.1585	68.7239	66.5404	65.6345	65.9813	67.1015	66.6541	66.31089999999999	67.5339	67.1536	66.8744	67.74029999999999	67.3908	67.28110000000001	68.3232	67.5617	67.2108	68.0805	67.5648	67.2872	68.1719	67.4023	67.3611	68.348	67.7906	67.3731	68.13709999999999	67.9836	67.4394	68.4474	67.86280000000001	67.48610000000001	68.6269	67.87769999999999	67.512	68.5136	67.8424	67.4564	68.5259	67.8343	67.7249	68.4845	68.0266	67.5909	68.3247	67.9763	67.6546	68.5273	67.99260000000001	67.54719999999999	68.5638	68.0365	67.4471	68.3678	67.821	67.5187	68.4702	68.0136	67.72590000000001	68.4439	68.0346	67.3516	68.26140000000001	67.7294	67.361	68.2763	67.7674	67.4242	68.0881	67.86710000000001	67.23989999999999	67.8881	67.5115	66.89110000000001	67.8726	67.2928	66.8971	67.6452	67.1521	66.6725	67.5308	66.87870000000001	66.622	67.2813	66.7447	66.2002	66.949	66.2897	66.0536	66.879
FGC2634_s_2_1_TCATAGATTG-GATTAAGGTG_FGC2634_s_2_2_TCATAGATTG-GATTAAGGTG	85.0292	68.4315	71.7815	69.6355	63.2441	62.590900000000005	56.5219	63.726099999999995	61.91330000000001	60.8754	71.2311	69.0136	66.9736	65.7532	66.26429999999999	67.5342	66.8145	66.7227	68.07839999999999	67.3766	67.1018	68.2649	67.5632	67.6888	68.87729999999999	67.7436	67.65440000000001	68.5649	67.7665	67.634	68.71979999999999	67.57950000000001	67.7085	68.8725	67.9543	67.7169	68.5925	68.1028	67.7942	68.9629	68.0181	67.8161	69.15599999999999	68.1173	67.7632	68.9808	67.9535	67.7113	69.0518	68.0076	68.0335	68.9706	68.195	67.8515	68.77109999999999	68.15090000000001	67.97840000000001	69.0257	68.2002	67.805	69.0034	68.2084	67.6878	68.905	67.9568	67.8658	68.9833	68.182	68.0218	68.964	68.234	67.7697	68.8165	68.0171	67.78410000000001	68.9308	68.1335	67.8405	68.7076	68.2354	67.7239	68.6082	67.88459999999999	67.4521	68.5601	67.7536	67.5416	68.4689	67.66539999999999	67.2878	68.4216	67.4523	67.3914	68.2467	67.3847	66.97279999999999	68.0311	67.0621	66.93010000000001	67.9781
FGC2634_s_2_1_TCCATTGCCG-GAATGCACGA_FGC2634_s_2_2_TCCATTGCCG-GAATGCACGA	83.25479999999999	65.69500000000001	73.2646	70.0488	63.8061	61.778999999999996	56.743900000000004	63.8246	61.0112	60.0692	70.665	68.3511	66.7022	65.38239999999999	65.9424	67.3331	66.8218	66.58380000000001	67.4917	67.2646	66.75999999999999	67.8192	67.0911	67.0739	68.4644	67.7176	67.41460000000001	68.2396	67.8656	67.4584	68.3165	67.6258	67.2166	68.4785	67.6437	67.4813	68.4773	68.01859999999999	67.4653	68.64909999999999	68.2555	67.68809999999999	69.0019	68.08959999999999	67.4204	68.5461	68.0592	67.4696	68.884	68.1541	67.8149	68.73989999999999	68.2555	67.8203	68.6604	68.2097	67.8759	68.5515	68.2288	67.5913	68.6739	68.38119999999999	67.5532	68.7952	68.1656	67.58370000000001	68.5554	68.3366	67.6466	68.5754	68.1083	67.387	68.5333	68.0952	67.628	68.6622	67.9765	67.5241	68.33510000000001	68.10159999999999	67.3322	68.1676	67.6366	67.0449	68.0325	67.484	66.8941	67.7744	67.1524	66.4883	67.4196	66.6425	66.3055	67.0175	66.4476	65.7508	66.4542	65.7212	65.3416	66.1515
FGC2634_s_2_1_TCTCATGATA-AACACGTGGA_FGC2634_s_2_2_TCTCATGATA-AACACGTGGA	83.8376	66.2665	70.2503	66.5388	62.917100000000005	62.1375	57.1486	65.2577	62.0619	60.9154	72.1583	68.97720000000001	66.3928	65.6117	66.5897	67.3035	67.1389	67.0389	67.5607	67.5334	67.0418	67.8554	67.3312	67.5301	68.4619	67.9834	67.7454	68.07079999999999	68.1532	67.7499	68.11540000000001	67.8796	67.4278	68.5262	67.8827	67.8462	68.1662	68.496	67.7073	68.4756	68.39150000000001	67.6049	68.6052	68.0199	67.5538	68.3996	68.2277	67.6199	68.8712	68.43390000000001	67.9872	68.53320000000001	68.3367	68.0273	68.7401	68.53059999999999	68.124	68.4188	68.4585	67.67	68.55290000000001	68.5138	67.6236	68.8271	68.4284	67.77250000000001	68.5457	68.55160000000001	67.7877	68.496	68.1897	67.5475	68.5311	68.3039	67.89269999999999	68.69	68.3249	67.88250000000001	68.4159	68.329	67.6129	68.1401	67.9746	67.34740000000001	68.1444	67.7963	67.35	67.8949	67.6007	66.9778	67.6051	67.1118	66.7857	67.2109	66.851	66.2497	66.9273	66.39009999999999	66.0074	66.56410000000001
FGC2634_s_2_1_TCTGGTATCC-CGTTGCTTAC_FGC2634_s_2_2_TCTGGTATCC-CGTTGCTTAC	82.7986	66.8021	72.6212	68.6594	64.8525	61.721599999999995	57.918099999999995	64.8049	60.9931	60.4677	71.5308	68.3104	67.4281	65.3119	66.63289999999999	66.5791	66.509	67.11789999999999	66.91629999999999	68.3176	67.34440000000001	68.30770000000001	66.79159999999999	67.4609	68.81	68.5345	67.7455	67.2915	68.49730000000001	67.6558	67.3102	68.28410000000001	66.2941	68.6851	67.22789999999999	67.7375	67.3257	68.9007	67.87769999999999	67.6147	67.3571	66.40939999999999	69.1398	68.7114	66.4529	67.5659	68.619	66.8629	69.0737	68.6939	66.8409	67.5442	67.6776	67.9468	68.82979999999999	68.8754	68.1167	67.6167	68.8603	66.5798	67.7141	68.8475	66.5053	68.9267	68.7273	66.6721	67.7704	68.9578	66.82000000000001	67.6617	67.68889999999999	66.4518	68.3484	68.6003	67.8048	68.9692	68.7659	67.8888	68.73899999999999	68.9977	67.7949	68.5999	68.5404	67.5428	68.5503	68.4177	67.5717	68.4212	68.28880000000001	67.25750000000001	68.2038	67.9501	67.2824	68.0317	67.8214	66.79899999999999	67.67490000000001	67.3989	66.6228	67.5702
FGC2634_s_2_1_TGATGTAAGA-GTGCGTCCTT_FGC2634_s_2_2_TGATGTAAGA-GTGCGTCCTT	84.7489	67.2183	72.1543	68.3507	63.567099999999996	62.392199999999995	56.503499999999995	64.8197	61.885999999999996	60.7805	71.71459999999999	69.18849999999999	66.7393	65.8007	66.46560000000001	67.4227	67.1115	66.9048	67.78739999999999	67.4798	67.156	67.9751	67.53869999999999	67.53630000000001	68.49929999999999	67.87950000000001	67.68220000000001	68.3287	67.946	67.7063	68.37180000000001	67.7418	67.7085	68.5698	68.0294	67.81960000000001	68.40220000000001	68.286	67.9379	68.6701	68.1711	67.7932	68.9025	68.13759999999999	67.8472	68.7161	68.123	67.7876	68.8258	68.1974	68.1823	68.733	68.4081	67.938	68.6206	68.3561	68.111	68.7647	68.3349	67.9207	68.7741	68.3695	67.8389	68.7403	68.2385	67.9874	68.78800000000001	68.4242	68.1032	68.74369999999999	68.3877	67.81869999999999	68.58070000000001	68.18950000000001	67.86149999999999	68.68769999999999	68.2424	67.8833	68.4191	68.2815	67.6579	68.2576	67.93169999999999	67.444	68.1694	67.76339999999999	67.35409999999999	67.9936	67.5659	67.0572	67.755	67.1168	66.9237	67.3546	66.8938	66.37349999999999	66.98769999999999	66.3769	66.0877	66.6809
FGC2634_s_2_1_TGATTATACG-GTCGATTACA_FGC2634_s_2_2_TGATTATACG-GTCGATTACA	83.773	66.9377	73.2996	69.5146	63.7142	62.0327	56.0503	64.618	61.568999999999996	60.2477	71.4701	68.7628	66.4072	65.779	66.1567	67.07990000000001	66.9275	66.5872	67.46180000000001	67.45020000000001	66.9809	67.70570000000001	67.5061	67.27300000000001	68.2821	67.82169999999999	67.4355	68.0958	67.8589	67.50150000000001	68.1468	67.7184	67.5177	68.2765	67.9703	67.6283	68.2167	68.2122	67.663	68.4501	68.13510000000001	67.61580000000001	68.6632	68.16029999999999	67.6712	68.50540000000001	68.1024	67.6212	68.60119999999999	68.1789	67.97290000000001	68.5154	68.40220000000001	67.7992	68.36370000000001	68.26729999999999	67.9136	68.5111	68.3104	67.75569999999999	68.57180000000001	68.4072	67.6389	68.4803	68.195	67.7694	68.556	68.4361	67.90230000000001	68.5553	68.3843	67.60119999999999	68.3387	68.1721	67.6303	68.4158	68.1054	67.6492	68.1499	68.2285	67.4602	67.9921	67.8778	67.17840000000001	67.84179999999999	67.60199999999999	67.0243	67.56490000000001	67.3695	66.63170000000001	67.28920000000001	66.8726	66.51820000000001	66.8844	66.62700000000001	65.85210000000001	66.3458	65.92660000000001	65.5092	66.04100000000001
FGC2634_s_2_1_TGGTACCTAA-CATGAGTACT_FGC2634_s_2_2_TGGTACCTAA-CATGAGTACT	83.3988	66.13029999999999	71.3943	67.5111	63.125600000000006	62.0032	56.3215	65.1969	61.6112	60.0296	71.7777	68.4956	65.9217	65.6643	66.3484	67.1322	67.05	66.6122	67.085	67.1954	66.8015	67.4826	67.31869999999999	67.2166	68.0198	67.8557	67.43820000000001	67.8411	68.0205	67.49119999999999	67.8847	67.8573	67.296	68.17020000000001	67.8299	67.6332	68.2178	68.0245	67.5331	68.42819999999999	68.3467	67.4851	68.2745	67.9856	67.5668	68.1786	68.2865	67.6254	68.5234	68.4504	67.8435	68.3564	68.2688	67.81190000000001	68.4779	68.4534	67.90859999999999	68.3299	68.3724	67.72200000000001	68.3257	68.4473	67.7441	68.4874	68.3467	67.7342	68.2815	68.3664	67.5991	68.14750000000001	68.0551	67.474	68.1651	68.1067	67.6279	68.2551	68.0724	67.489	67.9709	67.9028	67.2713	67.7116	67.638	67.023	67.5413	67.40429999999999	66.7665	67.1715	67.0037	66.34790000000001	66.8199	66.51559999999999	65.93130000000001	66.27680000000001	66.0258	65.3919	65.7242	65.4632	64.88000000000001	65.2384
FGC2634_s_2_1_TGTAATCGAC-GATCACCGCG_FGC2634_s_2_2_TGTAATCGAC-GATCACCGCG	83.6345	65.304	72.0848	67.77640000000001	62.65500000000001	61.0101	55.225100000000005	63.721700000000006	60.77590000000001	58.7155	70.1812	67.5107	65.0771	64.525	65.4443	66.0907	65.743	65.8061	66.0855	66.0541	65.95739999999999	66.606	66.26520000000001	66.4062	67.14280000000001	66.7952	66.6235	66.8613	66.913	66.8425	66.9408	66.8746	66.4304	67.1273	66.6289	66.8247	66.8959	66.7767	66.7024	67.1322	67.1736	66.9312	67.1597	67.15520000000001	66.6014	67.2789	67.1532	66.781	67.6657	67.1614	66.7247	67.3715	67.0092	67.0294	67.3996	67.2149	66.9487	67.2694	67.1834	66.7654	67.129	67.4417	66.8456	67.4099	67.1758	66.6399	67.1266	67.3297	66.6186	66.99159999999999	66.7538	66.5274	67.25280000000001	67.1906	66.886	67.157	66.96170000000001	66.6173	67.0687	66.8802	66.496	66.70270000000001	66.6348	66.06840000000001	66.49730000000001	66.1868	65.7676	66.0569	65.72210000000001	65.3994	65.6734	65.145	64.7779	64.9601	64.70230000000001	64.2437	64.3511	63.997499999999995	63.6542	63.8195
FGC2634_s_2_1_TGTCGCTGGT-TCGTCTGACT_FGC2634_s_2_2_TGTCGCTGGT-TCGTCTGACT	84.4254	66.4873	71.9923	68.8824	63.542100000000005	62.48089999999999	57.0362	64.2289	61.758100000000006	60.8116	71.22619999999999	69.0374	67.19319999999999	65.6854	66.3772	67.57560000000001	66.8846	66.8385	68.002	67.4292	67.155	68.191	67.4197	67.5283	68.8165	67.7649	67.6799	68.5104	67.8216	67.6873	68.6251	67.6586	67.676	68.81869999999999	67.9044	67.8271	68.6338	68.2367	67.9706	69.0129	68.0394	67.8952	69.1411	68.0269	67.7957	68.9173	67.9903	67.8013	69.1004	68.1384	68.0971	68.91420000000001	68.31009999999999	67.99539999999999	68.9175	68.2559	68.0338	68.8926	68.2527	67.85419999999999	69.0385	68.31960000000001	67.7979	68.9799	68.1335	67.9411	68.9943	68.3104	68.02510000000001	68.9611	68.2268	67.7298	68.826	68.0601	67.8199	68.9488	68.0696	67.8096	68.63430000000001	68.1229	67.63510000000001	68.4863	67.7812	67.3726	68.3413	67.57180000000001	67.2782	68.1103	67.3241	66.9115	67.89	66.9422	66.84649999999999	67.5095	66.6992	66.2303	67.07889999999999	66.1409	65.9725	66.7569
FGC2634_s_2_1_TTCACGAGAC-AGATTGTTAC_FGC2634_s_2_2_TTCACGAGAC-AGATTGTTAC	84.5895	66.2623	70.9106	67.5264	62.963899999999995	62.5831	56.8681	65.2072	62.4379	60.604499999999994	72.02340000000001	69.4091	66.7361	65.7504	66.5975	67.4996	67.05	66.8434	67.5128	67.2367	67.23740000000001	67.88579999999999	67.5158	67.5832	68.4122	67.7671	67.6223	68.1446	67.8463	67.692	68.2142	67.792	67.65480000000001	68.45989999999999	67.845	67.7327	68.4573	68.0227	67.9778	68.59110000000001	68.0728	67.9229	68.61120000000001	68.12899999999999	67.8566	68.5449	68.1634	67.8674	68.7326	68.2502	68.0377	68.61850000000001	68.2004	68.092	68.7245	68.3485	68.1868	68.62169999999999	68.3096	67.949	68.6606	68.3179	67.9577	68.7456	68.292	68.0169	68.6481	68.3439	67.99589999999999	68.5523	68.1949	67.8994	68.6322	68.1669	67.9637	68.6349	68.1705	67.9462	68.4623	68.0994	67.8161	68.2945	67.9399	67.6254	68.2263	67.7871	67.535	68.0428	67.58420000000001	67.2987	67.816	67.24759999999999	67.0474	67.5111	67.0085	66.6949	67.16499999999999	66.5967	66.41590000000001	66.9007
FGC2634_s_2_1_TTCTACATAC-CTAACTGTAA_FGC2634_s_2_2_TTCTACATAC-CTAACTGTAA	83.6445	66.7225	72.3139	69.8264	63.4698	61.8085	56.214	64.00580000000001	61.105900000000005	60.1804	70.9846	68.3996	66.7097	65.51249999999999	65.69369999999999	67.3156	66.9131	66.3297	67.6951	67.3762	66.6323	67.75710000000001	67.26050000000001	66.9107	68.41040000000001	67.712	67.2008	68.25710000000001	67.7597	67.166	68.3497	67.534	67.1454	68.3865	67.8192	67.2946	68.349	68.1828	67.3698	68.7612	68.05210000000001	67.3416	68.79570000000001	68.0395	67.326	68.60119999999999	67.9401	67.3244	68.7638	68.0536	67.72500000000001	68.69969999999999	68.319	67.5253	68.47290000000001	68.09920000000001	67.5816	68.5997	68.1914	67.4156	68.7493	68.3238	67.3135	68.6283	67.9906	67.4212	68.631	68.26910000000001	67.5474	68.7087	68.1742	67.2296	68.4512	67.9405	67.2463	68.4693	67.8032	67.2187	68.124	67.95649999999999	66.95689999999999	67.9528	67.4549	66.5796	67.7223	67.1527	66.3964	67.3372	66.76100000000001	65.87469999999999	66.90509999999999	66.15990000000001	65.6652	66.4181	65.8279	64.9053	65.73010000000001	64.9999	64.4633	65.3531
FGC2634_s_2_1_TTGGAATTCC-ACGTCAATAC_FGC2634_s_2_2_TTGGAATTCC-ACGTCAATAC	83.8081	64.8766	69.9717	66.71000000000001	61.464600000000004	60.3889	54.96	63.1263	60.3708	58.8707	70.0871	67.1918	64.8482	64.095	64.7479	65.9625	65.4788	65.33409999999999	66.2238	65.7392	65.37650000000001	66.4082	65.9831	65.8817	67.07889999999999	66.3804	66.1655	66.9906	66.5494	66.3181	67.1119	66.4181	66.1397	67.0921	66.446	66.26950000000001	67.1592	66.8516	66.5349	67.3627	66.79220000000001	66.4601	67.5805	66.8346	66.3394	67.4345	66.737	66.4145	67.697	66.9202	66.6831	67.5509	66.9902	66.6653	67.4456	67.0129	66.62989999999999	67.45689999999999	66.9837	66.5633	67.5146	67.2272	66.69709999999999	67.6378	67.0085	66.6406	67.51899999999999	67.1698	66.66260000000001	67.5005	66.9534	66.55499999999999	67.5246	67.19460000000001	66.7468	67.57600000000001	67.06800000000001	66.5855	67.43050000000001	67.107	66.6016	67.28960000000001	66.89359999999999	66.3236	67.1953	66.7337	66.24510000000001	66.9486	66.4504	65.9764	66.8492	66.1285	65.8118	66.4423	65.9048	65.38380000000001	66.10669999999999	65.45100000000001	65.1038	65.7463
FGC2639_s_1_1_AACATCGCGC-GTCCACTTGT_FGC2639_s_1_2_AACATCGCGC-GTCCACTTGT	85.40379999999999	67.30699999999999	72.2338	68.1838	63.2062	62.1487	56.871300000000005	64.5396	62.1196	60.975100000000005	71.8503	69.6024	67.0142	65.5825	66.6307	67.4734	66.8884	66.985	67.7701	67.4208	67.3828	68.0836	67.4992	67.7258	68.7085	67.8112	67.76759999999999	68.3005	67.8991	67.8406	68.41460000000001	67.70150000000001	67.89410000000001	68.7319	67.9953	67.8522	68.5983	68.2076	68.0874	68.8606	68.23219999999999	68.0322	69.0655	68.2123	67.9957	68.8441	68.1522	67.9586	69.0125	68.2038	68.285	68.8065	68.3112	68.1282	68.7639	68.3695	68.2554	68.7462	68.3406	67.98910000000001	68.887	68.2838	67.8703	68.783	68.2059	68.0393	68.806	68.3092	68.1255	68.7203	68.1859	67.7249	68.5403	67.8737	67.7862	68.4819	67.86280000000001	67.6724	68.1488	67.8108	67.3371	67.74940000000001	67.3083	66.889	67.5061	66.8914	66.5845	67.09230000000001	66.5382	66.1524	66.671	65.84299999999999	65.8471	66.03280000000001	65.46039999999999	65.02250000000001	65.47800000000001	64.75750000000001	64.5999	65.0019
FGC2639_s_1_1_AACCATAGAA-GGCGAGATGG_FGC2639_s_1_2_AACCATAGAA-GGCGAGATGG	84.8625	66.7998	72.857	69.57560000000001	63.6528	62.041900000000005	56.889900000000004	63.443099999999994	61.2141	60.136599999999994	70.4837	68.5323	67.0321	65.29129999999999	66.0691	67.2962	66.5167	66.55290000000001	67.66539999999999	67.17880000000001	66.9676	67.98140000000001	66.9931	67.28229999999999	68.65289999999999	67.6191	67.4682	68.2763	67.6196	67.5176	68.3873	67.40899999999999	67.3516	68.7034	67.55879999999999	67.3929	68.58670000000001	68.1369	67.62089999999999	68.7581	67.8571	67.7361	68.93169999999999	67.7763	67.57300000000001	68.75	67.999	67.5859	68.9597	68.0227	67.89309999999999	68.73949999999999	68.0542	67.8511	68.79809999999999	68.167	68.0644	68.752	68.1472	67.6717	68.86250000000001	68.2458	67.6122	68.90690000000001	67.9686	67.7424	68.7795	68.2728	67.87689999999999	68.8508	68.1064	67.5414	68.7653	67.9708	67.7391	68.92160000000001	67.9585	67.8346	68.63709999999999	68.1316	67.6195	68.5016	67.8139	67.3813	68.3844	67.5524	67.2511	68.18650000000001	67.3096	66.8498	67.9182	66.8541	66.8199	67.5442	66.70960000000001	66.20139999999999	67.07509999999999	65.99350000000001	65.8477	66.7526
FGC2639_s_1_1_ACAGTGTATG-GAACATACGG_FGC2639_s_1_2_ACAGTGTATG-GAACATACGG	84.756	64.93090000000001	71.3622	67.7427	61.8282	60.2812	54.660799999999995	62.374300000000005	60.288799999999995	58.5153	69.1387	66.8794	64.6308	63.60209999999999	64.7447	65.6854	65.0341	65.1216	65.877	65.2097	65.22710000000001	66.0225	65.3856	65.6649	66.7686	65.7977	65.9044	66.5926	65.9952	65.9735	66.69	65.72109999999999	65.9528	66.7483	65.8799	66.1392	66.7292	66.2656	66.2502	67.01939999999999	66.2063	66.134	67.1497	66.22710000000001	66.1429	66.9549	66.1663	66.1291	67.1959	66.32010000000001	66.48849999999999	67.0739	66.3799	66.314	67.0167	66.3559	66.3815	66.96809999999999	66.417	66.22059999999999	67.1142	66.5278	66.282	67.1662	66.3188	66.3908	67.1032	66.4684	66.38680000000001	67.1029	66.4427	66.1895	67.1119	66.34870000000001	66.3222	67.096	66.309	66.2803	66.84360000000001	66.3192	66.0416	66.72829999999999	66.093	65.9114	66.566	65.872	65.6738	66.3331	65.6219	65.3002	66.0661	65.1563	65.2375	65.6255	64.9641	64.7015	65.21940000000001	64.3265	64.3239	64.8097
FGC2639_s_1_1_ACATATCCAG-TATGTGCAAT_FGC2639_s_1_2_ACATATCCAG-TATGTGCAAT	84.59309999999999	68.1819	71.7843	69.77409999999999	63.11560000000001	62.8216	56.5098	63.466	61.8414	60.9376	70.8672	68.7853	67.0018	65.6828	66.1775	67.5663	66.72449999999999	66.6377	68.0552	67.2881	67.04480000000001	68.291	67.5144	67.61789999999999	68.8684	67.6618	67.5798	68.6366	67.7178	67.5639	68.7914	67.5911	67.6904	68.83510000000001	67.8763	67.73599999999999	68.63050000000001	68.1124	67.79119999999999	69.03280000000001	68.0174	67.85719999999999	69.18299999999999	68.085	67.72160000000001	69.02040000000001	67.90469999999999	67.7193	69.08539999999999	67.9241	68.0051	68.9461	68.1445	67.7901	68.73280000000001	68.0244	67.8916	69.04679999999999	68.1345	67.8645	68.9508	68.1451	67.6535	68.8459	67.7979	67.7875	68.914	68.0727	67.8725	68.97720000000001	68.1068	67.652	68.73	67.84219999999999	67.66159999999999	68.7929	67.9169	67.6569	68.50619999999999	67.9901	67.4749	68.4211	67.5725	67.1636	68.2568	67.4326	67.1721	68.1905	67.2587	66.8939	68.0351	66.98570000000001	66.9504	67.8143	66.77459999999999	66.4456	67.5246	66.42099999999999	66.2887	67.3068
FGC2639_s_1_1_ACCACGACAT-TCGTATGCGG_FGC2639_s_1_2_ACCACGACAT-TCGTATGCGG	84.88900000000001	66.75710000000001	72.8004	69.79910000000001	63.265899999999995	61.5883	56.7624	63.4597	61.086	60.238899999999994	70.67949999999999	68.6795	67.1824	65.264	65.6101	67.2948	66.5043	66.2661	67.7821	67.1401	66.74210000000001	68.0443	67.1229	67.0499	68.6259	67.4972	67.23519999999999	68.33449999999999	67.47330000000001	67.1838	68.5034	67.4016	67.2269	68.6469	67.6656	67.4698	68.5485	67.9494	67.5064	68.935	67.8529	67.4779	69.0225	67.8303	67.4003	68.84169999999999	67.8301	67.38589999999999	68.98530000000001	67.8492	67.7654	68.8068	68.0797	67.6302	68.7794	68.0038	67.7065	68.82390000000001	68.0562	67.5177	68.9323	68.1084	67.4155	68.9334	67.9288	67.5553	68.8756	68.2144	67.71470000000001	68.96719999999999	68.1721	67.4109	68.7791	67.8701	67.4598	68.8372	67.8708	67.52329999999999	68.529	68.0605	67.3051	68.4567	67.58659999999999	66.9606	68.1726	67.3328	66.8005	67.925	67.0419	66.46180000000001	67.6562	66.6069	66.3099	67.2578	66.2877	65.6211	66.6268	65.5768	65.27720000000001	66.3127
FGC2639_s_1_1_ACCGGCCGTA-TGGCAATATT_FGC2639_s_1_2_ACCGGCCGTA-TGGCAATATT	84.5693	66.43900000000001	73.33840000000001	69.1138	63.5702	61.9884	56.469100000000005	64.2316	61.536699999999996	60.382400000000004	71.1116	68.6642	66.4826	65.4498	66.2887	67.1833	66.8536	66.9366	67.64179999999999	67.4356	67.1466	67.94200000000001	67.32770000000001	67.48960000000001	68.58579999999999	67.84740000000001	67.7662	68.2883	67.9508	67.7674	68.3996	67.6657	67.6772	68.6164	67.9273	67.9464	68.5223	68.4655	68.0887	68.9821	68.3614	68.06649999999999	68.9999	68.0836	67.8527	68.7812	68.17	67.8565	69.0191	68.3031	68.3445	68.7734	68.453	68.2091	68.78370000000001	68.4366	68.2893	68.748	68.4567	68.00359999999999	68.9421	68.5733	67.88640000000001	68.9404	68.3213	68.0354	68.84599999999999	68.622	68.2034	68.9052	68.504	67.87530000000001	68.76719999999999	68.3419	68.0691	68.8737	68.27879999999999	68.10249999999999	68.5631	68.4906	67.81970000000001	68.4212	68.0167	67.53059999999999	68.3223	67.8357	67.4474	68.1041	67.6052	67.092	67.83409999999999	67.1189	67.0784	67.4716	66.9954	66.4169	66.9988	66.2928	66.0994	66.753
FGC2639_s_1_1_ACCGTTACAA-CTCATAGCGA_FGC2639_s_1_2_ACCGTTACAA-CTCATAGCGA	84.5554	66.7236	70.7724	67.6841	62.3102	61.567499999999995	55.8774	64.6338	61.5993	60.10490000000001	71.5063	68.4019	65.8767	65.1836	65.6148	66.77539999999999	66.5086	66.2093	67.1952	66.8646	66.30420000000001	67.2972	67.0053	66.864	67.9834	67.3459	67.0342	67.742	67.3613	66.9764	67.845	67.1133	66.96459999999999	67.8827	67.4179	67.0847	67.82679999999999	67.7967	67.2165	68.1628	67.61789999999999	67.216	68.2655	67.608	67.0129	68.13050000000001	67.4674	67.0474	68.29809999999999	67.5775	67.39880000000001	68.143	67.834	67.1905	67.9542	67.6712	67.34830000000001	68.1339	67.75710000000001	67.22240000000001	68.18769999999999	67.8776	67.11240000000001	68.066	67.5968	67.2741	68.14949999999999	67.9168	67.39789999999999	68.1253	67.83670000000001	67.0804	68.0728	67.768	67.2264	68.07220000000001	67.6736	67.1747	67.9014	67.8953	67.0841	67.7405	67.49119999999999	66.7812	67.6823	67.35950000000001	66.721	67.471	67.05330000000001	66.4461	67.2655	66.6979	66.25750000000001	66.9003	66.4314	65.786	66.43299999999999	65.84060000000001	65.5102	66.19709999999999
FGC2639_s_1_1_ACGCCTTGTT-TAAGGAACGT_FGC2639_s_1_2_ACGCCTTGTT-TAAGGAACGT	84.90490000000001	66.9076	72.4607	69.731	63.5836	62.2768	56.900099999999995	63.9506	61.425399999999996	60.5398	70.9778	68.65719999999999	67.26820000000001	65.57169999999999	66.2039	67.624	66.7444	66.5736	67.8505	67.30709999999999	66.98140000000001	68.2073	67.35900000000001	67.32730000000001	68.7825	67.7635	67.4324	68.4843	67.8607	67.5239	68.6006	67.7771	67.38250000000001	68.85419999999999	67.7837	67.6936	68.8131	68.1739	67.7786	68.8539	68.0392	67.7747	68.9866	67.9541	67.5737	68.8602	68.08760000000001	67.5729	69.1313	68.2133	67.8746	68.9466	68.1792	67.8761	68.9817	68.30850000000001	67.905	68.8861	68.2734	67.7171	68.9941	68.3492	67.7012	69.13709999999999	68.2316	67.7678	69.02000000000001	68.4025	67.79610000000001	69.0244	68.1845	67.6368	68.9552	68.20819999999999	67.8233	69.0567	68.2109	67.727	68.84	68.2406	67.6341	68.77539999999999	67.95790000000001	67.4326	68.573	67.7541	67.3077	68.33	67.5161	66.9769	68.18260000000001	67.1833	66.905	67.77919999999999	66.9312	66.3304	67.3583	66.3738	65.9996	66.97330000000001
FGC2639_s_1_1_ACGGTCAGGA-CGGCCTCGTT_FGC2639_s_1_2_ACGGTCAGGA-CGGCCTCGTT	84.97590000000001	66.8424	71.80330000000001	67.9995	63.080999999999996	62.1672	56.7847	64.8946	62.0897	60.7325	71.8086	69.0771	66.6153	65.5686	66.2407	67.2759	66.8015	66.6818	67.61930000000001	67.211	67.0513	67.8215	67.3438	67.3964	68.3901	67.5973	67.5023	68.1279	67.706	67.549	68.2207	67.5633	67.5644	68.4376	67.78269999999999	67.70389999999999	68.4003	68.1163	67.7756	68.6148	67.9535	67.7493	68.81	67.9192	67.6835	68.61779999999999	67.8901	67.6992	68.7142	68.0231	68.0808	68.6024	68.1922	67.8241	68.5898	68.1957	67.9992	68.6389	68.2221	67.8558	68.7513	68.1796	67.7231	68.6894	68.1235	67.943	68.789	68.30330000000001	68.024	68.7201	68.2668	67.7385	68.5583	68.0583	67.8037	68.6871	68.11160000000001	67.8476	68.4544	68.2187	67.6722	68.3358	67.90690000000001	67.4628	68.2646	67.7523	67.4328	68.1146	67.5845	67.15140000000001	67.9611	67.27149999999999	67.0773	67.6463	67.0879	66.6293	67.30030000000001	66.621	66.4285	67.1042
FGC2639_s_1_1_ACTCGGCAAT-GACAACTGAA_FGC2639_s_1_2_ACTCGGCAAT-GACAACTGAA	84.5664	66.57	73.26599999999999	69.27680000000001	63.80050000000001	62.67700000000001	56.5681	65.0095	61.9807	60.4818	71.4587	68.8327	66.5377	65.9441	66.7551	67.6593	67.2833	67.1106	67.7114	67.5372	67.3527	68.0159	67.6445	67.7225	68.58840000000001	68.0744	67.93780000000001	68.5206	68.1975	68.0709	68.5558	68.0678	67.9479	68.7119	68.1454	68.1713	68.5743	68.5203	68.25280000000001	68.9983	68.5809	68.1048	68.959	68.3604	68.1906	68.81819999999999	68.4879	68.2158	69.1234	68.6484	68.3801	69.0006	68.6123	68.4035	68.9981	68.6764	68.4556	68.9098	68.6469	68.2824	68.98689999999999	68.7568	68.3103	69.0938	68.6658	68.2996	68.9426	68.6994	68.3078	68.9126	68.5538	68.2621	68.9728	68.5754	68.31190000000001	68.97529999999999	68.51650000000001	68.2522	68.7285	68.4698	68.0592	68.5413	68.25280000000001	67.8589	68.4487	68.12899999999999	67.72059999999999	68.2411	67.78229999999999	67.4151	67.9841	67.3842	67.1348	67.5702	67.1078	66.6858	67.1176	66.61160000000001	66.27159999999999	66.73750000000001
FGC2639_s_1_1_ACTCTATTGT-ATCGCATATG_FGC2639_s_1_2_ACTCTATTGT-ATCGCATATG	83.8888	66.73559999999999	73.8704	70.2574	63.771	61.855199999999996	56.146499999999996	63.8012	60.965	60.005900000000004	70.68560000000001	68.2272	66.47189999999999	65.3874	65.8644	67.1267	66.5241	66.22710000000001	67.20779999999999	66.925	66.6237	67.53	67.0543	66.8955	68.0966	67.43860000000001	67.1026	68.0368	67.5481	67.23479999999999	68.0997	67.5257	67.1368	68.2569	67.5292	67.37769999999999	68.1088	67.9107	67.36330000000001	68.3138	67.8433	67.3112	68.582	67.7268	67.3879	68.3855	67.8514	67.40390000000001	68.5761	67.93169999999999	67.633	68.4319	67.9669	67.5016	68.399	67.9499	67.5929	68.4254	68.0359	67.47619999999999	68.473	68.09190000000001	67.48920000000001	68.5463	67.9986	67.48429999999999	68.48870000000001	68.0841	67.5882	68.45360000000001	67.9919	67.4033	68.4284	67.9392	67.4848	68.5277	67.9058	67.4178	68.23310000000001	67.9353	67.3132	68.1617	67.6746	67.099	68.0484	67.4333	66.8849	67.8059	67.2265	66.6845	67.6082	66.9491	66.6194	67.2465	66.7536	66.0349	66.8021	66.1435	65.705	66.4654
FGC2639_s_1_1_ACTGGATCTA-TCGCCGCTAG_FGC2639_s_1_2_ACTGGATCTA-TCGCCGCTAG	85.6497	67.1554	69.3323	66.3903	62.5989	62.5078	56.42850000000001	64.8583	62.32490000000001	60.2933	71.8498	68.9697	66.136	65.4686	66.5814	67.167	66.6502	66.72019999999999	67.2261	66.9289	66.9965	67.6771	67.1736	67.4446	68.2097	67.59540000000001	67.51599999999999	67.8589	67.6972	67.6161	67.9635	67.6701	67.4501	68.2912	67.5095	67.8185	67.9783	67.9326	67.8856	68.0812	67.7585	67.8933	68.2388	67.7415	67.638	68.2588	67.99199999999999	67.6585	68.6068	68.0398	67.7114	68.306	67.8473	67.8943	68.5183	68.1221	67.9492	68.2858	68.0875	67.686	68.2547	68.1401	67.8356	68.5798	68.11070000000001	67.81	68.227	68.0888	67.6549	68.208	67.7714	67.6774	68.3392	67.9789	67.8955	68.4249	67.9872	67.7185	68.26	67.8666	67.6269	68.1003	67.6679	67.4465	67.9168	67.4777	67.33449999999999	67.69800000000001	67.2438	66.9419	67.42519999999999	66.85140000000001	66.6416	66.9754	66.5284	66.2977	66.6446	66.17070000000001	65.9002	66.2049
FGC2639_s_1_1_ACTTCAAGCG-GAACCATGAA_FGC2639_s_1_2_ACTTCAAGCG-GAACCATGAA	85.9798	68.9206	73.5994	70.9859	64.2938	62.76389999999999	56.5522	64.25659999999999	62.018499999999996	60.43039999999999	71.3786	68.9649	66.9042	66.0333	66.3805	67.5792	66.89110000000001	66.4116	67.59100000000001	67.08800000000001	66.9673	67.96	67.5322	67.427	68.3848	67.6617	67.2345	68.24799999999999	67.7361	67.4507	68.3457	67.6791	67.515	68.512	67.8455	67.6642	68.4686	67.8973	67.6206	68.4643	68.0572	67.59150000000001	68.6254	67.97840000000001	67.6817	68.6589	68.0277	67.6909	68.65440000000001	68.00460000000001	67.723	68.7142	68.0594	67.6632	68.6065	68.1279	67.7678	68.697	68.05369999999999	67.6477	68.5709	68.0654	67.7069	68.6198	67.94550000000001	67.71979999999999	68.5595	68.0888	67.6599	68.4726	67.956	67.5654	68.4545	67.8943	67.5421	68.4497	67.9233	67.3981	68.3087	67.70819999999999	67.3841	68.1589	67.6577	67.2486	68.052	67.4808	67.071	67.9494	67.3013	66.9698	67.866	67.2314	66.9111	67.6176	67.0695	66.6645	67.4121	66.805	66.4666	67.2548
FGC2639_s_1_1_AGAGGCAACC-CTAATGATGG_FGC2639_s_1_2_AGAGGCAACC-CTAATGATGG	80.1046	53.2381	58.74470000000001	54.12010000000001	49.2681	44.6261	40.062	49.148399999999995	45.535	41.309000000000005	52.7659	48.8333	46.0869	46.435500000000005	50.579499999999996	47.9908	48.3221	49.9506	47.553	48.026	47.2952	46.414	46.9341	47.5657	48.519400000000005	48.9462	49.140499999999996	48.8787	48.8695	51.0701	48.6736	48.5818	47.3588	47.9654	47.050799999999995	49.9799	48.1716	51.314400000000006	52.18279999999999	51.293200000000006	50.23	49.4525	49.1058	49.9783	48.9846	49.0378	49.6469	50.5481	50.410900000000005	49.8347	50.8668	49.4687	46.8359	48.117	49.0884	50.779799999999994	50.859500000000004	49.5785	50.689099999999996	50.0086	50.134100000000004	50.665499999999994	48.3806	49.797599999999996	48.7583	46.9541	47.682	49.8504	48.2936	48.106300000000005	48.0704	48.5153	50.8378	49.2626	50.8294	52.0211	52.1624	50.2545	50.5827	49.2792	48.7638	50.209199999999996	49.844500000000004	49.651	50.349999999999994	50.6677	51.667300000000004	49.9753	48.4608	49.3176	50.343	49.0979	50.0389	48.9769	48.180299999999995	48.8844	48.4778	49.5118	47.9968	49.300399999999996
FGC2639_s_1_1_AGGTCAGATA-CTACAAGATA_FGC2639_s_1_2_AGGTCAGATA-CTACAAGATA	86.10640000000001	67.3351	71.4736	68.767	63.078599999999994	62.830299999999994	56.97990000000001	63.652	62.400299999999994	61.256299999999996	71.3129	69.684	67.6537	65.5594	66.95830000000001	68.0062	66.8279	67.27300000000001	68.2442	67.4002	67.6089	68.6444	67.3916	68.1431	69.2993	67.7975	68.12650000000001	68.8742	67.82780000000001	68.1771	68.99849999999999	67.6805	68.0673	69.2724	67.8336	68.23660000000001	69.0972	68.0809	68.4334	69.2392	68.2422	68.1445	69.3819	67.99159999999999	68.10810000000001	69.2119	68.0134	68.1791	69.5071	68.1711	68.3582	69.2512	68.201	68.4032	69.3004	68.2919	68.526	69.2727	68.2798	68.1522	69.3481	68.24130000000001	68.1628	69.3777	68.07339999999999	68.2101	69.1855	68.2459	68.26480000000001	69.1855	68.0484	68.04	69.11	67.8853	68.0732	69.0705	67.8674	68.0062	68.7046	67.8965	67.7386	68.4826	67.44069999999999	67.4034	68.2588	67.14020000000001	67.1878	67.9557	66.7818	66.6991	67.59479999999999	66.1748	66.4598	66.945	65.8825	65.696	66.4517	65.1729	65.31559999999999	66.10669999999999
FGC2639_s_1_1_AGTCAGACGA-ACCAGCGACA_FGC2639_s_1_2_AGTCAGACGA-ACCAGCGACA	84.75880000000001	66.5872	72.1867	69.5503	62.956199999999995	62.074200000000005	56.6504	63.343199999999996	61.4425	60.5921	70.8566	68.8702	67.10390000000001	65.2809	66.1114	67.6171	66.7068	66.61789999999999	67.8075	67.15769999999999	66.78309999999999	68.0307	67.0778	67.3041	68.735	67.55489999999999	67.5203	68.5073	67.6523	67.51169999999999	68.6354	67.4285	67.3765	68.7499	67.56790000000001	67.5926	68.5039	68.122	67.6363	69.1705	67.923	67.7513	69.2747	67.8548	67.6277	68.8774	67.8333	67.6092	69.1469	68.0288	68.11580000000001	69.0638	68.17790000000001	67.8818	68.8939	68.075	67.94550000000001	68.99969999999999	68.1557	67.8053	69.1379	68.2358	67.74860000000001	69.111	68.0162	67.8751	69.0231	68.2073	67.9204	69.0339	68.18769999999999	67.6377	68.9457	67.93169999999999	67.69500000000001	68.9802	67.8466	67.733	68.6133	68.0498	67.4817	68.4821	67.49810000000001	67.2195	68.2962	67.3502	66.9678	68.01939999999999	67.0298	66.5891	67.69579999999999	66.5017	66.3862	67.235	66.2709	65.72829999999999	66.6015	65.55069999999999	65.34649999999999	66.3115
FGC2639_s_1_1_AGTGTTGCAC-CTGGTACACG_FGC2639_s_1_2_AGTGTTGCAC-CTGGTACACG	82.3288	65.8568	73.1031	69.5881	63.053599999999996	61.6151	56.1589	63.7421	60.409800000000004	60.0955	70.7758	67.92960000000001	66.3401	65.422	65.8	67.2174	66.8185	66.432	67.3826	67.2696	66.5302	67.7261	67.1363	66.8857	68.2816	67.74289999999999	67.2704	68.1805	67.8843	67.3232	68.2897	67.7589	67.06269999999999	68.4538	67.7656	67.52890000000001	68.3043	68.2709	67.3867	68.65480000000001	68.3443	67.61749999999999	68.7367	68.22540000000001	67.3698	68.5725	68.1255	67.42099999999999	68.9042	68.38159999999999	67.7394	68.7414	68.3177	67.7394	68.7122	68.36410000000001	67.7234	68.6324	68.3794	67.5616	68.7789	68.5948	67.4923	69.00070000000001	68.377	67.6162	68.7954	68.5051	67.6546	68.7987	68.3616	67.50930000000001	68.7955	68.4314	67.7773	69.0253	68.41390000000001	67.7698	68.7662	68.5568	67.7333	68.75059999999999	68.2286	67.5399	68.6503	68.1601	67.391	68.483	67.9651	67.1697	68.3449	67.73989999999999	67.23	68.1442	67.6127	66.78349999999999	67.7516	67.11359999999999	66.5298	67.5467
FGC2639_s_1_1_ATGGTTGACT-GGCCTGTCCT_FGC2639_s_1_2_ATGGTTGACT-GGCCTGTCCT	84.3298	66.50779999999999	72.8158	70.0291	63.693599999999996	62.0954	57.1013	64.18260000000001	61.5993	60.653800000000004	71.1768	68.89800000000001	67.1519	65.6752	66.0419	67.71350000000001	66.9678	66.52470000000001	67.90859999999999	67.3006	66.9576	68.10969999999999	67.412	67.2153	68.66550000000001	67.7347	67.4169	68.52510000000001	67.7664	67.4549	68.6384	67.5986	67.4803	68.7705	67.894	67.5249	68.62819999999999	68.1915	67.674	68.9037	68.1296	67.6226	69.0747	68.0481	67.6502	68.8905	67.9899	67.6433	69.0193	68.1058	67.9443	68.9596	68.3091	67.7782	68.8392	68.17309999999999	67.8481	68.9236	68.2718	67.7661	69.0458	68.3176	67.72829999999999	68.9048	68.1303	67.7877	68.9761	68.3241	67.9525	68.9583	68.339	67.6431	68.8796	68.0777	67.67530000000001	68.8578	68.0491	67.74759999999999	68.70389999999999	68.2598	67.5908	68.5732	67.888	67.3955	68.48729999999999	67.72500000000001	67.2569	68.2642	67.4975	66.901	67.9942	67.11399999999999	66.7989	67.6588	66.8527	66.2341	67.1609	66.1838	65.9087	66.8947
FGC2639_s_1_1_ATTCCATAAG-TGCCTGGTGG_FGC2639_s_1_2_ATTCCATAAG-TGCCTGGTGG	84.92840000000001	65.92479999999999	71.56099999999999	68.5175	62.4389	61.83650000000001	56.220800000000004	63.2579	61.522200000000005	60.2515	70.5493	68.7244	66.65480000000001	64.8161	65.9127	67.2123	66.3497	66.4084	67.4005	66.647	66.60340000000001	67.5971	66.70519999999999	67.1178	68.3104	67.1149	67.2659	68.1348	67.3036	67.34609999999999	68.2122	67.067	67.2785	68.3979	67.2465	67.3165	68.2434	67.69420000000001	67.6883	68.6592	67.6704	67.5337	68.78840000000001	67.53059999999999	67.52359999999999	68.5211	67.55409999999999	67.5346	68.824	67.7412	67.9482	68.7536	67.8483	67.8351	68.7129	67.8559	67.8516	68.6171	67.814	67.6734	68.8103	67.9503	67.6435	68.7708	67.7935	67.6803	68.7133	67.92859999999999	67.8047	68.624	67.7982	67.5355	68.61460000000001	67.5414	67.5792	68.5274	67.4641	67.44839999999999	68.1837	67.4578	67.1819	67.9241	66.9679	66.7708	67.7146	66.72630000000001	66.535	67.31479999999999	66.35560000000001	66.0615	66.9038	65.7079	65.6733	66.3196	65.2901	65.0644	65.7299	64.57770000000001	64.5489	65.3031
FGC2639_s_1_1_CAATCGGCTG-GCTGTAGGAA_FGC2639_s_1_2_CAATCGGCTG-GCTGTAGGAA	83.7653	67.7693	74.7422	70.5774	64.1707	62.31	56.4851	64.805	61.4136	60.558800000000005	71.5812	68.8651	66.80319999999999	66.1652	66.4825	67.6087	67.49929999999999	67.0697	67.8921	67.9904	67.2798	68.1356	67.8857	67.60159999999999	68.76729999999999	68.39739999999999	67.8917	68.53099999999999	68.4608	67.9196	68.6247	68.19669999999999	67.8312	68.7688	68.56750000000001	67.9073	68.5967	68.728	68.1181	69.0445	68.838	68.1075	69.1104	68.727	67.9544	68.9033	68.6369	67.9774	69.1187	68.7089	68.3561	68.97999999999999	68.8292	68.217	68.8128	68.7125	68.2813	68.84169999999999	68.8512	68.1076	68.9929	68.9199	67.95060000000001	68.9534	68.7187	68.05069999999999	68.915	68.8778	68.1468	68.96029999999999	68.88879999999999	67.9602	68.8767	68.7676	68.104	69.03829999999999	68.6828	68.1284	68.6525	68.816	67.8866	68.6157	68.3938	67.6671	68.4337	68.2834	67.4995	68.2403	68.06269999999999	67.1816	67.95179999999999	67.5228	67.0917	67.62310000000001	67.3866	66.5806	67.1305	66.7262	66.20509999999999	66.8601
FGC2639_s_1_1_CACAATAGGA-TCCATCCGAG_FGC2639_s_1_2_CACAATAGGA-TCCATCCGAG	83.997	64.9378	70.6785	67.7933	60.917500000000004	59.563100000000006	53.961800000000004	60.78	59.2064	57.8314	68.1637	66.6765	64.6807	62.865300000000005	63.6714	65.0377	63.9886	64.0267	65.0595	64.24849999999999	64.3537	65.3787	64.3818	64.7568	66.0535	64.7463	64.8423	65.8105	64.92710000000001	64.96220000000001	65.8852	64.83370000000001	64.9779	66.0878	65.0195	65.134	66.1517	65.1251	65.22250000000001	66.1037	65.2551	65.2235	66.46379999999999	65.25649999999999	65.277	66.1677	65.2463	65.16420000000001	66.4165	65.2276	65.5232	66.3416	65.4238	65.257	66.244	65.3384	65.3063	66.28389999999999	65.4258	65.2729	66.3364	65.5727	65.4026	66.3419	65.3711	65.4771	66.3616	65.5218	65.4066	66.30669999999999	65.3548	65.1396	66.297	65.2637	65.15570000000001	66.1957	65.1472	65.0338	65.9246	65.0436	64.7746	65.60629999999999	64.7355	64.56009999999999	65.315	64.4897	64.2832	64.98479999999999	63.9447	63.8158	64.6588	63.5298	63.6307	64.0613	63.2223	62.8957	63.5381	62.47200000000001	62.488699999999994	63.0811
FGC2639_s_1_1_CAGCCGCGTA-ACTAGCCGTG_FGC2639_s_1_2_CAGCCGCGTA-ACTAGCCGTG	83.8086	66.7193	73.34580000000001	69.2955	63.093999999999994	61.4869	55.43979999999999	63.8362	60.6814	59.358900000000006	70.5701	67.91040000000001	65.5523	65.18119999999999	65.4654	66.64750000000001	66.2593	65.98570000000001	66.8161	66.58460000000001	66.1966	67.0605	66.7997	66.56649999999999	67.61070000000001	67.1356	66.8921	67.6061	67.23209999999999	67.0753	67.6167	67.1441	66.8053	67.56	67.2427	66.9592	67.595	67.4817	67.0984	67.8925	67.4412	67.072	67.8651	67.4669	66.99380000000001	67.95360000000001	67.3309	67.0589	67.9902	67.3764	67.1901	67.9631	67.5863	67.0566	67.6608	67.4249	67.0872	67.86680000000001	67.5325	67.0839	67.8222	67.72540000000001	67.113	67.76769999999999	67.4577	66.9697	67.8697	67.7126	67.1403	67.8912	67.5639	66.9647	67.7941	67.6951	67.2165	67.8767	67.53869999999999	67.0427	67.8125	67.7108	67.1105	67.6067	67.4354	66.7661	67.464	67.2013	66.6123	67.2741	66.9193	66.4181	67.1312	66.5831	66.1842	66.70700000000001	66.4873	65.7717	66.3092	65.8985	65.46340000000001	66.059
FGC2639_s_1_1_CAGTGGCACT-TAACAATAGG_FGC2639_s_1_2_CAGTGGCACT-TAACAATAGG	85.54509999999999	67.60300000000001	72.32990000000001	68.7573	63.702000000000005	62.864	56.539300000000004	64.5345	62.0413	60.774300000000004	71.3851	69.2515	66.9781	65.8918	66.72489999999999	67.718	67.1738	67.1205	68.0839	67.5277	67.4472	68.26520000000001	67.64099999999999	67.82780000000001	68.8484	67.9491	68.00359999999999	68.6803	68.0349	68.0149	68.7636	67.8099	68.03099999999999	68.9071	68.1388	68.07079999999999	68.78609999999999	68.40270000000001	68.2697	69.0801	68.3406	68.1087	69.2415	68.28790000000001	68.17609999999999	69.0216	68.2349	68.0806	69.0937	68.2774	68.4418	68.9736	68.4904	68.2358	68.9894	68.4979	68.3919	69.08149999999999	68.4506	68.2128	69.1639	68.4549	68.1951	69.04299999999999	68.33789999999999	68.305	69.14580000000001	68.572	68.4334	69.1114	68.5374	68.22009999999999	69.02770000000001	68.33789999999999	68.2243	69.1214	68.4075	68.2812	68.8608	68.547	68.1828	68.7519	68.2478	67.96799999999999	68.7267	68.0954	68.0227	68.6713	68.0364	67.7238	68.5428	67.6853	67.7013	68.1964	67.5942	67.2838	67.9734	67.158	67.1037	67.8328
FGC2639_s_1_1_CATTAGTGCG-TGACTACATA_FGC2639_s_1_2_CATTAGTGCG-TGACTACATA	85.4624	67.0429	71.4943	68.2055	63.403	62.666999999999994	57.391999999999996	65.4326	62.6641	61.228300000000004	72.38419999999999	69.5779	67.02900000000001	66.1074	66.7567	67.9351	67.2355	66.958	67.8895	67.4318	67.32050000000001	68.2111	67.8034	67.7014	68.6742	67.9401	67.697	68.5737	68.0789	67.8303	68.65830000000001	68.0674	67.8767	68.8357	68.2114	67.9661	68.7551	68.2288	68.0315	68.8578	68.3534	68.03529999999999	69.0591	68.3613	68.0542	68.9534	68.3388	68.0804	69.08109999999999	68.4456	68.215	68.996	68.45599999999999	68.1434	69.0459	68.4929	68.1978	68.9913	68.4801	68.1476	69.07799999999999	68.4872	68.21390000000001	69.1125	68.5132	68.2458	69.0646	68.5417	68.2137	69.02770000000001	68.4299	68.1995	69.0487	68.4308	68.1927	69.06750000000001	68.5244	68.1099	68.9227	68.37389999999999	68.0526	68.8528	68.3206	67.9716	68.7424	68.2133	67.86	68.6028	67.9881	67.6919	68.5024	67.839	67.5509	68.217	67.62219999999999	67.2604	67.9623	67.3674	66.9654	67.6147
FGC2639_s_1_1_CCACCAGGCA-CTTATGGAAT_FGC2639_s_1_2_CCACCAGGCA-CTTATGGAAT	83.4762	67.094	73.8547	69.70779999999999	63.7392	61.7946	55.921600000000005	64.509	61.14150000000001	59.8313	71.14789999999999	68.32390000000001	66.02170000000001	65.59230000000001	65.9518	66.8985	66.7808	66.3716	67.1079	67.1492	66.62639999999999	67.3678	67.2732	66.902	67.95060000000001	67.6447	67.2217	67.8763	67.8014	67.3504	67.9657	67.6121	67.2208	68.0323	67.8473	67.4637	67.93010000000001	68.117	67.6049	68.17229999999999	68.1558	67.5153	68.3682	67.9477	67.47370000000001	68.2479	68.0026	67.46459999999999	68.398	68.1415	67.7359	68.3467	68.23310000000001	67.59049999999999	68.22120000000001	68.1383	67.6122	68.2124	68.1675	67.525	68.3459	68.27260000000001	67.5908	68.32249999999999	68.1525	67.5776	68.2635	68.30770000000001	67.5913	68.241	68.1926	67.4068	68.1474	68.1722	67.5337	68.2479	68.02080000000001	67.3558	68.0028	68.0345	67.3443	67.84989999999999	67.7804	67.0034	67.7111	67.4905	66.846	67.3819	67.20009999999999	66.4827	67.1312	66.765	66.34949999999999	66.7104	66.52900000000001	65.73440000000001	66.1691	65.849	65.29939999999999	65.8196
FGC2639_s_1_1_CCATCATTAG-GGTTGCCTCT_FGC2639_s_1_2_CCATCATTAG-GGTTGCCTCT	84.4726	66.81009999999999	73.02720000000001	70.4606	64.25619999999999	63.202000000000005	57.7746	64.6864	62.160199999999996	61.38	71.446	69.4232	67.68220000000001	66.2686	66.7056	68.3536	67.4483	67.0659	68.3924	67.6173	67.4151	68.6772	67.8449	67.7294	69.1157	68.1017	67.9173	69.0322	68.2114	67.9567	69.15050000000001	68.1091	67.9751	69.1939	68.3098	68.07079999999999	69.10579999999999	68.463	68.1739	69.3206	68.5097	68.09920000000001	69.5121	68.49539999999999	68.11399999999999	69.2848	68.4766	68.15820000000001	69.4027	68.5163	68.35520000000001	69.4449	68.6697	68.31	69.33550000000001	68.5323	68.3546	69.3693	68.5648	68.2671	69.4082	68.61890000000001	68.23320000000001	69.4113	68.5543	68.2415	69.4517	68.5943	68.2334	69.3793	68.58840000000001	68.18809999999999	69.30760000000001	68.431	68.1044	69.33019999999999	68.4436	68.157	69.1171	68.4697	67.9356	69.0021	68.2062	67.801	68.8288	68.0772	67.6947	68.6829	67.76950000000001	67.4067	68.4608	67.4299	67.20049999999999	68.0729	67.2175	66.78110000000001	67.6409	66.7095	66.3935	67.3779
FGC2639_s_1_1_CCATCTCGCC-TTCTATGGTT_FGC2639_s_1_2_CCATCTCGCC-TTCTATGGTT	84.5718	66.8188	73.4877	69.9424	63.865899999999996	62.106700000000004	56.638	64.4462	61.7328	60.5596	71.4531	68.9555	66.83200000000001	65.91510000000001	66.3322	67.538	67.00150000000001	66.771	67.8686	67.4939	67.1751	68.08619999999999	67.5903	67.4692	68.6553	67.8993	67.607	68.44940000000001	67.9024	67.6388	68.6015	67.78790000000001	67.7271	68.6957	68.06219999999999	67.8246	68.5831	68.3088	67.8958	68.837	68.2854	67.84599999999999	69.0205	68.22359999999999	67.8785	68.8496	68.1553	67.7705	69.0021	68.2208	68.1147	68.8894	68.4328	67.9705	68.7326	68.3362	68.0496	68.9184	68.4156	67.959	69.0016	68.4421	67.8765	68.89	68.24860000000001	68.0014	68.978	68.5216	68.14620000000001	69.03620000000001	68.5591	67.901	68.8013	68.3282	67.9246	68.95700000000001	68.3036	67.94160000000001	68.6758	68.54	67.8783	68.6686	68.1714	67.62989999999999	68.5017	67.9945	67.5455	68.37339999999999	67.8679	67.33019999999999	68.2573	67.58420000000001	67.3532	67.97879999999999	67.44160000000001	66.8337	67.5685	66.9059	66.6184	67.3325
FGC2639_s_1_1_CCGTATGTTC-CATACACTGT_FGC2639_s_1_2_CCGTATGTTC-CATACACTGT	84.3733	66.223	72.8432	70.0583	63.2999	61.771100000000004	56.64900000000001	63.29749999999999	60.9039	60.2695	70.4496	68.3256	66.9686	65.1526	65.974	67.61880000000001	66.5461	66.3778	67.5273	66.8733	66.5317	67.94550000000001	66.8607	66.9736	68.4636	67.4952	67.23259999999999	68.3953	67.7475	67.4924	68.4991	67.6606	67.1215	68.6971	67.7653	67.4952	68.75869999999999	67.74470000000001	67.4662	68.7569	68.1785	67.472	68.8423	68.04289999999999	67.3996	68.8194	68.0895	67.5987	69.1696	68.2815	67.714	69.0219	68.0973	67.9159	69.0557	68.1838	67.8443	68.8484	68.2062	67.6295	68.9477	68.307	67.7046	69.26639999999999	68.2192	67.7068	68.9276	68.2654	67.60199999999999	68.8439	68.03439999999999	67.57950000000001	68.9743	68.1272	67.7493	69.0016	68.0519	67.6038	68.6687	67.85379999999999	67.4278	68.6103	67.661	67.20230000000001	68.2935	67.34609999999999	66.8562	68.0335	66.97109999999999	66.57690000000001	67.6436	66.6426	66.1898	67.1565	66.1103	65.6622	66.58709999999999	65.5433	65.1156	66.04719999999999
FGC2639_s_1_1_CCTCCGTCCA-CACATCGGTG_FGC2639_s_1_2_CCTCCGTCCA-CACATCGGTG	85.4143	67.5782	71.21849999999999	69.1496	61.837399999999995	60.99719999999999	55.191500000000005	63.168899999999994	61.1575	59.430899999999994	70.2992	67.8544	65.7131	64.7255	65.0589	66.40169999999999	65.6393	65.3438	66.68809999999999	65.9083	65.6446	66.9419	66.3691	66.32169999999999	67.5269	66.5813	66.3581	67.3763	66.4658	66.4391	67.396	66.3832	66.2646	67.3894	66.5513	66.5398	67.2264	66.7361	66.4032	67.575	66.7397	66.58709999999999	67.642	66.7569	66.3083	67.6925	66.7039	66.4716	67.7033	66.5372	66.4652	67.7304	66.9092	66.4341	67.3522	66.75710000000001	66.4456	67.6461	66.8632	66.4706	67.3469	66.9837	66.48140000000001	67.4333	66.5907	66.572	67.5975	67.0157	66.6187	67.5447	66.7899	66.4769	67.4677	66.943	66.7141	67.5894	66.948	66.5382	67.56649999999999	67.11580000000001	66.58840000000001	67.30810000000001	66.8396	66.2175	67.3287	66.75529999999999	66.3699	67.3693	66.5925	66.1713	67.3545	66.4683	66.27680000000001	67.0881	66.4816	66.0376	66.9667	66.2162	65.9945	66.9841
FGC2639_s_1_1_CCTCTACATG-GATACCTCCT_FGC2639_s_1_2_CCTCTACATG-GATACCTCCT	84.3368	65.61789999999999	70.7488	67.223	62.0661	60.931900000000006	55.3095	63.2022	60.6922	59.1834	70.0272	67.5788	65.2869	64.2327	65.1421	66.1054	65.4408	65.4772	66.2604	65.6859	65.6567	66.4297	65.9054	66.0336	67.0849	66.2235	66.2246	66.8722	66.3774	66.2899	66.93090000000001	66.2094	66.1761	67.09190000000001	66.4088	66.41550000000001	66.9631	66.6462	66.4271	67.1609	66.67060000000001	66.3322	67.32669999999999	66.6114	66.3488	67.1627	66.5443	66.3547	67.417	66.6345	66.6207	67.24170000000001	66.6948	66.4859	67.28450000000001	66.7554	66.5546	67.22789999999999	66.7483	66.3917	67.3231	66.8494	66.4363	67.4442	66.7007	66.4888	67.3258	66.84309999999999	66.5577	67.2983	66.643	66.38589999999999	67.30199999999999	66.6146	66.4786	67.3178	66.5713	66.4223	67.0899	66.606	66.251	66.9654	66.4304	66.1257	66.8084	66.228	65.9596	66.6827	65.9764	65.703	66.48089999999999	65.6986	65.5706	66.0565	65.4547	65.1572	65.7136	64.957	64.8467	65.4293
FGC2639_s_1_1_CCTGTCTGTC-ACTGTTGTGA_FGC2639_s_1_2_CCTGTCTGTC-ACTGTTGTGA	84.63199999999999	67.5675	73.4246	69.6353	63.9903	62.6862	56.6031	64.5209	61.8439	60.7853	71.3738	69.1032	66.96180000000001	65.8646	66.4207	67.4418	67.0404	66.8578	67.9178	67.5323	67.32900000000001	68.0954	67.6169	67.6048	68.6957	67.9153	67.741	68.5006	67.9643	67.7699	68.5893	67.7637	67.80659999999999	68.69800000000001	68.1393	67.9182	68.58370000000001	68.4159	67.9992	68.9272	68.2633	68.0031	69.071	68.31739999999999	67.963	68.8733	68.1886	67.8766	68.94630000000001	68.2267	68.2536	68.86240000000001	68.48060000000001	68.0673	68.7531	68.3827	68.18419999999999	68.8939	68.4644	68.0483	69.0361	68.4468	67.9026	68.9184	68.2916	68.084	68.9795	68.5827	68.2795	69.0132	68.5861	67.9714	68.82310000000001	68.3229	68.0168	68.953	68.369	68.0839	68.72	68.5372	67.9312	68.6019	68.1929	67.671	68.5043	68.03	67.6754	68.3677	67.9188	67.41420000000001	68.2518	67.56490000000001	67.4345	67.9619	67.4461	66.91279999999999	67.62650000000001	66.8822	66.7228	67.4412
FGC2639_s_1_1_CGACATCCGA-TACGTTCATT_FGC2639_s_1_2_CGACATCCGA-TACGTTCATT	85.12910000000001	67.3895	71.48649999999999	69.2185	63.3506	63.058400000000006	56.3933	64.89620000000001	62.337399999999995	60.8771	71.8386	69.3238	67.2458	65.9277	66.7934	67.7625	67.1758	67.0453	67.76140000000001	67.61319999999999	67.3895	68.3454	67.6882	67.8421	68.88250000000001	68.2061	67.86370000000001	68.5047	68.2238	67.9756	68.5732	68.0895	67.7137	68.9671	68.3203	68.1521	68.6094	68.5857	67.9314	68.8333	68.6027	68.107	69.2469	68.2495	67.9388	68.8643	68.5496	68.0295	69.26020000000001	68.6429	68.44019999999999	69.0723	68.4669	68.1614	69.0549	68.63510000000001	68.3374	69.16489999999999	68.6721	68.2291	69.07520000000001	68.6307	68.134	69.0721	68.462	68.1215	68.86	68.4629	67.9845	68.76050000000001	68.23740000000001	67.6882	68.5402	67.927	67.65719999999999	68.5438	67.8588	67.42280000000001	68.1423	67.6402	67.1241	67.7035	67.0834	66.60589999999999	67.2515	66.6069	66.1096	66.63719999999999	65.99969999999999	65.4965	66.1316	65.3966	64.9975	65.467	64.80080000000001	64.32870000000001	64.79899999999999	64.11019999999999	63.8267	64.37389999999999
FGC2639_s_1_1_CGAGGCCAAG-GTGTTACCGG_FGC2639_s_1_2_CGAGGCCAAG-GTGTTACCGG	84.30579999999999	66.4286	70.9677	67.686	63.039	62.4549	57.253299999999996	64.6567	61.9996	60.9136	71.6657	68.9555	66.6521	65.5665	66.4067	67.5699	66.9605	66.8788	67.81530000000001	67.2647	66.9902	67.92049999999999	67.27959999999999	67.3548	68.54209999999999	67.6561	67.5949	68.4279	67.85170000000001	67.62519999999999	68.41159999999999	67.6176	67.5076	68.6135	67.8794	67.7247	68.4548	68.2402	67.9284	68.82549999999999	68.1845	67.7292	68.884	68.052	67.6905	68.672	67.95219999999999	67.6756	68.9105	68.1525	68.0934	68.8064	68.2504	67.9541	68.7487	68.2411	68.0613	68.6601	68.21340000000001	67.7773	68.8853	68.2465	67.7658	68.91080000000001	68.1392	67.904	68.8281	68.2915	67.9598	68.7205	68.2178	67.6762	68.6918	68.0476	67.8374	68.8282	68.125	67.8381	68.5758	68.1292	67.5959	68.3987	67.8297	67.4523	68.328	67.7052	67.3887	68.13329999999999	67.5209	67.0684	67.99199999999999	67.1018	66.9802	67.5342	66.8957	66.4957	67.243	66.4686	66.2429	66.9755
FGC2639_s_1_1_CGGTTACGGC-AAGACTATAG_FGC2639_s_1_2_CGGTTACGGC-AAGACTATAG	84.04740000000001	66.27	73.0129	70.5523	64.1107	62.6169	57.6901	64.3307	61.6757	61.08710000000001	70.9963	68.7178	67.24560000000001	65.915	66.403	68.2013	67.2107	66.8173	68.1537	67.2729	66.9566	68.3049	67.4992	67.3106	68.8613	67.85910000000001	67.6041	68.928	68.0472	67.6929	68.9899	68.0004	67.6114	69.0094	68.0091	67.8049	69.08959999999999	68.2555	67.91080000000001	69.2763	68.4038	67.9452	69.36290000000001	68.35470000000001	67.9147	69.2214	68.3022	67.89840000000001	69.3617	68.39450000000001	68.1773	69.44200000000001	68.5207	68.016	69.30760000000001	68.43979999999999	68.0716	69.258	68.43209999999999	67.9866	69.3209	68.5373	68.1297	69.46900000000001	68.4742	68.0954	69.3394	68.5443	68.0184	69.2773	68.4145	68.0095	69.3295	68.4187	68.0316	69.4003	68.42819999999999	67.8926	69.10539999999999	68.3044	67.7899	68.9919	68.1443	67.6545	68.8648	67.9438	67.5073	68.6072	67.648	67.2369	68.4019	67.3488	66.9967	67.9692	66.9905	66.52799999999999	67.5144	66.5977	66.1275	67.1863
FGC2639_s_1_1_CGTTATTCTA-CCATAAGGTT_FGC2639_s_1_2_CGTTATTCTA-CCATAAGGTT	84.5703	67.0774	73.37209999999999	69.549	63.519999999999996	61.9186	56.4624	64.2357	61.3409	60.306099999999994	71.1525	68.7075	66.74080000000001	65.5854	66.14370000000001	67.4553	66.9678	66.7033	67.7953	67.49119999999999	66.9888	68.0179	67.4237	67.32629999999999	68.58229999999999	67.81970000000001	67.5728	68.4145	67.91080000000001	67.5766	68.5214	67.6913	67.532	68.6103	67.9787	67.7288	68.4755	68.2489	67.7396	68.858	68.2033	67.816	69.02890000000001	68.09100000000001	67.771	68.80330000000001	68.1527	67.7128	68.9702	68.2326	68.11890000000001	68.857	68.3975	67.88969999999999	68.7595	68.3388	68.0265	68.8396	68.4088	67.8717	68.955	68.4831	67.7632	68.9272	68.2548	67.9113	68.9093	68.5272	68.0899	68.9628	68.4889	67.7449	68.8788	68.3015	67.9476	68.9863	68.34710000000001	67.9594	68.7646	68.5548	67.8593	68.6956	68.2291	67.67269999999999	68.6535	68.1066	67.6429	68.5562	68.0414	67.4101	68.3785	67.633	67.42190000000001	68.14240000000001	67.6247	66.9787	67.7937	67.0804	66.7897	67.6972
FGC2639_s_1_1_CTAGTGCTCT-TGGAACAGTA_FGC2639_s_1_2_CTAGTGCTCT-TGGAACAGTA	85.42530000000001	66.9859	72.3129	69.1025	63.1911	62.39940000000001	57.067	63.4082	61.9236	60.866299999999995	71.0518	69.5446	67.4324	65.3677	66.3236	67.62219999999999	66.6148	66.6882	67.896	67.0148	67.1978	68.1198	67.11829999999999	67.55640000000001	68.7859	67.4009	67.5949	68.5303	67.463	67.6493	68.57379999999999	67.2635	67.6622	68.7762	67.5368	67.6614	68.6109	67.87530000000001	67.83879999999999	68.9352	67.783	67.72550000000001	69.128	67.7213	67.78	68.8688	67.6904	67.73360000000001	68.9881	67.7276	68.0668	68.8876	67.9574	67.86410000000001	68.77839999999999	67.86619999999999	67.9655	68.8933	67.9148	67.7536	69.01119999999999	67.92190000000001	67.6991	68.7726	67.6871	67.8374	68.8151	67.8726	67.96	68.7836	67.8565	67.5875	68.5971	67.4573	67.5018	68.4896	67.4117	67.4381	68.18180000000001	67.39349999999999	67.1849	67.8819	66.94290000000001	66.79509999999999	67.6935	66.56729999999999	66.54560000000001	67.30930000000001	66.2072	66.0185	66.9103	65.5864	65.7328	66.2548	65.2748	64.99770000000001	65.7492	64.5738	64.5967	65.3633
FGC2639_s_1_1_CTATTACTAC-GAGTCTCTCC_FGC2639_s_1_2_CTATTACTAC-GAGTCTCTCC	83.1719	66.93719999999999	73.98310000000001	70.29849999999999	64.09660000000001	62.1566	56.582100000000004	64.4513	61.26089999999999	60.450700000000005	71.1446	68.536	66.6434	65.6881	66.1292	67.3252	67.037	66.67410000000001	67.51989999999999	67.4415	66.8916	67.74080000000001	67.3717	67.18769999999999	68.4015	67.9387	67.5561	68.1904	67.9856	67.5633	68.2791	67.7765	67.3295	68.4525	68.0864	67.437	68.2079	68.2671	67.5735	68.57839999999999	68.3832	67.5671	68.7217	68.2388	67.6074	68.5452	68.196	67.6291	68.7763	68.3487	67.9697	68.67060000000001	68.3924	67.8699	68.5878	68.4159	67.9227	68.5512	68.4349	67.7572	68.7665	68.5334	67.691	68.7797	68.3809	67.6917	68.6753	68.5261	67.8729	68.6201	68.418	67.62089999999999	68.5989	68.356	67.7554	68.733	68.2393	67.8104	68.5034	68.4489	67.61880000000001	68.3408	68.0998	67.3863	68.3054	67.9576	67.2865	68.0826	67.7291	66.93900000000001	67.8566	67.3202	66.9322	67.55489999999999	67.1773	66.3819	67.1322	66.5622	66.14139999999999	66.861
FGC2639_s_1_1_CTGCGAGCCA-AATCCGGCCA_FGC2639_s_1_2_CTGCGAGCCA-AATCCGGCCA	85.2469	66.9841	73.1486	69.4268	63.8123	62.8899	56.9604	64.4489	62.0783	60.4811	71.088	69.2647	67.1074	65.7683	66.7011	67.7576	67.0315	66.89009999999999	67.81089999999999	67.1729	67.2959	68.14280000000001	67.5288	67.67410000000001	68.609	67.67830000000001	67.7115	68.4438	67.79429999999999	67.80850000000001	68.56750000000001	67.6704	67.8202	68.7115	67.87910000000001	67.87570000000001	68.6391	68.1035	68.0261	68.726	68.1884	68.0055	68.94	67.9995	68.0128	68.7745	68.1301	68.0144	68.9449	68.1949	68.1295	68.86529999999999	68.20739999999999	68.1518	68.9381	68.3064	68.2231	68.9738	68.23010000000001	68.1457	68.98769999999999	68.297	68.2066	68.9633	68.23989999999999	68.2323	68.9447	68.3068	68.2007	68.9293	68.2513	68.1875	68.9295	68.1397	68.1434	68.94130000000001	68.1748	68.14789999999999	68.795	68.15870000000001	68.0278	68.65679999999999	68.0199	67.8982	68.5735	67.8761	67.8037	68.3695	67.67790000000001	67.5431	68.24080000000001	67.37389999999999	67.31139999999999	67.88579999999999	67.1558	66.9497	67.4984	66.6776	66.68990000000001	67.2587
FGC2639_s_1_1_CTTGCCATTA-ATCACGAAGG_FGC2639_s_1_2_CTTGCCATTA-ATCACGAAGG	84.7476	67.1187	72.5379	70.1676	63.062200000000004	61.8672	56.4101	63.2998	61.1373	60.538000000000004	70.8925	68.8643	67.1579	65.4383	65.8102	67.6297	66.658	66.30890000000001	67.7299	67.0655	66.7113	67.97290000000001	67.111	67.0865	68.5413	67.44019999999999	67.1265	68.3709	67.52709999999999	67.23209999999999	68.4782	67.3789	67.1378	68.5277	67.6061	67.23179999999999	68.4055	67.90610000000001	67.443	68.8512	67.869	67.331	68.93	67.7637	67.36569999999999	68.7314	67.70530000000001	67.4193	68.8861	67.8044	67.61970000000001	68.7935	67.9452	67.4247	68.5705	67.864	67.5006	68.716	67.9658	67.4198	68.8536	68.0102	67.3437	68.7923	67.7266	67.5081	68.773	68.0027	67.54090000000001	68.8095	68.0082	67.3192	68.6832	67.7895	67.37689999999999	68.7452	67.7599	67.3592	68.47720000000001	67.884	67.255	68.3113	67.522	66.9659	68.2825	67.3456	66.8168	67.9687	67.0398	66.4347	67.7315	66.6131	66.3251	67.3459	66.43329999999999	65.6956	66.8064	65.7543	65.3813	66.4943
FGC2639_s_1_1_GAACTGAGCG-TCGTGGAGCG_FGC2639_s_1_2_GAACTGAGCG-TCGTGGAGCG	85.1245	65.1724	71.4429	67.5038	62.2426	60.513600000000004	55.782399999999996	62.0541	60.3972	59.043	69.3544	67.4523	66.0437	63.578100000000006	65.5652	66.0703	65.0052	66.0586	66.2097	66.0221	66.0965	67.1841	65.4107	66.66029999999999	67.8647	66.7118	66.92630000000001	66.9782	66.863	67.1143	67.0695	66.63719999999999	65.99249999999999	67.7136	66.7487	66.01259999999999	66.7958	67.0894	66.37769999999999	68.1346	66.2503	67.1589	68.1241	66.9852	65.9953	67.1999	66.9097	66.3535	68.2415	67.0103	66.39399999999999	67.3257	66.30369999999999	67.0447	67.8228	67.0173	67.0039	67.1373	67.0393	66.242	67.04820000000001	67.2727	66.3486	67.8599	66.91510000000001	66.20049999999999	66.903	67.0427	66.0556	66.9374	65.9665	65.88850000000001	67.2511	66.8117	66.8019	67.53059999999999	66.6716	66.5492	67.3754	66.72749999999999	66.4072	66.9832	66.2694	65.9242	66.7041	65.8616	65.64020000000001	66.2698	65.3365	65.19850000000001	65.9165	64.7555	64.6891	65.21860000000001	64.4146	64.1165	64.6809	63.712599999999995	63.62330000000001	64.267
FGC2639_s_1_1_GAAGCGGCAC-CGGCTCTACT_FGC2639_s_1_2_GAAGCGGCAC-CGGCTCTACT	84.9332	67.4083	72.9121	70.3869	63.570800000000006	62.413799999999995	56.8801	63.3845	61.4379	60.871900000000004	71.0204	69.21300000000001	67.68849999999999	65.7071	66.2311	67.84179999999999	66.86609999999999	66.6685	68.1044	67.428	67.1562	68.372	67.4775	67.4863	69.012	67.81530000000001	67.6271	68.728	67.81660000000001	67.669	68.8947	67.7014	67.6297	69.0413	67.9513	67.6334	68.7756	68.2731	67.8852	69.2376	68.2382	67.8663	69.384	68.1768	67.74170000000001	69.1575	68.0669	67.76100000000001	69.3159	68.1859	68.0752	69.1435	68.4055	67.9549	69.0048	68.2406	67.9915	69.1643	68.3399	67.8188	69.29769999999999	68.398	67.7531	69.17020000000001	68.09429999999999	67.8646	69.1932	68.3632	68.0248	69.2444	68.3709	67.7573	69.0726	68.0677	67.8102	69.14829999999999	68.086	67.8011	68.8206	68.2836	67.6592	68.7526	67.8069	67.3516	68.553	67.60810000000001	67.18469999999999	68.33019999999999	67.3485	66.7948	68.0647	66.9074	66.6771	67.6148	66.64710000000001	66.04820000000001	67.0951	65.9437	65.70139999999999	66.7551
FGC2639_s_1_1_GACACCATGT-TCAACGTGTA_FGC2639_s_1_2_GACACCATGT-TCAACGTGTA	84.28280000000001	67.45949999999999	73.7009	70.3847	64.153	62.6587	56.775600000000004	64.414	61.687400000000004	60.653800000000004	71.1542	68.8956	67.0344	65.9301	66.2865	67.66919999999999	67.0861	66.72789999999999	67.891	67.5568	67.1867	68.0902	67.6272	67.4408	68.6743	67.8982	67.5909	68.5605	67.9874	67.6288	68.5814	67.8401	67.5916	68.7713	68.0311	67.7425	68.6656	68.3099	67.8288	68.8894	68.25959999999999	67.7763	69.0467	68.1755	67.8504	68.8973	68.1916	67.7594	68.96039999999999	68.2805	68.0655	68.8885	68.4126	67.90650000000001	68.7749	68.34	67.9713	68.89699999999999	68.4066	67.8476	68.9957	68.4495	67.77969999999999	68.8785	68.28800000000001	67.9264	68.95599999999999	68.5089	68.0443	68.9334	68.4413	67.8141	68.8426	68.28790000000001	67.8353	68.9346	68.2658	67.87339999999999	68.7099	68.3968	67.7361	68.60770000000001	68.1543	67.5926	68.59049999999999	67.9679	67.5183	68.3828	67.8368	67.26050000000001	68.2453	67.5307	67.3099	67.9836	67.455	66.7844	67.5689	66.9161	66.5534	67.4362
FGC2639_s_1_1_GACTGAGTAG-GTTGATAGTG_FGC2639_s_1_2_GACTGAGTAG-GTTGATAGTG	85.32	66.4399	70.9602	68.79039999999999	62.3584	62.0854	55.8791	63.273999999999994	61.4957	60.1277	70.5933	68.5012	66.5971	65.0098	65.85839999999999	67.3959	66.2084	66.1157	67.257	66.3687	66.39930000000001	67.51599999999999	66.6961	66.9634	68.1638	66.9671	67.0031	68.0623	67.17	67.1327	68.1165	67.0898	67.0651	68.2896	67.187	67.2221	68.2357	67.3313	67.37870000000001	68.3577	67.49589999999999	67.2718	68.4791	67.4087	67.27459999999999	68.41279999999999	67.4381	67.3408	68.6032	67.6126	67.4746	68.5455	67.5732	67.4741	68.51270000000001	67.598	67.55839999999999	68.47670000000001	67.62049999999999	67.4207	68.59140000000001	67.6827	67.495	68.6731	67.6171	67.5114	68.55940000000001	67.6535	67.5118	68.54050000000001	67.5716	67.4533	68.56400000000001	67.58380000000001	67.4763	68.5844	67.5528	67.3559	68.291	67.3841	67.2386	68.2025	67.3084	67.11120000000001	68.0193	67.0376	66.8287	67.7889	66.7967	66.53949999999999	67.5829	66.4528	66.2837	67.10810000000001	66.1362	65.9196	66.6225	65.6177	65.4607	66.2377
FGC2639_s_1_1_GAGAATGGTT-TCGGCAGCAA_FGC2639_s_1_2_GAGAATGGTT-TCGGCAGCAA	84.542	67.0139	73.1433	70.3792	63.999399999999994	62.2921	57.1214	64.1874	61.50600000000001	60.81229999999999	71.3133	68.9648	67.3112	65.94200000000001	66.1207	67.70580000000001	67.0302	66.6422	68.0814	67.5743	67.0499	68.2741	67.6181	67.3362	68.8578	67.9009	67.5634	68.689	67.9538	67.57419999999999	68.8424	67.8621	67.6212	68.87870000000001	68.1458	67.73310000000001	68.8317	68.3954	67.81479999999999	69.1414	68.3824	67.819	69.30619999999999	68.3019	67.8378	69.11460000000001	68.2569	67.77539999999999	69.21119999999999	68.30760000000001	68.11359999999999	69.1862	68.5495	67.96600000000001	68.9785	68.4261	68.006	69.1167	68.4578	67.9097	69.2761	68.5231	67.86	69.1636	68.3516	67.9983	69.2117	68.58760000000001	68.0821	69.2933	68.626	67.8395	69.1032	68.3789	67.8414	69.2005	68.4039	67.9326	68.96039999999999	68.5481	67.81970000000001	68.9337	68.2351	67.5797	68.8122	68.11500000000001	67.52120000000001	68.6914	67.9403	67.2621	68.5037	67.6335	67.3347	68.314	67.5831	66.8158	67.8833	67.0216	66.61540000000001	67.7104
FGC2639_s_1_1_GAGTCATAGG-GTGTGGCGCT_FGC2639_s_1_2_GAGTCATAGG-GTGTGGCGCT	84.6347	66.8021	72.0732	69.7417	63.169399999999996	62.634	56.808099999999996	63.989399999999996	61.810500000000005	60.6853	71.2381	69.1276	67.486	65.6813	66.5094	67.9071	66.9494	66.77459999999999	67.80699999999999	67.3389	67.1067	68.2863	67.3886	67.547	68.88459999999999	67.88650000000001	67.69770000000001	68.5297	67.9824	67.7497	68.6626	67.8708	67.5239	68.9224	68.01	67.5282	68.9231	67.9659	67.9523	68.8879	68.0677	67.699	69.2487	68.2344	67.70439999999999	68.8991	68.2681	67.80890000000001	69.248	68.39150000000001	67.9907	69.0392	68.19380000000001	68.1142	69.1435	68.4237	68.1547	69.0268	68.4372	67.9032	69.0761	68.5474	67.9578	69.21589999999999	68.36449999999999	67.9769	68.9983	68.4625	67.9259	68.9338	68.2324	67.8732	69.0904	68.2889	68.0499	69.19030000000001	68.306	68.0826	68.98140000000001	68.31970000000001	67.9458	68.887	68.1632	67.7817	68.87389999999999	68.047	67.5759	68.60549999999999	67.7594	67.3744	68.4333	67.4119	67.1638	68.0752	67.20150000000001	66.7477	67.6054	66.67309999999999	66.4255	67.3432
FGC2639_s_1_1_GATAGGCCGA-CGCACATGGC_FGC2639_s_1_2_GATAGGCCGA-CGCACATGGC	83.91579999999999	65.6104	72.21459999999999	69.5999	63.3196	62.4348	57.070100000000004	63.5404	61.3418	60.1148	70.1967	68.3364	66.7891	65.23020000000001	65.99080000000001	67.5687	66.4965	66.23400000000001	67.48920000000001	66.479	66.5195	67.6604	66.81479999999999	66.97959999999999	68.1728	67.1181	66.9957	68.1904	67.26689999999999	67.2174	68.2465	67.2795	67.156	68.3152	67.2124	67.2665	68.2782	67.4193	67.4451	68.5317	67.65259999999999	67.4272	68.586	67.4535	67.398	68.51559999999999	67.5536	67.4374	68.6968	67.664	67.5921	68.7168	67.7299	67.5478	68.5617	67.72590000000001	67.56569999999999	68.5865	67.6704	67.5197	68.6162	67.7752	67.6713	68.6781	67.707	67.6257	68.6288	67.7635	67.5252	68.5192	67.66	67.4833	68.6046	67.69460000000001	67.52759999999999	68.6037	67.6271	67.37490000000001	68.4029	67.49770000000001	67.3074	68.3083	67.4676	67.2276	68.1522	67.2251	66.95830000000001	67.92479999999999	66.9504	66.6895	67.6906	66.696	66.444	67.2025	66.3466	66.04870000000001	66.75489999999999	65.8427	65.5976	66.37960000000001
FGC2639_s_1_1_GATCAAGGCA-CCTTGTTAAT_FGC2639_s_1_2_GATCAAGGCA-CCTTGTTAAT	84.6138	67.4653	72.788	68.2401	63.4586	61.7707	56.701	64.2778	61.3804	60.3927	71.4926	68.89659999999999	66.8776	65.281	66.38770000000001	66.9124	66.6071	66.781	67.0494	67.3842	67.0951	67.894	67.03099999999999	67.4127	68.4278	67.8928	67.59530000000001	67.7552	68.0397	67.647	67.8213	67.8779	67.1064	68.5596	68.1401	67.2085	67.891	68.3406	67.3566	68.0894	68.3949	67.9106	68.9303	67.6882	67.369	68.1373	68.3009	67.52759999999999	68.8991	68.3525	67.7982	68.2276	67.9444	67.862	68.71300000000001	68.4488	68.1027	68.285	68.3957	67.4539	68.2497	68.3982	67.4126	68.6454	68.27260000000001	67.5523	68.0994	68.329	67.3319	67.95259999999999	67.5912	67.0321	67.96640000000001	67.8039	67.48140000000001	68.1689	67.7508	67.3224	67.79560000000001	67.6282	66.9538	67.4885	67.1047	66.4995	67.1353	66.7362	66.1403	66.7226	66.2387	65.6505	66.2127	65.659	65.2984	65.5774	65.1452	64.4542	64.9517	64.3728	64.0518	64.4207
FGC2639_s_1_1_GCAACATGGA-CTTGTCTTAA_FGC2639_s_1_2_GCAACATGGA-CTTGTCTTAA	85.19640000000001	66.87950000000001	72.3853	68.90180000000001	63.2128	62.2603	56.0391	64.09049999999999	61.61299999999999	60.307	71.0095	68.8563	66.60730000000001	65.4602	66.1742	67.3331	66.7149	66.561	67.5419	66.9427	66.90690000000001	67.8136	67.24520000000001	67.2988	68.37100000000001	67.4609	67.473	68.2747	67.597	67.5522	68.32979999999999	67.4225	67.5334	68.4031	67.7162	67.62899999999999	68.2921	67.8771	67.7364	68.5571	67.8374	67.7355	68.77640000000001	67.8086	67.6567	68.6538	67.81970000000001	67.6793	68.6914	67.7927	67.9415	68.6951	68.07039999999999	67.7832	68.5393	67.9682	67.8888	68.68849999999999	68.033	67.8348	68.6773	68.0751	67.8527	68.6388	67.9457	67.8916	68.7033	68.0882	67.9981	68.70349999999999	68.1383	67.8887	68.72070000000001	68.0871	67.9426	68.7935	68.1639	67.9879	68.7208	68.27839999999999	67.9704	68.6835	68.1285	67.834	68.7124	68.1166	67.957	68.7059	68.0601	67.8569	68.7271	67.8776	67.9038	68.5991	67.9987	67.7338	68.4983	67.76729999999999	67.7162	68.5179
FGC2639_s_1_1_GCCGCACTCT-TCCGACCTCG_FGC2639_s_1_2_GCCGCACTCT-TCCGACCTCG	83.6273	66.5026	73.2718	70.1299	63.7879	61.55929999999999	56.9099	63.8316	60.90449999999999	60.042300000000004	70.60260000000001	68.3801	66.9791	65.2276	65.7006	67.2101	66.645	66.3172	67.5616	67.2686	66.659	67.7748	67.0173	66.84830000000001	68.4094	67.5366	67.0944	68.08619999999999	67.6934	67.1366	68.2191	67.41329999999999	66.9257	68.4005	67.6858	67.2574	68.3852	68.06609999999999	67.3866	68.5311	68.00540000000001	67.1156	68.8858	67.6581	67.0736	68.4077	67.8555	67.1809	68.7308	67.9336	67.5245	68.5589	68.021	67.4687	68.4878	68.0063	67.5048	68.3656	68.05930000000001	67.1801	68.59870000000001	68.1443	67.0415	68.4908	67.8266	67.11580000000001	68.3534	67.9881	67.215	68.2917	67.6819	66.862	68.1748	67.5612	66.9023	68.078	67.28960000000001	66.68990000000001	67.6204	67.2142	66.34949999999999	67.2389	66.6527	65.8322	66.9125	66.16199999999999	65.3778	66.3764	65.6439	64.8217	65.77380000000001	64.9618	64.50399999999999	65.2037	64.55760000000001	63.690599999999996	64.4745	63.7701	63.2665	64.2206
FGC2639_s_1_1_GCGTGGATGG-TTGACCAATG_FGC2639_s_1_2_GCGTGGATGG-TTGACCAATG	84.3417	66.57939999999999	71.2955	67.2195	62.63530000000001	61.6815	56.401	65.0281	61.7888	60.343999999999994	71.863	68.8025	66.1545	65.3839	66.036	66.91470000000001	66.7604	66.5167	67.2419	67.16919999999999	66.7864	67.4927	67.19500000000001	67.1474	68.1071	67.60810000000001	67.3209	67.8467	67.7187	67.30030000000001	67.9134	67.4947	67.3238	68.1932	67.8792	67.5329	68.1065	68.0216	67.6718	68.4318	67.9905	67.4734	68.598	67.9923	67.5396	68.3227	67.9893	67.5128	68.5543	68.1416	67.8856	68.3801	68.2311	67.8011	68.3807	68.2518	67.8766	68.298	68.2008	67.6868	68.4809	68.292	67.5821	68.4546	68.21629999999999	67.7182	68.4884	68.3466	67.8378	68.4114	68.2449	67.5553	68.3905	68.0741	67.69239999999999	68.43599999999999	68.0573	67.7089	68.2093	68.2006	67.5555	68.042	67.8269	67.2782	67.9975	67.7222	67.2445	67.7745	67.528	66.9187	67.5567	67.1017	66.7997	67.2503	66.90169999999999	66.33160000000001	66.8934	66.4438	66.1385	66.6712
FGC2639_s_1_1_GCGTTGGTAT-ACATACTTCC_FGC2639_s_1_2_GCGTTGGTAT-ACATACTTCC	85.2823	68.8608	72.9096	69.85820000000001	63.704899999999995	62.6054	56.5206	64.84729999999999	62.3968	60.7059	71.8215	69.1898	66.7099	65.81129999999999	66.2367	67.3215	66.9097	66.59580000000001	67.71430000000001	67.41709999999999	67.0964	67.8414	67.5193	67.5111	68.3416	67.59039999999999	67.35419999999999	68.0861	67.6245	67.3691	68.1427	67.4606	67.4556	68.3185	67.78920000000001	67.4928	68.151	67.9963	67.528	68.4413	67.91080000000001	67.5223	68.6312	67.8334	67.60239999999999	68.499	67.8905	67.5102	68.4525	67.8766	67.8398	68.4761	68.08370000000001	67.6494	68.3226	68.0239	67.8256	68.5224	68.0497	67.657	68.5371	68.1389	67.53829999999999	68.4016	67.8973	67.6518	68.5225	68.1408	67.8373	68.3994	68.0603	67.5122	68.2658	67.8382	67.5213	68.30770000000001	67.8543	67.5477	68.1203	67.9696	67.3922	67.93820000000001	67.6541	67.0975	67.95	67.4932	67.1666	67.848	67.4215	66.90169999999999	67.71350000000001	67.1303	66.8982	67.52590000000001	67.0743	66.5657	67.323	66.70660000000001	66.5239	67.2775
FGC2639_s_1_1_GGAGCGTGTA-ATCCGTAAGT_FGC2639_s_1_2_GGAGCGTGTA-ATCCGTAAGT	84.1133	66.08500000000001	71.0706	67.2127	62.6499	61.628499999999995	56.323100000000004	64.7277	61.633700000000005	60.1247	71.4646	68.3626	65.814	65.1625	66.0134	66.8665	66.6149	66.4897	67.10000000000001	66.947	66.6224	67.3416	67.01169999999999	67.0609	67.9576	67.47109999999999	67.2351	67.7541	67.6415	67.2795	67.75280000000001	67.3919	67.1189	68.0609	67.6541	67.4289	67.8365	68.0316	67.5714	68.29899999999999	67.7088	67.482	68.3044	67.6516	67.2949	68.1516	67.7959	67.3802	68.39699999999999	67.9404	67.65259999999999	68.24799999999999	67.98490000000001	67.6258	68.24719999999999	68.0536	67.7056	68.16980000000001	68.0235	67.423	68.2645	68.06060000000001	67.3429	68.3664	67.98140000000001	67.5402	68.1871	68.1569	67.5404	68.0994	67.9118	67.2654	68.0917	67.8091	67.41329999999999	68.14529999999999	67.7497	67.3344	67.8601	67.8116	67.087	67.5847	67.3856	66.7979	67.5337	67.1801	66.6659	67.2103	66.8558	66.2563	66.8775	66.363	66.0478	66.3522	66.0361	65.4115	65.9126	65.3973	65.08749999999999	65.521
FGC2639_s_1_1_GGCAAGCCAG-CAAGCATCCG_FGC2639_s_1_2_GGCAAGCCAG-CAAGCATCCG	86.17660000000001	66.91460000000001	70.9646	67.9116	62.764399999999995	62.6062	57.108599999999996	64.531	62.717	60.989000000000004	71.7543	69.5331	67.1169	65.5547	66.5575	67.3723	66.6909	66.9003	67.93050000000001	67.24419999999999	67.3814	68.2353	67.3642	67.84559999999999	68.7727	67.5886	67.7783	68.4002	67.66590000000001	67.7743	68.47149999999999	67.45219999999999	67.83019999999999	68.7925	67.8651	67.8942	68.5989	67.9165	67.97710000000001	68.8914	67.943	67.99579999999999	69.0166	67.9701	67.8771	68.83930000000001	67.86720000000001	67.83630000000001	68.97919999999999	67.9048	68.149	68.77069999999999	68.0873	68.0368	68.8204	68.1595	68.2647	68.8602	68.096	67.93860000000001	68.9137	68.0564	67.8973	68.8342	67.9495	68.081	68.9066	68.2308	68.19380000000001	68.8743	68.1017	67.9278	68.79220000000001	67.931	68.0104	68.8426	67.9915	68.03479999999999	68.6602	68.135	67.9468	68.4921	67.80420000000001	67.63850000000001	68.4404	67.7075	67.6387	68.3334	67.5761	67.4702	68.2418	67.181	67.396	67.8968	67.0361	66.93289999999999	67.6399	66.6435	66.7857	67.4759
FGC2639_s_1_1_GGTAACTCGC-AAGTTGGTGA_FGC2639_s_1_2_GGTAACTCGC-AAGTTGGTGA	83.1464	66.2512	73.8513	70.3527	63.3953	61.262899999999995	55.7333	62.9367	60.3194	59.317699999999995	69.72	67.5232	65.7175	64.7246	64.991	66.4106	65.7416	65.57220000000001	66.5819	66.1015	65.7958	66.8132	66.2418	66.1134	67.3755	66.75919999999999	66.4448	67.37870000000001	66.7706	66.7461	67.36609999999999	66.6642	66.3245	67.29990000000001	66.8276	66.6048	67.2647	66.9554	66.7073	67.7237	66.9826	66.7114	67.6957	67.0365	66.5164	67.7441	66.9564	66.6848	67.7953	66.93639999999999	66.7465	67.6992	67.0446	66.71209999999999	67.4036	66.9851	66.6328	67.60589999999999	67.0177	66.6162	67.4589	67.254	66.70859999999999	67.5043	66.9658	66.4824	67.5111	67.1857	66.6384	67.4946	67.0222	66.3945	67.39	67.1466	66.7179	67.46419999999999	66.92	66.5596	67.367	67.1392	66.5127	67.1553	66.8496	66.1289	67.0061	66.48910000000001	65.8953	66.6635	66.05	65.55109999999999	66.4071	65.5758	65.2254	65.81099999999999	65.4018	64.688	65.30749999999999	64.5957	64.25380000000001	64.9841
FGC2639_s_1_1_GGTTGCGAGG-AATAGAGCAA_FGC2639_s_1_2_GGTTGCGAGG-AATAGAGCAA	84.52690000000001	66.9783	73.0557	70.3035	63.9162	62.454299999999996	56.882200000000005	63.518699999999995	61.2551	60.2328	70.34700000000001	68.5455	67.2619	65.5052	66.1269	67.48530000000001	66.6644	66.4679	67.6791	67.0916	66.9161	68.00659999999999	67.0964	67.2064	68.6337	67.5872	67.3548	68.2996	67.6543	67.4898	68.4659	67.5493	67.31479999999999	68.7028	67.8052	67.6236	68.4648	67.837	67.6512	68.856	68.0343	67.54520000000001	68.99650000000001	67.9844	67.5517	68.77220000000001	68.00070000000001	67.6266	68.9973	68.1017	67.7864	68.796	68.0269	67.8366	68.90119999999999	68.1255	67.8729	68.86250000000001	68.1588	67.68180000000001	68.9021	68.20540000000001	67.7087	68.8904	68.0719	67.7243	68.8325	68.20570000000001	67.8462	68.8569	68.087	67.63289999999999	68.8257	68.01310000000001	67.7656	68.9141	67.9874	67.7876	68.7796	68.1871	67.6878	68.7091	67.8745	67.4844	68.53059999999999	67.7288	67.3763	68.3833	67.526	67.1503	68.2233	67.2266	66.97579999999999	67.9131	66.9996	66.5637	67.4594	66.4825	66.243	67.24940000000001
FGC2639_s_1_1_GTATTCCACC-ATGTAGACAA_FGC2639_s_1_2_GTATTCCACC-ATGTAGACAA	84.2546	68.9202	72.6553	69.6404	62.7088	61.29	54.794200000000004	63.728899999999996	60.6882	59.3621	70.62859999999999	67.6984	65.46889999999999	64.9881	64.9895	66.18270000000001	65.956	65.4164	66.6368	66.4614	65.7157	66.8131	66.6356	66.2978	67.4376	67.0084	66.4289	67.3354	66.9483	66.5161	67.3554	66.8754	66.3408	67.3655	67.1167	66.6579	67.2587	67.2842	66.5146	67.55499999999999	67.2616	66.6821	67.669	67.323	66.5288	67.7061	67.1695	66.537	67.6839	67.1128	66.6793	67.6986	67.32050000000001	66.51350000000001	67.203	67.202	66.593	67.586	67.3638	66.59960000000001	67.372	67.4357	66.4914	67.4404	67.0177	66.5479	67.5298	67.5345	66.7967	67.58189999999999	67.3056	66.49549999999999	67.3802	67.45790000000001	66.81620000000001	67.59479999999999	67.4818	66.7183	67.54400000000001	67.7231	66.7046	67.3315	67.3202	66.3494	67.2745	67.2385	66.4628	67.3117	67.0254	66.208	67.2825	66.8866	66.4946	67.06400000000001	66.9373	66.1411	66.9237	66.65480000000001	66.079	67.0019
FGC2639_s_1_1_GTCCGTAAGC-CGTGTATCTT_FGC2639_s_1_2_GTCCGTAAGC-CGTGTATCTT	85.5301	69.0073	73.4465	70.7374	63.959500000000006	62.1618	56.1387	64.2741	61.567400000000006	60.115399999999994	71.3909	68.7488	66.5518	65.93	66.0872	67.39110000000001	66.81240000000001	66.1856	67.3579	67.05839999999999	66.6999	67.7657	67.4572	67.1318	68.1615	67.5762	66.99589999999999	68.04679999999999	67.6732	67.1999	68.1393	67.66029999999999	67.1984	68.2822	67.78790000000001	67.3581	68.21340000000001	67.8731	67.384	68.2136	67.95179999999999	67.3141	68.4432	67.9436	67.4355	68.4174	67.9342	67.3986	68.46719999999999	67.9048	67.4651	68.4499	67.9517	67.3914	68.3577	68.0049	67.46130000000001	68.4265	67.99929999999999	67.3616	68.3179	67.9778	67.3924	68.4038	67.87910000000001	67.4079	68.3303	67.9391	67.3855	68.2396	67.7914	67.274	68.2024	67.77680000000001	67.2531	68.2295	67.8049	67.1114	67.9923	67.6341	67.0321	67.9413	67.58229999999999	66.95259999999999	67.7946	67.4155	66.82820000000001	67.6806	67.2154	66.7076	67.62979999999999	67.0995	66.61749999999999	67.4123	67.04679999999999	66.4145	67.1922	66.7683	66.2674	67.0396
FGC2639_s_1_1_GTCCTGGATA-CGGTGGCGAA_FGC2639_s_1_2_GTCCTGGATA-CGGTGGCGAA	84.4001	66.1195	72.8158	69.3074	62.3178	60.215300000000006	54.9805	62.4706	60.0136	58.659499999999994	69.4937	67.2662	65.339	64.0719	64.3306	65.85849999999999	65.1268	64.9673	66.2007	65.5841	65.2198	66.423	65.7915	65.6287	66.9841	66.1477	65.8082	66.8857	66.18260000000001	66.1426	66.989	66.1045	65.8277	66.7747	66.1762	65.9358	66.7976	66.3489	66.0374	67.1502	66.3917	66.021	67.0474	66.4143	65.8072	67.2784	66.2865	65.9667	67.3106	66.1262	65.9625	67.1951	66.4265	65.9753	66.79899999999999	66.2577	65.8935	67.01939999999999	66.30460000000001	65.9058	66.8497	66.6639	65.9785	66.8481	66.1482	65.6941	66.8744	66.49080000000001	65.8698	66.8823	66.1569	65.5776	66.7017	66.4005	65.8544	66.61500000000001	65.9505	65.43860000000001	66.4405	66.1368	65.366	66.03909999999999	65.5976	64.7165	65.62740000000001	64.971	64.4071	65.0892	64.38289999999999	63.889300000000006	64.7432	63.8135	63.426	64.01050000000001	63.4804	62.835300000000004	63.4837	62.7019	62.4509	63.1664
FGC2639_s_1_1_GTCTAATGGC-AGTGGTCAGG_FGC2639_s_1_2_GTCTAATGGC-AGTGGTCAGG	85.3117	66.95609999999999	73.2216	69.5261	63.785199999999996	62.388200000000005	56.69	64.5714	61.9984	60.5452	71.437	69.0852	66.81230000000001	65.9575	66.5949	67.65520000000001	67.0822	66.90660000000001	67.8768	67.4549	67.3808	68.10249999999999	67.6626	67.6525	68.66250000000001	67.8752	67.7848	68.4939	67.9863	67.797	68.55210000000001	67.8385	67.7889	68.74	68.1045	67.89840000000001	68.6531	68.2935	67.9821	68.825	68.23179999999999	67.9747	69.0166	68.1705	67.9809	68.8535	68.15299999999999	67.95909999999999	68.9246	68.2166	68.19669999999999	68.843	68.4501	68.0596	68.7631	68.3971	68.112	68.8793	68.32730000000001	68.0488	68.9404	68.4039	67.97959999999999	68.848	68.2552	68.1045	68.9458	68.4481	68.2036	68.865	68.3785	67.8965	68.7881	68.1883	67.9716	68.8222	68.2002	67.99539999999999	68.6279	68.2586	67.7781	68.4864	68.0102	67.5932	68.3855	67.8639	67.488	68.1718	67.6191	67.23400000000001	68.0297	67.2396	67.17269999999999	67.6968	67.1513	66.63419999999999	67.2308	66.5817	66.3845	67.00319999999999
FGC2639_s_1_1_GTGACACGCA-GCTTACGGAC_FGC2639_s_1_2_GTGACACGCA-GCTTACGGAC	84.6208	66.3081	72.738	68.7935	63.1826	61.6845	55.948299999999996	64.00970000000001	61.3452	59.9546	70.80680000000001	68.2458	65.95299999999999	65.1168	65.8894	66.9054	66.59190000000001	66.4273	67.2573	66.97380000000001	66.6939	67.5493	66.9836	67.062	68.09809999999999	67.35520000000001	67.29899999999999	67.93249999999999	67.5566	67.3498	67.9684	67.2736	67.2787	68.1279	67.5999	67.3183	68.0384	67.8695	67.5818	68.4097	67.951	67.5829	68.6084	67.6696	67.45259999999999	68.3372	67.7998	67.4876	68.5326	67.84750000000001	67.9077	68.42399999999999	67.965	67.6772	68.31009999999999	67.9345	67.7597	68.3283	67.93390000000001	67.5995	68.4724	68.0569	67.54520000000001	68.4134	67.94210000000001	67.6793	68.408	68.003	67.6998	68.3583	67.97290000000001	67.4571	68.3173	67.7362	67.5001	68.2903	67.6932	67.4592	68.0064	67.8192	67.2415	67.7449	67.35520000000001	66.89399999999999	67.6915	67.1438	66.7309	67.3853	66.8315	66.3156	66.9668	66.3025	66.1359	66.59	65.9684	65.4979	66.092	65.2963	65.0935	65.6684
FGC2639_s_1_1_GTGCAGACAG-TACCATCCGT_FGC2639_s_1_2_GTGCAGACAG-TACCATCCGT	84.725	67.2187	73.87310000000001	70.089	64.0775	62.18470000000001	56.814600000000006	64.5537	61.6834	60.5858	71.5236	69.0054	66.9482	65.9979	66.46180000000001	67.61	67.1484	66.8304	67.9067	67.6613	67.28	68.1437	67.7439	67.5269	68.6947	68.0295	67.6384	68.5112	68.0539	67.7569	68.58959999999999	68.002	67.777	68.80669999999999	68.24799999999999	67.902	68.7201	68.4821	67.9117	68.9147	68.4009	67.9276	69.026	68.3622	67.928	68.89020000000001	68.307	67.89020000000001	69.0414	68.365	68.214	68.9129	68.5316	68.039	68.8064	68.4921	68.11840000000001	68.9186	68.5385	67.98689999999999	69.0149	68.5771	67.9307	68.9653	68.40129999999999	68.0351	69.0085	68.6518	68.1106	69.0273	68.6237	67.9411	68.8655	68.3985	67.9621	68.9558	68.423	68.0154	68.7205	68.514	67.857	68.6401	68.20859999999999	67.5983	68.485	68.0085	67.4783	68.2855	67.8564	67.2267	68.1412	67.4541	67.15870000000001	67.8208	67.29939999999999	66.6581	67.31909999999999	66.66680000000001	66.3554	67.0512
FGC2639_s_1_1_TAAGCATCCA-TCAATCCATT_FGC2639_s_1_2_TAAGCATCCA-TCAATCCATT	83.73089999999999	65.05149999999999	71.8209	68.2607	62.1259	59.859300000000005	55.3087	62.1055	59.5954	58.286300000000004	68.9924	66.7929	65.30359999999999	63.4976	64.42909999999999	65.6385	64.9461	64.8683	65.7807	65.4058	65.0865	66.1575	65.1438	65.3933	66.73249999999999	65.8907	65.67009999999999	66.3986	66.0715	65.87570000000001	66.5146	65.9081	65.3843	66.8665	65.699	65.5175	66.6133	66.3386	66.0144	66.74130000000001	66.1119	65.9871	67.2475	65.9558	65.7029	66.7538	66.3115	65.7111	67.2353	66.4451	66.1466	66.9514	66.2781	65.9641	67.144	66.4796	66.1519	66.9855	66.5363	65.8851	66.9946	66.64609999999999	65.92179999999999	67.26769999999999	66.50059999999999	66.1033	66.9808	66.6215	65.8922	66.9105	66.2328	65.7531	66.9153	66.3762	66.0857	67.1486	66.3301	66.0085	66.9143	66.2737	65.763	66.6835	66.04860000000001	65.59129999999999	66.4913	65.8277	65.3245	66.2625	65.44290000000001	64.9787	65.8977	65.0656	64.7645	65.42179999999999	64.74	64.2082	64.9288	64.07509999999999	63.7545	64.54090000000001
FGC2639_s_1_1_TAGCATAACC-GCTATGCGCA_FGC2639_s_1_2_TAGCATAACC-GCTATGCGCA	84.3081	67.2488	74.1897	70.648	64.1911	62.5404	56.7578	64.2118	61.4457	60.6661	71.0515	68.8256	67.10300000000001	65.8985	66.26570000000001	67.6165	67.0891	66.77149999999999	67.9241	67.5107	67.1715	68.1084	67.5594	67.40169999999999	68.6827	67.9315	67.6318	68.5176	67.9168	67.6817	68.6468	67.7867	67.63289999999999	68.73179999999999	67.9885	67.7258	68.6384	68.3215	67.8124	68.85329999999999	68.2022	67.7678	69.0915	68.1887	67.81700000000001	68.92009999999999	68.1498	67.7643	68.97109999999999	68.1932	68.1187	68.8805	68.41850000000001	67.8592	68.7181	68.2731	68.0176	68.85419999999999	68.3481	67.8656	69.02239999999999	68.3928	67.78490000000001	68.93430000000001	68.233	67.9054	68.93730000000001	68.4505	67.98819999999999	68.951	68.41850000000001	67.7755	68.7993	68.233	67.8559	68.8949	68.2311	67.8586	68.65400000000001	68.34710000000001	67.7196	68.58539999999999	68.0503	67.4862	68.4999	67.8887	67.3794	68.3203	67.67800000000001	67.0968	68.13719999999999	67.3586	67.14529999999999	67.8526	67.2458	66.5981	67.3783	66.6152	66.3326	67.1327
FGC2639_s_1_1_TAGTTCGGTA-CCATGTGTAG_FGC2639_s_1_2_TAGTTCGGTA-CCATGTGTAG	85.1022	66.7266	72.3672	69.1636	63.729499999999994	63.062799999999996	56.8298	64.59700000000001	62.24380000000001	60.8507	71.21079999999999	68.98870000000001	66.9096	65.9085	66.6832	67.94409999999999	67.0643	66.9798	67.86670000000001	67.1844	67.3233	68.1593	67.5508	67.7337	68.6732	67.8272	67.7855	68.64519999999999	67.9306	67.9359	68.7224	67.90650000000001	67.931	68.864	67.9706	68.0114	68.8522	68.1001	68.186	68.96860000000001	68.3516	68.1078	69.05930000000001	68.1608	68.1841	68.9913	68.2608	68.209	69.14240000000001	68.3756	68.327	69.1982	68.41239999999999	68.3349	69.1173	68.44059999999999	68.38159999999999	69.1346	68.368	68.2372	69.1235	68.4913	68.3701	69.2516	68.4251	68.4243	69.1284	68.4863	68.33550000000001	69.1696	68.435	68.3438	69.17750000000001	68.41390000000001	68.3799	69.1892	68.44160000000001	68.2932	69.06700000000001	68.30239999999999	68.217	69.0096	68.28659999999999	68.15299999999999	68.91380000000001	68.1211	68.0349	68.7715	67.9862	67.8176	68.68130000000001	67.7844	67.7329	68.3301	67.57600000000001	67.33749999999999	68.0001	67.2049	67.0879	67.711
FGC2639_s_1_1_TATGCCTTAC-AGACACATTA_FGC2639_s_1_2_TATGCCTTAC-AGACACATTA	84.4067	66.3854	71.5016	68.2428	63.125	62.3103	56.8659	64.7675	61.8708	60.548100000000005	71.5707	68.7763	66.462	65.6427	66.30040000000001	67.4732	66.984	66.6628	67.6323	67.1391	66.8622	67.8059	67.38199999999999	67.2889	68.39030000000001	67.6476	67.4668	68.2833	67.8315	67.57570000000001	68.38210000000001	67.6604	67.4353	68.4884	67.8279	67.5887	68.4002	68.1072	67.7829	68.7101	68.07600000000001	67.6523	68.7766	68.07180000000001	67.69500000000001	68.6027	68.05210000000001	67.7449	68.8276	68.2187	67.9774	68.80239999999999	68.2655	67.92190000000001	68.7345	68.25099999999999	67.9366	68.73519999999999	68.22240000000001	67.7945	68.8303	68.2728	67.8112	68.7663	68.2107	67.90620000000001	68.7813	68.3295	67.9164	68.6609	68.2016	67.7313	68.6968	68.0955	67.7414	68.6999	68.0199	67.7309	68.43299999999999	68.07419999999999	67.5163	68.252	67.7623	67.3052	68.1469	67.5497	67.1423	67.81779999999999	67.3307	66.7885	67.56060000000001	66.8681	66.4921	67.071	66.479	65.9469	66.6565	65.8818	65.5875	66.1936
FGC2639_s_1_1_TATGTAGTCA-CGCACTAATG_FGC2639_s_1_2_TATGTAGTCA-CGCACTAATG	84.97710000000001	66.1613	72.7152	69.25630000000001	63.2488	61.9386	56.0781	63.7471	61.4889	59.7904	70.2886	68.1258	66.0648	65.0791	65.9757	67.0868	66.2504	66.1458	67.041	66.3845	66.5061	67.29899999999999	66.7175	66.8439	67.8313	66.9217	66.9509	67.7753	67.1062	67.1174	67.8321	67.0713	67.0572	67.9702	67.0975	67.1431	67.89920000000001	67.3515	67.2176	67.9906	67.4624	67.19000000000001	68.1921	67.2988	67.2527	68.0669	67.3828	67.2996	68.2085	67.4922	67.4164	68.1547	67.42660000000001	67.3505	68.15719999999999	67.4859	67.40549999999999	68.1199	67.5048	67.3169	68.1771	67.551	67.34179999999999	68.2621	67.5224	67.3952	68.1538	67.52430000000001	67.3321	68.08330000000001	67.456	67.3364	68.19770000000001	67.44409999999999	67.365	68.1821	67.4447	67.21629999999999	67.95	67.279	67.136	67.87819999999999	67.20819999999999	67.04339999999999	67.6969	66.9446	66.8006	67.4686	66.69810000000001	66.5361	67.3149	66.42620000000001	66.2862	66.816	66.1306	65.8476	66.3852	65.5961	65.4837	65.9347
FGC2639_s_1_1_TATTGCGCTC-CTGTGTTAGG_FGC2639_s_1_2_TATTGCGCTC-CTGTGTTAGG	84.7953	66.37570000000001	72.8595	70.0882	64.0192	62.7931	57.5295	64.4607	62.045899999999996	60.8567	71.2257	69.1416	67.4166	65.9384	66.48910000000001	67.9256	67.1359	66.7718	67.9908	67.3575	67.2006	68.3398	67.6585	67.50789999999999	68.8425	67.8708	67.6377	68.6764	67.9274	67.7588	68.79690000000001	67.8072	67.7384	68.94069999999999	67.964	67.8164	68.81530000000001	68.2252	67.973	69.03479999999999	68.2848	67.8969	69.1387	68.1756	67.9534	69.04390000000001	68.1994	67.91669999999999	69.14670000000001	68.2773	68.0831	69.1071	68.3665	68.04729999999999	69.0411	68.29469999999999	68.0918	69.0338	68.31479999999999	67.99969999999999	69.0878	68.3392	67.9625	69.0749	68.1863	67.92099999999999	68.937	68.3052	67.95	68.92960000000001	68.2215	67.8335	68.9031	68.0303	67.7865	68.8559	67.9385	67.6999	68.59049999999999	67.91460000000001	67.4616	68.3682	67.5966	67.19239999999999	68.172	67.3331	66.9166	67.8098	67.0175	66.5699	67.4851	66.56490000000001	66.2164	66.99929999999999	66.1459	65.7531	66.3725	65.52759999999999	65.2132	65.9319
FGC2639_s_1_1_TCAGAAGGCG-GGCCATCATA_FGC2639_s_1_2_TCAGAAGGCG-GGCCATCATA	85.7212	69.1841	73.3407	70.366	64.0464	62.7281	56.3654	64.2166	61.862300000000005	60.597500000000004	71.3438	69.04	66.89009999999999	65.81569999999999	66.3023	67.3417	66.87870000000001	66.59140000000001	67.75919999999999	67.37049999999999	67.1511	67.9945	67.6182	67.4962	68.5937	67.7631	67.501	68.3567	67.7661	67.554	68.4562	67.6635	67.623	68.6037	67.9742	67.6675	68.3976	68.18650000000001	67.7434	68.7287	68.06269999999999	67.815	68.9148	68.1201	67.8026	68.7666	68.0399	67.762	68.7942	68.0552	68.0397	68.7264	68.2742	67.8487	68.6086	68.1681	67.9731	68.7556	68.1936	67.8001	68.80199999999999	68.195	67.7581	68.632	68.0107	67.83059999999999	68.7635	68.2428	67.9906	68.7315	68.2489	67.7375	68.59490000000001	67.9438	67.717	68.5879	68.0116	67.7661	68.395	68.1435	67.5972	68.26060000000001	67.7925	67.2696	68.1774	67.616	67.3049	68.0287	67.4669	67.1091	67.9432	67.23649999999999	67.105	67.7203	67.1499	66.6836	67.4384	66.7401	66.5586	67.37809999999999
FGC2639_s_1_1_TCATAGATTG-GATTAAGGTG_FGC2639_s_1_2_TCATAGATTG-GATTAAGGTG	85.5294	69.0789	72.3227	70.0718	63.5874	62.97239999999999	56.8388	63.956599999999995	62.1667	61.134299999999996	71.3851	69.2511	67.2396	66.0004	66.5393	67.7499	66.9432	66.9613	68.3127	67.562	67.3768	68.5016	67.7532	67.9293	69.1046	67.9538	67.89450000000001	68.8078	68.0086	67.8978	69.0054	67.78229999999999	67.9519	69.11749999999999	68.1796	67.9827	68.8412	68.3317	68.06259999999999	69.229	68.2158	68.0811	69.4541	68.303	68.0227	69.2375	68.1363	67.9836	69.3092	68.1911	68.3103	69.1855	68.3554	68.113	68.9755	68.3252	68.2482	69.2554	68.415	68.0702	69.1886	68.39920000000001	67.9935	69.133	68.1792	68.1118	69.1959	68.3488	68.3018	69.2033	68.45320000000001	68.0523	69.1074	68.2117	68.0885	69.1963	68.34360000000001	68.1732	68.98530000000001	68.4761	68.0179	68.8881	68.1377	67.7854	68.8527	68.0023	67.8621	68.79690000000001	67.9156	67.64869999999999	68.7972	67.7775	67.7992	68.6616	67.7085	67.36999999999999	68.41239999999999	67.4122	67.336	68.4308
FGC2639_s_1_1_TCCATTGCCG-GAATGCACGA_FGC2639_s_1_2_TCCATTGCCG-GAATGCACGA	83.8379	66.2111	73.70689999999999	70.3886	64.03450000000001	62.0875	57.0573	64.0171	61.230700000000006	60.3779	70.8546	68.5138	67.0168	65.5404	66.1485	67.58760000000001	66.97659999999999	66.8208	67.7207	67.45400000000001	66.9753	68.04599999999999	67.2479	67.2622	68.7105	67.874	67.6117	68.5175	68.0071	67.7145	68.5918	67.7497	67.4288	68.6738	67.81779999999999	67.7658	68.7	68.1499	67.66539999999999	68.884	68.45989999999999	67.9129	69.2179	68.2162	67.57379999999999	68.7867	68.221	67.6774	69.133	68.32770000000001	68.0069	68.9118	68.3688	68.0132	68.915	68.36330000000001	68.05930000000001	68.79079999999999	68.39880000000001	67.7929	68.947	68.5442	67.76339999999999	69.0674	68.33120000000001	67.791	68.815	68.4631	67.8626	68.8593	68.29220000000001	67.6056	68.81580000000001	68.31700000000001	67.8651	68.91460000000001	68.18570000000001	67.7982	68.6322	68.3564	67.5898	68.49380000000001	67.9479	67.3472	68.3912	67.7957	67.2172	68.154	67.4727	66.837	67.8533	66.962	66.7316	67.4801	66.8443	66.1632	66.9922	66.1762	65.8017	66.70819999999999
FGC2639_s_1_1_TCTCATGATA-AACACGTGGA_FGC2639_s_1_2_TCTCATGATA-AACACGTGGA	84.332	66.84909999999999	70.6893	66.8494	63.1787	62.4712	57.432700000000004	65.5066	62.3171	61.158199999999994	72.3476	69.1553	66.6244	65.823	66.8463	67.5698	67.314	67.2662	67.8005	67.7104	67.2668	68.0604	67.5265	67.7569	68.7122	68.1801	68.0022	68.28790000000001	68.3272	67.9822	68.364	68.0167	67.655	68.7828	68.0672	68.0518	68.37689999999999	68.6927	67.94930000000001	68.6784	68.6094	67.8387	68.8202	68.21350000000001	67.774	68.609	68.4701	67.8385	69.0886	68.5994	68.2274	68.7063	68.4896	68.2541	68.893	68.7765	68.3445	68.6153	68.66069999999999	67.901	68.7468	68.6985	67.8286	69.0455	68.5974	67.9945	68.7573	68.744	68.00319999999999	68.6898	68.3796	67.7941	68.7448	68.5504	68.1314	68.8978	68.5389	68.1713	68.67649999999999	68.5564	67.88889999999999	68.4284	68.2243	67.67229999999999	68.4049	68.0874	67.67689999999999	68.2314	67.9052	67.36609999999999	67.97	67.4933	67.1961	67.5633	67.2756	66.67	67.3389	66.82820000000001	66.4696	67.0634
FGC2639_s_1_1_TCTGGTATCC-CGTTGCTTAC_FGC2639_s_1_2_TCTGGTATCC-CGTTGCTTAC	83.37219999999999	67.315	73.0458	69.0857	65.0961	62.0908	58.226299999999995	65.098	61.303700000000006	60.807500000000005	71.785	68.6114	67.6837	65.567	66.8886	66.8689	66.72540000000001	67.3163	67.2091	68.4875	67.5658	68.562	67.0082	67.7067	69.047	68.73169999999999	67.98490000000001	67.57990000000001	68.6574	67.86609999999999	67.6402	68.5041	66.5245	68.9578	67.4473	67.99300000000001	67.6146	69.08959999999999	68.0762	67.9277	67.5977	66.6844	69.3814	68.9036	66.7004	67.9116	68.76100000000001	67.12129999999999	69.2748	68.89359999999999	67.10199999999999	67.8514	67.8726	68.2046	69.0964	69.0172	68.3131	67.9289	69.0736	66.8409	68.0787	69.0436	66.80930000000001	69.1819	68.95320000000001	66.9394	68.1045	69.1296	67.0501	67.96130000000001	67.9314	66.7599	68.5775	68.7359	68.0043	69.27499999999999	69.0013	68.15780000000001	69.0332	69.2196	68.0475	68.9307	68.7911	67.81859999999999	68.849	68.6437	67.8926	68.7618	68.5829	67.5921	68.5372	68.2712	67.676	68.4499	68.1953	67.1454	68.161	67.7489	67.0343	68.0398
FGC2639_s_1_1_TGATGTAAGA-GTGCGTCCTT_FGC2639_s_1_2_TGATGTAAGA-GTGCGTCCTT	85.3432	67.8895	72.6475	68.6685	63.8073	62.6961	56.769800000000004	65.0582	62.1133	61.0388	71.9854	69.44550000000001	66.9994	65.9874	66.7225	67.62209999999999	67.2925	67.1348	68.0207	67.66590000000001	67.4123	68.1791	67.7084	67.7443	68.7343	68.0633	67.92399999999999	68.5465	68.1512	67.9389	68.6373	67.92960000000001	67.9144	68.7782	68.2105	68.04249999999999	68.6348	68.4956	68.1794	68.9058	68.3985	68.0421	69.1445	68.3353	68.0727	68.9121	68.3074	68.0101	69.0572	68.39269999999999	68.4166	68.9881	68.5574	68.1584	68.8583	68.5798	68.3573	68.9384	68.5463	68.1482	69.02709999999999	68.5488	68.0587	68.9576	68.43169999999999	68.2359	68.9818	68.64489999999999	68.352	68.9903	68.5386	68.0643	68.81920000000001	68.386	68.15050000000001	68.9764	68.4582	68.176	68.6393	68.5298	67.92190000000001	68.4855	68.16919999999999	67.7532	68.4608	68.0317	67.7171	68.3425	67.8287	67.4204	68.0892	67.4444	67.3325	67.72749999999999	67.2602	66.7833	67.39699999999999	66.76769999999999	66.5202	67.1517
FGC2639_s_1_1_TGATTATACG-GTCGATTACA_FGC2639_s_1_2_TGATTATACG-GTCGATTACA	84.3985	67.5875	73.7518	69.7829	63.96659999999999	62.373599999999996	56.405899999999995	64.9734	61.8935	60.56589999999999	71.7933	69.0693	66.7105	65.9972	66.40979999999999	67.343	67.14240000000001	66.8789	67.7176	67.6921	67.2778	67.9852	67.7385	67.5026	68.55630000000001	68.07260000000001	67.7346	68.3314	68.0763	67.7263	68.4452	67.9168	67.7875	68.5586	68.2419	67.8919	68.4366	68.4447	67.9453	68.7267	68.39359999999999	67.90220000000001	68.9274	68.42049999999999	67.9274	68.7143	68.29429999999999	67.8895	68.8687	68.40899999999999	68.3229	68.72070000000001	68.6036	68.0393	68.6377	68.4631	68.1821	68.77109999999999	68.5535	68.0585	68.8467	68.6144	67.89920000000001	68.7543	68.4231	68.0365	68.7602	68.66409999999999	68.15050000000001	68.817	68.6523	67.8875	68.6105	68.4315	67.91279999999999	68.7208	68.3872	67.9442	68.4712	68.5481	67.7931	68.3249	68.13940000000001	67.4982	68.1633	67.9175	67.3597	67.9279	67.70479999999999	67.0319	67.7343	67.2747	66.94489999999999	67.3698	67.0654	66.31320000000001	66.8136	66.3944	65.9966	66.6198
FGC2639_s_1_1_TGGTACCTAA-CATGAGTACT_FGC2639_s_1_2_TGGTACCTAA-CATGAGTACT	83.9115	66.7411	71.8781	67.8069	63.375800000000005	62.3708	56.618900000000004	65.4915	61.86469999999999	60.3344	71.9949	68.74719999999999	66.1714	65.8737	66.6569	67.40899999999999	67.2712	66.8855	67.3291	67.43599999999999	67.06450000000001	67.74080000000001	67.5384	67.46130000000001	68.26989999999999	68.05499999999999	67.6163	68.0965	68.21159999999999	67.7561	68.0519	68.0526	67.5426	68.386	67.979	67.8366	68.45989999999999	68.20960000000001	67.7967	68.6623	68.55630000000001	67.6896	68.4931	68.1507	67.7428	68.4158	68.4371	67.80669999999999	68.7288	68.6341	68.0929	68.54299999999999	68.4637	67.9636	68.6863	68.5991	68.1636	68.5609	68.51660000000001	67.9507	68.5822	68.6011	67.9794	68.7079	68.5236	67.9732	68.52040000000001	68.5237	67.83940000000001	68.3729	68.2513	67.733	68.395	68.32740000000001	67.8698	68.4629	68.3086	67.7843	68.24860000000001	68.214	67.58370000000001	68.0287	67.911	67.341	67.8438	67.7103	67.0715	67.5021	67.3147	66.73559999999999	67.2098	66.8747	66.35950000000001	66.7386	66.4396	65.8199	66.21780000000001	65.8957	65.36110000000001	65.76429999999999
FGC2639_s_1_1_TGTAATCGAC-GATCACCGCG_FGC2639_s_1_2_TGTAATCGAC-GATCACCGCG	84.3532	65.9635	72.5807	68.1759	63.0026	61.3248	55.616600000000005	64.0767	61.0739	59.0711	70.4781	67.8016	65.3654	64.7866	65.7073	66.41040000000001	65.9958	66.0658	66.37769999999999	66.3334	66.2511	66.9281	66.5171	66.6612	67.41319999999999	67.10300000000001	66.8695	67.2031	67.1983	67.0892	67.2186	67.1205	66.6483	67.45259999999999	66.892	67.0615	67.196	67.0613	66.985	67.4263	67.4913	67.1795	67.4387	67.4312	66.8327	67.5732	67.4319	67.0471	67.988	67.4462	66.9985	67.6085	67.2438	67.3007	67.7097	67.475	67.26299999999999	67.55839999999999	67.4303	67.0148	67.4238	67.70270000000001	67.0673	67.71239999999999	67.4584	66.8639	67.4589	67.5811	66.87870000000001	67.3484	67.0572	66.7988	67.5814	67.5388	67.1996	67.48960000000001	67.26339999999999	66.9114	67.4558	67.2595	66.8155	67.09819999999999	67.0489	66.48570000000001	66.85029999999999	66.6189	66.2087	66.5501	66.1165	65.8108	66.1787	65.6644	65.303	65.4877	65.241	64.7622	64.9364	64.5804	64.2021	64.4542
FGC2639_s_1_1_TGTCGCTGGT-TCGTCTGACT_FGC2639_s_1_2_TGTCGCTGGT-TCGTCTGACT	84.9063	67.0552	72.40490000000001	69.1862	63.775999999999996	62.7566	57.241	64.4712	61.9735	61.086200000000005	71.3483	69.211	67.3789	65.88380000000001	66.5732	67.7636	67.0652	67.0404	68.1198	67.57	67.41470000000001	68.39020000000001	67.572	67.739	68.9962	67.9284	67.87180000000001	68.6747	67.997	67.88159999999999	68.80279999999999	67.8331	67.81089999999999	69.0265	68.06649999999999	68.0219	68.8098	68.42859999999999	68.13550000000001	69.1897	68.2367	68.1089	69.3755	68.2063	67.958	69.1151	68.1488	67.9769	69.291	68.2902	68.3031	69.1214	68.4337	68.18469999999999	69.0702	68.4036	68.2065	69.0786	68.4117	68.0182	69.247	68.49260000000001	68.0062	69.1859	68.3169	68.0794	69.1812	68.4658	68.2196	69.1358	68.4232	67.9841	69.0349	68.2376	68.03869999999999	69.157	68.30659999999999	68.0331	68.8673	68.3326	67.8716	68.76830000000001	68.0181	67.6531	68.6123	67.8228	67.5655	68.3995	67.598	67.26910000000001	68.2584	67.2685	67.1921	67.90650000000001	67.07610000000001	66.6698	67.5145	66.5447	66.3613	67.2353
FGC2639_s_1_1_TTCACGAGAC-AGATTGTTAC_FGC2639_s_1_2_TTCACGAGAC-AGATTGTTAC	85.1402	66.8794	71.4565	67.928	63.359	62.9703	57.22540000000001	65.6487	62.8197	60.994499999999995	72.3735	69.73859999999999	67.0235	66.05069999999999	66.9082	67.8323	67.3539	67.1523	67.8319	67.5253	67.5337	68.19760000000001	67.8052	67.9308	68.6918	68.07809999999999	67.9413	68.4359	68.1747	67.9838	68.5063	68.0702	67.9798	68.7643	68.1214	68.0099	68.7357	68.252	68.2435	68.87299999999999	68.3512	68.1871	68.8749	68.4009	68.1488	68.8044	68.4193	68.1306	69.02770000000001	68.5019	68.2881	68.8792	68.4893	68.34740000000001	68.9956	68.5726	68.416	68.9049	68.5423	68.1782	68.9342	68.5857	68.25059999999999	68.9782	68.52510000000001	68.28	68.9261	68.6145	68.2607	68.8366	68.49929999999999	68.1939	68.90889999999999	68.4653	68.3122	68.9368	68.4427	68.2763	68.7534	68.4278	68.0925	68.5893	68.2477	67.9932	68.61930000000001	68.11110000000001	67.9237	68.41420000000001	67.98819999999999	67.6917	68.2418	67.6695	67.4812	67.9054	67.44839999999999	67.1849	67.6577	67.0736	66.89150000000001	67.3736
FGC2639_s_1_1_TTCTACATAC-CTAACTGTAA_FGC2639_s_1_2_TTCTACATAC-CTAACTGTAA	84.22279999999999	67.2932	72.7897	70.2267	63.778400000000005	62.09289999999999	56.5347	64.1731	61.3252	60.495	71.19720000000001	68.6716	66.9778	65.7535	65.9695	67.5101	67.0845	66.6064	67.93090000000001	67.5814	66.8516	68.0337	67.4615	67.1477	68.6473	67.9517	67.49300000000001	68.5351	67.9765	67.4179	68.6032	67.72540000000001	67.3811	68.61019999999999	68.0284	67.4966	68.5923	68.3589	67.5964	68.9953	68.2559	67.5816	69.0098	68.2294	67.5697	68.8396	68.0868	67.5301	69.0105	68.2305	67.9474	68.9031	68.5061	67.7431	68.6669	68.2511	67.7624	68.77499999999999	68.345	67.6678	68.9537	68.4932	67.5213	68.87259999999999	68.16	67.6162	68.88149999999999	68.4635	67.7738	68.9187	68.3647	67.46419999999999	68.6691	68.1807	67.4859	68.7387	68.081	67.5246	68.4111	68.2267	67.2069	68.2257	67.7152	66.9363	68.0645	67.4672	66.715	67.7505	67.1031	66.25229999999999	67.3336	66.5816	66.1091	66.8998	66.3195	65.4024	66.28399999999999	65.5059	65.0581	65.90939999999999
FGC2639_s_1_1_TTGGAATTCC-ACGTCAATAC_FGC2639_s_1_2_TTGGAATTCC-ACGTCAATAC	84.3509	65.4705	70.5406	67.13550000000001	61.83539999999999	60.796499999999995	55.3161	63.4747	60.738400000000006	59.22579999999999	70.4539	67.5389	65.1312	64.4306	65.11749999999999	66.2404	65.7985	65.65769999999999	66.5637	66.0009	65.7235	66.7022	66.2514	66.17840000000001	67.3462	66.629	66.4511	67.2973	66.8457	66.6246	67.3887	66.6253	66.44330000000001	67.406	66.7022	66.5654	67.447	67.1283	66.8453	67.6681	67.0485	66.7422	67.8829	67.0752	66.57990000000001	67.7577	66.9958	66.7133	67.98110000000001	67.1717	66.98920000000001	67.8223	67.2898	66.8894	67.7146	67.2308	66.9041	67.6917	67.27149999999999	66.9	67.7703	67.43209999999999	66.93780000000001	67.8978	67.2424	66.9022	67.7894	67.4106	66.9469	67.7774	67.28960000000001	66.87110000000001	67.8072	67.4864	67.0744	67.88640000000001	67.3642	66.9709	67.7387	67.42439999999999	66.91369999999999	67.6134	67.2183	66.6528	67.5177	67.0453	66.6119	67.3272	66.8536	66.3737	67.2196	66.4698	66.2319	66.86149999999999	66.3466	65.85029999999999	66.5744	65.86800000000001	65.5739	66.256
FGC2639_s_2_1_AACATCGCGC-GTCCACTTGT_FGC2639_s_2_2_AACATCGCGC-GTCCACTTGT	85.35390000000001	67.2907	72.219	68.1678	63.1561	62.1537	56.814299999999996	64.5141	62.19	60.9827	71.8883	69.5822	66.9453	65.6215	66.5643	67.4168	66.90899999999999	66.9172	67.7869	67.40270000000001	67.3347	68.0198	67.486	67.72449999999999	68.6488	67.783	67.76100000000001	68.3131	67.9216	67.79939999999999	68.3604	67.6246	67.8493	68.70960000000001	68.01509999999999	67.8986	68.5797	68.2101	68.073	68.8331	68.2221	68.0302	69.0764	68.1323	67.9706	68.77069999999999	68.1191	67.9823	68.9874	68.1968	68.2157	68.79039999999999	68.348	68.1199	68.7618	68.29690000000001	68.2323	68.7296	68.28880000000001	67.9631	68.9113	68.2883	67.8385	68.7708	68.1633	68.00840000000001	68.7696	68.3435	68.1087	68.67689999999999	68.16980000000001	67.7459	68.4874	67.9194	67.7063	68.4914	67.815	67.6712	68.1015	67.8068	67.3163	67.7946	67.33930000000001	66.9293	67.4687	66.8687	66.6297	67.0432	66.4675	66.0743	66.6547	65.8797	65.7598	66.0348	65.3946	64.9835	65.41590000000001	64.73219999999999	64.5486	64.9355
FGC2639_s_2_1_AACCATAGAA-GGCGAGATGG_FGC2639_s_2_2_AACCATAGAA-GGCGAGATGG	84.8545	66.79260000000001	72.8554	69.5446	63.6168	62.022600000000004	56.8772	63.3768	61.1973	60.13269999999999	70.491	68.5382	67.0758	65.2905	66.102	67.2463	66.5278	66.5051	67.6338	67.1267	67.03909999999999	67.9704	67.0152	67.2858	68.6301	67.5786	67.4663	68.2189	67.5697	67.5178	68.31530000000001	67.343	67.3507	68.7042	67.5069	67.3681	68.6346	68.07140000000001	67.5772	68.81819999999999	67.7924	67.7274	68.9415	67.72240000000001	67.5009	68.72070000000001	67.9165	67.5159	69.0274	67.96759999999999	67.8829	68.8014	68.025	67.8617	68.7971	68.1259	67.99300000000001	68.7165	68.2041	67.6104	68.8736	68.1981	67.60119999999999	68.9015	67.99199999999999	67.7392	68.8007	68.245	67.8685	68.857	68.0716	67.5189	68.77109999999999	67.9619	67.69239999999999	68.8852	67.9962	67.7627	68.6038	68.135	67.5608	68.4313	67.7013	67.3094	68.36290000000001	67.53620000000001	67.2379	68.1492	67.2666	66.8987	67.9014	66.86959999999999	66.7971	67.4621	66.65440000000001	66.1956	67.0141	65.9859	65.85210000000001	66.7029
FGC2639_s_2_1_ACAGTGTATG-GAACATACGG_FGC2639_s_2_2_ACAGTGTATG-GAACATACGG	84.68599999999999	64.8318	71.3513	67.79809999999999	61.744	60.240700000000004	54.6446	62.3205	60.2401	58.5287	69.1119	66.78359999999999	64.6478	63.625699999999995	64.66199999999999	65.7094	64.9755	65.1292	65.9274	65.1781	65.1743	66.02090000000001	65.3448	65.6228	66.7886	65.7443	65.9038	66.62010000000001	65.9475	65.9801	66.6669	65.6951	65.911	66.739	65.93769999999999	66.11930000000001	66.7773	66.2264	66.2154	67.0261	66.2313	66.1431	67.15729999999999	66.2092	66.079	67.0056	66.1473	66.1048	67.1563	66.258	66.4245	67.078	66.38579999999999	66.2841	67.0523	66.35940000000001	66.3058	66.9818	66.359	66.2097	67.09469999999999	66.51780000000001	66.3083	67.17790000000001	66.3565	66.29169999999999	67.1089	66.5148	66.3711	67.1046	66.4235	66.2038	67.0976	66.3733	66.3202	67.0857	66.2865	66.2601	66.7941	66.2863	66.0256	66.6726	66.0575	65.848	66.55529999999999	65.8352	65.6761	66.3709	65.5451	65.3078	66.0598	65.1258	65.19120000000001	65.6088	64.85079999999999	64.6112	65.205	64.27289999999999	64.2979	64.8022
FGC2639_s_2_1_ACATATCCAG-TATGTGCAAT_FGC2639_s_2_2_ACATATCCAG-TATGTGCAAT	84.5393	68.1435	71.7673	69.7175	63.0954	62.7623	56.502300000000005	63.438700000000004	61.8416	60.906000000000006	70.9088	68.801	66.9785	65.6958	66.16959999999999	67.5228	66.7049	66.63520000000001	68.02289999999999	67.28460000000001	67.04599999999999	68.2751	67.50319999999999	67.5755	68.8159	67.6806	67.5979	68.6084	67.6875	67.5797	68.7842	67.5699	67.6904	68.7894	67.8602	67.6696	68.6238	68.0346	67.7467	68.9655	67.9944	67.8017	69.1565	68.0632	67.6867	68.965	67.9239	67.6959	69.06269999999999	67.8986	67.9164	68.9707	68.1245	67.73360000000001	68.7353	68.0192	67.9253	69.06400000000001	68.107	67.805	68.9111	68.0693	67.6721	68.821	67.80279999999999	67.7934	68.87950000000001	68.0101	67.8204	68.9105	68.0338	67.619	68.6928	67.8376	67.6208	68.78450000000001	67.8716	67.5497	68.4984	67.97710000000001	67.4615	68.3756	67.55600000000001	67.1138	68.2219	67.4084	67.1141	68.132	67.20009999999999	66.8404	67.9813	66.9527	66.8763	67.6799	66.805	66.4234	67.4308	66.3547	66.2903	67.2107
FGC2639_s_2_1_ACCACGACAT-TCGTATGCGG_FGC2639_s_2_2_ACCACGACAT-TCGTATGCGG	84.8552	66.7423	72.8216	69.8295	63.27310000000001	61.5317	56.7527	63.4341	61.0611	60.213899999999995	70.7008	68.5962	67.15299999999999	65.27340000000001	65.5911	67.2722	66.5474	66.1988	67.72829999999999	67.18650000000001	66.75370000000001	68.0067	67.13470000000001	67.0528	68.608	67.46600000000001	67.1543	68.33789999999999	67.4706	67.2069	68.4927	67.4018	67.2342	68.6633	67.6711	67.405	68.5327	67.93639999999999	67.46950000000001	68.91000000000001	67.86290000000001	67.4974	69.02669999999999	67.79260000000001	67.4354	68.7913	67.8364	67.3192	68.9542	67.8716	67.7025	68.8184	68.0788	67.6106	68.7029	68.0049	67.7266	68.8141	68.1006	67.5447	68.9555	68.1514	67.3886	68.8712	67.8835	67.4992	68.88680000000001	68.1929	67.7402	68.9226	68.1602	67.41040000000001	68.7679	67.9139	67.4246	68.7846	67.87180000000001	67.4787	68.4761	68.087	67.33829999999999	68.44369999999999	67.5561	66.9254	68.1766	67.3116	66.7539	67.8871	67.0504	66.4118	67.6157	66.5566	66.2799	67.17309999999999	66.28359999999999	65.5729	66.54520000000001	65.5293	65.2043	66.2532
FGC2639_s_2_1_ACCGGCCGTA-TGGCAATATT_FGC2639_s_2_2_ACCGGCCGTA-TGGCAATATT	84.5356	66.3698	73.3134	69.1422	63.5715	61.950300000000006	56.4623	64.1905	61.539	60.3596	71.10610000000001	68.622	66.5485	65.4383	66.26379999999999	67.1917	66.8689	66.8603	67.6756	67.46180000000001	67.12089999999999	67.9175	67.3301	67.475	68.5792	67.8244	67.7737	68.2808	67.9394	67.7467	68.38640000000001	67.6595	67.6743	68.5779	67.90690000000001	67.90939999999999	68.5666	68.4333	68.092	68.9712	68.36449999999999	68.0513	68.9791	68.1006	67.8515	68.7465	68.179	67.8171	68.9956	68.2828	68.2962	68.76689999999999	68.4074	68.1929	68.7901	68.4085	68.2967	68.73129999999999	68.438	67.9876	68.9067	68.53630000000001	67.8905	68.9341	68.313	68.0403	68.8278	68.6292	68.2081	68.8865	68.501	67.82669999999999	68.7785	68.31620000000001	68.0374	68.9003	68.2387	68.0817	68.5695	68.477	67.83059999999999	68.44069999999999	68.0279	67.54289999999999	68.2786	67.8084	67.4196	68.0551	67.60159999999999	67.0572	67.7859	67.1348	67.047	67.4494	66.9292	66.3428	66.9838	66.2431	66.0432	66.7131
FGC2639_s_2_1_ACCGTTACAA-CTCATAGCGA_FGC2639_s_2_2_ACCGTTACAA-CTCATAGCGA	84.5521	66.6952	70.7748	67.70779999999999	62.388299999999994	61.5981	55.8739	64.6093	61.5918	60.0982	71.5266	68.3862	65.8657	65.17309999999999	65.6045	66.7879	66.4917	66.1553	67.1876	66.8788	66.3457	67.2683	66.9479	66.7844	67.9605	67.36720000000001	67.0112	67.75919999999999	67.3417	66.97579999999999	67.7685	67.14489999999999	66.9513	67.7948	67.4097	67.053	67.8236	67.8241	67.1842	68.1289	67.6042	67.1887	68.20270000000001	67.5728	66.9964	68.158	67.4589	67.0069	68.2629	67.5469	67.3793	68.1071	67.83970000000001	67.2396	67.9622	67.6943	67.30930000000001	68.1199	67.766	67.2107	68.186	67.9605	67.1234	68.1042	67.6389	67.24900000000001	68.19030000000001	67.9235	67.3501	68.1153	67.8205	67.083	68.0381	67.74419999999999	67.2174	68.052	67.6721	67.19319999999999	67.9247	67.87349999999999	67.0887	67.7227	67.4555	66.7237	67.6559	67.313	66.744	67.4307	67.07990000000001	66.33019999999999	67.2367	66.66109999999999	66.2729	66.8448	66.4303	65.71209999999999	66.4939	65.8134	65.4358	66.2087
FGC2639_s_2_1_ACGCCTTGTT-TAAGGAACGT_FGC2639_s_2_2_ACGCCTTGTT-TAAGGAACGT	84.82730000000001	66.896	72.4201	69.7377	63.616099999999996	62.2844	56.8183	63.963499999999996	61.38590000000001	60.5129	70.9611	68.66929999999999	67.238	65.6335	66.1378	67.6093	66.75489999999999	66.5741	67.8831	67.2973	66.9852	68.2176	67.3832	67.2839	68.7569	67.8252	67.4544	68.49	67.8232	67.4871	68.63860000000001	67.824	67.37180000000001	68.8489	67.8376	67.6965	68.8181	68.1836	67.7463	68.7937	68.041	67.7534	69.0292	67.9708	67.5686	68.88159999999999	68.0806	67.6273	69.1801	68.2467	67.8411	68.9337	68.17830000000001	67.84	68.9911	68.3134	67.8818	68.9313	68.337	67.6635	69.0087	68.3661	67.6655	69.1378	68.2435	67.783	69.0125	68.3958	67.75750000000001	69.02040000000001	68.2493	67.6011	68.9684	68.2265	67.7641	69.0709	68.2239	67.7311	68.7925	68.2462	67.6105	68.7714	68.0299	67.38	68.54860000000001	67.7775	67.2376	68.3234	67.502	66.93050000000001	68.13080000000001	67.24719999999999	66.8579	67.8126	66.9464	66.2978	67.3259	66.3442	65.983	66.9489
FGC2639_s_2_1_ACGGTCAGGA-CGGCCTCGTT_FGC2639_s_2_2_ACGGTCAGGA-CGGCCTCGTT	84.95700000000001	66.7709	71.8369	68.00789999999999	63.046400000000006	62.2095	56.8182	64.91460000000001	62.0753	60.716499999999996	71.8118	69.0771	66.6489	65.5439	66.2382	67.23010000000001	66.822	66.696	67.6241	67.2342	67.02550000000001	67.78699999999999	67.3261	67.3459	68.3908	67.5732	67.5221	68.14099999999999	67.6641	67.473	68.214	67.5382	67.5092	68.4126	67.809	67.68809999999999	68.4096	68.06060000000001	67.7491	68.5999	67.98100000000001	67.6763	68.82000000000001	67.8767	67.6823	68.6334	67.8789	67.6321	68.7234	68.01650000000001	68.07069999999999	68.6037	68.1894	67.7977	68.5596	68.2063	67.9639	68.6037	68.1561	67.7998	68.7359	68.1634	67.7308	68.705	68.11970000000001	67.8898	68.7933	68.28309999999999	67.9781	68.6943	68.2309	67.70049999999999	68.574	68.00399999999999	67.7679	68.67060000000001	68.09039999999999	67.8455	68.49260000000001	68.18039999999999	67.67450000000001	68.326	67.89880000000001	67.4213	68.2751	67.7511	67.4354	68.09809999999999	67.5927	67.1242	67.88589999999999	67.2397	67.1187	67.6103	67.08330000000001	66.5505	67.30850000000001	66.5767	66.3575	67.0121
FGC2639_s_2_1_ACTCGGCAAT-GACAACTGAA_FGC2639_s_2_2_ACTCGGCAAT-GACAACTGAA	84.5444	66.5057	73.2283	69.1987	63.861900000000006	62.6499	56.5128	65.0003	61.935700000000004	60.372899999999994	71.4035	68.8403	66.46079999999999	65.9288	66.7662	67.6465	67.32679999999999	67.0484	67.6983	67.5171	67.31960000000001	68.00399999999999	67.7025	67.6831	68.5585	68.0293	67.9773	68.4255	68.2328	68.054	68.5102	68.1243	67.9076	68.6931	68.1641	68.1218	68.5767	68.5334	68.2526	68.9001	68.6222	68.11580000000001	68.9088	68.3545	68.1373	68.7657	68.486	68.2291	69.02669999999999	68.6028	68.414	68.9359	68.6679	68.3919	68.9829	68.6855	68.47710000000001	68.8977	68.64240000000001	68.2743	68.9622	68.72019999999999	68.2893	69.086	68.6389	68.3188	68.9046	68.70540000000001	68.273	68.8558	68.5749	68.1945	68.9496	68.5806	68.2582	68.9424	68.5182	68.1944	68.6502	68.4507	68.0182	68.5476	68.2353	67.88499999999999	68.3861	68.06830000000001	67.6788	68.2419	67.7889	67.3965	67.9254	67.3605	67.098	67.48960000000001	67.0587	66.6642	67.05839999999999	66.5952	66.2347	66.66720000000001
FGC2639_s_2_1_ACTCTATTGT-ATCGCATATG_FGC2639_s_2_2_ACTCTATTGT-ATCGCATATG	83.8885	66.6821	73.83760000000001	70.2959	63.72839999999999	61.9139	56.1669	63.847500000000004	60.9556	59.916000000000004	70.60499999999999	68.2718	66.4795	65.4041	65.86649999999999	67.0797	66.4862	66.24029999999999	67.26299999999999	66.9078	66.6054	67.5714	67.0294	66.9072	68.1185	67.3486	67.08619999999999	67.9782	67.49579999999999	67.2242	68.09190000000001	67.4458	67.1066	68.189	67.4757	67.3321	68.1405	67.79230000000001	67.32249999999999	68.3194	67.7903	67.343	68.5227	67.7042	67.337	68.3326	67.76440000000001	67.4105	68.5192	67.8981	67.6115	68.43249999999999	67.9229	67.5219	68.4029	67.9418	67.5664	68.4391	68.0136	67.50399999999999	68.4148	68.0988	67.4799	68.522	67.972	67.47109999999999	68.5043	68.09779999999999	67.5599	68.4636	67.9602	67.36670000000001	68.426	67.9017	67.4691	68.52329999999999	67.8771	67.39359999999999	68.20349999999999	67.9362	67.3368	68.146	67.6595	67.1122	68.00789999999999	67.4292	66.9393	67.8043	67.1717	66.6736	67.6277	66.9079	66.5652	67.23209999999999	66.663	66.0252	66.7361	66.11019999999999	65.6435	66.4058
FGC2639_s_2_1_ACTGGATCTA-TCGCCGCTAG_FGC2639_s_2_2_ACTGGATCTA-TCGCCGCTAG	85.6244	67.15480000000001	69.3437	66.4156	62.5422	62.515	56.4127	64.8175	62.3498	60.283500000000004	71.8259	68.9592	66.1326	65.4884	66.5569	67.1939	66.6097	66.72200000000001	67.1709	66.943	66.988	67.6609	67.1271	67.40390000000001	68.1639	67.5946	67.4659	67.8678	67.6577	67.6084	67.9006	67.6186	67.3959	68.2643	67.4908	67.7257	67.9612	67.8972	67.86370000000001	68.0655	67.7287	67.8614	68.2373	67.6886	67.5705	68.2665	68.0078	67.6152	68.568	68.0564	67.732	68.30460000000001	67.8584	67.8758	68.5201	68.0907	67.956	68.24470000000001	68.0909	67.70739999999999	68.2859	68.1469	67.82679999999999	68.5604	68.0865	67.81859999999999	68.2967	68.0769	67.69669999999999	68.1667	67.73599999999999	67.6427	68.29220000000001	67.97	67.8188	68.3873	68.01650000000001	67.7562	68.2585	67.81	67.597	68.0976	67.6965	67.4327	67.9375	67.4975	67.331	67.6756	67.21780000000001	66.9592	67.437	66.8427	66.662	66.9095	66.4803	66.20909999999999	66.5959	66.10629999999999	65.8082	66.1772
FGC2639_s_2_1_ACTTCAAGCG-GAACCATGAA_FGC2639_s_2_2_ACTTCAAGCG-GAACCATGAA	85.8893	68.8531	73.6077	70.9726	64.27810000000001	62.73800000000001	56.560500000000005	64.32520000000001	62.0441	60.407500000000006	71.3883	68.97879999999999	66.90390000000001	66.0605	66.3482	67.60629999999999	66.8438	66.3955	67.5491	67.0639	66.94200000000001	67.93350000000001	67.4888	67.4254	68.37349999999999	67.63980000000001	67.2095	68.2597	67.7234	67.4077	68.3134	67.7047	67.4718	68.4906	67.7963	67.5938	68.4225	67.9265	67.6242	68.4422	68.00540000000001	67.5642	68.658	67.9707	67.70859999999999	68.659	68.01559999999999	67.6949	68.65639999999999	67.99199999999999	67.74	68.635	68.0225	67.6685	68.5945	68.0961	67.7276	68.6523	68.04440000000001	67.6384	68.5947	68.0446	67.7107	68.58999999999999	67.9821	67.7061	68.59309999999999	68.04780000000001	67.66489999999999	68.5058	67.92580000000001	67.5686	68.4578	67.85560000000001	67.5571	68.47670000000001	67.8997	67.4286	68.3009	67.7362	67.3078	68.16489999999999	67.669	67.2194	68.0245	67.4802	67.0589	67.90310000000001	67.3125	66.9636	67.8571	67.21340000000001	66.83099999999999	67.5916	67.042	66.6594	67.3435	66.7783	66.42240000000001	67.2068
FGC2639_s_2_1_AGAGGCAACC-CTAATGATGG_FGC2639_s_2_2_AGAGGCAACC-CTAATGATGG	80.0256	53.297700000000006	58.6454	54.0901	49.290099999999995	44.586999999999996	40.0661	49.1709	45.5565	41.3087	52.7705	48.8526	46.0316	46.497699999999995	50.5846	47.9322	48.296499999999995	49.9027	47.6053	48.1018	47.252	46.454299999999996	46.9718	47.571200000000005	48.4679	48.855	49.1257	48.9409	48.8442	51.1384	48.6986	48.5979	47.3219	47.9886	47.1492	49.8742	48.1505	51.275499999999994	52.1393	51.1857	50.220600000000005	49.5032	49.1259	49.9288	48.922900000000006	49.0253	49.6235	50.5764	50.3505	49.8731	50.9356	49.4746	46.9041	48.140699999999995	48.991099999999996	50.765800000000006	50.8482	49.5961	50.681799999999996	50.009899999999995	50.1378	50.6752	48.4355	49.7498	48.715599999999995	46.9807	47.6516	49.8135	48.361599999999996	48.0757	48.0514	48.5856	50.836400000000005	49.2703	50.8195	52.0547	52.0634	50.229800000000004	50.5422	49.252	48.803200000000004	50.1455	49.808400000000006	49.6106	50.3455	50.6293	51.660700000000006	49.9705	48.43	49.2464	50.3866	49.052800000000005	50.0355	48.9408	48.2707	48.9242	48.4227	49.5272	47.971799999999995	49.251400000000004
FGC2639_s_2_1_AGGTCAGATA-CTACAAGATA_FGC2639_s_2_2_AGGTCAGATA-CTACAAGATA	86.0607	67.2867	71.431	68.7964	62.990100000000005	62.846000000000004	56.9982	63.6744	62.3314	61.222500000000004	71.3334	69.69999999999999	67.6902	65.5225	66.8779	68.0085	66.8459	67.2309	68.272	67.3941	67.5508	68.63820000000001	67.3575	68.0768	69.2971	67.7806	68.1023	68.8454	67.8724	68.1793	68.9544	67.6225	68.0317	69.2329	67.7438	68.2345	69.106	68.0698	68.4088	69.273	68.167	68.1141	69.4706	67.9383	68.094	69.20530000000001	68.0644	68.1678	69.52120000000001	68.1532	68.34360000000001	69.22930000000001	68.159	68.3093	69.353	68.2616	68.4635	69.2736	68.2829	68.1943	69.2907	68.2296	68.1242	69.33970000000001	68.1002	68.2046	69.16560000000001	68.24249999999999	68.24329999999999	69.1521	68.07950000000001	68.05099999999999	69.1027	67.8706	68.03529999999999	69.0732	67.86710000000001	67.979	68.7093	67.90509999999999	67.6656	68.4858	67.46220000000001	67.324	68.2422	67.05449999999999	67.1311	67.9137	66.71340000000001	66.6734	67.50150000000001	66.13799999999999	66.4195	66.95060000000001	65.8044	65.6819	66.4437	65.1291	65.34259999999999	65.9872
FGC2639_s_2_1_AGTCAGACGA-ACCAGCGACA_FGC2639_s_2_2_AGTCAGACGA-ACCAGCGACA	84.7152	66.55	72.2442	69.56649999999999	62.953199999999995	62.049299999999995	56.63399999999999	63.32640000000001	61.4726	60.6551	70.8162	68.90220000000001	67.1141	65.2325	66.1026	67.6547	66.7311	66.5946	67.7997	67.1206	66.827	68.0055	67.0663	67.318	68.7507	67.5514	67.54400000000001	68.48880000000001	67.6242	67.5168	68.5826	67.4083	67.3852	68.72399999999999	67.5689	67.55879999999999	68.5067	68.0831	67.6993	69.1042	67.901	67.72789999999999	69.2543	67.8229	67.548	68.872	67.8208	67.58030000000001	69.1437	67.97999999999999	68.1356	69.0198	68.1129	67.81960000000001	68.8896	68.0504	67.92280000000001	69.024	68.1653	67.7867	69.14829999999999	68.23949999999999	67.7534	69.0543	67.9947	67.9686	68.99159999999999	68.2085	67.9356	69.0028	68.1235	67.6644	68.88109999999999	67.9074	67.7444	69.01389999999999	67.8446	67.7958	68.6708	68.00659999999999	67.5257	68.45989999999999	67.5652	67.1761	68.3334	67.269	66.9802	67.99680000000001	66.9754	66.5792	67.6173	66.46889999999999	66.3829	67.187	66.2076	65.70139999999999	66.59570000000001	65.4532	65.2943	66.26950000000001
FGC2639_s_2_1_AGTGTTGCAC-CTGGTACACG_FGC2639_s_2_2_AGTGTTGCAC-CTGGTACACG	82.27	65.8892	73.0561	69.5946	63.017999999999994	61.683699999999995	56.125499999999995	63.751599999999996	60.4035	60.095	70.8085	67.9018	66.30160000000001	65.4435	65.8076	67.26689999999999	66.7508	66.42099999999999	67.3944	67.2861	66.5417	67.7021	67.12	66.8669	68.3219	67.7087	67.2959	68.1559	67.88159999999999	67.3324	68.3045	67.7262	67.0793	68.4815	67.8016	67.4492	68.2795	68.2676	67.4444	68.652	68.3677	67.62519999999999	68.7671	68.2508	67.361	68.5273	68.11399999999999	67.4403	68.85379999999999	68.3632	67.7246	68.7584	68.3253	67.76060000000001	68.6904	68.3707	67.7517	68.6232	68.33449999999999	67.5933	68.73129999999999	68.5327	67.5041	68.9639	68.3414	67.5774	68.771	68.5096	67.569	68.77839999999999	68.3771	67.4842	68.77210000000001	68.3963	67.7705	68.9941	68.3884	67.7903	68.7526	68.5159	67.6778	68.7152	68.16449999999999	67.5489	68.64479999999999	68.1575	67.3442	68.4442	67.943	67.1417	68.3121	67.7056	67.22240000000001	68.15520000000001	67.5768	66.77199999999999	67.7116	67.1048	66.52289999999999	67.497
FGC2639_s_2_1_ATGGTTGACT-GGCCTGTCCT_FGC2639_s_2_2_ATGGTTGACT-GGCCTGTCCT	84.3161	66.4616	72.81830000000001	70.0269	63.711600000000004	62.14619999999999	57.112300000000005	64.1298	61.590599999999995	60.7094	71.1169	68.9347	67.1466	65.6559	66.0167	67.6511	66.9548	66.55879999999999	67.9249	67.2714	66.9645	68.07069999999999	67.3963	67.24080000000001	68.6402	67.64569999999999	67.4173	68.5764	67.76480000000001	67.4692	68.6322	67.6037	67.4806	68.6455	67.8255	67.5504	68.6007	68.185	67.6474	68.84209999999999	68.15830000000001	67.6028	69.0257	67.99929999999999	67.6128	68.8599	67.94839999999999	67.6642	68.96600000000001	68.1046	67.9082	68.9677	68.29849999999999	67.77640000000001	68.8678	68.2456	67.8525	68.87100000000001	68.1906	67.7578	69.0335	68.3241	67.68950000000001	68.93350000000001	68.0922	67.7835	68.9801	68.26830000000001	67.96029999999999	68.98140000000001	68.29509999999999	67.6863	68.87259999999999	68.0843	67.6118	68.82239999999999	68.052	67.7277	68.6734	68.2072	67.5806	68.57950000000001	67.8752	67.31960000000001	68.4053	67.6953	67.2484	68.1752	67.5202	66.8697	67.98110000000001	67.0368	66.7699	67.5775	66.8413	66.1585	67.144	66.21470000000001	65.9028	66.8531
FGC2639_s_2_1_ATTCCATAAG-TGCCTGGTGG_FGC2639_s_2_2_ATTCCATAAG-TGCCTGGTGG	84.8772	65.83919999999999	71.5475	68.4909	62.4619	61.7561	56.1997	63.153999999999996	61.476699999999994	60.205600000000004	70.5804	68.6575	66.5859	64.7636	65.8984	67.2406	66.3543	66.3822	67.44	66.5595	66.5949	67.6234	66.6558	67.0619	68.2637	67.0832	67.2092	68.1593	67.26299999999999	67.3686	68.2178	67.0502	67.2478	68.38159999999999	67.2142	67.3248	68.2193	67.6925	67.6439	68.7022	67.63860000000001	67.5129	68.7769	67.5073	67.5025	68.5549	67.541	67.5364	68.77539999999999	67.7011	67.9052	68.797	67.8069	67.8246	68.6868	67.8151	67.863	68.6743	67.7689	67.6563	68.8257	67.911	67.6645	68.76830000000001	67.7195	67.68950000000001	68.6287	67.865	67.7157	68.5916	67.738	67.4779	68.57520000000001	67.5274	67.4886	68.48649999999999	67.40350000000001	67.4042	68.17020000000001	67.4456	67.1434	67.8636	66.9825	66.7581	67.6888	66.6819	66.5111	67.3115	66.2997	66.05539999999999	66.84219999999999	65.6998	65.6439	66.2787	65.2506	64.9917	65.6463	64.55959999999999	64.4787	65.2097
FGC2639_s_2_1_CAATCGGCTG-GCTGTAGGAA_FGC2639_s_2_2_CAATCGGCTG-GCTGTAGGAA	83.705	67.7354	74.74929999999999	70.57379999999999	64.1116	62.3176	56.5041	64.7007	61.403600000000004	60.555400000000006	71.5629	68.86489999999999	66.74799999999999	66.1714	66.4256	67.6404	67.4607	67.0458	67.808	67.9418	67.3102	68.1248	67.8447	67.64949999999999	68.781	68.31620000000001	67.8904	68.5287	68.3765	67.918	68.5759	68.2045	67.815	68.738	68.5142	67.8957	68.5157	68.6876	68.0692	69.0499	68.784	68.09530000000001	69.1341	68.6686	67.9357	68.86149999999999	68.6001	67.9953	69.1024	68.7066	68.34710000000001	69.0092	68.7906	68.1515	68.8086	68.7253	68.3224	68.8247	68.7962	68.09389999999999	68.9469	68.9027	67.9559	68.96369999999999	68.6891	68.0096	68.92479999999999	68.888	68.183	68.9408	68.8051	67.962	68.8654	68.6992	68.1066	68.97189999999999	68.6303	68.1042	68.6138	68.7695	67.8758	68.5592	68.4063	67.6146	68.418	68.23	67.4634	68.2624	67.9691	67.1549	67.9528	67.5104	67.0745	67.6185	67.31819999999999	66.5429	67.0768	66.74029999999999	66.1766	66.8237
FGC2639_s_2_1_CACAATAGGA-TCCATCCGAG_FGC2639_s_2_2_CACAATAGGA-TCCATCCGAG	83.98010000000001	64.9206	70.6896	67.7504	60.942099999999996	59.5139	53.9415	60.7638	59.240300000000005	57.826100000000004	68.14620000000001	66.6357	64.7233	62.808699999999995	63.7269	65.0855	64.00019999999999	63.987899999999996	65.1239	64.2631	64.3299	65.3309	64.4491	64.7702	66.0997	64.7435	64.8352	65.7776	64.86410000000001	64.9323	65.89500000000001	64.7885	64.9048	66.0719	65.021	65.07	66.1777	65.08500000000001	65.21679999999999	66.1085	65.2504	65.2205	66.376	65.29310000000001	65.2936	66.1296	65.1879	65.1331	66.4045	65.2438	65.4602	66.35950000000001	65.4156	65.2278	66.25720000000001	65.3721	65.2462	66.22869999999999	65.4392	65.2372	66.2847	65.49810000000001	65.3651	66.39500000000001	65.34830000000001	65.3691	66.363	65.4517	65.3675	66.3178	65.3436	65.1253	66.32010000000001	65.22	65.1708	66.16300000000001	65.0581	65.0078	65.861	64.9777	64.74180000000001	65.59570000000001	64.7293	64.5095	65.3107	64.42320000000001	64.2586	65.0046	63.943799999999996	63.7741	64.6208	63.5548	63.5927	64.064	63.181799999999996	62.8136	63.4645	62.46810000000001	62.423899999999996	63.1071
FGC2639_s_2_1_CAGCCGCGTA-ACTAGCCGTG_FGC2639_s_2_2_CAGCCGCGTA-ACTAGCCGTG	83.7563	66.67689999999999	73.378	69.2499	63.1157	61.4823	55.43900000000001	63.8035	60.703399999999995	59.327200000000005	70.5097	67.9071	65.5933	65.1017	65.47	66.6257	66.278	65.98389999999999	66.8364	66.5236	66.1965	67.003	66.7488	66.5999	67.5955	67.1189	66.8395	67.5806	67.204	67.0316	67.657	67.0815	66.7839	67.5867	67.1271	66.952	67.5671	67.414	67.0896	67.88119999999999	67.45830000000001	67.0033	67.8599	67.4229	66.97959999999999	67.8968	67.3285	67.042	68.002	67.30969999999999	67.1586	67.97999999999999	67.5497	67.014	67.67269999999999	67.4144	67.05799999999999	67.82730000000001	67.48429999999999	67.0123	67.7586	67.6656	67.0951	67.7821	67.43209999999999	66.9918	67.89500000000001	67.6604	67.1618	67.8901	67.5262	66.9905	67.7817	67.6695	67.1697	67.82249999999999	67.48570000000001	67.0101	67.7382	67.6666	67.0132	67.56649999999999	67.4546	66.7443	67.4543	67.146	66.6412	67.26379999999999	66.88539999999999	66.3803	67.1512	66.5537	66.2017	66.6988	66.4393	65.7514	66.2942	65.81660000000001	65.4782	66.01740000000001
FGC2639_s_2_1_CAGTGGCACT-TAACAATAGG_FGC2639_s_2_2_CAGTGGCACT-TAACAATAGG	85.5287	67.5589	72.2968	68.7864	63.714999999999996	62.882099999999994	56.5993	64.4486	62.0346	60.829100000000004	71.3831	69.26639999999999	67.0121	65.8429	66.7546	67.7218	67.12700000000001	67.1053	68.124	67.5072	67.4199	68.28309999999999	67.61449999999999	67.8405	68.863	67.9359	67.9718	68.686	68.0591	68.0351	68.7602	67.7749	68.02810000000001	68.9222	68.12310000000001	68.0534	68.79459999999999	68.3704	68.21979999999999	69.1067	68.30969999999999	68.15339999999999	69.2547	68.2639	68.1434	69.0857	68.1872	68.0771	69.1159	68.2272	68.48729999999999	69.03089999999999	68.4713	68.2133	68.9625	68.4052	68.4025	69.10650000000001	68.4165	68.2274	69.1364	68.4177	68.17490000000001	69.0641	68.3332	68.3232	69.0898	68.5175	68.47579999999999	69.10589999999999	68.4948	68.2205	69.0419	68.318	68.2305	69.118	68.4226	68.28450000000001	68.82939999999999	68.5044	68.17569999999999	68.7463	68.228	67.9696	68.6949	68.0768	68.0157	68.6735	67.9478	67.7521	68.5118	67.6444	67.7491	68.232	67.5552	67.2991	67.9844	67.1214	67.07180000000001	67.78659999999999
FGC2639_s_2_1_CATTAGTGCG-TGACTACATA_FGC2639_s_2_2_CATTAGTGCG-TGACTACATA	85.4174	66.9924	71.4943	68.22120000000001	63.3414	62.71	57.3721	65.4589	62.67509999999999	61.2355	72.3607	69.563	66.9903	66.1165	66.7394	67.8807	67.1968	66.9485	67.92859999999999	67.42439999999999	67.2944	68.2689	67.7928	67.71589999999999	68.6748	67.90559999999999	67.7075	68.5518	68.03529999999999	67.8245	68.64139999999999	68.011	67.848	68.80460000000001	68.1427	67.9327	68.7693	68.22	67.98610000000001	68.838	68.32639999999999	67.9821	69.0206	68.3249	68.0906	68.9234	68.31540000000001	68.0418	69.0349	68.4352	68.1665	69.0065	68.4367	68.1418	68.9802	68.479	68.163	69.01899999999999	68.4234	68.0955	69.0411	68.4651	68.18419999999999	69.0707	68.47720000000001	68.2338	69.0764	68.5126	68.1844	68.9996	68.4428	68.1207	68.9871	68.42859999999999	68.1642	69.02850000000001	68.4748	68.1267	68.8749	68.3596	68.0101	68.8325	68.3209	67.9545	68.7185	68.1729	67.8528	68.61	67.9687	67.6416	68.4633	67.7667	67.5339	68.1807	67.5961	67.1864	67.9534	67.2886	66.9524	67.6321
FGC2639_s_2_1_CCACCAGGCA-CTTATGGAAT_FGC2639_s_2_2_CCACCAGGCA-CTTATGGAAT	83.465	67.0765	73.8699	69.7413	63.7212	61.79	55.9576	64.4551	61.149	59.7838	71.0992	68.3304	66.02510000000001	65.53790000000001	65.952	66.9816	66.7366	66.3414	67.1357	67.081	66.6005	67.31970000000001	67.2521	66.9282	67.9713	67.6096	67.1883	67.9032	67.72789999999999	67.3456	67.9578	67.6541	67.2157	67.9957	67.8183	67.425	67.977	68.03960000000001	67.52860000000001	68.174	68.1258	67.51660000000001	68.3646	67.9671	67.4243	68.2397	67.9578	67.4809	68.3885	68.06410000000001	67.7323	68.3049	68.1409	67.5782	68.19770000000001	68.1623	67.6176	68.2655	68.1436	67.578	68.322	68.2618	67.57220000000001	68.3304	68.1009	67.5872	68.3536	68.26950000000001	67.5811	68.217	68.0853	67.39	68.1433	68.1352	67.5333	68.23700000000001	67.9793	67.378	67.9982	67.9982	67.2376	67.8882	67.7054	66.9926	67.67450000000001	67.4794	66.8279	67.3606	67.131	66.4054	67.1324	66.7391	66.2678	66.6416	66.4838	65.731	66.1641	65.7865	65.289	65.7616
FGC2639_s_2_1_CCATCATTAG-GGTTGCCTCT_FGC2639_s_2_2_CCATCATTAG-GGTTGCCTCT	84.4503	66.793	72.9877	70.38	64.2309	63.1821	57.7266	64.6559	62.172000000000004	61.330200000000005	71.45899999999999	69.391	67.7017	66.19850000000001	66.7004	68.3661	67.3605	67.0408	68.4064	67.589	67.407	68.5991	67.8154	67.7661	69.1249	68.0796	67.8567	69.0189	68.2178	67.9547	69.1113	68.0433	67.9712	69.1943	68.2558	68.0504	69.0886	68.472	68.14620000000001	69.31349999999999	68.4688	68.1037	69.4281	68.4204	68.1373	69.28790000000001	68.3961	68.1926	69.3937	68.5136	68.366	69.4469	68.6226	68.2314	69.2954	68.4971	68.31469999999999	69.3419	68.5286	68.2101	69.46900000000001	68.5955	68.2323	69.3802	68.46809999999999	68.183	69.39020000000001	68.5225	68.2822	69.3577	68.5894	68.2073	69.2854	68.4278	68.1232	69.2987	68.4569	68.1567	69.097	68.4265	68.0105	68.98649999999999	68.2126	67.8095	68.8387	68.001	67.6426	68.6476	67.7054	67.3369	68.388	67.4072	67.1326	68.054	67.15100000000001	66.7237	67.6332	66.6843	66.41629999999999	67.3726
FGC2639_s_2_1_CCATCTCGCC-TTCTATGGTT_FGC2639_s_2_2_CCATCTCGCC-TTCTATGGTT	84.5079	66.8279	73.4136	69.89410000000001	63.8367	62.0604	56.5887	64.45309999999999	61.6584	60.5757	71.43	68.9523	66.8233	65.88239999999999	66.3074	67.4778	67.02120000000001	66.75219999999999	67.797	67.5081	67.1482	68.0241	67.65090000000001	67.4159	68.6235	67.873	67.6139	68.4689	67.8967	67.5924	68.53200000000001	67.7702	67.6384	68.6567	68.1148	67.797	68.5836	68.3462	67.838	68.8184	68.209	67.8151	69.0326	68.2389	67.8648	68.8424	68.1562	67.75489999999999	68.9302	68.2335	68.15259999999999	68.8527	68.4497	67.9235	68.6725	68.35090000000001	68.0093	68.8829	68.4028	67.9381	68.9735	68.39020000000001	67.8395	68.8323	68.279	67.997	68.9593	68.51660000000001	68.0829	68.99969999999999	68.5209	67.8685	68.8107	68.2783	67.9222	68.9288	68.3646	67.9256	68.6521	68.476	67.8803	68.6631	68.1589	67.6315	68.5193	68.0253	67.4971	68.3156	67.8993	67.2736	68.2329	67.54679999999999	67.3167	67.9775	67.4304	66.76910000000001	67.5528	66.8183	66.5567	67.3524
FGC2639_s_2_1_CCGTATGTTC-CATACACTGT_FGC2639_s_2_2_CCGTATGTTC-CATACACTGT	84.3354	66.1172	72.73089999999999	70.06280000000001	63.226499999999994	61.7753	56.6712	63.2853	60.8638	60.27590000000001	70.4237	68.3108	66.9225	65.0898	65.9198	67.5712	66.5885	66.39739999999999	67.5425	66.8034	66.5056	67.8548	66.84639999999999	66.99690000000001	68.4257	67.4871	67.17999999999999	68.38159999999999	67.7266	67.4492	68.47879999999999	67.62129999999999	67.11970000000001	68.69030000000001	67.6539	67.5161	68.7761	67.6821	67.46520000000001	68.78790000000001	68.17	67.4967	68.86670000000001	68.021	67.44449999999999	68.8215	68.0802	67.5916	69.1627	68.1747	67.72409999999999	69.0261	68.0433	67.8991	69.0414	68.25919999999999	67.8488	68.8702	68.2036	67.6218	68.9761	68.229	67.7123	69.2808	68.1701	67.73320000000001	68.9316	68.2651	67.5975	68.8747	67.9889	67.62049999999999	68.98389999999999	68.08279999999999	67.7369	69.0251	68.0202	67.5808	68.71300000000001	67.8698	67.4515	68.6015	67.6302	67.2034	68.303	67.3107	66.84440000000001	67.9612	66.9785	66.5218	67.635	66.5796	66.1806	67.1133	66.18509999999999	65.5787	66.5084	65.4892	65.0638	66.03320000000001
FGC2639_s_2_1_CCTCCGTCCA-CACATCGGTG_FGC2639_s_2_2_CCTCCGTCCA-CACATCGGTG	85.327	67.5534	71.2077	69.0706	61.866600000000005	61.0502	55.132400000000004	63.14959999999999	61.1689	59.38440000000001	70.3095	67.8019	65.69669999999999	64.70479999999999	65.0642	66.3494	65.5958	65.3179	66.6831	65.9381	65.657	66.8366	66.3346	66.3552	67.414	66.5692	66.3745	67.3052	66.4202	66.4213	67.3569	66.415	66.2803	67.3892	66.5675	66.5232	67.19969999999999	66.7173	66.4142	67.4369	66.7597	66.5521	67.58999999999999	66.7823	66.3044	67.6507	66.6888	66.47840000000001	67.6644	66.5772	66.46459999999999	67.6992	66.884	66.4221	67.2607	66.74	66.4188	67.597	66.8532	66.4536	67.2841	66.934	66.488	67.405	66.5966	66.58269999999999	67.5346	66.9808	66.6511	67.5154	66.7349	66.3759	67.4176	66.94409999999999	66.7049	67.54339999999999	66.91040000000001	66.5388	67.4793	67.1008	66.551	67.215	66.8526	66.194	67.2703	66.7636	66.3215	67.2883	66.5466	66.1651	67.3434	66.429	66.2544	66.9811	66.44839999999999	65.9797	66.9464	66.175	65.9698	66.985
FGC2639_s_2_1_CCTCTACATG-GATACCTCCT_FGC2639_s_2_2_CCTCTACATG-GATACCTCCT	84.29870000000001	65.584	70.73089999999999	67.2218	62.0916	60.9297	55.332800000000006	63.151599999999995	60.68130000000001	59.152499999999996	70.0089	67.5449	65.2818	64.2189	65.16239999999999	66.1365	65.4567	65.4324	66.26429999999999	65.70700000000001	65.6362	66.3728	65.8151	66.038	67.07260000000001	66.1995	66.1949	66.8245	66.364	66.2675	66.9354	66.15259999999999	66.157	67.0909	66.38629999999999	66.3949	66.95870000000001	66.5985	66.3476	67.1323	66.6403	66.3238	67.3113	66.5695	66.3337	67.1079	66.53	66.306	67.4667	66.6383	66.6012	67.2801	66.6634	66.4922	67.2763	66.7119	66.5352	67.2373	66.7315	66.3632	67.3091	66.7415	66.4196	67.4161	66.6815	66.5179	67.3203	66.7863	66.48960000000001	67.2801	66.6604	66.3408	67.2826	66.6245	66.4787	67.2945	66.5639	66.4288	67.0515	66.5347	66.249	66.934	66.46	66.1174	66.78840000000001	66.2605	65.9197	66.65729999999999	65.97269999999999	65.67490000000001	66.4871	65.6737	65.5844	66.0102	65.4361	65.0728	65.7035	64.9546	64.8294	65.375
FGC2639_s_2_1_CCTGTCTGTC-ACTGTTGTGA_FGC2639_s_2_2_CCTGTCTGTC-ACTGTTGTGA	84.5766	67.452	73.4517	69.5913	63.95459999999999	62.69	56.655	64.4969	61.800900000000006	60.738	71.3623	69.0932	66.98610000000001	65.8245	66.4395	67.4125	67.03559999999999	66.82390000000001	67.8529	67.55250000000001	67.29039999999999	68.0633	67.6167	67.5873	68.68260000000001	67.9204	67.7761	68.4654	67.9623	67.78229999999999	68.5586	67.743	67.8433	68.7065	68.12740000000001	67.8961	68.5512	68.39739999999999	68.0077	68.87729999999999	68.2203	67.9845	69.0455	68.26950000000001	67.9611	68.8957	68.15010000000001	67.8971	68.8978	68.18459999999999	68.281	68.81479999999999	68.5221	68.0368	68.7223	68.3756	68.17649999999999	68.9037	68.4091	67.9975	69.0389	68.4422	67.9366	68.88499999999999	68.3059	68.1044	68.96719999999999	68.5778	68.2666	68.98649999999999	68.5595	68.00349999999999	68.7978	68.31960000000001	67.98349999999999	68.8788	68.3776	68.11880000000001	68.6836	68.47959999999999	67.9002	68.5777	68.1751	67.7194	68.4935	67.9765	67.6517	68.368	67.8409	67.3627	68.20739999999999	67.5411	67.4283	67.9385	67.3995	66.8759	67.54639999999999	66.8675	66.6879	67.3965
FGC2639_s_2_1_CGACATCCGA-TACGTTCATT_FGC2639_s_2_2_CGACATCCGA-TACGTTCATT	85.0607	67.3467	71.4961	69.2235	63.3502	63.013	56.413500000000006	64.8554	62.35889999999999	60.8654	71.75359999999999	69.2371	67.1844	65.8697	66.7694	67.7524	67.1302	66.9316	67.8216	67.5623	67.3578	68.2828	67.622	67.8031	68.8913	68.1518	67.8607	68.4749	68.18610000000001	67.95790000000001	68.5805	68.1126	67.69760000000001	68.9635	68.306	68.0189	68.62740000000001	68.5355	67.9348	68.8859	68.6015	68.1241	69.27680000000001	68.229	67.9196	68.8441	68.5416	68.00450000000001	69.2906	68.6446	68.38109999999999	69.0899	68.43299999999999	68.1382	69.0617	68.56360000000001	68.3238	69.149	68.6283	68.1485	69.08670000000001	68.62049999999999	68.1379	69.05409999999999	68.4213	68.0413	68.8644	68.4285	67.9779	68.70190000000001	68.1836	67.7299	68.56	67.9578	67.632	68.5016	67.8146	67.4545	68.112	67.6437	67.03059999999999	67.6614	67.0997	66.5689	67.238	66.5721	66.0561	66.6212	65.9698	65.4315	66.0449	65.28739999999999	64.9609	65.40859999999999	64.7504	64.2579	64.7971	64.08359999999999	63.7296	64.3419
FGC2639_s_2_1_CGAGGCCAAG-GTGTTACCGG_FGC2639_s_2_2_CGAGGCCAAG-GTGTTACCGG	84.2364	66.4374	70.9465	67.6908	63.0078	62.401799999999994	57.272	64.64020000000001	62.0125	60.9643	71.65690000000001	69.0518	66.6407	65.5636	66.3959	67.5474	66.9566	66.8803	67.805	67.2034	67.00150000000001	67.8806	67.24510000000001	67.4089	68.4918	67.656	67.5788	68.3837	67.8666	67.6652	68.3972	67.5782	67.51350000000001	68.6052	67.851	67.7176	68.4214	68.1247	67.9333	68.8384	68.1516	67.7511	68.9261	68.0322	67.67450000000001	68.67	67.908	67.6476	68.9221	68.12310000000001	68.0686	68.8398	68.1986	67.91629999999999	68.8194	68.252	67.9909	68.7086	68.1793	67.755	68.90889999999999	68.2543	67.7735	68.874	68.08760000000001	67.96759999999999	68.8009	68.2998	67.9292	68.76100000000001	68.1712	67.72449999999999	68.7225	68.0403	67.8284	68.8291	68.0569	67.8651	68.54209999999999	68.1001	67.68509999999999	68.3512	67.77499999999999	67.4706	68.32350000000001	67.6896	67.37689999999999	68.14959999999999	67.4655	67.111	67.90429999999999	67.11829999999999	66.9878	67.5603	66.9073	66.4585	67.2481	66.39150000000001	66.2353	66.9769
FGC2639_s_2_1_CGGTTACGGC-AAGACTATAG_FGC2639_s_2_2_CGGTTACGGC-AAGACTATAG	83.98060000000001	66.2212	73.0209	70.47529999999999	64.08120000000001	62.680800000000005	57.6539	64.2783	61.66589999999999	61.146699999999996	70.9836	68.6913	67.30080000000001	65.847	66.4161	68.2069	67.246	66.7902	68.1459	67.2621	66.9821	68.2406	67.4422	67.35210000000001	68.84949999999999	67.8559	67.56410000000001	68.91669999999999	68.05210000000001	67.7462	69.03829999999999	67.9588	67.58760000000001	68.9388	68.0282	67.7668	69.097	68.20439999999999	67.9521	69.1694	68.4487	67.955	69.3647	68.2912	67.8447	69.20230000000001	68.3027	67.9513	69.3955	68.40610000000001	68.1601	69.438	68.44789999999999	68.07069999999999	69.2748	68.4395	68.0458	69.27839999999999	68.3951	68.02550000000001	69.31439999999999	68.53200000000001	68.05330000000001	69.425	68.5116	68.124	69.3806	68.443	68.0153	69.27069999999999	68.4322	68.0118	69.2694	68.4304	68.0494	69.3472	68.36370000000001	67.9063	69.1049	68.1995	67.7389	69.0029	68.123	67.59049999999999	68.86250000000001	67.9245	67.46029999999999	68.58959999999999	67.6078	67.1876	68.3656	67.3546	66.97720000000001	67.9563	67.0189	66.5635	67.502	66.5519	66.0965	67.08239999999999
FGC2639_s_2_1_CGTTATTCTA-CCATAAGGTT_FGC2639_s_2_2_CGTTATTCTA-CCATAAGGTT	84.5147	67.02860000000001	73.38510000000001	69.55409999999999	63.5134	61.8842	56.426500000000004	64.1896	61.2934	60.36240000000001	71.111	68.7221	66.743	65.50110000000001	66.1169	67.44489999999999	66.97070000000001	66.6954	67.7953	67.4582	67.0055	67.9986	67.45689999999999	67.3813	68.6057	67.7897	67.5766	68.4292	67.905	67.5568	68.5292	67.66	67.5497	68.6292	68.00840000000001	67.7016	68.48349999999999	68.23979999999999	67.73010000000001	68.8503	68.15390000000001	67.8034	68.9789	68.0843	67.7396	68.8493	68.1415	67.72890000000001	68.9645	68.1781	68.06609999999999	68.8487	68.42049999999999	67.84700000000001	68.7719	68.336	68.0252	68.8423	68.39150000000001	67.8533	68.9639	68.4678	67.73209999999999	68.92859999999999	68.2749	67.8569	68.95909999999999	68.541	68.049	68.9942	68.5083	67.77969999999999	68.8403	68.278	67.9155	68.9871	68.2798	67.9423	68.7213	68.53960000000001	67.8185	68.6507	68.2223	67.61120000000001	68.5956	68.0737	67.6076	68.52279999999999	68.0002	67.4092	68.3387	67.61580000000001	67.437	68.1281	67.5639	66.9559	67.77300000000001	67.0376	66.7786	67.6748
FGC2639_s_2_1_CTAGTGCTCT-TGGAACAGTA_FGC2639_s_2_2_CTAGTGCTCT-TGGAACAGTA	85.3916	66.9259	72.34009999999999	69.0929	63.1741	62.3361	57.0809	63.451100000000004	61.9185	60.8712	71.0434	69.4766	67.4862	65.30930000000001	66.3284	67.6642	66.5776	66.6624	67.9299	67.0136	67.194	68.1792	67.1528	67.5612	68.805	67.381	67.51509999999999	68.5142	67.4496	67.61160000000001	68.5075	67.2414	67.6482	68.8141	67.5483	67.6106	68.6152	67.7829	67.80080000000001	68.8983	67.78359999999999	67.7349	69.1269	67.6163	67.7624	68.881	67.65480000000001	67.72059999999999	68.9752	67.666	68.0414	68.8949	67.9082	67.8596	68.7915	67.8054	67.9753	68.915	67.8711	67.7201	69.039	67.8802	67.6776	68.8242	67.6619	67.83829999999999	68.8392	67.88539999999999	67.9064	68.8318	67.815	67.5917	68.6018	67.44019999999999	67.50930000000001	68.5495	67.3995	67.4713	68.2095	67.3606	67.154	67.88969999999999	66.9469	66.7674	67.663	66.5591	66.4922	67.2941	66.19810000000001	65.96300000000001	66.89500000000001	65.5823	65.6644	66.2418	65.2142	64.9084	65.7017	64.4828	64.575	65.3811
FGC2639_s_2_1_CTATTACTAC-GAGTCTCTCC_FGC2639_s_2_2_CTATTACTAC-GAGTCTCTCC	83.167	66.87140000000001	74.01480000000001	70.3301	64.0018	62.224900000000005	56.57600000000001	64.3364	61.2733	60.4633	71.099	68.5944	66.6122	65.60249999999999	66.0921	67.2801	67.0302	66.6459	67.5504	67.3924	66.86410000000001	67.7938	67.3269	67.1697	68.3843	67.87100000000001	67.4836	68.1687	67.9515	67.49929999999999	68.2539	67.7115	67.3218	68.3672	68.0231	67.398	68.1951	68.2256	67.5913	68.6062	68.30000000000001	67.5589	68.681	68.172	67.58579999999999	68.5241	68.13369999999999	67.6423	68.7432	68.2797	67.9428	68.6931	68.3843	67.86290000000001	68.6224	68.3248	67.89880000000001	68.54249999999999	68.3614	67.7829	68.7503	68.4994	67.7196	68.741	68.3441	67.689	68.60889999999999	68.4967	67.8792	68.6617	68.3399	67.613	68.6619	68.2911	67.75280000000001	68.7358	68.2022	67.8258	68.5175	68.4418	67.6246	68.3382	68.0591	67.4194	68.3015	67.849	67.3248	68.05	67.7445	66.9768	67.81819999999999	67.3061	66.9103	67.56219999999999	67.13940000000001	66.41080000000001	67.051	66.5573	66.1306	66.8762
FGC2639_s_2_1_CTGCGAGCCA-AATCCGGCCA_FGC2639_s_2_2_CTGCGAGCCA-AATCCGGCCA	85.1558	67.0213	73.1219	69.44829999999999	63.8645	62.865899999999996	56.94200000000001	64.3929	62.0505	60.4711	71.1013	69.2642	67.1476	65.763	66.6205	67.7829	67.0454	66.91279999999999	67.7895	67.19319999999999	67.343	68.0711	67.47720000000001	67.6645	68.5647	67.6468	67.6893	68.3822	67.76820000000001	67.7977	68.5111	67.6876	67.7954	68.6879	67.8455	67.854	68.6138	68.0594	67.9901	68.7067	68.12559999999999	67.98910000000001	68.9204	67.9644	68.0068	68.7272	68.08999999999999	67.9777	68.9044	68.1922	68.19579999999999	68.8862	68.1988	68.1126	68.8764	68.266	68.17020000000001	68.9281	68.2252	68.1328	68.9619	68.2817	68.164	68.92009999999999	68.26910000000001	68.1803	68.9624	68.301	68.22890000000001	68.8621	68.24080000000001	68.12780000000001	68.8977	68.1849	68.1685	68.9385	68.1919	68.1488	68.8053	68.1476	68.0145	68.6238	68.0071	67.8867	68.57339999999999	67.8736	67.73400000000001	68.3423	67.6415	67.49300000000001	68.17750000000001	67.357	67.2875	67.869	67.116	66.9476	67.4782	66.6349	66.5772	67.21390000000001
FGC2639_s_2_1_CTTGCCATTA-ATCACGAAGG_FGC2639_s_2_2_CTTGCCATTA-ATCACGAAGG	84.7188	67.1425	72.5375	70.1559	63.0937	61.83070000000001	56.367	63.3092	61.131	60.51	70.90570000000001	68.8241	67.09270000000001	65.4694	65.8115	67.6235	66.6519	66.267	67.7018	67.0558	66.61580000000001	67.95989999999999	67.09779999999999	66.9974	68.5056	67.4557	67.1216	68.3333	67.4761	67.2122	68.49499999999999	67.3645	67.1503	68.4943	67.6099	67.23599999999999	68.3824	67.85759999999999	67.3902	68.8301	67.8318	67.28960000000001	68.87440000000001	67.7968	67.32770000000001	68.7066	67.7122	67.3581	68.8687	67.7998	67.5811	68.7581	67.9557	67.4256	68.5157	67.8322	67.435	68.70490000000001	67.977	67.3729	68.8486	68.0311	67.32209999999999	68.7347	67.7636	67.4821	68.7661	68.0026	67.5164	68.7583	67.9686	67.28110000000001	68.6258	67.7554	67.30000000000001	68.702	67.7798	67.3514	68.4552	67.8559	67.2191	68.2894	67.5265	66.9273	68.239	67.3374	66.7984	67.9049	67.03949999999999	66.3702	67.6843	66.6141	66.2771	67.27640000000001	66.4206	65.6806	66.71979999999999	65.70089999999999	65.3624	66.4219
FGC2639_s_2_1_GAACTGAGCG-TCGTGGAGCG_FGC2639_s_2_2_GAACTGAGCG-TCGTGGAGCG	85.0964	65.1682	71.4021	67.57570000000001	62.243300000000005	60.565400000000004	55.7889	61.921800000000005	60.385999999999996	59.14509999999999	69.3746	67.45020000000001	66.0759	63.6638	65.5019	66.0728	65.0553	66.05919999999999	66.22879999999999	66.0154	66.0729	67.20739999999999	65.4318	66.5556	67.862	66.7333	66.8616	66.9457	66.84360000000001	67.0728	67.0583	66.6305	65.9498	67.6488	66.7428	66.00789999999999	66.821	67.0305	66.3829	68.1094	66.20479999999999	67.1292	68.1345	66.9974	66.00200000000001	67.25370000000001	66.9229	66.3151	68.2496	66.9996	66.4181	67.4148	66.3285	67.0221	67.8023	66.9939	66.9659	67.181	66.9813	66.27579999999999	67.1423	67.2975	66.3805	67.8356	66.9114	66.2232	66.9375	67.002	66.0877	66.9242	65.9402	65.89	67.3176	66.8216	66.76689999999999	67.58269999999999	66.64959999999999	66.53	67.3832	66.6525	66.3181	66.99380000000001	66.2006	65.9195	66.7055	65.8108	65.6416	66.2795	65.2916	65.1607	65.9119	64.69749999999999	64.6614	65.21130000000001	64.32050000000001	64.0772	64.6492	63.71170000000001	63.6042	64.2435
FGC2639_s_2_1_GAAGCGGCAC-CGGCTCTACT_FGC2639_s_2_2_GAAGCGGCAC-CGGCTCTACT	84.9439	67.3836	72.8689	70.42490000000001	63.538	62.3972	56.856700000000004	63.43450000000001	61.4549	60.8241	71.0175	69.2195	67.6521	65.7424	66.224	67.8485	66.8996	66.6701	68.0891	67.43299999999999	67.1959	68.3311	67.4867	67.4818	69.0176	67.8203	67.6661	68.7371	67.8087	67.63980000000001	68.8736	67.6888	67.61120000000001	69.028	67.946	67.65010000000001	68.7886	68.2511	67.9017	69.2554	68.2535	67.8439	69.32350000000001	68.1563	67.7671	69.1153	68.06410000000001	67.7364	69.30239999999999	68.1797	68.0927	69.1345	68.3549	67.9333	69.0241	68.21300000000001	67.9864	69.14909999999999	68.3307	67.8319	69.2733	68.3678	67.7397	69.1663	68.10310000000001	67.8751	69.19760000000001	68.36680000000001	68.0108	69.2389	68.376	67.7562	69.08579999999999	68.0414	67.74520000000001	69.12549999999999	68.0234	67.8399	68.7813	68.27210000000001	67.6269	68.7118	67.7973	67.3164	68.526	67.56609999999999	67.1677	68.238	67.2909	66.78269999999999	68.04050000000001	66.8502	66.6512	67.5984	66.63550000000001	66.0145	67.0335	65.922	65.6578	66.754
FGC2639_s_2_1_GACACCATGT-TCAACGTGTA_FGC2639_s_2_2_GACACCATGT-TCAACGTGTA	84.1712	67.4072	73.7572	70.4084	64.1849	62.5934	56.7473	64.4178	61.69670000000001	60.662099999999995	71.1991	68.87450000000001	67.0121	65.9756	66.3565	67.6079	67.136	66.7617	67.84710000000001	67.5336	67.1445	68.0655	67.5758	67.4322	68.636	67.8651	67.5685	68.5776	68.0399	67.6893	68.56060000000001	67.8413	67.642	68.71549999999999	68.08340000000001	67.7205	68.6606	68.29809999999999	67.8333	68.8459	68.2489	67.79509999999999	69.0282	68.1957	67.8133	68.8897	68.1991	67.7765	68.9229	68.2767	68.0284	68.8999	68.48349999999999	67.85900000000001	68.7541	68.3157	68.00319999999999	68.8561	68.3805	67.8652	68.9492	68.4476	67.8114	68.876	68.2953	67.9196	68.9352	68.4755	68.0502	68.878	68.45909999999999	67.8467	68.8326	68.28920000000001	67.8593	68.8993	68.2798	67.8929	68.65440000000001	68.3205	67.7758	68.5961	68.1038	67.545	68.53529999999999	67.9833	67.4735	68.3939	67.82669999999999	67.2697	68.2299	67.5945	67.2742	67.9523	67.4254	66.80239999999999	67.5517	66.88300000000001	66.5755	67.3871
FGC2639_s_2_1_GACTGAGTAG-GTTGATAGTG_FGC2639_s_2_2_GACTGAGTAG-GTTGATAGTG	85.2253	66.3649	70.9178	68.76010000000001	62.3332	62.062799999999996	55.9373	63.2487	61.4328	60.139399999999995	70.5442	68.5159	66.535	64.9341	65.8868	67.376	66.2133	66.0788	67.3051	66.2989	66.3778	67.5329	66.6537	66.9342	68.1202	66.943	66.92	68.0777	67.11880000000001	67.1206	68.1388	67.0571	67.1002	68.3157	67.18260000000001	67.1638	68.2386	67.2776	67.3699	68.37440000000001	67.4802	67.23649999999999	68.5188	67.4113	67.3145	68.41329999999999	67.4347	67.3356	68.5632	67.5716	67.4594	68.5749	67.5234	67.41	68.5481	67.61540000000001	67.4323	68.49849999999999	67.5887	67.41329999999999	68.6018	67.6873	67.4666	68.7087	67.5696	67.5479	68.616	67.624	67.5101	68.5404	67.5569	67.3883	68.5691	67.5168	67.44200000000001	68.5155	67.5198	67.2876	68.3179	67.35849999999999	67.1651	68.1955	67.2542	67.1312	68.0436	66.9514	66.82050000000001	67.7679	66.64959999999999	66.5278	67.483	66.4476	66.2732	67.0625	66.0599	65.7915	66.6064	65.48140000000001	65.391	66.1513
FGC2639_s_2_1_GAGAATGGTT-TCGGCAGCAA_FGC2639_s_2_2_GAGAATGGTT-TCGGCAGCAA	84.4834	66.9286	73.1722	70.3417	64.03320000000001	62.3227	57.0633	64.17920000000001	61.539500000000004	60.7515	71.275	69.02709999999999	67.2683	65.9064	66.149	67.72789999999999	67.0516	66.66250000000001	68.1047	67.5443	67.0733	68.2706	67.6212	67.3497	68.81009999999999	67.9038	67.5689	68.6949	67.95790000000001	67.56360000000001	68.8168	67.7975	67.63289999999999	68.8581	68.13669999999999	67.7354	68.83500000000001	68.4024	67.83019999999999	69.1321	68.3579	67.8173	69.2934	68.2603	67.8014	69.09920000000001	68.2009	67.80659999999999	69.1733	68.2646	68.15830000000001	69.136	68.5372	67.9353	68.9195	68.4058	67.9756	69.12700000000001	68.4641	67.9187	69.2793	68.542	67.8894	69.12469999999999	68.2838	67.98490000000001	69.1965	68.5632	68.11779999999999	69.2442	68.6557	67.8644	69.03439999999999	68.3937	67.8473	69.13550000000001	68.374	67.9816	68.867	68.5581	67.84909999999999	68.8871	68.2267	67.6177	68.79220000000001	68.03960000000001	67.5656	68.6121	67.8822	67.2829	68.4832	67.5671	67.3153	68.28880000000001	67.5454	66.84870000000001	67.8087	66.9683	66.59190000000001	67.6404
FGC2639_s_2_1_GAGTCATAGG-GTGTGGCGCT_FGC2639_s_2_2_GAGTCATAGG-GTGTGGCGCT	84.54690000000001	66.8055	72.0599	69.724	63.1817	62.65500000000001	56.761700000000005	63.9525	61.787800000000004	60.6846	71.2173	69.07600000000001	67.4399	65.7313	66.4657	67.916	66.9942	66.7183	67.7881	67.3165	67.1047	68.2667	67.4285	67.5677	68.82740000000001	67.9527	67.6521	68.5451	67.94550000000001	67.7032	68.6402	67.87379999999999	67.5084	68.91279999999999	68.0126	67.5126	68.8516	67.9894	67.8818	68.8693	68.0844	67.6644	69.2485	68.2124	67.704	68.8738	68.217	67.7742	69.22399999999999	68.3639	67.9242	68.988	68.1886	68.0863	69.0697	68.39450000000001	68.1236	69.00070000000001	68.41460000000001	67.9175	69.0577	68.48769999999999	67.9006	69.2047	68.3642	67.93350000000001	68.98140000000001	68.44839999999999	67.93169999999999	68.878	68.267	67.8514	69.05940000000001	68.3525	68.021	69.1709	68.31620000000001	68.02420000000001	68.96860000000001	68.34649999999999	67.9117	68.86189999999999	68.1673	67.7527	68.7752	67.9698	67.55640000000001	68.57600000000001	67.75529999999999	67.3113	68.3858	67.373	67.12219999999999	68.05109999999999	67.1667	66.7222	67.5848	66.6339	66.3353	67.3118
FGC2639_s_2_1_GATAGGCCGA-CGCACATGGC_FGC2639_s_2_2_GATAGGCCGA-CGCACATGGC	83.93929999999999	65.6182	72.1842	69.62	63.28	62.4586	57.049099999999996	63.532500000000006	61.327	60.11300000000001	70.2124	68.2885	66.7449	65.2268	65.9529	67.5574	66.5161	66.232	67.458	66.46300000000001	66.4369	67.6757	66.8432	66.8867	68.1635	67.0795	67.0334	68.1559	67.2427	67.22240000000001	68.28659999999999	67.1945	67.1463	68.3127	67.2902	67.23360000000001	68.2801	67.4384	67.42909999999999	68.4717	67.67030000000001	67.432	68.5801	67.4696	67.37180000000001	68.4824	67.5333	67.4122	68.6361	67.6293	67.5086	68.7113	67.7361	67.477	68.581	67.6898	67.5009	68.6083	67.6564	67.5232	68.57079999999999	67.8069	67.5831	68.6703	67.7345	67.5599	68.6198	67.7771	67.4709	68.5532	67.6776	67.42280000000001	68.5386	67.72749999999999	67.52080000000001	68.5757	67.65339999999999	67.3698	68.4272	67.4865	67.25370000000001	68.2688	67.4499	67.1872	68.1199	67.2183	66.8989	67.8827	66.9226	66.6884	67.7115	66.6767	66.4206	67.2748	66.388	65.9519	66.7885	65.8366	65.6131	66.35799999999999
FGC2639_s_2_1_GATCAAGGCA-CCTTGTTAAT_FGC2639_s_2_2_GATCAAGGCA-CCTTGTTAAT	84.56099999999999	67.39500000000001	72.77120000000001	68.2542	63.4218	61.7128	56.6986	64.2915	61.4347	60.3946	71.44040000000001	68.852	66.93440000000001	65.2501	66.4153	66.9471	66.5728	66.7415	67.0883	67.4349	67.0413	67.8496	67.03519999999999	67.417	68.4585	67.8445	67.5435	67.6975	68.01859999999999	67.6695	67.8975	67.82390000000001	67.1543	68.5138	68.1065	67.2042	67.9346	68.37349999999999	67.33170000000001	68.0749	68.3585	67.8582	68.8837	67.6439	67.3557	68.16799999999999	68.2666	67.453	68.8661	68.3167	67.7779	68.2586	67.9879	67.8237	68.6557	68.4421	68.0252	68.31779999999999	68.3993	67.4648	68.2732	68.3906	67.4225	68.63759999999999	68.2616	67.5733	68.1517	68.3207	67.35759999999999	67.9863	67.6339	67.00829999999999	67.9366	67.792	67.4298	68.1415	67.7635	67.25959999999999	67.8244	67.6203	66.93860000000001	67.4524	67.12599999999999	66.4698	67.1043	66.6415	66.07220000000001	66.618	66.2516	65.6091	66.1601	65.6288	65.1813	65.5461	65.07159999999999	64.4281	64.8892	64.404	63.937900000000006	64.44330000000001
FGC2639_s_2_1_GCAACATGGA-CTTGTCTTAA_FGC2639_s_2_2_GCAACATGGA-CTTGTCTTAA	85.1761	66.84440000000001	72.3429	68.9009	63.1956	62.194	56.0392	64.0899	61.5556	60.295100000000005	71.00619999999999	68.783	66.5956	65.45570000000001	66.1478	67.3279	66.7109	66.5017	67.5415	66.9281	66.8601	67.78030000000001	67.2651	67.2853	68.379	67.4649	67.4509	68.2521	67.5503	67.4924	68.2983	67.4006	67.5133	68.4438	67.6733	67.5907	68.2443	67.8079	67.70570000000001	68.5689	67.8583	67.7064	68.7469	67.8254	67.628	68.6697	67.7907	67.6366	68.7052	67.8079	67.9241	68.6561	68.0677	67.7536	68.5256	67.9819	67.805	68.65639999999999	68.01230000000001	67.8236	68.73179999999999	68.0902	67.8404	68.6417	67.9446	67.8234	68.7585	68.1066	67.9634	68.7589	68.116	67.8669	68.685	68.0357	67.8925	68.7886	68.1068	67.8987	68.709	68.30619999999999	67.9494	68.642	68.124	67.8241	68.6891	68.1163	67.8669	68.6869	68.02	67.823	68.697	67.8442	67.8434	68.57900000000001	67.9697	67.65910000000001	68.4341	67.7577	67.6497	68.49969999999999
FGC2639_s_2_1_GCCGCACTCT-TCCGACCTCG_FGC2639_s_2_2_GCCGCACTCT-TCCGACCTCG	83.5813	66.489	73.2621	70.1029	63.695800000000006	61.6047	56.9124	63.7512	60.9071	60.0428	70.6049	68.36569999999999	66.9555	65.2038	65.6662	67.22	66.6799	66.35079999999999	67.4738	67.2324	66.6477	67.7598	66.9722	66.80160000000001	68.4165	67.5755	67.09049999999999	68.1026	67.6503	67.1949	68.2068	67.4903	66.8939	68.43820000000001	67.7315	67.25710000000001	68.38159999999999	67.9999	67.3516	68.5544	67.9966	67.1969	68.8602	67.6267	67.0975	68.44789999999999	67.83200000000001	67.1527	68.68459999999999	67.9326	67.51350000000001	68.5913	67.9888	67.4366	68.4801	67.9492	67.46220000000001	68.3819	67.9898	67.2149	68.5865	68.0438	67.0705	68.518	67.7665	67.1008	68.4134	67.98530000000001	67.2273	68.3443	67.6289	66.7995	68.1932	67.4901	66.8809	68.1264	67.2566	66.7381	67.6261	67.2704	66.3611	67.24080000000001	66.6568	65.7919	66.9299	66.14370000000001	65.34259999999999	66.3353	65.5613	64.81139999999999	65.7547	64.9677	64.50789999999999	65.2002	64.53569999999999	63.6837	64.4541	63.724599999999995	63.246199999999995	64.1833
FGC2639_s_2_1_GCGTGGATGG-TTGACCAATG_FGC2639_s_2_2_GCGTGGATGG-TTGACCAATG	84.2953	66.53139999999999	71.3063	67.1815	62.6134	61.6684	56.389900000000004	64.9808	61.765	60.3288	71.8769	68.7892	66.0775	65.3941	65.99340000000001	66.9034	66.7763	66.4427	67.2675	67.11510000000001	66.7674	67.4534	67.21770000000001	67.1156	68.08189999999999	67.5376	67.3271	67.80969999999999	67.7081	67.3325	67.9264	67.4693	67.2968	68.17750000000001	67.8651	67.50450000000001	68.1261	68.03960000000001	67.6357	68.4159	67.9552	67.4543	68.5836	68.0279	67.5108	68.3074	67.9747	67.49849999999999	68.5447	68.13289999999999	67.8643	68.3725	68.19539999999999	67.7474	68.3993	68.2586	67.8849	68.34209999999999	68.16799999999999	67.64909999999999	68.4639	68.2843	67.5454	68.49549999999999	68.1831	67.7184	68.4749	68.32549999999999	67.8437	68.4249	68.2208	67.5534	68.36710000000001	68.0984	67.6574	68.3792	68.084	67.693	68.1965	68.204	67.53280000000001	68.0303	67.8093	67.2546	67.9245	67.7081	67.2124	67.7816	67.5137	66.9095	67.5775	67.0776	66.8132	67.2136	66.8818	66.31139999999999	66.8826	66.4166	66.0843	66.663
FGC2639_s_2_1_GCGTTGGTAT-ACATACTTCC_FGC2639_s_2_2_GCGTTGGTAT-ACATACTTCC	85.2714	68.8974	72.8489	69.843	63.747	62.5591	56.5441	64.8471	62.3896	60.693200000000004	71.8248	69.15400000000001	66.6441	65.8097	66.21780000000001	67.25989999999999	66.9505	66.5455	67.6875	67.3972	67.0614	67.8374	67.57069999999999	67.48150000000001	68.25919999999999	67.6168	67.33109999999999	68.13940000000001	67.643	67.3206	68.1358	67.4417	67.3602	68.3151	67.821	67.4331	68.1051	67.9991	67.5067	68.41159999999999	67.9092	67.4669	68.6499	67.84609999999999	67.5893	68.4544	67.8252	67.50150000000001	68.4889	67.92399999999999	67.8124	68.4375	68.1076	67.6268	68.3283	68.0613	67.7776	68.5067	68.0929	67.5853	68.5296	68.143	67.4883	68.3634	67.86670000000001	67.6366	68.4881	68.1232	67.76050000000001	68.3872	68.108	67.4491	68.285	67.8358	67.5022	68.2805	67.8385	67.4974	68.0782	67.9636	67.34400000000001	67.9075	67.6367	67.0667	67.9039	67.52420000000001	67.1448	67.7934	67.4157	66.8606	67.6782	67.117	66.9294	67.54329999999999	67.0614	66.525	67.2146	66.72200000000001	66.5144	67.2382
FGC2639_s_2_1_GGAGCGTGTA-ATCCGTAAGT_FGC2639_s_2_2_GGAGCGTGTA-ATCCGTAAGT	84.06320000000001	66.0351	71.0353	67.1984	62.652300000000004	61.6229	56.37649999999999	64.759	61.6306	60.0877	71.455	68.3693	65.791	65.1723	66.01979999999999	66.85	66.5896	66.4026	67.0913	66.9812	66.61280000000001	67.32669999999999	67.0249	67.0743	67.955	67.44019999999999	67.2208	67.7733	67.6069	67.23599999999999	67.74080000000001	67.389	67.1259	68.0222	67.6117	67.3952	67.86410000000001	67.9548	67.5629	68.343	67.7646	67.4422	68.2477	67.6687	67.3002	68.12989999999999	67.752	67.3295	68.3725	67.9276	67.6592	68.2509	67.9919	67.554	68.2569	67.9807	67.7242	68.12089999999999	68.0075	67.4403	68.22540000000001	68.0449	67.3702	68.3565	67.9221	67.5099	68.228	68.0284	67.5743	68.11930000000001	67.8319	67.2647	68.0729	67.8036	67.41430000000001	68.1396	67.6999	67.3082	67.9153	67.76180000000001	67.0912	67.6065	67.3515	66.7883	67.489	67.1261	66.6392	67.196	66.87570000000001	66.2388	66.86800000000001	66.3245	65.984	66.3632	65.9487	65.3653	65.8961	65.3366	64.99669999999999	65.5508
FGC2639_s_2_1_GGCAAGCCAG-CAAGCATCCG_FGC2639_s_2_2_GGCAAGCCAG-CAAGCATCCG	86.1297	66.841	70.9547	67.9232	62.817	62.572	57.1112	64.6019	62.721000000000004	60.9831	71.7037	69.5327	67.1543	65.5481	66.572	67.4532	66.6831	66.8768	67.93400000000001	67.2035	67.40270000000001	68.2111	67.38459999999999	67.7819	68.7229	67.5577	67.6813	68.4	67.6578	67.7523	68.47189999999999	67.43010000000001	67.8373	68.7441	67.8624	67.9077	68.6216	67.91120000000001	67.971	68.85040000000001	67.9643	67.9284	69.01610000000001	67.898	67.8857	68.8288	67.84360000000001	67.8137	68.9867	67.9123	68.1566	68.7892	68.0531	68.0458	68.84710000000001	68.0995	68.2227	68.8202	68.1246	67.95139999999999	68.93209999999999	67.9956	67.8963	68.8819	67.95830000000001	68.0382	68.87480000000001	68.15719999999999	68.1648	68.868	68.08340000000001	67.9259	68.7822	67.9139	68.0091	68.8549	67.99199999999999	68.028	68.5504	68.0774	67.8607	68.4265	67.8374	67.6782	68.4784	67.66159999999999	67.6358	68.33409999999999	67.53099999999999	67.45870000000001	68.1812	67.1714	67.3744	67.8971	67.01979999999999	66.90559999999999	67.6529	66.5677	66.7538	67.4303
FGC2639_s_2_1_GGTAACTCGC-AAGTTGGTGA_FGC2639_s_2_2_GGTAACTCGC-AAGTTGGTGA	83.0966	66.1786	73.8667	70.3458	63.4093	61.196799999999996	55.678000000000004	62.9457	60.3009	59.2717	69.69969999999999	67.4869	65.6895	64.6935	64.9489	66.4022	65.7709	65.6007	66.59620000000001	66.1362	65.73989999999999	66.7978	66.2542	66.0804	67.3924	66.7369	66.4113	67.3733	66.8036	66.69969999999999	67.4155	66.7071	66.3301	67.2964	66.8142	66.58460000000001	67.2486	66.95410000000001	66.61449999999999	67.7629	66.9816	66.7124	67.6409	67.0752	66.44250000000001	67.7041	66.9183	66.6226	67.779	66.91080000000001	66.7097	67.728	67.09819999999999	66.6343	67.355	66.9888	66.62979999999999	67.5926	67.0191	66.6421	67.4067	67.301	66.6556	67.4662	66.9616	66.4893	67.47840000000001	67.2262	66.5786	67.522	66.9665	66.3738	67.3745	67.217	66.6261	67.474	66.9482	66.5345	67.3717	67.1807	66.4567	67.14290000000001	66.8057	66.0868	66.9258	66.4732	65.8322	66.6441	66.0548	65.5223	66.3763	65.5549	65.1192	65.7463	65.2992	64.6767	65.30160000000001	64.56060000000001	64.2265	64.90629999999999
FGC2639_s_2_1_GGTTGCGAGG-AATAGAGCAA_FGC2639_s_2_2_GGTTGCGAGG-AATAGAGCAA	84.5137	67.0038	73.0491	70.25789999999999	63.901799999999994	62.4399	56.8743	63.5119	61.2247	60.1494	70.3424	68.5027	67.196	65.5296	66.1152	67.45400000000001	66.6439	66.4392	67.675	67.0764	66.9592	68.0295	67.1297	67.1807	68.58189999999999	67.561	67.3826	68.30460000000001	67.652	67.453	68.4059	67.5264	67.29690000000001	68.7145	67.7876	67.623	68.4598	67.8876	67.7157	68.78840000000001	68.05409999999999	67.5041	68.96759999999999	67.9741	67.55879999999999	68.7304	68.0157	67.6095	68.9944	68.0213	67.8057	68.76679999999999	68.0378	67.8116	68.8512	68.1225	67.88650000000001	68.8147	68.17830000000001	67.66590000000001	68.8705	68.2018	67.6768	68.85759999999999	68.07419999999999	67.71770000000001	68.8591	68.25670000000001	67.85130000000001	68.8065	68.1474	67.6325	68.8439	68.011	67.7407	68.8639	68.0443	67.7886	68.7481	68.1514	67.7119	68.6845	67.8425	67.49579999999999	68.52430000000001	67.6764	67.3438	68.30659999999999	67.5214	67.1109	68.1635	67.2201	66.96379999999999	67.8251	66.9902	66.5184	67.4182	66.4813	66.2335	67.2099
FGC2639_s_2_1_GTATTCCACC-ATGTAGACAA_FGC2639_s_2_2_GTATTCCACC-ATGTAGACAA	84.1746	68.8728	72.64150000000001	69.6086	62.7332	61.2649	54.780300000000004	63.7503	60.634600000000006	59.379400000000004	70.637	67.7647	65.4467	65.015	64.99000000000001	66.2093	65.9598	65.4289	66.6323	66.4323	65.6665	66.8423	66.662	66.2549	67.4058	66.9278	66.4078	67.3172	66.9206	66.4883	67.2986	66.8549	66.2908	67.3482	67.0681	66.6673	67.2468	67.26520000000001	66.49159999999999	67.5428	67.1876	66.6925	67.7239	67.2856	66.54339999999999	67.6907	67.1933	66.53059999999999	67.69500000000001	67.06689999999999	66.6539	67.6717	67.3142	66.4867	67.2391	67.1821	66.5859	67.6149	67.35679999999999	66.5743	67.3694	67.4274	66.4939	67.4517	67.06299999999999	66.5435	67.5461	67.52040000000001	66.7905	67.5845	67.27499999999999	66.4671	67.4078	67.4044	66.7801	67.5702	67.45219999999999	66.6896	67.49770000000001	67.6683	66.6817	67.2944	67.2576	66.2749	67.2686	67.1988	66.43130000000001	67.2956	66.9543	66.2405	67.2903	66.84400000000001	66.4568	67.1012	66.9788	66.16250000000001	66.9376	66.58709999999999	66.0757	66.9838
FGC2639_s_2_1_GTCCGTAAGC-CGTGTATCTT_FGC2639_s_2_2_GTCCGTAAGC-CGTGTATCTT	85.49759999999999	68.9257	73.4349	70.6983	63.9276	62.114999999999995	56.1678	64.2663	61.5664	60.152499999999996	71.3286	68.7432	66.5737	65.8744	66.1249	67.38380000000001	66.8041	66.19890000000001	67.3913	66.9954	66.7563	67.7468	67.5006	67.12519999999999	68.1845	67.5553	67.0075	68.01469999999999	67.6167	67.18119999999999	68.0913	67.5889	67.21390000000001	68.2742	67.7376	67.3208	68.2328	67.8308	67.3596	68.22009999999999	67.8924	67.2643	68.4222	67.87530000000001	67.4531	68.407	67.91199999999999	67.41120000000001	68.4539	67.8924	67.448	68.3933	67.9777	67.3415	68.3156	67.9935	67.47800000000001	68.4161	67.93090000000001	67.37689999999999	68.3543	67.9395	67.4134	68.3759	67.83550000000001	67.3956	68.3453	67.8985	67.34639999999999	68.207	67.8335	67.23259999999999	68.20960000000001	67.72590000000001	67.2166	68.1615	67.7516	67.122	67.9606	67.62280000000001	67.03059999999999	67.8999	67.5321	66.9107	67.81099999999999	67.35849999999999	66.7989	67.6488	67.1665	66.676	67.6083	67.06649999999999	66.6832	67.4074	66.9662	66.3882	67.1187	66.73310000000001	66.2503	66.9926
FGC2639_s_2_1_GTCCTGGATA-CGGTGGCGAA_FGC2639_s_2_2_GTCCTGGATA-CGGTGGCGAA	84.3444	66.15090000000001	72.7979	69.3233	62.3285	60.1925	54.9588	62.5029	59.9577	58.6647	69.5068	67.2329	65.3081	64.0376	64.3023	65.83919999999999	65.08840000000001	65.0072	66.2148	65.5628	65.20129999999999	66.4645	65.74719999999999	65.6343	67.0313	66.1403	65.8332	66.8793	66.0549	66.1868	67.0164	66.07690000000001	65.8266	66.73320000000001	66.1838	65.91329999999999	66.79169999999999	66.2842	66.0063	67.166	66.386	66.019	67.034	66.3906	65.7704	67.2358	66.2591	65.96039999999999	67.3077	66.1036	65.97279999999999	67.21430000000001	66.40209999999999	65.9893	66.759	66.2124	65.9071	67.02470000000001	66.24419999999999	65.911	66.7682	66.581	65.92	66.8342	66.1359	65.7097	66.8178	66.5067	65.8626	66.8553	66.1331	65.554	66.7028	66.3807	65.8013	66.5938	65.926	65.42559999999999	66.4489	66.0518	65.34790000000001	66.02749999999999	65.6048	64.6988	65.60249999999999	64.9427	64.32759999999999	65.0772	64.3221	63.8474	64.7177	63.71940000000001	63.3517	63.9294	63.4481	62.79670000000001	63.3983	62.680800000000005	62.3691	63.078900000000004
FGC2639_s_2_1_GTCTAATGGC-AGTGGTCAGG_FGC2639_s_2_2_GTCTAATGGC-AGTGGTCAGG	85.2362	66.93390000000001	73.2206	69.53859999999999	63.781699999999994	62.3726	56.7511	64.5467	61.975899999999996	60.5623	71.39529999999999	69.0515	66.8251	65.90270000000001	66.5798	67.59540000000001	67.09580000000001	66.87920000000001	67.9404	67.4351	67.3301	68.1131	67.6038	67.6743	68.63040000000001	67.8916	67.742	68.5268	67.9825	67.7986	68.54639999999999	67.7438	67.7843	68.7217	68.0214	67.9002	68.6341	68.277	67.9552	68.827	68.2069	67.9451	69.0556	68.1717	67.9773	68.8198	68.14240000000001	67.9387	68.8736	68.193	68.2372	68.82300000000001	68.4169	68.0026	68.7675	68.3314	68.156	68.86710000000001	68.35480000000001	68.0082	68.9761	68.3464	67.9359	68.86	68.23519999999999	68.1153	68.8937	68.43730000000001	68.1518	68.8652	68.3607	67.945	68.7782	68.1666	67.948	68.83	68.1537	67.9753	68.6052	68.20429999999999	67.7732	68.4578	67.9574	67.5855	68.3609	67.7712	67.4535	68.1772	67.624	67.2033	68.0351	67.19760000000001	67.16069999999999	67.679	67.049	66.6224	67.2401	66.5336	66.3512	67.018
FGC2639_s_2_1_GTGACACGCA-GCTTACGGAC_FGC2639_s_2_2_GTGACACGCA-GCTTACGGAC	84.5402	66.3181	72.7514	68.7618	63.165099999999995	61.7016	55.9377	63.9807	61.2934	59.920899999999996	70.8057	68.1988	65.9866	65.1252	65.93679999999999	66.92519999999999	66.5601	66.435	67.2623	66.9568	66.6469	67.4752	67.0158	67.0056	68.06259999999999	67.3559	67.28659999999999	67.9212	67.5072	67.2602	68.0144	67.2539	67.2219	68.117	67.6068	67.3685	68.0467	67.8548	67.6021	68.4519	67.9249	67.508	68.6538	67.6975	67.4263	68.4105	67.7067	67.4864	68.4948	67.879	67.86280000000001	68.4588	67.9272	67.66029999999999	68.3285	67.94210000000001	67.7071	68.3161	67.9394	67.6258	68.4811	68.0469	67.5055	68.4324	67.9057	67.6513	68.4424	68.0355	67.74289999999999	68.3875	67.946	67.43780000000001	68.26769999999999	67.7268	67.463	68.31869999999999	67.6738	67.4756	67.9831	67.8012	67.2264	67.8246	67.3804	66.89359999999999	67.6096	67.1268	66.70439999999999	67.3468	66.82900000000001	66.3068	67.0094	66.2718	66.1049	66.5308	66.02289999999999	65.4451	66.00930000000001	65.2919	65.0549	65.67530000000001
FGC2639_s_2_1_GTGCAGACAG-TACCATCCGT_FGC2639_s_2_2_GTGCAGACAG-TACCATCCGT	84.66900000000001	67.1515	73.8974	70.0927	64.0501	62.231700000000004	56.808400000000006	64.537	61.712999999999994	60.604	71.5008	69.0005	66.913	65.987	66.5022	67.60159999999999	67.1623	66.8484	67.9354	67.6371	67.28460000000001	68.094	67.732	67.5266	68.7008	67.9727	67.66210000000001	68.50150000000001	68.0456	67.7127	68.5989	67.98429999999999	67.7209	68.762	68.1983	67.872	68.71310000000001	68.4208	67.8855	68.8659	68.3146	67.923	69.00150000000001	68.3675	67.9319	68.8426	68.31530000000001	67.8912	68.9963	68.4239	68.1819	68.8934	68.5215	68.0038	68.8381	68.4731	68.0961	68.89	68.50850000000001	67.9635	68.9935	68.5327	67.8856	68.94069999999999	68.3717	68.0589	69.02669999999999	68.6423	68.1038	69.0108	68.5861	67.9352	68.8599	68.3598	67.9492	68.9892	68.35369999999999	68.0206	68.6893	68.49889999999999	67.8621	68.63759999999999	68.20570000000001	67.6117	68.49	68.0026	67.5048	68.2862	67.8496	67.219	68.11160000000001	67.3975	67.1852	67.7544	67.2227	66.6105	67.3434	66.7119	66.2792	67.02749999999999
FGC2639_s_2_1_TAAGCATCCA-TCAATCCATT_FGC2639_s_2_2_TAAGCATCCA-TCAATCCATT	83.6614	64.9067	71.7445	68.2781	62.068599999999996	59.845400000000005	55.343399999999995	62.092999999999996	59.61070000000001	58.3481	68.974	66.8057	65.34299999999999	63.489399999999996	64.4353	65.71050000000001	64.91130000000001	64.9138	65.7589	65.3905	65.0659	66.17110000000001	65.11449999999999	65.357	66.81099999999999	65.858	65.6031	66.4034	66.0757	65.8013	66.5467	65.8698	65.37849999999999	66.874	65.6862	65.556	66.5538	66.2949	66.0026	66.75450000000001	66.0425	66.0076	67.2976	65.8643	65.6397	66.76520000000001	66.3301	65.7352	67.26729999999999	66.4148	66.1801	66.9782	66.2726	65.9373	67.15339999999999	66.3857	66.0963	67.0004	66.5037	65.9028	66.9408	66.5847	65.89399999999999	67.3122	66.38969999999999	66.0437	66.99380000000001	66.5413	65.8928	66.91850000000001	66.1918	65.7054	67.0064	66.3314	66.0843	67.14189999999999	66.307	65.9799	66.905	66.2433	65.8099	66.6896	66.0134	65.50019999999999	66.5376	65.80510000000001	65.267	66.2457	65.4249	64.9364	65.9586	65.0032	64.7472	65.4566	64.69279999999999	64.1568	64.91	64.0149	63.7032	64.5411
FGC2639_s_2_1_TAGCATAACC-GCTATGCGCA_FGC2639_s_2_2_TAGCATAACC-GCTATGCGCA	84.26050000000001	67.1598	74.2393	70.6352	64.2054	62.509499999999996	56.8001	64.23400000000001	61.536100000000005	60.6291	71.04979999999999	68.8439	67.0765	65.84830000000001	66.29119999999999	67.5733	66.9996	66.7544	67.9085	67.5216	67.1748	68.0903	67.53909999999999	67.3977	68.6791	67.898	67.5975	68.5442	67.93090000000001	67.6612	68.6352	67.7857	67.6052	68.7464	67.9804	67.7369	68.6131	68.3175	67.8103	68.88109999999999	68.2263	67.7835	69.0757	68.1484	67.8255	68.8616	68.1185	67.7179	68.944	68.2114	68.0669	68.866	68.4285	67.8995	68.716	68.2388	67.96950000000001	68.854	68.3236	67.8258	68.9659	68.41810000000001	67.7789	68.8866	68.1864	67.96379999999999	68.937	68.4468	67.9855	68.9368	68.3884	67.7775	68.8059	68.2355	67.81869999999999	68.8998	68.2186	67.8482	68.6588	68.3702	67.6947	68.5554	68.07079999999999	67.4655	68.4614	67.8648	67.3863	68.2857	67.6867	67.12979999999999	68.0873	67.3246	67.12129999999999	67.8579	67.2445	66.5552	67.3731	66.6639	66.2961	67.13980000000001
FGC2639_s_2_1_TAGTTCGGTA-CCATGTGTAG_FGC2639_s_2_2_TAGTTCGGTA-CCATGTGTAG	85.0991	66.6737	72.3834	69.10119999999999	63.757200000000005	63.0408	56.8256	64.5218	62.2177	60.8008	71.2037	69.0173	66.9362	65.8774	66.6875	67.8844	67.0438	66.93050000000001	67.8962	67.1371	67.298	68.1165	67.5068	67.6926	68.637	67.7555	67.711	68.6238	67.898	67.9103	68.73660000000001	67.8733	67.967	68.843	67.9598	68.0139	68.8777	68.0918	68.152	68.93299999999999	68.2925	68.1849	69.02040000000001	68.1204	68.1393	69.0079	68.2238	68.1839	69.1409	68.342	68.31469999999999	69.187	68.38539999999999	68.32000000000001	69.10579999999999	68.4042	68.3447	69.1335	68.4059	68.2654	69.1618	68.4787	68.4078	69.1767	68.4327	68.3647	69.1342	68.4547	68.308	69.1023	68.4045	68.3078	69.2152	68.44449999999999	68.3663	69.1835	68.4404	68.2912	69.04400000000001	68.2875	68.2106	68.963	68.2144	68.1403	68.853	68.1064	68.00540000000001	68.77839999999999	67.9494	67.8214	68.6106	67.739	67.693	68.30030000000001	67.55839999999999	67.364	67.9633	67.21629999999999	67.01169999999999	67.7158
FGC2639_s_2_1_TATGCCTTAC-AGACACATTA_FGC2639_s_2_2_TATGCCTTAC-AGACACATTA	84.3888	66.3475	71.4585	68.2594	63.0681	62.3007	56.8754	64.7761	61.8927	60.5488	71.5598	68.8094	66.4213	65.60510000000001	66.3353	67.4802	66.976	66.6096	67.5975	67.1613	66.8863	67.7566	67.35719999999999	67.3159	68.3601	67.6618	67.4675	68.2769	67.7806	67.5682	68.3169	67.63130000000001	67.4745	68.4713	67.8208	67.6109	68.38340000000001	68.14529999999999	67.7419	68.6883	68.0973	67.6586	68.7828	68.06259999999999	67.6639	68.60889999999999	68.06370000000001	67.6876	68.7844	68.20530000000001	67.93299999999999	68.7455	68.2492	67.8953	68.67020000000001	68.244	67.917	68.71209999999999	68.1687	67.80040000000001	68.8556	68.32000000000001	67.8241	68.7743	68.2085	67.9009	68.728	68.3108	67.893	68.6704	68.1973	67.7294	68.63759999999999	68.0754	67.7566	68.6177	68.0585	67.7562	68.4033	68.0368	67.5234	68.2492	67.7752	67.25999999999999	68.09920000000001	67.551	67.1445	67.8172	67.2719	66.7426	67.53620000000001	66.8065	66.5007	67.0534	66.4462	65.92099999999999	66.578	65.87530000000001	65.5261	66.2152
FGC2639_s_2_1_TATGTAGTCA-CGCACTAATG_FGC2639_s_2_2_TATGTAGTCA-CGCACTAATG	84.9247	66.0939	72.7125	69.219	63.265899999999995	61.8992	56.100899999999996	63.7162	61.4702	59.7352	70.3224	68.1015	66.0561	65.0267	65.9943	67.07610000000001	66.2311	66.1304	67.04560000000001	66.3797	66.4669	67.32669999999999	66.6828	66.89349999999999	67.78269999999999	66.955	66.96039999999999	67.7382	67.1079	67.09009999999999	67.8287	67.0711	67.0617	67.9826	67.0903	67.1641	67.9332	67.2877	67.2265	67.9469	67.4634	67.19030000000001	68.1766	67.2457	67.2662	68.03960000000001	67.4253	67.27929999999999	68.2276	67.44879999999999	67.4033	68.1737	67.4245	67.3168	68.1588	67.4697	67.3934	68.1186	67.4724	67.30669999999999	68.12650000000001	67.5215	67.42439999999999	68.29509999999999	67.53	67.3967	68.189	67.50070000000001	67.3678	68.11	67.4423	67.31439999999999	68.1813	67.4025	67.3233	68.1498	67.4375	67.2218	67.9306	67.2617	67.1319	67.8337	67.2094	67.0484	67.6362	66.953	66.76180000000001	67.4755	66.68469999999999	66.5123	67.2448	66.3616	66.2962	66.786	66.1085	65.8655	66.3253	65.61	65.39620000000001	65.9366
FGC2639_s_2_1_TATTGCGCTC-CTGTGTTAGG_FGC2639_s_2_2_TATTGCGCTC-CTGTGTTAGG	84.76169999999999	66.3466	72.8672	70.06700000000001	63.9746	62.777899999999995	57.5406	64.4479	62.014199999999995	60.8391	71.1998	69.1228	67.4	65.934	66.5115	67.975	67.1122	66.8021	68.0082	67.33160000000001	67.2116	68.2469	67.58539999999999	67.57130000000001	68.7789	67.7504	67.6522	68.6504	67.88889999999999	67.7231	68.796	67.7684	67.7624	68.9311	68.0258	67.8401	68.78030000000001	68.1867	67.9272	69.07	68.2852	67.87950000000001	69.0686	68.1223	67.9403	68.9939	68.1614	67.9311	69.1217	68.21589999999999	68.0654	69.0899	68.3644	68.0218	69.01939999999999	68.24249999999999	68.0689	69.0542	68.2375	67.94839999999999	69.06790000000001	68.277	67.9961	69.0479	68.1848	67.9401	69.0156	68.2484	68.0055	68.9194	68.1656	67.82939999999999	68.9225	68.0008	67.71470000000001	68.82239999999999	67.9337	67.6803	68.5569	67.87910000000001	67.46839999999999	68.3128	67.577	67.2343	68.1608	67.3402	66.9149	67.7675	66.9824	66.52749999999999	67.4578	66.5007	66.2159	66.95179999999999	66.1218	65.7208	66.3544	65.4745	65.1734	65.9402
FGC2639_s_2_1_TCAGAAGGCG-GGCCATCATA_FGC2639_s_2_2_TCAGAAGGCG-GGCCATCATA	85.7003	69.1662	73.3221	70.3327	64.0715	62.70139999999999	56.318999999999996	64.2045	61.8475	60.5896	71.34009999999999	69.0246	66.8281	65.8401	66.31660000000001	67.303	66.9085	66.5738	67.7982	67.3734	67.1504	67.9442	67.5877	67.52430000000001	68.5842	67.757	67.4975	68.3562	67.7334	67.5851	68.42580000000001	67.5575	67.6768	68.5484	67.99260000000001	67.6896	68.37339999999999	68.169	67.6743	68.7162	68.0494	67.7613	68.89269999999999	68.078	67.8293	68.77680000000001	67.98910000000001	67.7739	68.7504	68.1269	67.9976	68.688	68.23479999999999	67.8299	68.55930000000001	68.14529999999999	67.9156	68.7229	68.2087	67.8419	68.803	68.2444	67.6906	68.608	68.071	67.7616	68.7056	68.2305	67.98769999999999	68.682	68.25099999999999	67.6666	68.5632	67.9292	67.6436	68.572	67.96759999999999	67.7493	68.3603	68.172	67.5896	68.19	67.781	67.2274	68.1114	67.5552	67.2641	68.0259	67.4486	67.0782	67.90350000000001	67.2118	67.0586	67.63940000000001	67.0428	66.6291	67.4452	66.69	66.541	67.3629
FGC2639_s_2_1_TCATAGATTG-GATTAAGGTG_FGC2639_s_2_2_TCATAGATTG-GATTAAGGTG	85.5232	69.0496	72.3047	70.0386	63.572799999999994	62.9491	56.8296	63.8921	62.153800000000004	61.138999999999996	71.3481	69.2162	67.24170000000001	66.0107	66.5104	67.7584	66.9964	66.92240000000001	68.3065	67.54520000000001	67.3421	68.496	67.7731	67.9231	69.1364	67.9344	67.8531	68.8118	67.9448	67.8822	68.9645	67.7491	67.9821	69.12939999999999	68.16499999999999	67.9663	68.8531	68.3165	68.0372	69.2541	68.192	68.0617	69.4058	68.3016	68.0297	69.2344	68.14670000000001	67.9396	69.2733	68.1555	68.2709	69.1828	68.37259999999999	68.0845	69.0177	68.2968	68.2061	69.2363	68.3962	68.0502	69.2478	68.3952	67.9363	69.1511	68.0927	68.05449999999999	69.211	68.3496	68.2844	69.23230000000001	68.4629	68.0286	69.0951	68.2187	68.05330000000001	69.2185	68.3656	68.155	68.9762	68.4312	68.0185	68.8976	68.08999999999999	67.7105	68.8407	67.9753	67.8132	68.7941	67.9064	67.6259	68.77590000000001	67.7566	67.7621	68.6147	67.7	67.3274	68.4468	67.4286	67.3255	68.4206
FGC2639_s_2_1_TCCATTGCCG-GAATGCACGA_FGC2639_s_2_2_TCCATTGCCG-GAATGCACGA	83.76209999999999	66.1952	73.7183	70.3852	64.04220000000001	62.0379	57.0421	64.0859	61.28940000000001	60.3444	70.8005	68.5647	66.9824	65.57690000000001	66.17739999999999	67.5207	66.9754	66.8136	67.7612	67.4242	67.0018	68.0326	67.2418	67.292	68.7024	67.911	67.60340000000001	68.3976	68.0203	67.7439	68.51169999999999	67.81960000000001	67.43090000000001	68.6999	67.8779	67.7427	68.7259	68.18220000000001	67.6775	68.86290000000001	68.4807	67.918	69.20530000000001	68.2194	67.6559	68.7398	68.2489	67.68990000000001	69.0256	68.3507	68.0755	68.92920000000001	68.3712	68.0579	68.93299999999999	68.3428	68.0513	68.7817	68.3759	67.8327	68.9079	68.5483	67.7468	69.0528	68.3674	67.76140000000001	68.7858	68.5255	67.8562	68.8455	68.35130000000001	67.5712	68.8004	68.29180000000001	67.8802	68.9302	68.2115	67.81869999999999	68.63820000000001	68.3389	67.6095	68.4622	67.9176	67.30080000000001	68.3544	67.75750000000001	67.22160000000001	68.0954	67.4223	66.8376	67.79990000000001	66.9538	66.6756	67.4544	66.77199999999999	66.1269	66.8932	66.09089999999999	65.8117	66.5944
FGC2639_s_2_1_TCTCATGATA-AACACGTGGA_FGC2639_s_2_2_TCTCATGATA-AACACGTGGA	84.3302	66.838	70.6512	66.8233	63.16850000000001	62.4216	57.4287	65.51209999999999	62.325900000000004	61.1417	72.4074	69.2149	66.6519	65.74069999999999	66.8396	67.4922	67.3326	67.2501	67.8036	67.70859999999999	67.3169	68.0656	67.5221	67.7375	68.6832	68.152	67.9855	68.2894	68.3479	67.964	68.3133	68.0426	67.6356	68.734	68.0777	68.074	68.3627	68.6758	67.9308	68.6995	68.6296	67.80659999999999	68.83789999999999	68.1968	67.7738	68.64909999999999	68.4288	67.86280000000001	69.056	68.5921	68.1952	68.72359999999999	68.4622	68.25290000000001	68.9224	68.7174	68.3596	68.5993	68.6528	67.83500000000001	68.786	68.7138	67.8587	69.0199	68.6336	68.0203	68.7797	68.6845	68.0296	68.7007	68.393	67.7771	68.7111	68.4848	68.1338	68.9199	68.5234	68.1331	68.638	68.5907	67.8721	68.41890000000001	68.1615	67.6979	68.37349999999999	68.0676	67.6436	68.2357	67.85379999999999	67.3054	67.8955	67.46170000000001	67.1519	67.5968	67.1699	66.6476	67.35849999999999	66.7928	66.4582	66.9987
FGC2639_s_2_1_TCTGGTATCC-CGTTGCTTAC_FGC2639_s_2_2_TCTGGTATCC-CGTTGCTTAC	83.3073	67.35510000000001	73.0351	69.07039999999999	65.0897	62.0912	58.1904	65.1254	61.276799999999994	60.8036	71.83850000000001	68.5456	67.67649999999999	65.56830000000001	66.8515	66.89789999999999	66.7871	67.3276	67.1902	68.471	67.5202	68.5776	67.0729	67.67689999999999	69.0148	68.7029	67.93639999999999	67.597	68.7014	67.8333	67.61580000000001	68.4397	66.56400000000001	68.9118	67.5053	67.9389	67.6043	69.1043	68.07339999999999	67.9369	67.597	66.7201	69.3195	68.8468	66.75529999999999	67.9018	68.8091	67.0934	69.2729	68.8947	67.1673	67.8289	67.9083	68.121	68.9918	69.0288	68.3065	67.9363	69.0302	66.9352	68.041	68.999	66.8145	69.1048	68.9357	66.9764	68.1393	69.1563	67.1033	67.9752	67.9838	66.7988	68.4924	68.7589	67.9945	69.1959	68.9667	68.1238	68.9975	69.2005	68.0288	68.9034	68.8086	67.7765	68.7843	68.6519	67.8405	68.6935	68.57950000000001	67.5188	68.5097	68.2521	67.6076	68.36410000000001	68.1569	67.1118	68.0496	67.74470000000001	67.0138	67.9588
FGC2639_s_2_1_TGATGTAAGA-GTGCGTCCTT_FGC2639_s_2_2_TGATGTAAGA-GTGCGTCCTT	85.2736	67.8163	72.63159999999999	68.68419999999999	63.82	62.7061	56.7393	65.0833	62.090900000000005	61.0214	71.9597	69.44399999999999	66.9826	65.9945	66.7209	67.6888	67.2975	67.093	68.0228	67.68849999999999	67.4192	68.20150000000001	67.7487	67.7633	68.7219	68.0774	67.8963	68.5759	68.1585	67.9874	68.5952	67.9418	67.9059	68.75919999999999	68.1937	68.0308	68.6271	68.4793	68.1873	68.93249999999999	68.3585	68.0033	69.1665	68.3262	68.0623	68.9456	68.3088	67.9801	69.0547	68.3781	68.4166	68.9701	68.53970000000001	68.1521	68.8387	68.5298	68.314	68.97189999999999	68.5384	68.1721	68.9921	68.5654	68.0477	68.9661	68.3938	68.21350000000001	69.0323	68.6143	68.32300000000001	68.98689999999999	68.5556	68.0374	68.83590000000001	68.36189999999999	68.0798	68.94839999999999	68.4267	68.133	68.6615	68.49730000000001	67.9088	68.4992	68.1586	67.74799999999999	68.4381	67.9535	67.6674	68.2997	67.8167	67.3666	68.0776	67.39500000000001	67.2366	67.689	67.219	66.7579	67.3608	66.727	66.5147	67.1357
FGC2639_s_2_1_TGATTATACG-GTCGATTACA_FGC2639_s_2_2_TGATTATACG-GTCGATTACA	84.33699999999999	67.5501	73.753	69.8542	63.9555	62.3603	56.3488	64.9172	61.8607	60.5728	71.7538	68.9905	66.66579999999999	66.0432	66.3923	67.3532	67.1513	66.85210000000001	67.7192	67.6647	67.2611	67.9487	67.72160000000001	67.5465	68.5544	68.0816	67.7226	68.3407	68.14710000000001	67.7698	68.3973	67.9549	67.7341	68.5768	68.2157	67.8894	68.4079	68.5043	67.9021	68.72890000000001	68.3786	67.8689	68.8833	68.4081	67.9011	68.7419	68.3378	67.8728	68.8589	68.3855	68.2136	68.7346	68.6017	67.97959999999999	68.5805	68.4435	68.12979999999999	68.7511	68.5175	67.9542	68.8639	68.6357	67.887	68.7089	68.4581	68.0126	68.7733	68.6939	68.1763	68.8156	68.6433	67.8848	68.636	68.434	67.93390000000001	68.6898	68.3395	67.9338	68.4673	68.5406	67.7515	68.354	68.1663	67.4781	68.1879	67.9362	67.33630000000001	67.9168	67.6734	66.9693	67.721	67.241	66.88690000000001	67.3357	67.0743	66.2332	66.8025	66.3475	66.0021	66.545
FGC2639_s_2_1_TGGTACCTAA-CATGAGTACT_FGC2639_s_2_2_TGGTACCTAA-CATGAGTACT	83.91420000000001	66.6665	71.81450000000001	67.81970000000001	63.363899999999994	62.4025	56.619200000000006	65.4428	61.911	60.29600000000001	72.0091	68.7911	66.1621	65.8803	66.6638	67.3533	67.2404	66.85459999999999	67.3296	67.38300000000001	67.0635	67.7105	67.5696	67.4237	68.2917	68.01559999999999	67.6597	68.072	68.15390000000001	67.7222	68.08760000000001	68.0338	67.5449	68.3589	67.9906	67.85719999999999	68.4183	68.1802	67.7354	68.6025	68.49889999999999	67.6959	68.5056	68.11840000000001	67.73700000000001	68.3659	68.4347	67.80969999999999	68.7184	68.639	68.0608	68.5413	68.4421	68.003	68.67410000000001	68.5681	68.11930000000001	68.5736	68.5178	67.9408	68.5652	68.5891	67.9984	68.70230000000001	68.5	67.9707	68.4815	68.4902	67.8391	68.3964	68.23169999999999	67.764	68.411	68.26	67.896	68.4697	68.2434	67.7835	68.26100000000001	68.11009999999999	67.5488	68.0129	67.93289999999999	67.27680000000001	67.8255	67.706	67.0637	67.5392	67.32629999999999	66.7119	67.1599	66.855	66.3688	66.66499999999999	66.4682	65.84410000000001	66.1954	65.9092	65.3737	65.7212
FGC2639_s_2_1_TGTAATCGAC-GATCACCGCG_FGC2639_s_2_2_TGTAATCGAC-GATCACCGCG	84.2623	65.9347	72.5677	68.1307	62.964200000000005	61.360400000000006	55.5587	64.0523	61.0776	59.073100000000004	70.4596	67.8184	65.3464	64.7569	65.761	66.3774	65.9741	66.0373	66.35459999999999	66.2492	66.2208	66.8644	66.5335	66.6724	67.4635	67.0729	66.8883	67.2325	67.1988	67.1223	67.188	67.1192	66.65140000000001	67.4334	66.8716	67.10770000000001	67.1815	67.0893	66.9765	67.4521	67.4705	67.2131	67.44059999999999	67.4015	66.84219999999999	67.5515	67.4429	67.07260000000001	67.9129	67.4512	67.0204	67.65090000000001	67.2621	67.2696	67.6673	67.4584	67.2031	67.5572	67.3956	67.0019	67.3933	67.7041	67.0969	67.66590000000001	67.4474	66.8896	67.3965	67.6075	66.9234	67.3126	67.0868	66.8421	67.5108	67.5086	67.17689999999999	67.4906	67.2765	66.8982	67.4276	67.2158	66.8629	67.0589	67.01939999999999	66.4577	66.8639	66.61110000000001	66.135	66.4684	66.1389	65.7914	66.12599999999999	65.6655	65.2463	65.4432	65.23299999999999	64.7314	64.8957	64.5629	64.16340000000001	64.3753
FGC2639_s_2_1_TGTCGCTGGT-TCGTCTGACT_FGC2639_s_2_2_TGTCGCTGGT-TCGTCTGACT	84.8767	66.9944	72.4342	69.192	63.7691	62.7708	57.258900000000004	64.399	61.9189	61.0568	71.3637	69.25059999999999	67.3888	65.8933	66.5025	67.76180000000001	67.0263	67.0299	68.1764	67.5715	67.36919999999999	68.3511	67.6002	67.7201	69.0087	67.8882	67.7991	68.6973	67.9947	67.8961	68.83160000000001	67.87870000000001	67.85560000000001	69.0339	67.9819	68.0043	68.8136	68.3838	68.1579	69.241	68.2244	68.0927	69.3897	68.1535	67.9639	69.0701	68.137	67.9888	69.2804	68.26769999999999	68.2745	69.1122	68.39269999999999	68.1319	69.10579999999999	68.39150000000001	68.1781	69.06609999999999	68.38680000000001	68.0301	69.20389999999999	68.4636	67.9789	69.20190000000001	68.2852	68.1325	69.15289999999999	68.4647	68.1787	69.1527	68.3752	67.9156	69.025	68.2273	67.9911	69.1554	68.2517	68.0171	68.8412	68.328	67.86529999999999	68.7194	68.0158	67.5698	68.6714	67.84710000000001	67.5771	68.4119	67.554	67.2002	68.2021	67.2789	67.117	67.83200000000001	67.0417	66.5835	67.4872	66.4807	66.3583	67.1519
FGC2639_s_2_1_TTCACGAGAC-AGATTGTTAC_FGC2639_s_2_2_TTCACGAGAC-AGATTGTTAC	85.0908	66.84639999999999	71.43119999999999	67.91380000000001	63.364	62.978699999999996	57.240100000000005	65.6034	62.8151	60.976	72.3583	69.7115	67.00009999999999	66.0667	66.8963	67.8125	67.327	67.1576	67.7929	67.5152	67.52749999999999	68.1812	67.8015	67.9139	68.6485	68.0594	67.94590000000001	68.4454	68.11890000000001	67.98349999999999	68.4606	67.9962	67.9199	68.7119	68.0633	67.9942	68.7283	68.2787	68.23169999999999	68.8465	68.3387	68.1492	68.87910000000001	68.37480000000001	68.157	68.8026	68.4101	68.1115	68.9952	68.5063	68.28490000000001	68.8799	68.4509	68.3515	68.9329	68.5888	68.42859999999999	68.85210000000001	68.55059999999999	68.2059	68.9202	68.5805	68.2544	68.9791	68.4807	68.265	68.9005	68.55369999999999	68.2737	68.7589	68.4648	68.18180000000001	68.8794	68.4492	68.2533	68.88680000000001	68.4577	68.2248	68.7501	68.4	68.0732	68.6053	68.2432	67.9584	68.52890000000001	68.1167	67.8788	68.34949999999999	67.9362	67.64620000000001	68.1951	67.654	67.4041	67.9316	67.3863	67.0932	67.6108	66.991	66.8454	67.3251
FGC2639_s_2_1_TTCTACATAC-CTAACTGTAA_FGC2639_s_2_2_TTCTACATAC-CTAACTGTAA	84.1808	67.286	72.7757	70.2585	63.7968	62.1406	56.5056	64.2516	61.333499999999994	60.451100000000004	71.2171	68.6334	66.9856	65.7402	65.9299	67.53099999999999	67.0987	66.5663	67.92099999999999	67.56219999999999	66.8549	68.0096	67.4469	67.1708	68.65830000000001	67.8776	67.4153	68.53630000000001	67.95320000000001	67.41120000000001	68.5828	67.684	67.3784	68.6074	67.97569999999999	67.4953	68.5632	68.3303	67.58800000000001	68.9923	68.1884	67.5591	69.021	68.2174	67.5653	68.84519999999999	68.078	67.5298	68.9998	68.22409999999999	67.963	68.8935	68.4615	67.6907	68.6392	68.2427	67.78490000000001	68.7983	68.3724	67.6461	68.9752	68.4935	67.49579999999999	68.7838	68.16029999999999	67.6442	68.8543	68.38539999999999	67.7911	68.9172	68.3879	67.50070000000001	68.7384	68.152	67.48530000000001	68.7355	68.0037	67.4793	68.4096	68.1969	67.2809	68.24480000000001	67.68509999999999	66.8898	68.0494	67.4466	66.66539999999999	67.69579999999999	67.06299999999999	66.2602	67.33059999999999	66.58800000000001	66.0879	66.9148	66.271	65.384	66.243	65.4948	64.9602	65.88730000000001
FGC2639_s_2_1_TTGGAATTCC-ACGTCAATAC_FGC2639_s_2_2_TTGGAATTCC-ACGTCAATAC	84.292	65.4331	70.5282	67.2268	61.82	60.7907	55.32749999999999	63.4572	60.705799999999996	59.2712	70.4365	67.54639999999999	65.1743	64.3619	65.1254	66.32169999999999	65.7235	65.601	66.5681	65.9927	65.6671	66.7201	66.3005	66.1848	67.3609	66.6253	66.4187	67.3061	66.7997	66.628	67.3709	66.6803	66.44449999999999	67.38159999999999	66.7111	66.5137	67.42660000000001	67.1065	66.81660000000001	67.64139999999999	67.07889999999999	66.7755	67.8574	67.1282	66.5928	67.7149	66.9869	66.7064	67.91460000000001	67.16839999999999	66.94630000000001	67.79889999999999	67.2256	66.9458	67.7109	67.2426	66.8629	67.6968	67.2414	66.88889999999999	67.7859	67.4635	66.8744	67.928	67.2431	66.90939999999999	67.8524	67.37729999999999	66.9718	67.7821	67.2907	66.8281	67.8172	67.4298	67.0207	67.86489999999999	67.2984	66.8914	67.7601	67.408	66.9409	67.6275	67.156	66.66	67.5413	67.0589	66.5745	67.30760000000001	66.7617	66.3262	67.2503	66.4616	66.24839999999999	66.9285	66.32339999999999	65.8219	66.5522	65.8899	65.5051	66.1915
