Sample	1	2	3	4	5	6	7	8	9	10	11	12	13	14	15	16	17	18	19	20	21	22	23	24	25	26	27	28	29	30	31	32	33	34	35	36	37	38	39	40	41	42	43	44	45	46	47	48	49	50	51	52	53	54	55	56	57	58	59	60	61	62	63	64	65	66	67	68	69	70	71	72	73	74	75	76	77	78	79	80	81	82	83	84	85	86	87	88	89	90	91	92	93	94	95	96	97	98	99	100	101	102	103	104	105	106	107	108	109	110	111	112	113	114	115	116	117	118	119	120	121	122	123	124	125	126	127	128	129	130	131	132	133	134	135	136	137	138	139	140	141	142	143	144	145	146	147	148	149	150	151	152	153	154	155	156	157	158	159	160	161	162	163	164	165	166	167	168	169	170
FGC2634_s_1_1_AACATCGCGC-GTCCACTTGT_FGC2634_s_1_2_AACATCGCGC-GTCCACTTGT	0.0497155273277118	0.0007223623628812825	0.00023370547034394433	0.00004249190369889897	0.000021245951849449484	0.00004249190369889897	0	0	0	0	0	0	0	0	0	0.000021245951849449484	0	0	0.000021245951849449484	0.00004249190369889897	0	0	0	0.000021245951849449484	0.000021245951849449484	0.00004249190369889897	0	0.00004249190369889897	0.000021245951849449484	0.00006373785554834845	0.00006373785554834845	0.005545193432706316	0.005672669143803013	0.006055096277093103	0.004822831069825033	0.005948866517845856	0.005120274395717326	0.00577889890305026	0.006140080084490901	0.006161326036340351	0.006522507217780992	0.007499821002855668	0.007414837195457871	0.0082434293175864	0.008307167173134749	0.008732086210123738	0.010389270454380798	0.011069140913563182	0.013193736098508132	0.014787182487216843	0.01699676147955959	0.02181959254938462	0.023731728215835076	0.02613252077482287	0.027067342656198645	0.03012675972251937	0.03333489845178624	0.03871012426969696	0.04159957372122209	0.05001297065360409	0.059871092311748655	0.06934678683660313	0.07703782140610384	0.08970040870837573	0.0991761032332302	0.11164747696885703	0.11706519469046667	0.13255349358871532	0.14324020736898843	0.16036444455964471	0.1832038427978029	0.20551209223972486	0.23421537318833113	0.26200507820741104	0.3007789403326564	0.31973032938236534	0.34611780157938155	0.3701682190729584	0.400401208554725	0.43445846936939253	0.48674475687088775	0.5237976968963276	0.580205699056616	0.6365712093132055	0.6863079825927667	0.7539338473295645	0.7901581952328759	0.8076011217012738	0.8434430424712952	0.8856162568924523	0.9312950533687688	0.9896576830992064	1.043473679133862	1.1023249657568372	1.1465377915555415	1.1921528501763095	1.226528800268719	1.2501542987253067	1.2402749311153127	1.256124411195002	1.3202446938766403	1.351327521432385	1.3788197831255729	1.4175299073952696	1.4608291572644478	1.455645145013182	1.4682015025562067	1.4481665699621757	1.4176998750100653	1.4131744872661325	1.403550071078332	1.4148954093659378	1.4421114736850826	1.4464456478623704	1.4546890771799568	1.4498025082545833	1.4360776233598391	1.4250084824462759	1.3753142010704136	1.3541319870765125	1.3363066334748244	1.3318662295382895	1.3316537700197948	1.3273408417943566	1.3195223315137592	1.3229216838096711	1.311661329329463	1.2902879017689166	1.2514078098844241	1.215055986270016	1.1725853285229666	1.1538676449436016	1.1443707044668976	1.1507232440698831	1.1623235337796824	1.133938942108818	1.1321330362016147	1.1202140572140735	1.083182363140483	1.0387783237751338	1.0004293806868774	0.9755291251193225	0.9572151146250971	0.9667545470055	0.9668395308128976	0.9617829942727288	0.9627603080578034	0.9447012489857715	0.919014893199787	0.891033974614062	0.8552982836032879	0.8312478661097111	0.8079835488345639	0.8020346823167182	0.8126576582414428	0.8047754101052971	0.8093220438010793	0.7926227256474119	0.7784091838601302	0.7435445768751836	0.7263141099252801	0.7017537895873166	0.6861380149779711	0.6706709620315718	0.6660605904802414	0.6743465117015267	0.6658693769135964	0.6639359952952963	0.6667617068912732	0.6328106758358529
FGC2634_s_1_1_AACCATAGAA-GGCGAGATGG_FGC2634_s_1_2_AACCATAGAA-GGCGAGATGG	0.05939363129138364	0.0007298369946822567	0.00007550037876023346	0.00002516679292007782	0	0	0	0	0	0	0	0	0	0	0	0.00002516679292007782	0	0	0.00002516679292007782	0	0	0	0	0	0.00005033358584015564	0.00002516679292007782	0	0.00005033358584015564	0	0	0.00005033358584015564	0.005159192548615953	0.005561861235337197	0.004932691412335251	0.005234692927376186	0.004555189518534084	0.005486360856576964	0.004731357068974629	0.005209526134456108	0.004530022725614007	0.005209526134456108	0.005159192548615953	0.0053353600990564964	0.0047061902760545515	0.00518435934153603	0.005259859720296263	0.005385693684896653	0.006140697472498987	0.006593699745060388	0.0073990371185028775	0.00817920769902529	0.010570053026432682	0.010343551890151981	0.012935731560919997	0.012004560222877119	0.013111899111360542	0.01487357461576599	0.015754412367968713	0.02025926830066264	0.021819609461707464	0.02695363521740334	0.031257156806736644	0.03488117498722785	0.040367535843804814	0.04532539404906014	0.04474655781189835	0.052497930031282315	0.05805979126661952	0.06435148949663898	0.07567654631067398	0.08768110653355111	0.09515564403081422	0.10819204276341451	0.1246762921260655	0.13834186068166776	0.14717540499661505	0.16927184918044338	0.18666210308821715	0.20098200825974144	0.22617396797273934	0.25642445306267286	0.27791689421641935	0.3079912117559123	0.3434008893944618	0.37337453976227447	0.411703565379553	0.44557806864997773	0.4772882277292757	0.5098037241820164	0.5497182577532597	0.588273784506819	0.6350588525452436	0.6866759448243231	0.7376387004874808	0.7946666532443771	0.8464095794880571	0.8974226687370548	0.9341913531932885	0.956665299270918	1.0028211974863408	1.0968695026286714	1.117128770929334	1.1664053514668464	1.2216212951334973	1.2665691872887563	1.2985561810901751	1.3404085577162645	1.3642415106115782	1.3549549640240695	1.370004706190276	1.4088622344588762	1.4239119766250827	1.4653365177715307	1.497021510057909	1.5063835570241777	1.5127255888400373	1.5232453082806299	1.507415395533901	1.5143110967940023	1.5118950846736747	1.5058298875799359	1.5154436024754057	1.4991355206631953	1.5042443796259712	1.495461168896864	1.4996388565215968	1.4853441181429927	1.4865772909960766	1.473792560192677	1.4193567871065487	1.41007024051904	1.3964550055492777	1.3698033718469154	1.371640547730081	1.370961044321239	1.3410628943321865	1.3546781293019485	1.3255601498934186	1.2903266398053097	1.2736913896851383	1.2430885694943237	1.2184754460184875	1.186010283151587	1.177579407523361	1.1609693241961099	1.1661033499518056	1.1544259580368894	1.1436545706670962	1.1125232478249598	1.091861310837576	1.05116660668581	1.0395143815638141	1.016889434728664	1.0047842073341067	1.007401553797795	0.992553145974949	0.9782835743892649	0.9547022894231519	0.9339900188499278	0.9180594389315186	0.8947298218946066	0.8843862700044546	0.8507886014561505	0.8421312246916439	0.8299756637112463	0.8209407850529383	0.8125099094247122	0.7948176540018975	0.7911936358214064	0.7760180596905994
FGC2634_s_1_1_ACAGTGTATG-GAACATACGG_FGC2634_s_1_2_ACAGTGTATG-GAACATACGG	0.053015727471038894	0.0005149080740556635	0.00007921662677779439	0.000039608313388897194	0	0	0	0.000019804156694448597	0.000019804156694448597	0	0	0	0	0	0	0	0.000019804156694448597	0	0	0.000019804156694448597	0.000039608313388897194	0.000019804156694448597	0.000019804156694448597	0.000019804156694448597	0.000019804156694448597	0.0000594124700833458	0.000019804156694448597	0	0.000039608313388897194	0.000019804156694448597	0.000019804156694448597	0.009248541176307495	0.008476179065223998	0.008694024788862935	0.008258333341585065	0.008436570751835104	0.0076246003273627095	0.005921442851640131	0.00707008393991815	0.0067730215895014205	0.00621850520205686	0.007307733820251533	0.00817911671480727	0.007406754603723776	0.007505775387196018	0.007169104723390393	0.007505775387196018	0.008139508401418374	0.008595004005390691	0.009070303766057457	0.01075365708508559	0.01213994805369699	0.011783473233196916	0.013645063962475085	0.013605455649086187	0.015506654691753252	0.01711079138400359	0.01932885693378183	0.021784572363893456	0.02657717828395002	0.03033996805589525	0.033904716260895994	0.03996478820939727	0.04398503201837034	0.05030255800389944	0.05469908079006703	0.06046209038815157	0.06701726625401405	0.07622619911693265	0.08430629504826768	0.09807018395090944	0.11272525990480141	0.13088567159361078	0.1432434653709467	0.16245349736456186	0.17223675077161946	0.20117062370220884	0.21669708255065656	0.2363031976781607	0.26466275006461104	0.29377486040545053	0.3233226621935678	0.3604950643090478	0.39984592366091715	0.4346220228163689	0.4784090132677948	0.5067091531841619	0.5354449845478068	0.5779645089707879	0.6188006800747409	0.663043166130139	0.7194652085526231	0.782937530758331	0.8261502006656177	0.884176379780352	0.9310330145194174	0.9562833143048394	1.0066848930922112	1.020409173681464	1.0528879906603597	1.161454377659327	1.1932598533106114	1.2379380308132875	1.2900229629196873	1.3302650093228068	1.3577531788147015	1.390766708024347	1.3839738822781513	1.3766067359878165	1.4126106928583242	1.4125116720748518	1.421522563370826	1.4654679870758074	1.4942632309095356	1.495966388385258	1.5196521597918187	1.5145030790512621	1.4970754211601474	1.478736772061088	1.4556451253553608	1.4519615522101934	1.4641807168906682	1.4484760206319705	1.4445151892930808	1.470438830406114	1.4504168279880265	1.4406335745809689	1.4449508807403586	1.3926679070670143	1.370982355486593	1.3378896096501696	1.3105202650984416	1.3119857726938307	1.3127779389616088	1.310322223531497	1.304143326642829	1.2937065360648548	1.2675056367580992	1.2383935264172596	1.2102518197544483	1.1664648293030224	1.1399272593324614	1.1496511002694356	1.1294904687544869	1.1195091737804848	1.1259851330195696	1.1241433464469857	1.1005763999805918	1.0818020594342548	1.0463526189511918	1.0161908883055464	0.9955747611866255	0.968403458201842	0.9600064957633958	0.9593925669058678	0.9586598131081733	0.9518867915186718	0.939667626838197	0.9108129705343854	0.8897215436547976	0.8779380704216009	0.839537810591065	0.8268631503066179	0.8141686858654762	0.8093958841021142	0.8008008800967236	0.7963053365270837	0.7786202245989411	0.7783231622485244	0.7611529583944374
FGC2634_s_1_1_ACATATCCAG-TATGTGCAAT_FGC2634_s_1_2_ACATATCCAG-TATGTGCAAT	0.06682496601194861	0.0013577510762145034	0.0001770979664627613	0.00007871020731678281	0	0.00005903265548758711	0	0	0	0	0.000019677551829195703	0.000019677551829195703	0	0	0	0	0	0.000039355103658391405	0	0	0	0.000039355103658391405	0.000019677551829195703	0	0	0	0.00005903265548758711	0.000019677551829195703	0.000019677551829195703	0.00005903265548758711	0.000019677551829195703	0.007497147246923562	0.008677800356675303	0.0073987594877775835	0.008028441146311847	0.006375526792659408	0.007792310524361498	0.0065132696554637765	0.0073987594877775835	0.007536502350581953	0.008579412597529326	0.009189416704234394	0.009504257533501525	0.008677800356675303	0.010783298402399244	0.009681355499964284	0.011137494335324767	0.01263298827434364	0.014522033249946428	0.01717850274688785	0.020720462076143073	0.022530796844429078	0.02581694799990476	0.025994045966367525	0.02943761753647677	0.0324876380700021	0.036088630054744913	0.040279948594363596	0.047718063185799575	0.054998757362601985	0.06385365568574006	0.07288565197534087	0.077824717484469	0.08713219949967857	0.09697097541427642	0.10063100005450681	0.11133558824958929	0.12024951922821492	0.1318592748074404	0.1423670874842309	0.15988010861221508	0.177668615465808	0.19657874277366505	0.2147214455601835	0.22552442151441196	0.23786224651131763	0.2581891575508768	0.2717666683130218	0.28402578310261073	0.3112791923860468	0.32491573580367944	0.35175591649870236	0.3814886973126171	0.41336633127591405	0.43322098107157253	0.46442957827267695	0.4818638891933444	0.49792077148596803	0.5232457806901428	0.5408375120254438	0.5693109295222901	0.6017592124886337	0.6373559037476488	0.6677970764274145	0.7010914941224137	0.7308439524881576	0.7490456879301636	0.7796246034727337	0.7859214200580764	0.803493473841548	0.8689606887772822	0.8879888813961144	0.9060135188716577	0.949068002273938	0.9871243875116023	1.012016490575535	1.0281914381791337	1.0419460469077415	1.0489709329107646	1.0815569587399125	1.095390277675837	1.1091842415081032	1.1473586920567431	1.1816763424468604	1.1982841961907016	1.2315392587820422	1.2383870468186022	1.243975471538094	1.2589500884801117	1.2542668311447631	1.2666833663489858	1.289745457092803	1.2986790656232579	1.2983445472421615	1.3349251160926363	1.3510016759370893	1.3739457013699314	1.372784725812009	1.3527136229462293	1.3300647607908251	1.3518084555620864	1.346239708394424	1.3513165167663563	1.3496242473090456	1.3767399137296772	1.3669404929187379	1.382151240482706	1.3673733990589803	1.3454132512175978	1.349368439135266	1.32040308284269	1.3066091190104239	1.3043462005500663	1.2929725755927912	1.306018792455548	1.30743557618725	1.3171562867908726	1.3040707148244575	1.2955503348824158	1.2725866318977443	1.2396267325838417	1.235828965080807	1.2201853113765961	1.2117042865382128	1.2236485604985348	1.2180994908827016	1.1931680327151104	1.2043842372577522	1.182050215931615	1.1507038758677064	1.1482245043372277	1.125339511559873	1.1076690700172551	1.0906676652368303	1.0893295917124448	1.0859253752459939	1.0831508404380774	1.054047741282697	1.055562912773545	1.0609348844229154
FGC2634_s_1_1_ACCACGACAT-TCGTATGCGG_FGC2634_s_1_2_ACCACGACAT-TCGTATGCGG	0.05569565536102801	0.0005793758811866324	0.00013854640637071643	0.00001259512785188331	0	0	0.00003778538355564994	0	0	0	0	0.00001259512785188331	0.00001259512785188331	0	0.00001259512785188331	0.00003778538355564994	0	0	0	0.00001259512785188331	0	0.00001259512785188331	0	0.00002519025570376662	0.00002519025570376662	0.00001259512785188331	0.00005038051140753324	0.00002519025570376662	0.00005038051140753324	0.00003778538355564994	0.00005038051140753324	0.005012860885049558	0.006159017519570939	0.00540330984845794	0.005415904976309824	0.004534246026677993	0.00540330984845794	0.004483865515270459	0.004786148583715659	0.004735768072308125	0.0050632413964570916	0.005315143953494758	0.005428500104161707	0.005302548825642874	0.004861719350826958	0.004886909606530725	0.005151407291420274	0.005541856254828657	0.006159017519570939	0.006700608017201922	0.007317769281944204	0.00817423797587227	0.010176863304321717	0.010328004838544316	0.011663088390843948	0.012595127851883312	0.015240104700778807	0.014963011888037375	0.019333521252640883	0.02126057581397903	0.024963543402432724	0.029724501730444615	0.03491369440542054	0.03935977453713535	0.04492682104766777	0.05007822833908805	0.056615099694215486	0.06465079126371705	0.07345478563218347	0.08167940411946328	0.09659203549609312	0.11006882229760825	0.12713522053691015	0.14435276031043465	0.16623049738915596	0.18213814386608457	0.20649712113162688	0.22953360997272146	0.24853965790121338	0.28145072697818446	0.3117671997176676	0.3427764044890043	0.3760149468901244	0.4239394083665404	0.46745557509479724	0.5183147013607021	0.5604579991531036	0.5909885890660688	0.6364695957392195	0.6796205037597716	0.7142445102245989	0.7779632620272765	0.8268953337318432	0.8796689194312343	0.9365611119381911	0.9869794087292801	1.0286189014076064	1.0672103731457767	1.1002977740126743	1.1183214019687193	1.2037037736766363	1.229624546795812	1.2579509893346976	1.3047922698158516	1.3452730107318047	1.3581326362685775	1.3948348388289655	1.407858201027813	1.3930337355461462	1.4100119678904848	1.4170274541039838	1.4173801176838368	1.4533140174452597	1.4570295801615654	1.459095181129274	1.463868734585138	1.4776855898386538	1.454271247162003	1.4659847160642543	1.4525960951577024	1.4273302686868243	1.432229773421207	1.4288416840290503	1.4201258555555472	1.4105787486438197	1.411170719652858	1.3886506310536906	1.401573232229723	1.3810809592147089	1.3378796706827492	1.3271360266250927	1.3023991955239937	1.283040484015649	1.2791233992537134	1.2776371741671912	1.246250115560298	1.2577116819055119	1.2481519798659324	1.223377363381278	1.2038423200830068	1.1717121489328526	1.1348965902217976	1.1233342628537688	1.1166714402201225	1.105701083861132	1.1067590746006903	1.0958642890088113	1.0701702281909693	1.0636711422193976	1.048179134961581	1.0157340856151296	0.991740367057292	0.9775078725846638	0.9564740090720187	0.9625448606966264	0.9458941016764368	0.928374278834467	0.9189657183291101	0.9036248526055163	0.88746530357155	0.8732831896103294	0.8533954827322057	0.8211771456870881	0.8053324748494189	0.8086198032187605	0.787296251765522	0.7875355591947079	0.7785804232920188	0.7606071758473814	0.7615770006919763
FGC2634_s_1_1_ACCGGCCGTA-TGGCAATATT_FGC2634_s_1_2_ACCGGCCGTA-TGGCAATATT	0.05170833417716168	0.0007814584347761771	0.0001100645682783348	0.00002201291365566696	0.00001100645682783348	0.00003301937048350044	0	0.00001100645682783348	0	0	0	0.00001100645682783348	0	0	0	0.00001100645682783348	0	0	0	0.00001100645682783348	0.00002201291365566696	0	0.00001100645682783348	0.00001100645682783348	0.00001100645682783348	0.00001100645682783348	0	0.00002201291365566696	0	0.00001100645682783348	0	0.006460790157938254	0.0063947514169712515	0.005866441489235244	0.006284686848692917	0.006240661021381584	0.00673595157863409	0.0053491380183270714	0.005811409205096077	0.005822415661923912	0.005954493143857913	0.005998518971169247	0.006449783701110419	0.0060645577121362475	0.005976506057513579	0.006141602909931082	0.006934067801535093	0.006868029060568092	0.008045719941146275	0.008981268771512119	0.009190391451240955	0.010731295407137643	0.011402689273635486	0.013196741736572343	0.014792677976608196	0.015508097670417375	0.01694994351486356	0.018292731247859243	0.02194687491469996	0.02567806377933551	0.028462697356777384	0.03201778291216759	0.037719127548985334	0.04306826556731241	0.049672139664012495	0.05508731642330656	0.057882956457576275	0.06601672805334521	0.07335803475751014	0.08410033662147562	0.09505176116516993	0.10920606464576378	0.12295312922372781	0.14089365385309638	0.15639074506668593	0.17307653361768147	0.18960823177308736	0.20233169586606287	0.22231942146540848	0.24492668378977844	0.27162834805410246	0.2999149421016345	0.3331434352648638	0.3689804586962896	0.4072939349139779	0.4499769744923162	0.48231394465249094	0.5111728744550703	0.5367408736661275	0.5738766590032376	0.6158772982582502	0.6619723394532169	0.7251053758176698	0.7681956542986378	0.831901026418138	0.8831580958653584	0.9339308812121543	0.9652002250600292	0.9790133283789603	1.0114273437369299	1.0975638748715548	1.1241995003949117	1.1821154762229713	1.23627825027274	1.2873372034970596	1.3271695707569888	1.37192182421896	1.3775571301148104	1.3744753222030173	1.39833732060576	1.389025858129413	1.4108296491053511	1.4508161067608702	1.4870273497244424	1.5148186532147219	1.5297984409574032	1.53199973232297	1.5177573771877535	1.5138060591865612	1.5093594506281165	1.4946768372197865	1.486245891289666	1.476615241565312	1.483813464330715	1.4919802552969674	1.5028436281860391	1.4885792601371668	1.4893827314855987	1.4615804215384913	1.4134711987440312	1.381552473943314	1.3522532858676213	1.3402562479252829	1.3433710752075598	1.3363599622082298	1.317770056626019	1.3277088871415528	1.3123108540394137	1.2867318483715287	1.2436415698905607	1.2155971178932408	1.1821925214207663	1.1606859047791798	1.1509561969433748	1.1436479096096934	1.1472250080787394	1.1370440355129934	1.1260705980556434	1.10012837931244	1.0778182913224215	1.032834902267066	1.0096442977308209	0.9846816536452944	0.9735981516196661	0.9775054437935471	0.9671153485480721	0.9503745277129376	0.9437816600730653	0.9222530305178229	0.9019681305841258	0.8829489731856296	0.862366898917581	0.8225125187439959	0.8161948125248196	0.8077638665946992	0.79739578426288	0.7914522975758499	0.7802036986978041	0.7747334896543708	0.768118609100843
FGC2634_s_1_1_ACCGTTACAA-CTCATAGCGA_FGC2634_s_1_2_ACCGTTACAA-CTCATAGCGA	0.051330480776330775	0.00045081282329303225	0.000124362158149802	0.0000310905395374505	0.00001554526976872525	0.00004663580930617575	0	0.00001554526976872525	0.00001554526976872525	0	0.00001554526976872525	0	0	0.00001554526976872525	0	0	0	0	0.00001554526976872525	0	0	0.00004663580930617575	0	0	0.00001554526976872525	0	0.00001554526976872525	0.0000310905395374505	0.00001554526976872525	0.00001554526976872525	0.00001554526976872525	0.005487480228360013	0.005580751846972365	0.005052212674835706	0.005161029563216783	0.004803488358536102	0.005145484293448058	0.004508128232930323	0.0050211221352982555	0.004850124167842278	0.005145484293448058	0.005534116037666188	0.004819033628304828	0.004803488358536102	0.0052543011818291345	0.005798385623734518	0.005456389688822563	0.0058605667028094185	0.006389105874946077	0.0064046511447148026	0.007865906502974975	0.008565443642567613	0.009311616591466424	0.00998006319152161	0.010881688838107674	0.011643407056775211	0.01371092793601567	0.01433273872676468	0.016571257573461114	0.01975803787604979	0.023908624904299434	0.026364777527758024	0.03076408887230727	0.03334460365391566	0.04037106558937947	0.042998216180294035	0.04658917349686957	0.05339800165557123	0.0605799162887223	0.06759083295441738	0.07492820028525571	0.09030247208652498	0.10634519048784943	0.11658952326543937	0.13435776661109233	0.14296984606296612	0.16448449942288185	0.17828869897750987	0.19314997687641122	0.21884630780411407	0.24536653802955935	0.27382992697609526	0.30300839833199256	0.3412653072328254	0.37313311025871215	0.4190538371555265	0.44925829631615966	0.4735089171553711	0.5067913397302118	0.547240131668435	0.5910000660673965	0.6437451663926813	0.7011693929183523	0.7479295643826779	0.8080120320388009	0.8517564211679939	0.897801510222958	0.9191607108851866	0.9542774752927369	0.9744241449130048	1.0518240430914878	1.1035587008818055	1.1518267635136974	1.2099816177184985	1.2586538573643773	1.2965532250605294	1.320959298597428	1.3261514187001822	1.3255140626396644	1.3403442499990286	1.3602421953029968	1.3762071873554775	1.4175109691309806	1.4600583724879816	1.464784134497674	1.4909001877091326	1.5096166925106778	1.477406893549879	1.4761632719683808	1.4645975912604494	1.4523323734129252	1.4485393275893563	1.4615507183857792	1.4639602351999317	1.4815419353083599	1.4949575031187698	1.4842623575178868	1.4774379840894163	1.4486947802870433	1.402945051357685	1.3696004477037693	1.3577549521400007	1.343033581669018	1.3526250131163213	1.3695693571642318	1.3494537780835014	1.3604131932704526	1.3386031797849312	1.296972947344285	1.277059456770548	1.2338280615437232	1.2031416990202592	1.187487612363153	1.1880316968050584	1.1907521190145853	1.1915915635820964	1.1975298566337496	1.1815648645812689	1.1625529996541177	1.1275295068651796	1.0723282539164365	1.0630788184040447	1.0393722820067388	1.0246353662659873	1.0310866532200083	1.0200339664144447	1.0344288862202842	1.0210133184098742	0.987140175583822	0.9624698324608552	0.9453078546361824	0.9168755562291839	0.8885987105198726	0.8743903339512579	0.8758049535002118	0.8788673716446507	0.8728202617046165	0.8673794172855628	0.8596067824012001	0.842755709971902
FGC2634_s_1_1_ACGCCTTGTT-TAAGGAACGT_FGC2634_s_1_2_ACGCCTTGTT-TAAGGAACGT	0.052726808529532564	0.0005834815518787679	0.00009961880154027745	0.000028462514725793556	0.000014231257362896778	0.000028462514725793556	0	0	0	0	0	0	0	0	0	0.000014231257362896778	0	0	0	0	0	0	0.00004269377208869034	0	0.000014231257362896778	0.000028462514725793556	0.000028462514725793556	0.00004269377208869034	0.000014231257362896778	0.000014231257362896778	0.00004269377208869034	0.007884116579044816	0.008126047954214061	0.006731384732650177	0.006902159821004937	0.006574840901658312	0.006432528328029343	0.005977128092416647	0.0073148662845289435	0.006489453357480931	0.007229478740351564	0.00671715347528728	0.007172553710899977	0.006589072159021208	0.007229478740351564	0.006332909526489066	0.007386022571343427	0.007969504123222195	0.00821143549839144	0.00980533632303588	0.010132655242382507	0.010929605654704726	0.011342312118228733	0.012395425163083094	0.013363150663760074	0.014587038796969197	0.016977890033935857	0.018358321998136844	0.02022261671267632	0.024719694039351706	0.027082082761592567	0.03072528464649414	0.03646048136374155	0.040345614623812365	0.045141548355108585	0.04998017585849348	0.054690722045612324	0.059372805718005364	0.06822464779772716	0.07636492700930411	0.08466175005187293	0.09776873808310088	0.10935298157649885	0.12366962648357299	0.14110291675312156	0.15344141688675306	0.17172858259807544	0.18840761622739044	0.20557051260704398	0.22784243037997742	0.2536294687215464	0.27527521117051235	0.30843404082606185	0.33995627588487826	0.3763598322191682	0.41572349008494064	0.45333670329507686	0.4855847324794009	0.5151857477942262	0.5490561403179206	0.5828838390695262	0.629661982021368	0.6810937461308769	0.7267049259789611	0.7721737932534163	0.8369402455119594	0.876303903377732	0.9301122874668447	0.9563831885587522	0.9716390964517775	1.0678850899970485	1.0970307050762609	1.1297341344961978	1.1716594186872917	1.225823584210477	1.2549122742602379	1.3092045210996892	1.3240619537865534	1.3362154475744672	1.3621305672323023	1.3655887627714862	1.3780411129640209	1.4107445423839575	1.430426371316844	1.449140474749053	1.4734616935822438	1.4836797363688037	1.4816019727938206	1.487337169511068	1.4864548315545685	1.4735613123837839	1.4704588982786724	1.4688080724245764	1.4679684282401655	1.4638698261196512	1.4689503849982055	1.4619201438609346	1.4686088348214958	1.4587181109542828	1.4201514035008325	1.4038708450776785	1.382296258915527	1.3695450523183714	1.3619455608865845	1.3707262466794918	1.3341946090289358	1.337638573310757	1.335119640757524	1.3065290447154645	1.2880284101436987	1.2562500124523501	1.2260228218135574	1.2132858464737648	1.2094718695005087	1.1811658986057068	1.1907435348109363	1.1856060509029307	1.1579262553320964	1.1483913128989556	1.1273005894871424	1.0837244794419525	1.079398177203632	1.0492279115942909	1.0335308347230157	1.0338012286129108	1.0234551045100846	1.0065199082482374	1.004114825753908	0.9825260083343935	0.9548035189914708	0.9467059335519824	0.9177310935611246	0.8960995823695214	0.8901793793065564	0.8765316034955383	0.8543735357815082	0.8577036500044259	0.8489087329541557	0.8295115291685273	0.8247440579519569
FGC2634_s_1_1_ACGGTCAGGA-CGGCCTCGTT_FGC2634_s_1_2_ACGGTCAGGA-CGGCCTCGTT	0.06831111793533384	0.000711194233710096	0.00007294299832924063	0.000018235749582310157	0	0	0.00003647149916462031	0	0.000018235749582310157	0	0	0	0	0	0	0	0	0	0	0	0.000018235749582310157	0.000018235749582310157	0	0	0	0.000018235749582310157	0.00003647149916462031	0	0.000018235749582310157	0	0.000018235749582310157	0.005160717131793774	0.005999561612580041	0.005069538383882223	0.005178952881376084	0.0054160176259461165	0.004905416637641432	0.004613644644324469	0.005197188630958395	0.004796002140147571	0.005106009883046844	0.005306603128452256	0.005653082370516148	0.0050513026342999135	0.005726025368845389	0.005470724874693047	0.005634846620933838	0.005580139372186908	0.0068748775925309286	0.006783698844619378	0.007713722073317196	0.008570802303685773	0.008643745302015013	0.009628475779459762	0.010759092253562993	0.01174382273100774	0.014114470176708058	0.014825664410418157	0.0177798558427524	0.019184008560590285	0.021755249251696016	0.025548285164816525	0.0281924688542515	0.030873124042851096	0.03406438021975537	0.0387874393615737	0.04361991300088589	0.04626409669032087	0.053138974282851796	0.06028738811911737	0.06827464643616922	0.07983611167135386	0.08857103572128043	0.09814480425199326	0.11373637014486845	0.12216128645189572	0.13540044064865292	0.14462772993730186	0.1604745963243294	0.18246691032059542	0.20159621163243877	0.22404441936826258	0.25593874538772304	0.28274529727371894	0.30750944520649615	0.3355560280640892	0.36692151734566264	0.3845919586909212	0.41674158520453397	0.43827800546124235	0.48288264893957294	0.5274690566683213	0.5811186319394778	0.6209090375280785	0.6716044213669007	0.714130189392848	0.7478845618697041	0.7814930483499019	0.81384326810892	0.8380785793038102	0.9329227128814053	0.9816851072645026	1.0339122940682388	1.0967891586280443	1.146627462236498	1.1782482520122237	1.2133703057077532	1.2341955317307514	1.2453193389759607	1.2614397416067227	1.2944829198498689	1.3289484865604348	1.4014538268997	1.4301021894935093	1.4755821489517909	1.4906813496059437	1.4968085614656	1.494638507265305	1.5081329619562145	1.4918666733287937	1.4855935754724792	1.5004921828812265	1.5184361604702197	1.5345383273513997	1.5601230840153808	1.5779576471068801	1.5637337624326781	1.5547070663894347	1.5153725545403915	1.473193265756508	1.4628535957433384	1.4343328833966054	1.4328740234300206	1.453243355713461	1.4655160151823556	1.454191614691741	1.4523862754830923	1.4277133062982268	1.396147223771248	1.3519802382828925	1.3110592162201886	1.2928599381370431	1.2740224088185168	1.284033835339205	1.2899239824542912	1.2904892906913428	1.284799736821662	1.2577925916902606	1.2246947061983677	1.1919980071972858	1.1449497732749254	1.1320388625706497	1.0959867856464227	1.0928502367182653	1.0992692205712384	1.098302725843376	1.0879812915797884	1.077422792571631	1.0402218634237181	1.012631174305683	0.9801715400491708	0.9566109515888263	0.9280355319933462	0.9156534580269574	0.9339986221067615	0.9122980801038124	0.9138845903174734	0.9015389878502496	0.8849991629790941	0.8715411797873492
FGC2634_s_1_1_ACTCGGCAAT-GACAACTGAA_FGC2634_s_1_2_ACTCGGCAAT-GACAACTGAA	0.052690570935183895	0.000670363497903103	0.00002979393324013791	0.000014896966620068955	0.000014896966620068955	0	0	0.00004469089986020687	0.00002979393324013791	0	0	0.000014896966620068955	0	0.000014896966620068955	0	0.00002979393324013791	0.000014896966620068955	0	0.000014896966620068955	0	0.000014896966620068955	0	0	0.00004469089986020687	0.00002979393324013791	0	0.000014896966620068955	0.00004469089986020687	0.000014896966620068955	0.000014896966620068955	0.000014896966620068955	0.007329307577073925	0.007731525675815788	0.007061162177912685	0.007567659042995029	0.006375901713389513	0.007165440944253168	0.00685260464523172	0.0064503865464898575	0.007254822743973581	0.006867501611851789	0.007239925777353513	0.007537865109754892	0.006748325878891237	0.007791113542296064	0.00670363497903103	0.007865598375396408	0.0075974529762351676	0.00798477410835696	0.009876688869105716	0.009966070668826132	0.011381282497732683	0.012781597360019162	0.01297525792608006	0.014882069653448887	0.01590996035023364	0.017935947810563024	0.019842759537931846	0.022598698362644606	0.025771752252719292	0.028631969843772528	0.0327733265641517	0.03847886477963811	0.041607227769852595	0.049040814113267	0.05331624353322678	0.058753636349551955	0.0652636107625221	0.07196724574155312	0.07947531691806788	0.09243567787752786	0.10615578413461138	0.11773072719840495	0.1329703240507355	0.1472714120060017	0.16476045081796264	0.17792936931010359	0.19363077212765628	0.21109001700637708	0.2345080485331255	0.2597286130209022	0.28399577164499457	0.31632218921054417	0.351270472901226	0.39435250036646535	0.4217778159140123	0.45245067018473434	0.4804271734972238	0.5117554942992288	0.5456460933598857	0.5857487275011114	0.6370836744738689	0.6912937360042999	0.7421668770118354	0.8044510944503437	0.8577822349501906	0.8887530285533138	0.9177872164958283	0.9537484939166747	0.979728803702075	1.0789872922915944	1.118017344836175	1.1585073001095225	1.230176606518674	1.2771020513718914	1.3174132430457979	1.3473263520188965	1.366275293559624	1.3591843374484713	1.3715935106429888	1.3956521117344003	1.4098638178899459	1.4549718328155148	1.4808776577678147	1.5235425701676921	1.5492994254537915	1.5441897659031079	1.545307038399613	1.5275945450883508	1.512891239034343	1.4812798758665564	1.4796710034715892	1.4961619455200053	1.4977261270151128	1.529143829616838	1.523900097366574	1.517688062286005	1.512086802836859	1.4798199731377897	1.4314346255558057	1.3980803172934715	1.3656943118614415	1.3679139598878318	1.3614039854748616	1.3746175948668629	1.3618657914400838	1.3584096951842277	1.3378220873152924	1.3004009071656795	1.276595554506809	1.2248881833685497	1.1926511476027206	1.1749833451913188	1.1721678185001256	1.1622315417645397	1.1537104768578603	1.1611440632012746	1.1319906995257998	1.1150677454454014	1.094673798142527	1.0468545352921057	1.014721778292617	0.9990203754750644	0.9711779448621554	0.9781050343404876	0.9721015567925997	0.9673792183740377	0.9503817794605391	0.9319393347848938	0.8996129172193442	0.876031019059775	0.8497974608418335	0.8282266531759737	0.8178434674417857	0.8126444260913814	0.8041680520845622	0.8078178089064793	0.7911778971918622	0.7810479598902154	0.7640654179433367
FGC2634_s_1_1_ACTCTATTGT-ATCGCATATG_FGC2634_s_1_2_ACTCTATTGT-ATCGCATATG	0.04285524096172351	0.0005224193746808608	0.00006740895157172397	0.000033704475785861983	0.000016852237892930992	0.00005055671367879297	0.000016852237892930992	0	0.000033704475785861983	0.000016852237892930992	0	0.000016852237892930992	0	0	0.000016852237892930992	0.000033704475785861983	0	0	0	0	0.000033704475785861983	0.000016852237892930992	0.000016852237892930992	0	0	0.000016852237892930992	0.000016852237892930992	0.00005055671367879297	0.000016852237892930992	0.000033704475785861983	0	0.007768881668641188	0.007752029430748256	0.007532950338140153	0.007246462293960326	0.007010530963459293	0.007347575721317912	0.006538668302457224	0.007853142858105842	0.006774599632958258	0.007145348866602741	0.007701472717069464	0.008527232373823083	0.00748239362446136	0.00798796076124929	0.007347575721317912	0.008763163704324116	0.008897981607467563	0.009201321889540322	0.01036412630415256	0.011863975476623418	0.01243695156498307	0.013801982834310483	0.015402945434138927	0.01565572900253289	0.01683538565503806	0.018773393012725126	0.021132706317735464	0.023104418151208388	0.027789340285443203	0.030114949114667684	0.033350578790110434	0.03941738443156559	0.04192836787761231	0.04890519436528574	0.052444164322801246	0.05879745800843623	0.06484741141199846	0.07162201104495672	0.07687990926755119	0.08645198039073598	0.09824854691578767	0.1101630791060899	0.12661086328959054	0.14304179523519828	0.15711341387579564	0.17174115636685974	0.18810467936089573	0.19993495036173328	0.2195846597448908	0.24413837035489128	0.2685572630617483	0.29675105705662186	0.3275232434491138	0.36161532070651325	0.3995497082035009	0.43547867939122975	0.46183557945577386	0.4812999142221091	0.5144314139196114	0.5539162073027488	0.5951704856646438	0.6487774544020574	0.6941436788098275	0.7495706892396776	0.8047617683390266	0.8476338615386431	0.8910957830645121	0.9136609296031467	0.9490000724646228	1.0321490142283445	1.0671511123319621	1.086480629195154	1.1445197364984083	1.2071426525085398	1.2422290118016222	1.2851853661907033	1.3224962208856526	1.3338040725118092	1.36491330366216	1.3678624452934227	1.3854393294157499	1.4138016457895526	1.4446580933715092	1.4628585102958747	1.4897378297350998	1.5192798027614076	1.514106165728278	1.5226839548157798	1.5308067334801725	1.5033038812389092	1.4918106549959302	1.4900748744929584	1.4901759879203158	1.4932430952168294	1.5165834446985387	1.4992930486203915	1.5063709885354226	1.501888293255903	1.4596228806204319	1.447860018571166	1.4282608659016875	1.3876469725797238	1.3878154949586532	1.3822205519781998	1.3676939229144935	1.3781760148838964	1.3608687665678565	1.3354724440632093	1.314558816838082	1.2815789872816161	1.2506719829859807	1.231275057171217	1.2138835476657122	1.1962224023539205	1.1928688070132274	1.185369561150873	1.165601886102465	1.155793883648779	1.1352004489436174	1.093575421348078	1.0655501497321336	1.0497764550643502	1.0282392950371846	1.0158866046616661	1.0089940393634573	0.9882489345172591	0.9837830914756325	0.9741941681145548	0.9436916175283496	0.9371192447501067	0.905015731564073	0.8781195598869551	0.8619919682234202	0.8537343716558841	0.8328207444307567	0.8250181582863296	0.8190861705480178	0.8156146095420742	0.802688943078196
FGC2634_s_1_1_ACTGGATCTA-TCGCCGCTAG_FGC2634_s_1_2_ACTGGATCTA-TCGCCGCTAG	0.08362983350965678	0.001509737728040664	0.00028909871388012716	0.00009636623796004237	0.000016061039660007064	0.00003212207932001413	0.00003212207932001413	0.00003212207932001413	0.000016061039660007064	0.000016061039660007064	0	0.000016061039660007064	0	0	0.000016061039660007064	0.000016061039660007064	0	0	0.000016061039660007064	0.00003212207932001413	0.000016061039660007064	0.00003212207932001413	0.000016061039660007064	0.00003212207932001413	0.00003212207932001413	0.000016061039660007064	0.000016061039660007064	0	0.000016061039660007064	0.00003212207932001413	0.000048183118980021184	0.008030519830003531	0.008464167900823723	0.006424415864002825	0.006681392498562939	0.005846218436242571	0.00645653794332284	0.006424415864002825	0.006633209379582918	0.006006828832842642	0.006954430172783058	0.0072114068073431715	0.00793415359204349	0.006761697696862973	0.007789604235103426	0.008110825028303566	0.00788597047306347	0.009379647161444125	0.010279065382404522	0.012158207022625347	0.012575794053785531	0.014583424011286416	0.014695851288906464	0.01582012406510696	0.01679984748436739	0.01875929432288825	0.021200572351209323	0.023882765974430502	0.027159218065071947	0.03192934684409404	0.03698857433699627	0.042449327821398666	0.046400343577760406	0.05131502171372257	0.05508936603382423	0.06077497407346673	0.06552904181282881	0.07172860312159156	0.08122067756065572	0.09408557032832138	0.1075286605237473	0.12379849369933443	0.13876738266246103	0.1557278405434285	0.1671311787020335	0.17797238047253827	0.19123879923170412	0.20545281933081033	0.22626792673017948	0.2583739450105337	0.29565161806141005	0.3300704260528052	0.3669626341518414	0.40745251513471914	0.4329413850751504	0.45279283009491916	0.4713593919418873	0.5032566167066613	0.5245053721768507	0.5811205369783755	0.638827852476781	0.7119537660487931	0.7718293219012995	0.8365231896518079	0.8803216448046473	0.9007994703711562	0.9087015018838798	0.9242807103540865	0.9528854219885591	0.9891512495408551	1.1152785939908905	1.1735801679567162	1.2421286852256261	1.2979247370044908	1.3408077128967097	1.3496091626303937	1.330094999443485	1.3061961724293945	1.3032891242509332	1.321116878273541	1.3702797206728226	1.4138693823100819	1.4910426778764159	1.5428234697402785	1.5627712809980074	1.5535683052728233	1.5203058921369486	1.4561580997348804	1.4110587003695807	1.3952225152648137	1.389424479947551	1.4280191582505481	1.4818397021512317	1.5208359064457289	1.550548829816742	1.5424219437487783	1.4957164404174779	1.4264933594828473	1.371500359686983	1.3183061963330398	1.3134236402763977	1.3035300398458334	1.3372421620921882	1.3671478179391212	1.3809763730863873	1.382694904330008	1.359438518902318	1.293925538129149	1.2356079031236633	1.1782057473787981	1.1333633246480586	1.1361740065885597	1.127790143886036	1.1806952085260993	1.193833138967985	1.184389247647901	1.1816428098660396	1.1270673971013356	1.0654411879258885	1.0149452792348264	0.9747284359261686	0.9587477014644616	0.9591492274559619	0.9742947878553485	0.9876415118128143	1.0026104007759409	0.9999603292320398	0.9729135384445879	0.9312512015665295	0.8816868331757478	0.8343549492977069	0.8192575720173003	0.8093157884677559	0.8125119353600974	0.8283481204648643	0.8384665754506687	0.8476695511758527	0.8240758839153024	0.7918734993969883	0.7632848488021757
FGC2634_s_1_1_ACTTCAAGCG-GAACCATGAA_FGC2634_s_1_2_ACTTCAAGCG-GAACCATGAA	0.059363487043317294	0.0005264498428672565	0.00002506904013653602	0.00007520712040960807	0	0	0.00005013808027307204	0	0	0	0	0	0	0	0	0	0	0	0	0.00002506904013653602	0	0	0	0	0.00002506904013653602	0.00002506904013653602	0.00007520712040960807	0.00002506904013653602	0.00002506904013653602	0	0.00005013808027307204	0.008648818847104927	0.008799233087924142	0.008523473646422247	0.008749095007651071	0.008347990365466495	0.008047161883828062	0.009049923489289503	0.008849371168197215	0.008849371168197215	0.010002547014477873	0.009977477974341337	0.010453789736935521	0.011180791900895066	0.011732310783898858	0.011682172703625785	0.013411936473046771	0.0152419764030139	0.018099846978579005	0.019754403627590386	0.022186100520834376	0.02607180174199746	0.029130224638654854	0.030609298006710483	0.033542375702685194	0.03690162708098103	0.04146419238583058	0.04620224097163589	0.05387336725341591	0.06269766938147658	0.06944124117820477	0.07946885723281918	0.08653832655132235	0.09902270853931727	0.10576628033604547	0.11496661806615419	0.12078263537783054	0.1347460907338811	0.14306901205921105	0.1523445569097294	0.16588183858345884	0.1820764385116611	0.19739362203508465	0.22140976248588612	0.23479662991879638	0.24838404967279887	0.265832101607828	0.28405729378708966	0.29400970272129445	0.3171985648475903	0.3301091205179063	0.35304729224283676	0.3735286980343867	0.4021074037900378	0.4251207826353779	0.4525964506250213	0.47947046165138796	0.48734214025426026	0.5111326593438329	0.5293077134428216	0.5442739304043335	0.5802480030002628	0.6064200809028063	0.6280546625406369	0.6654827394644852	0.6908526080826596	0.7142921606103209	0.738057610659757	0.7469571199082272	0.76307651271602	0.8187548508592664	0.8351500031085609	0.8448015835611274	0.8890735084422499	0.9209863965360603	0.9426711162541639	0.9796730194956912	0.9971962785511298	0.9898009117108517	1.0222402496475294	1.0247722227013194	1.0351006672375722	1.0625512661870793	1.095141018364576	1.1101072353260881	1.1328699237700628	1.1662368161917922	1.1774928152130968	1.1960940429944067	1.2007568844598022	1.1970215974794585	1.2130156450865686	1.216450103585274	1.220060045364935	1.2535272139472107	1.2820808506627253	1.2982253125106544	1.311261213381653	1.3104339350571474	1.311587110903428	1.3052446437488845	1.2978743459487427	1.304718193906017	1.313692910274897	1.3246731498546997	1.332118654775251	1.35470585993827	1.355783828664141	1.3513466085599741	1.3541042029749932	1.3311660312500628	1.3243723213730614	1.3290602318785938	1.3146455338000855	1.3178794399776987	1.3430487562747808	1.3476113215796302	1.3190576848641158	1.344126725000652	1.3358790107957315	1.3061471291937998	1.3079771691237667	1.288949767660136	1.281654676980404	1.2834095097899616	1.280200672652485	1.2813538484987654	1.2893508723023206	1.2941641280085354	1.2732565485346645	1.2637553823229173	1.258265262533016	1.236430128574093	1.2303884899011879	1.2148958230968085	1.2115115026783763	1.2077010085776227	1.2189570075989273	1.2119376763606975	1.2124139881232916
FGC2634_s_1_1_AGAGGCAACC-CTAATGATGG_FGC2634_s_1_2_AGAGGCAACC-CTAATGATGG	0.024567106048271302	0.000751045880799927	0	0.00005929309585262582	0	0	0	0	0	0	0	0	0	0	0	0	0	0	0	0	0	0	0	0	0	0	0	0	0	0	0	0.0008696320725051788	0.000810338976652553	0.0010475113600630563	0.0008696320725051788	0.0016799710491577319	0.001956672163136652	0.001798557240862983	0.0019369077978524435	0.0026286605827997448	0.00383428686513647	0.005079441878041612	0.006304832525662546	0.006739648561915135	0.006225775064525711	0.00824174032351499	0.011048280193872613	0.01278754433888297	0.015080210711851168	0.018202980426756128	0.02189891673490314	0.023934646359176626	0.028519979105113023	0.029943013405576042	0.031504398263028525	0.03608973100896492	0.042216684247069584	0.05091300497212138	0.06053825086553096	0.07047972660348789	0.0757765764996558	0.07793089231563455	0.0879316611494441	0.09188453420628583	0.10372338901152678	0.11123384781952605	0.13006928793537684	0.14505067682080697	0.15880667505861618	0.1825436777649507	0.20236733614501196	0.2364213375297034	0.2511853183970072	0.2675699772176161	0.29466692202226613	0.3014460993147497	0.3205780049098636	0.3480109439243452	0.36520594172160664	0.41279853332598104	0.45525238995646106	0.49829917754546743	0.5372152127900742	0.5643714506905768	0.608070462333962	0.6377763033561276	0.6458401643920847	0.7287319123940557	0.7684582866153149	0.805417649696785	0.8605207001091585	0.9533736882143706	0.9828621212184099	1.081229367237916	1.1096702888818923	1.1577372252530878	1.175880912583991	1.220666964318008	1.2848023296652646	1.2295609286959017	1.3572584927971734	1.3555389930174473	1.4456447343481544	1.4516926301251223	1.5286353041765464	1.5018941179470122	1.4698165530907417	1.4445379298922387	1.4783349945282356	1.5384186649922296	1.5430435264687343	1.5527083010927125	1.660562442448639	1.7341847031323159	1.6463123350787243	1.6611949021377335	1.5884225091612776	1.5654958454315953	1.4785919312769302	1.5032183304210542	1.5059853415608433	1.4857268671445296	1.5125668752004848	1.564705270820227	1.511440306379285	1.4803707241525088	1.392834350308749	1.4594995544123845	1.4147727957742207	1.3253390428631766	1.2748410895620237	1.2680816766348242	1.2931033630846325	1.298083983136253	1.3034598904935577	1.2536141612467835	1.2212203665459658	1.153507651082267	1.1185247245292178	1.0356725052578153	0.9905109305833986	0.9984759697929347	0.9583938369965597	0.9405861438754876	0.9371669086813197	0.8924796787737239	0.8984682814548391	0.9078761193301224	0.8664104809638526	0.8002196216270382	0.7342461703083498	0.7075642771746682	0.687266274027786	0.6608215532775148	0.6621062370209884	0.6782932521887552	0.6792419417223973	0.633171206244907	0.6097504333831198	0.5835428850162592	0.5557344230613777	0.5135770319101607	0.49820035571904636	0.4897609717426893	0.4930220920145837	0.4784755191654062	0.46936414676938604	0.44228696633002024	0.43882820240528375	0.41580271684918074
FGC2634_s_1_1_AGGTCAGATA-CTACAAGATA_FGC2634_s_1_2_AGGTCAGATA-CTACAAGATA	0.04184697368125966	0.0004294444277438278	0.00009543209505418397	0.000023858023763545992	0.000023858023763545992	0.000047716047527091985	0	0	0	0	0	0	0	0	0	0	0	0	0	0.000023858023763545992	0.000023858023763545992	0.000023858023763545992	0	0.000023858023763545992	0	0	0.000023858023763545992	0	0.000023858023763545992	0.000047716047527091985	0	0.005272623251743664	0.005964505940886497	0.005773641750778129	0.0055589195369062155	0.005511203489379123	0.006155370130994865	0.005272623251743664	0.006608672582502239	0.005797499774541676	0.006608672582502239	0.007515277485516987	0.008040154008314999	0.007801573770679538	0.0070142589864825204	0.009352345315310028	0.00856503053111301	0.008660462626167193	0.01183357978671881	0.01238231433328037	0.016104166040393542	0.016557468491900915	0.01856154248803878	0.020613332531703735	0.022474258385260324	0.02297527688429479	0.026506264401299592	0.03094385682131915	0.03533373319381161	0.04051092435050109	0.04993484373710176	0.05587549165422471	0.06482225056555445	0.06856796029643117	0.07961422529895296	0.08598431764381975	0.09588539750569133	0.10440271198927725	0.11828808181966102	0.1281891616815326	0.1568665062453149	0.17468844999668373	0.19616067138387513	0.22118773831183489	0.24287468191289815	0.26372659468223736	0.2971039699274382	0.3132319939915953	0.339523536179023	0.3823964048821151	0.42343220575541424	0.4551156613134033	0.49951544353736244	0.5562498240470748	0.6058506554514869	0.650512875936845	0.697226886465868	0.7272402803604089	0.7489033659377086	0.8046595674731156	0.860702065293685	0.9183191926826487	0.9634824316670412	1.0260381699750587	1.0752334149754907	1.104173197800672	1.1306794622019716	1.1677548311305221	1.1979829472389347	1.2122500454495353	1.2885957214928825	1.3165096092962312	1.3546108732466142	1.3756536502060617	1.4143513647505335	1.3990106554705732	1.4297636481017841	1.4243717347312228	1.407861982286849	1.4119894203979422	1.4385195428230053	1.4437683080509855	1.4737339858979994	1.4785055906507085	1.4783385844843637	1.4797700659101765	1.4431957154806603	1.4223676607350848	1.4057624761956569	1.396195408666475	1.3856263041392238	1.3993208097794994	1.3895867360839724	1.3909466434384947	1.3779917365348893	1.3733632799247613	1.3322797630039351	1.31488726368031	1.2839672648827545	1.2443868034590317	1.22923695836918	1.2164729156556828	1.2193120204835448	1.2038281630610037	1.2200516192202149	1.1803518676776743	1.1710472384098913	1.1489547084048477	1.116364647943844	1.0929360686080418	1.0600597118618753	1.0326945586050882	1.0319549598684183	1.0294260093494825	1.0202406702005171	1.0219107318639655	1.0153497753289902	0.9685641907286765	0.9484518766960073	0.9232578036017026	0.890023576499083	0.8832240397264725	0.8739671265062168	0.8628970034799314	0.8692909538485616	0.8608452134362664	0.8494172200535279	0.828970893688169	0.8064966353029087	0.7803243832342986	0.7775568524777274	0.7456348166821029	0.7227072558453351	0.7257849409108326	0.7232798484156602	0.7189138300669312	0.7015213307433062	0.697274602513395	0.6874928127703412	0.6711023504447852
FGC2634_s_1_1_AGTCAGACGA-ACCAGCGACA_FGC2634_s_1_2_AGTCAGACGA-ACCAGCGACA	0.04165752342009159	0.000713619244883796	0.00013380360841571177	0.00004460120280523725	0	0.00004460120280523725	0.000022300601402618626	0	0	0	0	0	0	0	0	0.000022300601402618626	0	0	0	0.000022300601402618626	0	0	0	0.000022300601402618626	0	0	0.000022300601402618626	0.000022300601402618626	0.00004460120280523725	0.000022300601402618626	0.00006690180420785588	0.005530549147849419	0.0055528497492520375	0.005463647343641563	0.0050399359169918095	0.0042817154693027765	0.004750028098757767	0.0050622365183944276	0.0050622365183944276	0.0047946293015630045	0.005173739525407521	0.005173739525407521	0.005753555161875605	0.005419046140836326	0.0055082485464468004	0.006467174406759401	0.006467174406759401	0.0057981563646808424	0.006868585232006536	0.008295823721774129	0.009500056197515533	0.010102172435386239	0.011953122351803583	0.012287631372842863	0.01331345903736332	0.015186709555183283	0.01734986789123729	0.018041186534718468	0.020717258703032704	0.02638161145929783	0.02936989204724873	0.03354010450953841	0.03782181997884119	0.0438206817561456	0.04944043330960549	0.057691655828574384	0.06304380016520285	0.07301216899217339	0.07881032535685423	0.09178927537317826	0.10481282659230753	0.12142677463725841	0.13558765652792126	0.15741994530108488	0.18293183330568058	0.19820774526647433	0.22835815836281473	0.24370097212781636	0.2697257739646723	0.2949031529482287	0.33111932962608137	0.35915118558917297	0.39396242437866064	0.44266693784197975	0.49656749143210893	0.5472344578188584	0.5910997407778092	0.6301034926309893	0.6632644869166832	0.7008186996786929	0.7433013453506814	0.7984284320179548	0.8383688091300446	0.8934289939931099	0.9620479445089675	1.0202525141698022	1.0855932762794747	1.1112612684938887	1.1395607316738117	1.1562861827257758	1.231416908851198	1.2399803397898035	1.272695322047445	1.311052356459949	1.3362966372477132	1.3741184572265543	1.4147947541849308	1.4451235720924922	1.4234696881305495	1.4399498325670845	1.4260788584946558	1.428821832467178	1.4680039891315788	1.457768013087777	1.4668443578586428	1.4836590113162174	1.480693031329669	1.4814066505745527	1.4858221696522713	1.4714828829503874	1.4383441892660962	1.4404850470007475	1.4299145619359064	1.3983815115526035	1.394969519538003	1.385670168753111	1.3881009343059965	1.3947688141253793	1.3891044613691141	1.3474915391518278	1.322291859566869	1.2771331417265661	1.261701125555954	1.253985117470648	1.2547210373169344	1.2277596102211685	1.2404263518178558	1.224972035045841	1.203228948678288	1.1985681229851406	1.1503765233540817	1.1297484670566595	1.1013821020725285	1.0937775969942358	1.0578513281346171	1.0672621819265222	1.0616424303730623	1.0365542537951162	1.028905147514018	1.0315143178781245	0.9808696520927777	0.9641665016422163	0.9492250987024617	0.9227319842361508	0.924070020320308	0.8972423968329578	0.8944771222590331	0.8882998556705077	0.8699464607161527	0.8624311580434701	0.8516599675660054	0.8246539392674341	0.7963544760875111	0.7844459549385128	0.7772651612868696	0.7635502914242591	0.7624575619555308	0.7448623874488647	0.7299209845091102	0.7367672691397141
FGC2634_s_1_1_AGTGTTGCAC-CTGGTACACG_FGC2634_s_1_2_AGTGTTGCAC-CTGGTACACG	0.07250696668866576	0.0007900083535483304	0.00011060116949676627	0.00006320066828386643	0.000015800167070966607	0.000015800167070966607	0	0.000015800167070966607	0.000015800167070966607	0	0	0	0	0.000015800167070966607	0	0	0	0.000015800167070966607	0	0	0	0.000015800167070966607	0.000031600334141933214	0	0.000031600334141933214	0.000015800167070966607	0.000015800167070966607	0.000047400501212899824	0	0.00006320066828386643	0	0.007189076017289806	0.007631480695276871	0.007299677186786573	0.007394478189212373	0.0064780684990963094	0.0066992708380898425	0.005751260813831845	0.007031074346580141	0.006588669668593076	0.006588669668593076	0.005988263319896344	0.007520879525780106	0.006778271673444675	0.007599880361134938	0.007078474847793041	0.0071100751819349745	0.007094275014864007	0.008547890385392935	0.009195697235302567	0.009432699741367064	0.010412310099766994	0.01075991377532826	0.01183432513615399	0.012276729814141053	0.013335341007895818	0.013967347690734482	0.01551576406368921	0.017632986451198734	0.01948160599850183	0.022847041584617717	0.024585059962424043	0.027097286526707735	0.030699724618888122	0.035471375074320036	0.03804680230688759	0.04193364340634538	0.045299078992461266	0.04815890923230622	0.05530058474838313	0.059724631528253774	0.07162215733269164	0.07930103852918141	0.08957114712530971	0.10507111102192794	0.1084049462739019	0.12249869530120412	0.13175759320479055	0.14168009812535756	0.16106690312143362	0.1761718628412777	0.1861575684301286	0.20987361920364947	0.23855092243745385	0.26376798908271654	0.2920344879726758	0.32178620256730595	0.3446964448202075	0.36471525649912223	0.39626819013984255	0.42090065060347953	0.4565774278497221	0.49220680459475175	0.5285945893591879	0.5823467577346163	0.6367941334611672	0.6842736355094219	0.7189392020631226	0.7505553363721268	0.7758514038527443	0.8576330686120675	0.8815071210562981	0.920833736895934	0.9823753876373489	1.0368543636980416	1.0810632311626063	1.143616092596563	1.1727674008424964	1.1924860093470628	1.2219375207673446	1.2436627504899238	1.262859953481148	1.297414918865352	1.3439306107222777	1.3663352476289086	1.4125349361444148	1.4443090721241285	1.4567754039431213	1.4856739095159193	1.506182526374034	1.4813446637384744	1.4795118443582422	1.5025484879477116	1.4982666426714797	1.516026030459246	1.5462517500660051	1.5367242493222122	1.5587496822191398	1.5434235201603022	1.5347492284383415	1.4994200548676602	1.4850577030001515	1.472954775023791	1.471027154641133	1.4821188719249516	1.4505185377830185	1.4637274774543467	1.4944904027415187	1.4511663446329282	1.439395220165058	1.411033920272673	1.3606629876504315	1.3515462912504836	1.342808798860239	1.3280672429830271	1.3204357622877505	1.3269296309539178	1.3212257706412986	1.3071320216139966	1.2845219825354435	1.2299166051381827	1.2244497473316283	1.188583368080534	1.1764804401041737	1.176338238600535	1.1638245062803294	1.1414040692066278	1.1400452548385247	1.1350840023782411	1.1027726607181143	1.0907171332429668	1.075106568176852	1.0297916890173195	1.017262156530043	1.0127117084136046	0.9900858691679806	0.9902280706716193	0.990828477020316	0.9661644162225371	0.9604131554087052
FGC2634_s_1_1_ATGGTTGACT-GGCCTGTCCT_FGC2634_s_1_2_ATGGTTGACT-GGCCTGTCCT	0.05367261753442182	0.0005125345448283214	0	0.000041002763586265715	0	0.000020501381793132857	0	0	0	0	0	0	0	0	0	0	0	0	0	0	0	0.000020501381793132857	0	0.000020501381793132857	0	0	0.00006150414537939857	0.000020501381793132857	0.000041002763586265715	0	0.000020501381793132857	0.006621946319181913	0.007011472573251437	0.006416932501250585	0.006621946319181913	0.005514871702352739	0.006252921446905521	0.0059454007200085285	0.006211918683319256	0.006047907628974193	0.00602740624718106	0.005330359266214543	0.0070524753368377035	0.005576375847732137	0.006683450464561312	0.006170915919732989	0.0064989380284231155	0.00660144493738878	0.007011472573251437	0.006683450464561312	0.007893031990356151	0.008200552717253142	0.007811026463183619	0.008467070680563871	0.009451137006634247	0.010066178460428234	0.012321330457672848	0.012505842893811042	0.014166454819054805	0.016749628924989542	0.019127789212992956	0.022551519972446143	0.025073189933001484	0.028209901347350814	0.031305609998113874	0.03468833799398079	0.03901412955233183	0.04374994874654552	0.04659964081579099	0.054574678333319665	0.06318525868643547	0.07146781693086114	0.08528574825943269	0.09838613122524459	0.11152751695464275	0.12432037919355764	0.13969641553840728	0.15525696431939512	0.17112503382727995	0.1912983935117227	0.21684311522596622	0.23562238094847593	0.2646728389493452	0.3008577778142247	0.3339470080283411	0.38339634091337754	0.41677259047259785	0.44207129560532377	0.4783382399973758	0.5127395586462528	0.5564895073927983	0.6067178927859738	0.6548141344726635	0.7051655281565977	0.7648655519382006	0.8237865232116645	0.8723952994431825	0.9241202857072566	0.9520636690912968	0.9773418728422295	1.0697416005838793	1.1159107123820144	1.135243515412939	1.192811395488056	1.2502767686542073	1.2970404205243433	1.3421639618510288	1.3699433341807237	1.373510574612729	1.3936429315335852	1.406702311735811	1.4255430816037	1.455331589349122	1.4728397694004576	1.4930951346120729	1.528131996096537	1.5314327185652314	1.5379726593572407	1.5327038042364056	1.5326012973274399	1.5219815815585969	1.5048834291431243	1.5146215854948624	1.5080611433210598	1.501152177656774	1.509332228992234	1.5040428724896058	1.52271963130315	1.494202209228902	1.4526664097160147	1.4336616287937807	1.403914123811945	1.3861394257972988	1.3830027143829493	1.3688567609456879	1.3490729275153146	1.3676061766563066	1.3517381071484218	1.3262958923431438	1.310407321453466	1.274447897788311	1.2359668041626006	1.1985722837719264	1.2032671002025537	1.1852258842245966	1.181105106484177	1.1805925719393489	1.1566264566231765	1.1547813322617946	1.125853882551684	1.0864092239816965	1.0644932468448374	1.045939496322052	1.0174835783931837	1.013055279925867	1.0083399621134466	0.9975357339084655	0.9850093896328613	0.9599156983180667	0.9520431677095036	0.932341339806303	0.9125575063759297	0.8719442690437335	0.8605660021485448	0.8523039452859124	0.8374814462494773	0.8404951493730677	0.8205268035065563	0.8068113790869506	0.80549929065219
FGC2634_s_1_1_ATTCCATAAG-TGCCTGGTGG_FGC2634_s_1_2_ATTCCATAAG-TGCCTGGTGG	0.0558587383288335	0.0010518853321663452	0.0001994954940315482	0.00001813595400286802	0	0.00003627190800573604	0	0.00003627190800573604	0	0	0	0	0	0	0.00001813595400286802	0.00001813595400286802	0.00001813595400286802	0	0.00001813595400286802	0	0	0.00005440786200860406	0.00001813595400286802	0.00001813595400286802	0.00003627190800573604	0.00005440786200860406	0.00007254381601147208	0.00005440786200860406	0.00003627190800573604	0.00005440786200860406	0.00007254381601147208	0.005295698568837461	0.006528943441032487	0.005730961464906295	0.00504179521279731	0.004769755902754289	0.005912321004934974	0.005023659258794441	0.005803505280917766	0.00540451429285467	0.005477058108866142	0.0063657198550066746	0.006148088406972258	0.005894185050932106	0.006800982751075508	0.006674031073055431	0.007744052359224644	0.007816596175236116	0.009865958977560204	0.010736484769697867	0.012042273457904365	0.013438741916125204	0.01692084508467586	0.018027138278850812	0.019858869633140482	0.02038481229922365	0.023286564939682536	0.026532900706195912	0.031556559964990356	0.03725124952189091	0.04343560983686891	0.048967075807743655	0.05854285952125797	0.06499925914627898	0.07499216980185927	0.08240977498903228	0.09387169791884487	0.10435427933250259	0.11630587302039262	0.13449623488526924	0.1515984395099738	0.17504822803568212	0.19835292892936754	0.22419666338345445	0.25444743466023834	0.27387104139731	0.30874648094482515	0.33323001884869696	0.3586928982687237	0.39199050981798933	0.4399238362475696	0.4777735722515551	0.5205018798823122	0.574256847546813	0.6333800575961627	0.6956770595960143	0.7375892492966424	0.7743508280604559	0.8084645575398506	0.852516789812817	0.9005770679204171	0.9600085891878157	1.007669876307353	1.0539891028306778	1.1228513201795676	1.1634577211919892	1.213639905917925	1.2396831358660436	1.2484609376034315	1.270260354314879	1.3602872299851159	1.370969306892805	1.379783380538199	1.4106507742510803	1.4516743022055678	1.4545760548460267	1.494529561514345	1.4768651423155514	1.4514929426655392	1.4558092997182217	1.454684870570044	1.4492259484151806	1.4776812602456806	1.4769376861315628	1.4790414567958956	1.476121568201434	1.4718052111487512	1.4344995537648517	1.4340098830067742	1.414676956039717	1.3844080488089303	1.373744107855244	1.3623728646954456	1.3722569596270087	1.3529240326599514	1.3452525241167383	1.3231810680952478	1.3355860606332097	1.284297582713099	1.2498936779696581	1.2288196994183256	1.1972994113613409	1.185311545765445	1.1768420552461059	1.1745206531337387	1.1464824682453048	1.1485862389096375	1.1295072152986203	1.0916756152486375	1.0787809519525984	1.0385916778822428	1.0148879860004945	0.9943943579772536	0.9802845857630221	0.9643974900565098	0.9599360453718043	0.9572519241793799	0.9464610315476734	0.9320429481153932	0.8984914332100875	0.8712693662517825	0.8701449371036047	0.837681579438471	0.8245874206484002	0.8146307819008257	0.8009200006746575	0.7904918271230084	0.7919971113052464	0.7754571212546307	0.7528778585210602	0.7393121649269148	0.7156447449531721	0.6954957000559857	0.6845415838382534	0.6768882112490432	0.6674575151675517	0.6626696233107946	0.6521326340351283	0.6452953793760471	0.6390384752450575
FGC2634_s_1_1_CAATCGGCTG-GCTGTAGGAA_FGC2634_s_1_2_CAATCGGCTG-GCTGTAGGAA	0.06660898732874299	0.0005239478830730862	0.00020281853538313014	0.00003380308923052169	0.000016901544615260844	0.00006760617846104338	0.00003380308923052169	0	0	0	0	0.000016901544615260844	0	0	0	0	0.000016901544615260844	0	0	0	0	0.000016901544615260844	0.000016901544615260844	0.000016901544615260844	0.000016901544615260844	0.00006760617846104338	0	0.000016901544615260844	0.00003380308923052169	0	0.00006760617846104338	0.006135260695339686	0.006523996221490687	0.005797229803034469	0.0063887838645685984	0.005966245249187078	0.006084556061493903	0.005121168018424036	0.005949343704571817	0.005290183464576644	0.004901447938425645	0.00581413134764973	0.006236669963031251	0.006169063784570208	0.006354980775338076	0.005763426713803948	0.0060000483384175995	0.006625405489182251	0.0074535811753300325	0.007047944104563771	0.00840006767378464	0.009684585064544464	0.010343745304539636	0.010935299366073766	0.013318417156825546	0.013386023335286589	0.015076177796812673	0.01745929558756445	0.01982551183370097	0.02239454661522062	0.024895975218279222	0.029307278362862305	0.0328058980982213	0.04010736537201398	0.04576938281812636	0.05190464351346605	0.05400043504575839	0.05973005867033183	0.06567940237490365	0.0736400298886915	0.08455842771015	0.09638950894083259	0.10969102455304289	0.1253418548667744	0.14454200954971075	0.16097031091574426	0.18123526290944203	0.19639594842933103	0.20880168217693248	0.2285933909214029	0.25810348781964837	0.2859234302563677	0.31046447303772645	0.34793519744975976	0.38283688708027336	0.43132741858145673	0.47058970672270767	0.5032265893747764	0.5212943405684902	0.5554016576020866	0.5934132314418082	0.6294304230169291	0.6904280975334054	0.7491271619822064	0.8023670275202781	0.8671844511198034	0.9228750406270879	0.9609204175560401	0.9804417015866663	1.002379906497275	1.0831354866689913	1.100746896158093	1.1496768678192733	1.2078012797511553	1.2719764446553006	1.311340142064243	1.362196889811563	1.397250693343614	1.3913689558175033	1.40411272045741	1.3917914944328849	1.4024563690851144	1.4336904235341164	1.4628624895400566	1.486930289072188	1.5117079534781606	1.5478941604994338	1.5479448651332797	1.5373813997487416	1.5139896620012205	1.5023444977613059	1.4724625668815248	1.4773809163645657	1.4695047965738541	1.4666991401677207	1.4928458296875293	1.4943669687029026	1.4954993721921253	1.47993304960147	1.4449806553371107	1.398670423091296	1.3604898338054217	1.345024920482458	1.330388182845642	1.3308952291841	1.3255712426302928	1.3377403547532805	1.3331262330733145	1.3084668794796488	1.2740215315537473	1.2376832106309363	1.1888208451482172	1.1603924471053484	1.1549839528284649	1.144031751917776	1.1411922924224123	1.1535304199915526	1.1351922440839946	1.1165498403733618	1.1013891548534729	1.0620254574445305	1.0271068662694016	0.9982052249773055	0.9865600607373907	0.9825881977528045	0.9790726764728301	0.9693711898636704	0.9584189889529814	0.9541767012545509	0.9238553302147731	0.9175003494394349	0.8916747892673164	0.855488582246043	0.8318264197846778	0.8234939582893541	0.8214488713909075	0.8144347303755742	0.8096346917048401	0.8040064773479584	0.7944233015511054
FGC2634_s_1_1_CACAATAGGA-TCCATCCGAG_FGC2634_s_1_2_CACAATAGGA-TCCATCCGAG	0.05281485994638206	0.0007170365004357533	0.00010243378577653619	0.000020486757155307236	0	0.000020486757155307236	0	0	0	0	0	0	0	0	0	0.000020486757155307236	0	0.000020486757155307236	0	0.000020486757155307236	0.000020486757155307236	0.00004097351431061447	0.000020486757155307236	0.00004097351431061447	0.00004097351431061447	0	0	0	0.000020486757155307236	0.00004097351431061447	0.00008194702862122894	0.008399570433675967	0.00889125260540334	0.008645411519539653	0.008256163133588817	0.008030808804880437	0.00837908367652066	0.007067931218580997	0.007436692847376527	0.00823567637643351	0.007621073661774292	0.008440543947986582	0.009178067205577643	0.00801032204772513	0.008788818819626806	0.009444395048596637	0.009608289105839095	0.010857981292312835	0.012333027807494956	0.013644180265434621	0.01550847516656758	0.017884938996583218	0.019851667683492714	0.020753084998326232	0.023826098571622316	0.02694008565922902	0.029398496517865885	0.03165203980494968	0.03966236185267481	0.04617715062806251	0.052569018860518374	0.060149119007982046	0.06897891134191947	0.07768578313292505	0.09034659905490491	0.09630824538709933	0.10903052158054512	0.12304346347477527	0.1327541863663909	0.15211417187815623	0.1715356176613875	0.18972785801530034	0.21074727085664555	0.24618936073532707	0.2730679861230902	0.301728959383365	0.3361262246471259	0.35821094886054705	0.3837374482760599	0.41559435565256264	0.45994818489380285	0.5047527227924598	0.5438824289590966	0.5930096726175232	0.6509667086098875	0.7055229429144706	0.765897416251161	0.803101367245199	0.8416369574543319	0.8773453751760325	0.9108412231249597	0.9740633557062379	1.0151802773169396	1.0499667909666512	1.1070428964013372	1.1688924162532097	1.1995610917147048	1.254383653862307	1.279275063806005	1.279193116777384	1.3506304389779404	1.354686816894691	1.361345012970166	1.3936936025183961	1.4035067591957882	1.4354661003580675	1.461238440859444	1.4714818194370978	1.4493151481950552	1.4694536304787222	1.449438068737987	1.4240549766225614	1.4456480186642553	1.439440531246197	1.4350153917006507	1.4611974673451333	1.440751683704137	1.4260626788237816	1.423358426879281	1.4010073748228407	1.366876437402099	1.3519415914358799	1.3485817632624095	1.3363921427550016	1.324079601704662	1.2996184136612252	1.2902969391555603	1.2934518997574778	1.2831265741512028	1.232319416406041	1.2142296098379046	1.194767190540363	1.1670690948663873	1.1546746067874265	1.1413582146364767	1.1259316864985305	1.1209534045097909	1.1005690811402602	1.0949557096797058	1.0679746505061662	1.037551816130535	1.0181303703473037	0.997664099949152	0.988608953286506	0.965397457429543	0.9548058039802491	0.9555638139949955	0.9397480374710983	0.9367364841692682	0.9004749240043743	0.8805413092922604	0.8629841584101621	0.8390146525384526	0.8172986899538268	0.8196751537838425	0.8034906156311498	0.7945583895114359	0.7832087260473957	0.7680894992667789	0.7566374020169622	0.7515157127281354	0.7243092992258874	0.7022450617696215	0.6914280539916192	0.6850361857591634	0.668073150834569	0.6676634156914629	0.655596715726987	0.6520320199819635	0.6448821417347612
FGC2634_s_1_1_CAGCCGCGTA-ACTAGCCGTG_FGC2634_s_1_2_CAGCCGCGTA-ACTAGCCGTG	0.06395299002140234	0.0004753764647351626	0.00016341065975271213	0.00002971102904594766	0	0.00005942205809189532	0.00001485551452297383	0	0	0	0	0	0.00001485551452297383	0	0	0	0	0	0.00001485551452297383	0.00001485551452297383	0	0.00001485551452297383	0.00001485551452297383	0.00001485551452297383	0.00001485551452297383	0.00002971102904594766	0	0	0.00002971102904594766	0.00001485551452297383	0.00002971102904594766	0.0062838826432179305	0.006417582273924694	0.005422262800885449	0.006001627867281427	0.004872608763535416	0.005303418684701657	0.005184574568517866	0.00558567346063816	0.004976597365196234	0.006016483381804401	0.005793650663959794	0.006105616468942244	0.004976597365196234	0.005451973829931396	0.005229141112086788	0.00558567346063816	0.0057193730913449245	0.00640272675940172	0.006462148817493616	0.007115791456504465	0.006892958738659858	0.008289377103819398	0.01004232781753031	0.009982905759438415	0.010458282224173577	0.01163186787148851	0.013191696896400762	0.014543548717991382	0.017663206767815885	0.01981725637364709	0.02284778133633375	0.026398249307324494	0.03066178197541799	0.03342490767669112	0.03768844034478461	0.04305128108757816	0.046453193913339165	0.05218742251920707	0.05735714157320196	0.06774114622476067	0.07854110528296264	0.08800406803409697	0.10498392113385607	0.11657122246177565	0.13239234542874279	0.14365282543715693	0.15723076571115502	0.17311131073621405	0.18815994694798654	0.2150187172055232	0.23788135405637995	0.26729527281186816	0.30077960254665115	0.33442734294118687	0.37097190866770247	0.406417166319518	0.4304682443322127	0.45505412086773434	0.4901131351419526	0.5300596136942292	0.5734080050722669	0.6193858225208708	0.6706670586541765	0.7306536262979448	0.7809543984727343	0.8302301401454385	0.8590201272909617	0.8876169927476865	0.9176102765695705	0.9996721387944779	1.0382073434670722	1.0718699393761308	1.140992648451528	1.1871338765598847	1.234107013481528	1.275048811506844	1.3076566658847715	1.315322111378626	1.3297765270094795	1.343146490080156	1.3472763231175426	1.3849944744913734	1.4233217019606457	1.447016247624789	1.4815553188907031	1.4957126242310972	1.5087111994386992	1.5051458759531855	1.4829665927703854	1.4673831580357861	1.457251697131118	1.46680379296939	1.4823129501313748	1.4842144559903154	1.510493861181456	1.5107166938993006	1.5090083097291587	1.5002584116751272	1.4564792103759232	1.430496915475242	1.4070549135579893	1.3900007828856153	1.3904910148648735	1.3961063993545577	1.3899265053130005	1.3997460004126863	1.3831821017195705	1.3582248373209742	1.337991626540684	1.295415721917841	1.2580838139216077	1.2383259796060526	1.2284470624482748	1.2281053856142465	1.2228911000166827	1.2347755116350618	1.2186275673485891	1.2074116538837438	1.19105573239395	1.139328830824955	1.1084887826752612	1.0909147089945832	1.0559151167784568	1.0594804402639706	1.0577720560938286	1.053003435931954	1.0397820280065073	1.0327108030935717	1.0111554515207368	0.9863318867528476	0.9583143863625188	0.9383634303581649	0.9178033982583692	0.9054287546607319	0.9012692105942993	0.8996499595112952	0.890127574702069	0.8955795485320004	0.8768467447185303
FGC2634_s_1_1_CAGTGGCACT-TAACAATAGG_FGC2634_s_1_2_CAGTGGCACT-TAACAATAGG	0.07683185232430369	0.0006779664552628189	0.00019556724671042854	0.000026075632894723805	0	0.000039113449342085706	0.000026075632894723805	0	0	0	0	0	0	0.000013037816447361902	0.000013037816447361902	0	0	0.000013037816447361902	0.000013037816447361902	0.000013037816447361902	0	0	0	0.000026075632894723805	0	0.000026075632894723805	0.000026075632894723805	0.000026075632894723805	0.000013037816447361902	0.000039113449342085706	0	0.007170799046049046	0.007822689868417141	0.007053458698022789	0.006727513286838742	0.006558021673023036	0.006844853634864999	0.006075622464470646	0.006701437653944018	0.005501958540786722	0.00555410980657617	0.006297265344075798	0.006349416609865246	0.0060104333822338365	0.006114735913812732	0.005449807274997275	0.005880055217760218	0.00616688717960218	0.006232076261838989	0.006075622464470646	0.007014345248680704	0.007379404109206836	0.008305089076969533	0.008761412652627198	0.008996093348679712	0.009634946354600446	0.00980443796841615	0.011616694454599454	0.01178618606841516	0.013741858535519446	0.016688405052623236	0.017783581634201632	0.02083443068288432	0.022438082105909835	0.02378097719998811	0.02585399001511865	0.029647994601300968	0.0329204865295888	0.03780966769734952	0.043011756459846916	0.050508500917080014	0.05756195961510279	0.06674058239404557	0.0725163350802269	0.08219039488416943	0.08929600484798167	0.09920474534797673	0.10705351084928857	0.12198181068151796	0.13852679975322021	0.15694923439334257	0.17503268580583353	0.20045642787818924	0.21972632058739014	0.24337691962290461	0.2682269977715764	0.28200796975643794	0.3071057664176096	0.3356455466208848	0.3651631630577122	0.3992961665169056	0.44143438927477924	0.47946569985173393	0.5319689866852604	0.5707043393503726	0.6028686325260144	0.638592249591786	0.66417244546151	0.6974449530351776	0.7343680492141065	0.8346027820614247	0.8684228779258816	0.9292051782034828	0.98422476361135	1.0313303944356687	1.0656850407744671	1.0982013549941878	1.1127776337823383	1.1271974587731206	1.169179227733626	1.2132731229586038	1.268214481467787	1.3185926042203933	1.3688142731756314	1.4095965630229794	1.4225952660209993	1.4234818375394198	1.4222171693440258	1.422764757634815	1.4376148305683603	1.4627126272295317	1.4913175965150438	1.524798709151869	1.5457635179992273	1.5648248056452703	1.5708743524768463	1.5560373173597482	1.554368476854486	1.5235470787729224	1.4910438023696493	1.4861937346512306	1.4845248941459683	1.512256329729507	1.5141859265637165	1.5286057515544988	1.5140425105827957	1.514342380361085	1.4883580121814926	1.4401832804084904	1.418879488333501	1.378749089308521	1.369192369852605	1.380078946586152	1.3764935470631277	1.384720409241413	1.3834166275966766	1.3757373537091806	1.3478625021447208	1.3202744825421031	1.280287499498044	1.2413305039533267	1.229778998580964	1.2309002507954372	1.2171975057092599	1.223938056812546	1.2228689558638624	1.2127124968513674	1.1907177005046679	1.1614738782132352	1.1227124499152281	1.0957372076856364	1.0749418904520942	1.061030540302759	1.054042270686973	1.061682431125127	1.0522691276501317	1.0404307903159271	1.017301703938307	1.0160891870087025	0.995176529427134
FGC2634_s_1_1_CATTAGTGCG-TGACTACATA_FGC2634_s_1_2_CATTAGTGCG-TGACTACATA	0.05452003816695948	0.00048390566420378233	0.0001906295040802779	0.00004399142401852567	0.000014663808006175225	0.00007331904003087611	0	0	0	0.000014663808006175225	0.000014663808006175225	0	0	0	0	0.000014663808006175225	0	0	0	0	0.00002932761601235045	0	0	0	0.000014663808006175225	0.000014663808006175225	0.000014663808006175225	0	0.00002932761601235045	0.0000586552320247009	0.000014663808006175225	0.0066427050267973764	0.007023964034957931	0.006554722178760324	0.005894850818482439	0.006158799362593593	0.005748212738420687	0.005308298498235431	0.005982833666519491	0.005806867970445388	0.0054989280023157085	0.005733548930414512	0.005792204162439213	0.005528255618328059	0.005396281346272482	0.005528255618328059	0.006085480322562718	0.006334765058667697	0.006804006914865304	0.006525394562747974	0.00721459353903821	0.007331904003087611	0.008373034371526051	0.009194207619871865	0.009604794244044772	0.010381976068372057	0.01083655411656349	0.01184835686898958	0.01353469478969973	0.016071533574768045	0.017787199111490543	0.019561519880237747	0.022494281481472794	0.025866957322893097	0.028535770380016985	0.030339418764776534	0.032436343309659596	0.03704077902359861	0.04098534337725975	0.046616245651631034	0.052936346902292555	0.061280053657806255	0.06903720809307295	0.07980044316960556	0.09065166109417523	0.09707440900087998	0.10348249309957853	0.11596139371283366	0.12739916395765036	0.1406259187792204	0.16009945581142107	0.1767868693224485	0.19970640123610034	0.22555869475098725	0.2452668527112868	0.2729521222269456	0.28603223896845387	0.30663488921713006	0.33187130279575766	0.36108160834405867	0.39145035472484757	0.43268498283821233	0.476925691592843	0.5154035238010468	0.5555383663139483	0.6070229962236295	0.6317755041380533	0.6638305884395523	0.6895948991064023	0.7235856060647164	0.8078878382922178	0.8496356996857986	0.9014136057556034	0.9599808549322673	1.0220967456464254	1.0629061233276111	1.0956943980294187	1.1179980500068112	1.1345241616297708	1.1678989886518256	1.1980184502965094	1.2457784729726222	1.3054601715577554	1.358660467004159	1.4113328653623405	1.4422001812153393	1.4603979669510028	1.4429480354236544	1.468683018474492	1.450206620386711	1.4621136324877253	1.4778478984783512	1.5085685762512884	1.5522373964936782	1.579174811801022	1.5993522116175192	1.602827534114983	1.586110792987943	1.552134749837635	1.50852458482727	1.5037588472252628	1.4926730083725943	1.4975267288226384	1.5269130000670137	1.546606494219307	1.5519294565255486	1.5599505595049263	1.524361497473939	1.4822030494561853	1.4442824419522162	1.4075789305127597	1.3765209851556806	1.3708460914572906	1.3776940897961745	1.38886791149688	1.389029213384948	1.3938096147949612	1.3653031720309565	1.3371193330430877	1.291118967327716	1.2309680268863854	1.2143099409913702	1.1863167315075818	1.1910971329175948	1.1948217401511634	1.2063768208600294	1.2069193817562578	1.1920062890139778	1.160068515176528	1.119376447959392	1.0803267272389472	1.0463066926646205	1.018460121260894	1.0057026082955214	1.0115827953059977	1.0149994625714367	1.0150434539954551	1.0136357284268622	0.9937222771544763	0.9692483815921699
FGC2634_s_1_1_CCACCAGGCA-CTTATGGAAT_FGC2634_s_1_2_CCACCAGGCA-CTTATGGAAT	0.04963114016673664	0.0005248005757812031	0.00007497151082588616	0	0	0.000056228633119414626	0	0	0.00001874287770647154	0	0	0.00001874287770647154	0	0.00001874287770647154	0	0	0	0	0	0	0	0.000056228633119414626	0.00003748575541294308	0.00001874287770647154	0.00001874287770647154	0.00001874287770647154	0.00001874287770647154	0.000056228633119414626	0.00003748575541294308	0.00003748575541294308	0.00007497151082588616	0.006222635398548552	0.006485035686439153	0.005847777844419121	0.006147663887722666	0.005566634678822047	0.006616235830384455	0.005847777844419121	0.005997720866070893	0.005735320578180291	0.0061289210100161935	0.006709950218916811	0.007572122593414502	0.006634978708090925	0.007084807773046243	0.006991093384513885	0.007853265759011576	0.008396809212499249	0.009877496551310502	0.009896239429016974	0.01070218317039525	0.012651442451868288	0.014525730222515444	0.01570653151802315	0.01797441972050621	0.018161848497570923	0.020242307922989262	0.022304024470701133	0.024984255982726567	0.030251004618245068	0.035217867210460024	0.0410281592994662	0.04367090505607869	0.04978108318838841	0.05898383614226593	0.06618110118155102	0.07208510765908954	0.07868260061176753	0.08411803514664427	0.0950263899718107	0.10852126192047022	0.12145384753793559	0.1392220956036706	0.15811491633179392	0.17852591015414143	0.19513209980207522	0.21642400887662686	0.2352418580939243	0.2506672464463504	0.2746956156660469	0.3027537035926348	0.3277192166976549	0.35519627541534216	0.40747016133869135	0.4465490613566845	0.4958053439692917	0.5337221855694836	0.563148503568644	0.5903819048761471	0.6163970191327296	0.6606676962754153	0.7111610088166497	0.766265069273676	0.8179016973550051	0.8753486175253403	0.9367877706471541	0.9944783482276734	1.0294713009056558	1.057454417321418	1.0623463084028069	1.152855664847358	1.1850184429916633	1.2192429376836802	1.2607771546812212	1.315300185929347	1.3755397948779464	1.4039352546032506	1.4356669465603071	1.428113566844599	1.4383846638277453	1.4269515084267979	1.4328555149043365	1.4545597672884305	1.482018083128411	1.4904523780963235	1.5287253343729383	1.5336921969651534	1.5465310681940863	1.5357913992682781	1.502916391771127	1.4895152342109999	1.4500427337611708	1.4569026270017393	1.4548221675763209	1.4486182750554788	1.4727216157860012	1.4642310921849697	1.4605387452767948	1.4411211239728903	1.4159494392130991	1.3605454927127691	1.3337806633479279	1.313482126791819	1.3065285191627183	1.3041669165717027	1.2867922689378035	1.2883104420320277	1.289191357284232	1.2610208120914053	1.2300763209980208	1.1920095363761771	1.1316199844059258	1.1122211059797276	1.0980889761890482	1.0964396029508787	1.0942466862592215	1.091360283092425	1.083769417621304	1.0704244886942962	1.0525625262400287	1.0022378995981527	0.9761852995861573	0.9350259401427456	0.9192819228693097	0.911784771786721	0.9109413422899297	0.9000329874647633	0.900970131350087	0.8849262280333473	0.8641028909014574	0.8381814910334073	0.8213878726084087	0.7779418820848077	0.7627414082648594	0.7572684879745697	0.7582431176153062	0.7508209380435436	0.7448981886882984	0.7367825226413963	0.7221818209080549
FGC2634_s_1_1_CCATCATTAG-GGTTGCCTCT_FGC2634_s_1_2_CCATCATTAG-GGTTGCCTCT	0.05736019061681665	0.0008027507592684264	0.00014595468350335025	0.00002432578058389171	0	0.00002432578058389171	0	0	0	0	0	0.00002432578058389171	0	0	0	0	0.00002432578058389171	0	0	0.00002432578058389171	0	0.00002432578058389171	0	0	0.00002432578058389171	0.00002432578058389171	0	0.00002432578058389171	0.00002432578058389171	0.00002432578058389171	0	0.007565317761590321	0.006567960757650763	0.007419363078086972	0.007273408394583621	0.006616612318818546	0.006519309196482979	0.006592286538234653	0.006567960757650763	0.006786892782905787	0.006957173246993029	0.00668958966057022	0.007078802149912488	0.0070058248081608125	0.007030150588744705	0.006665263879986329	0.007249082613999731	0.007735598225677564	0.008635652107281558	0.009195145060711066	0.010192502064650628	0.010703343456912352	0.011554745777348564	0.013233224637637092	0.014181930080408868	0.01663883391938193	0.016833440164053064	0.018122706534999325	0.022549998601267617	0.024666341512066196	0.026734032861696993	0.031672166320227006	0.03481019201554904	0.039869954376998515	0.04337286678107892	0.05003813066106525	0.0525436860612061	0.06052254209272257	0.06757701846205118	0.0751423362236415	0.08487264845719818	0.09367858102856698	0.10547658461175445	0.11924497642223718	0.13279443620746484	0.14824130687823608	0.16453957986944354	0.179937798979047	0.19258720488267067	0.2074989083805963	0.23360047094711212	0.2510420556257625	0.2861198312277343	0.3179136264508808	0.3423853617182758	0.383009415293375	0.4143896722465953	0.44988098611849325	0.4665441458184591	0.5063897744148738	0.5302290393870877	0.5819456489084415	0.62312919543697	0.6621477474935323	0.7201404084055303	0.7649728220216426	0.8076645669463726	0.8454668299737403	0.8867476796246045	0.915379123371845	0.9924188704810301	1.0329456209337937	1.064788067718108	1.1171857990958107	1.1601208018263798	1.2007205296208947	1.2499802353032756	1.2946423684553008	1.3087513211939579	1.340618093758856	1.3512971114351846	1.379296084887244	1.41702537057286	1.4379212160944228	1.4507409024621338	1.490489227936213	1.490708159961468	1.5029197018145817	1.518609830291192	1.5152528725706147	1.4958165738840852	1.509122775863474	1.4957922481035013	1.5025061635446555	1.5201423544679769	1.5378758485136341	1.5179530342154266	1.5276346948878157	1.5047441353583735	1.4737774166750794	1.4603252600121872	1.4299423600629064	1.414738747197974	1.3910211111286799	1.4102384777899541	1.388515555728539	1.4050084349644174	1.386253258134237	1.3517106497051108	1.3315202518204805	1.3039104908577634	1.2643324458477716	1.250539728256705	1.2346063419742561	1.2178215533713708	1.2194027291093237	1.2060722013493512	1.1900658377251503	1.173743238953359	1.1478606084120981	1.1046336963145225	1.079626793874282	1.073326416703054	1.0393433012273574	1.0516034946416386	1.0324834311026998	1.021439526717613	1.0159175745250695	0.9972110492560569	0.9743934670683664	0.9517704911253471	0.9250121324830662	0.9022918534177113	0.8812987047738128	0.8880612717761347	0.8529348446129952	0.8639300974369142	0.855878264063646	0.8380961184568211	0.817662462766352
FGC2634_s_1_1_CCATCTCGCC-TTCTATGGTT_FGC2634_s_1_2_CCATCTCGCC-TTCTATGGTT	0.056119476402481196	0.0004205956475560689	0.00006008509250800984	0	0.00004005672833867323	0.000020028364169336615	0.000020028364169336615	0.000020028364169336615	0	0	0	0	0	0.000020028364169336615	0	0	0	0	0	0	0.00006008509250800984	0.000020028364169336615	0.000020028364169336615	0.000020028364169336615	0	0.000020028364169336615	0.000020028364169336615	0	0.000020028364169336615	0	0.00004005672833867323	0.007510636563501231	0.006729530360897102	0.006148707799986341	0.006168736164155677	0.005708083788260935	0.006148707799986341	0.0058883390657849645	0.005788197244938282	0.004806807400640788	0.005688055424091599	0.004586495394778085	0.006188764528325014	0.00496703431399548	0.005728112152430271	0.00662938854005042	0.005668027059922262	0.005788197244938282	0.006469161626695726	0.00608862270747833	0.00662938854005042	0.007771005297702606	0.006989899095098479	0.008672281685322754	0.009894011899652288	0.009513472980434892	0.01059500464557907	0.010414749368055039	0.013158635259254156	0.013439032357624869	0.016303088433840006	0.018966860868361773	0.02337310098561583	0.02499539848333209	0.026858036351080403	0.03152464520253583	0.03448884309959765	0.03761326791001416	0.042620358952348315	0.047126740890449055	0.05507800146567569	0.06529246719203737	0.06915794147671933	0.0819961229092641	0.09287152465321388	0.1024050259978181	0.11538340597954824	0.12637897790851405	0.140418861191219	0.15676200635339768	0.1759692075917915	0.1964782525011922	0.21965106984511462	0.24614859564114697	0.2797361623531245	0.3110204671856283	0.34368672914581627	0.3657980431887639	0.38792938559588086	0.4180520453065632	0.4475938824563347	0.4879310078933786	0.5287688424346559	0.5836065035302996	0.6423096389106252	0.6894964648935823	0.730174072521505	0.7722536656412812	0.8037983392079864	0.8221843775154374	0.9154965261803767	0.9469811146545739	0.9996156556915905	1.0574575714126346	1.1229703506105346	1.151911336835226	1.2109549544064304	1.2381935296767281	1.2507713423750715	1.2605251557255386	1.28946614195023	1.3116976261781936	1.3638915432034848	1.4016249812985149	1.4253185361108403	1.4640333640501677	1.4884479399725892	1.4932146906448913	1.4946767612292529	1.4901904076553214	1.4853235151621726	1.483380763837747	1.4946967895934222	1.491412137869651	1.5175691814748047	1.545849231681908	1.5444873029183932	1.5415030766571618	1.538298538390068	1.4919529037022232	1.4717242558911932	1.4542995790638704	1.436854873872378	1.4403398092378425	1.4506143600567123	1.44464590753425	1.4429434965798564	1.4467088290436918	1.4124803546782954	1.4002830808991693	1.3585039132419332	1.3143613986127154	1.2926506518531544	1.306009570754102	1.2998408345899464	1.2948537719117814	1.3079923788068664	1.2822359024850996	1.2644907718310672	1.254176164283859	1.196234106741968	1.1728409773921828	1.154354797263885	1.1220290174945757	1.1375309713616424	1.1324037101342923	1.115199345312832	1.1115541830340128	1.1023611638802873	1.069855128833454	1.05397263604717	1.0170403325189132	0.9942680824583775	0.9735988106356221	0.9689121734199974	0.9606604873822308	0.9555933112473886	0.9520082340610773	0.9481427597763954	0.9445977393184227
FGC2634_s_1_1_CCGTATGTTC-CATACACTGT_FGC2634_s_1_2_CCGTATGTTC-CATACACTGT	0.042141290635147016	0.0006947834854241106	0.00005344488349416235	0	0	0.00008016732524124352	0	0	0.000026722441747081175	0	0.000026722441747081175	0.000026722441747081175	0	0.000026722441747081175	0.000026722441747081175	0	0.000026722441747081175	0	0	0.00005344488349416235	0	0.000026722441747081175	0	0.000026722441747081175	0	0.00008016732524124352	0	0.000026722441747081175	0	0.00005344488349416235	0.000026722441747081175	0.006306496252311156	0.005718602533875372	0.005397933232910397	0.0056117127668870465	0.005023819048451261	0.005451378116404559	0.0051039863736925045	0.0051039863736925045	0.004890206839715855	0.00569188009212829	0.006787500203758619	0.006226328927069914	0.006894389970746944	0.006253051368816995	0.006760777762011537	0.0076960632231593785	0.006359941135805319	0.008150344732859758	0.009272687286237168	0.010555364490097063	0.013174163781311019	0.015285236679330431	0.015899852839513298	0.017182530043373195	0.01777042376180898	0.02383641803839641	0.024023475130625974	0.027978396509193988	0.033082382882886494	0.03957593622742722	0.04313002097978902	0.051841536989337474	0.05825492300863696	0.06635182285800255	0.07487628177532145	0.0848971974304769	0.08989429403718108	0.10215989479909132	0.11314281835714168	0.12727899004134763	0.14788199262834723	0.16362151081737802	0.19005000570524133	0.21369936665140815	0.24012786153927143	0.268961376184372	0.2980888376886905	0.31644715516893523	0.3435971559839697	0.3799931216434943	0.41216694150698	0.4537470608654383	0.5004044441558421	0.5486918963928177	0.5964448997948518	0.6519474113035394	0.6906147845115659	0.7286675415594095	0.7706752199858211	0.8043722190288904	0.8614780770424029	0.9035659227940557	0.9335485024342808	1.0030001285349448	1.0662254257085388	1.111012238076647	1.1468737549012298	1.1842050060219023	1.1829757737015365	1.2679798608990018	1.273351071690165	1.300367460296464	1.305578336437145	1.3557898044799104	1.3837414785473574	1.4256155447650336	1.4433859685268426	1.4337124446143992	1.4454168740996207	1.4365450234395898	1.4081123454206954	1.4493183505946945	1.4459246004928152	1.4288222377746833	1.4562127405654415	1.4687990106283169	1.465538872735173	1.471845368987484	1.449077848618971	1.4150869027166837	1.4011110656829602	1.3758850806737155	1.3561104737808753	1.3545071272760505	1.3515142138003775	1.3430699222082998	1.3606532888778793	1.3470515660286149	1.306593789223534	1.2923774502140868	1.2714805007678693	1.2336682456957495	1.225544623404637	1.210740390676754	1.1865031360121512	1.1886943762354119	1.1997841895604506	1.1853540710170267	1.1687059898085952	1.1266983113821836	1.0967958990671998	1.0579949136504379	1.0487489488059478	1.0550287226165118	1.0309250801606447	1.022480788568567	1.014009774534742	1.0167889084764388	0.9842142519867467	0.9595761606959378	0.9444779811088371	0.9253179903761798	0.8977938753766863	0.8715257151393054	0.8671165122510369	0.8514304389455003	0.8541561280037027	0.8498805373241696	0.8384700546981659	0.8130570125966917	0.8006310771842992	0.7738551905537236	0.7606008594471715	0.7456630145105531	0.726235799360425	0.7160278266130401	0.7227351594915574	0.7076904247879507	0.7050983479384838
FGC2634_s_1_1_CCTCCGTCCA-CACATCGGTG_FGC2634_s_1_2_CCTCCGTCCA-CACATCGGTG	0.09639211597378326	0.0009342907945395775	0.0001868581589079155	0.00005338804540226157	0	0	0	0	0	0	0.000026694022701130786	0	0	0	0	0	0	0	0	0	0	0.000026694022701130786	0	0	0.000026694022701130786	0	0	0.000026694022701130786	0	0	0.000026694022701130786	0.008755639445970898	0.008328535082752806	0.008782333468672028	0.008061594855741497	0.0074476323336154894	0.008702251400568635	0.00747432635631662	0.008462005196258459	0.007527714401718882	0.008408617150856198	0.008622169332465244	0.009342907945395775	0.00920943783189012	0.008622169332465244	0.009342907945395775	0.009129355763786729	0.010437362876142137	0.011264877579877191	0.012706354805738253	0.01388089180458801	0.01761805498274632	0.018098547391366675	0.018819286004297203	0.020954807820387666	0.022022568728432897	0.025599567770384423	0.02866938038101446	0.030831596219806058	0.03699791546376727	0.04038805634681088	0.04650098754536983	0.049410636019793085	0.0541087840151921	0.05424225412869776	0.06219707289363473	0.06726893720684958	0.07268782381517913	0.07866728490023242	0.08755639445970897	0.09484386265711768	0.10939210502923397	0.11358306659331148	0.1251148844002	0.13280276293812565	0.14075758170306263	0.1514084967608138	0.16264668031798987	0.1713222376958574	0.1866979947717087	0.19387868687831292	0.20957477222657778	0.2285809163897829	0.24374312128402517	0.2545808945006843	0.2729730761417634	0.2930736752357149	0.3081557980618538	0.3128005580118505	0.338613677963844	0.35075945829285854	0.37243500472617674	0.3887183585738665	0.41012696478017335	0.43986410606923304	0.45879016816433477	0.4787572971447806	0.4899153986338533	0.5212274872622797	0.5359358937706028	0.5828105976337885	0.6046996962487157	0.6240795567297367	0.6538967800868998	0.6776544602909061	0.6991698425880175	0.7236215673822534	0.7539993652161401	0.7803730596448574	0.8105906933425375	0.8290095690063177	0.8450526766496973	0.8817836518864532	0.9111470768576971	0.9246542523444692	0.9782825439510411	1.0125843631219942	1.0271859935395125	1.0689621390667823	1.0824693145535544	1.109323501390892	1.1293707124394414	1.1528614524164364	1.1775801174376834	1.2110811159276025	1.246237143824992	1.2719167936634797	1.322822294954536	1.3365697166456185	1.342816117957683	1.3635840676191628	1.3815224508743227	1.4007421472191368	1.4251137899452693	1.444653814562497	1.4456414934024389	1.502820090028261	1.5137112512903224	1.5094669016808426	1.511602423496933	1.5203046748975018	1.5192903020348587	1.546731757371621	1.5415531169676018	1.5612799997437374	1.5694750647129847	1.5920849019408423	1.6022553245899733	1.6209144464580636	1.619579745323007	1.5885345969215918	1.6211279986396727	1.5961957814368166	1.5762553464790718	1.6063395100632463	1.5879206343994658	1.5861588289011912	1.6080212334934174	1.590803588851188	1.5941136476661282	1.5731855338684417	1.5845304935164222	1.5678734233509166	1.5499083460730556	1.542620877875647	1.5350130814058247	1.5287933741164612	1.5121896919963578	1.5320500448859993	1.5475058840299538
FGC2634_s_1_1_CCTCTACATG-GATACCTCCT_FGC2634_s_1_2_CCTCTACATG-GATACCTCCT	0.062183316053139724	0.0006345236331953033	0.0001087754799763377	0	0	0	0.00001812924666272295	0	0	0	0	0	0	0	0.00001812924666272295	0.00001812924666272295	0	0	0	0.00001812924666272295	0.0000362584933254459	0	0.00001812924666272295	0.0000362584933254459	0	0	0	0.0000362584933254459	0.00001812924666272295	0.00001812924666272295	0	0.009699146964556779	0.009554112991254995	0.008448228944828896	0.007958739284935375	0.007668671338331808	0.007904351544947208	0.007179181678438289	0.00804938551824899	0.008303194971527112	0.008176290244888052	0.008158160998225328	0.00951785449792955	0.008557004424805233	0.008937718604722415	0.008158160998225328	0.008992106344710584	0.010460575324391142	0.009662888471231333	0.01026115361110119	0.011675234850793581	0.013034928350497802	0.01492037000342099	0.01617128802314887	0.01566366911659263	0.01622567576313704	0.01916261372249816	0.020504177975539658	0.023096660248309038	0.02639618314092462	0.031490501453149765	0.032868324199516706	0.038162064225031815	0.04135281163767105	0.04653777618320982	0.051015700108902384	0.05475032492142331	0.0617663433798971	0.0665887229921814	0.0755083123502411	0.08749174439430096	0.0996020811649999	0.1113860914957698	0.12373210847308415	0.13645883963031563	0.14679251022806775	0.1607520301583644	0.17639757002829431	0.19220627311818875	0.21055307074086432	0.23955986540122107	0.26387118517593255	0.29737403300864457	0.33024235720816125	0.3553694930826953	0.3941660809409224	0.4194019922954328	0.43928977588443985	0.4715779641907494	0.5110272049288346	0.5492980446338427	0.60600632819484	0.6484106361389491	0.7005140910476149	0.7536509130160558	0.7991915806328159	0.8328575916854923	0.8620275495658136	0.8899465894264069	0.9239570561656751	1.0247737968570776	1.0576058625632687	1.1160545538038877	1.176098618750826	1.2180496955283668	1.2501565913680492	1.2867595403800869	1.293231681438679	1.300102665923851	1.327205889684622	1.3547623446119605	1.385437029965288	1.4308326636087463	1.4500677943178952	1.4971857063943121	1.5182156325230707	1.5145172662038753	1.5050719286925967	1.4899158784825604	1.4897164567692702	1.4727656111396243	1.4881754708029389	1.4890638038894124	1.5138102255840291	1.5255398481748108	1.5372150830256046	1.5172003947099584	1.5092597846716858	1.4792921399382046	1.4228376658304853	1.4153140284654553	1.3921267219838327	1.3885371311446135	1.3834972005723767	1.4104916488531711	1.3914196813639865	1.3868511112049804	1.3665463549427306	1.322872999732231	1.3000664074305255	1.2509724074678719	1.2138437103026152	1.2141700367425443	1.2204971438278345	1.2112330987831832	1.2162911586020828	1.2171976209352189	1.1866498403085308	1.1592746778478191	1.1219646882159353	1.0808112982915543	1.0640417451285353	1.0409813433735517	1.032931957855303	1.028399646189622	1.035143725948155	1.0188817916916926	1.008965093767183	0.9886603375049334	0.9611763995642455	0.9335474276502557	0.906244782176195	0.8842721352209747	0.8705301662506307	0.8732132947567136	0.8593444210597305	0.8612298627126538	0.8424660924167356	0.8335646323053386	0.8260409949403086
FGC2634_s_1_1_CCTGTCTGTC-ACTGTTGTGA_FGC2634_s_1_2_CCTGTCTGTC-ACTGTTGTGA	0.0673017935116019	0.0006561227736934135	0.00006561227736934136	0.00001640306934233534	0.00001640306934233534	0.00001640306934233534	0	0.00001640306934233534	0	0	0	0	0	0.00001640306934233534	0	0	0	0	0	0	0	0	0.00001640306934233534	0.00001640306934233534	0.00001640306934233534	0.00001640306934233534	0.00001640306934233534	0.00001640306934233534	0.00001640306934233534	0.00003280613868467068	0.00001640306934233534	0.006167554072718086	0.006151151003375752	0.006446406251537788	0.006151151003375752	0.005724671200475033	0.006594033875618806	0.005937911101925392	0.006151151003375752	0.00562625278442102	0.005921508032583057	0.005937911101925392	0.00608553872600641	0.0063315847661414406	0.0062495694194297634	0.005954314171267727	0.0054786251603400025	0.006676049222330483	0.007086125955888866	0.007200947441285213	0.007988294769717309	0.008890463583545753	0.009087300415653777	0.009628601703950843	0.011055668736734017	0.011974240619904796	0.013696562900850006	0.013778578247561684	0.014746359338759469	0.017370850433533123	0.019929729250937438	0.023522001436908874	0.025785625006151152	0.027868814812627738	0.03260930185256265	0.03452846096561588	0.03851440681580337	0.04254956187401787	0.047782140994222844	0.05214535743928404	0.06115064250822615	0.0684664114349077	0.07968611086506507	0.09085660108719544	0.1024863772509112	0.11127842241840294	0.12153034075736253	0.13275004018751987	0.14702071051535165	0.1605040335147513	0.18041735969634637	0.19739453646566346	0.2235082228586613	0.2522792064851175	0.27621128465558475	0.30486744679664457	0.3359840693390547	0.35699640116658626	0.38202748498299005	0.41283244920789575	0.4389461356008937	0.4841693977777122	0.5191243385462287	0.5663651782521545	0.613786451720846	0.6553846355730084	0.7030847612205195	0.7476519006236447	0.7734047194911111	0.8065389195626285	0.8903422008326198	0.919556067331319	0.9633030532673275	1.021451934085906	1.067232900620364	1.1055504706040595	1.1590244766600728	1.1939958204979315	1.2081844754790516	1.249585822499106	1.2729930024506186	1.298155310821761	1.3489720196443158	1.3717066737527925	1.412960393148766	1.451113932439038	1.4676810324747966	1.4674349864346616	1.4823617795361868	1.4985188028383871	1.4957958933275595	1.5049324029512403	1.5231398099212323	1.535934204008254	1.5390507871832977	1.545628417989574	1.545136325909304	1.5564872498942002	1.5448738767998267	1.5089675580094548	1.4988960734332608	1.4936634943130558	1.4834115759740962	1.47156855990893	1.4901368344044537	1.4580524307708458	1.4695017731717959	1.4607917433510158	1.4204401927688708	1.4131900361195586	1.3782843045590691	1.3471348758779744	1.332158873568422	1.3102771790657468	1.3240721603826509	1.3234160376089574	1.3053562582630462	1.2864927285193606	1.2756502996840768	1.2509144711158353	1.1980637816948307	1.189370154943393	1.1612716971599726	1.1545300356602728	1.1550549338792273	1.1433103362301154	1.1287280075847792	1.111898458439543	1.0860472211560228	1.0668064208174632	1.0482873555299668	1.022911807257374	0.9881044941129384	0.9752444877485476	0.9731777010114132	0.9582016987018611	0.9501149855160897	0.9452432739214163	0.9315139048818816	0.9123387168206916
FGC2634_s_1_1_CGACATCCGA-TACGTTCATT_FGC2634_s_1_2_CGACATCCGA-TACGTTCATT	0.045458765790220235	0.0005789559794037482	0.00006432844215597203	0	0.00004288562810398135	0.00006432844215597203	0	0	0.000021442814051990675	0.000021442814051990675	0	0	0	0.00004288562810398135	0.000021442814051990675	0	0	0.000021442814051990675	0.000021442814051990675	0	0.000021442814051990675	0.000021442814051990675	0.00004288562810398135	0	0.00015009969836393474	0	0.000021442814051990675	0.00006432844215597203	0.00010721407025995338	0.000021442814051990675	0.00006432844215597203	0.006239858889129286	0.007676527430612662	0.007204785521468866	0.00696891456689697	0.005232046628685725	0.0064971726577531756	0.00570378853782952	0.0067544864263770635	0.007226228335520858	0.007226228335520858	0.007526427732248727	0.008148269339756457	0.007890955571132568	0.008319811852172381	0.008405583108380346	0.00952060943908386	0.010292550744955524	0.0135733012949101	0.01522439797691338	0.017990520989620177	0.020413558977495125	0.024573464903581317	0.0282830717345757	0.02892635615613542	0.03377243213188531	0.040269604789638494	0.04192070147164177	0.05268499412574109	0.06194828979620106	0.07191919833037673	0.08289791912499596	0.10236799428420348	0.11759239226111687	0.13461798661839747	0.1515363669054181	0.16474514036144436	0.18657392506637088	0.20158389490276435	0.2375649368820047	0.269085873538431	0.3049168158193074	0.3477595582951848	0.39579146177164387	0.4385913186194173	0.48771680561252795	0.5340976124069837	0.5688778567993126	0.5966034153685366	0.6486665678867699	0.6973417557847887	0.7475822691086029	0.8015967177055674	0.8764321387470149	0.9426261057255102	1.0084341020510696	1.0704252774753744	1.094655657354124	1.108143187392826	1.1391280536979527	1.161492908754179	1.2126554630822286	1.2387299249694494	1.2625957770093148	1.3288111868018622	1.3793518995224041	1.3906737053418554	1.4138105017039533	1.410036566430803	1.38005951238612	1.4469825350423828	1.4162549825058801	1.4227092695355292	1.418999662704535	1.4359609286196597	1.4339453040987724	1.4741505804462551	1.4519358250883927	1.4317366942514174	1.400601728247927	1.3955197813176052	1.3554217190403828	1.3551215196436548	1.3573515723050618	1.331598752628621	1.3376670690053343	1.3421915027703044	1.3190332635941544	1.3138869882216766	1.283802720106734	1.2452056548131505	1.2308604122123687	1.2105969529332377	1.1861092592858642	1.175473623516077	1.1624792782005704	1.1612784806136591	1.1566468327784292	1.1350753618421263	1.0934763025812646	1.080975141988954	1.0481461936753562	1.0302843295700481	1.0127869933036235	1.0118006238572321	0.9825955111184207	0.9740183854976244	0.9649695179676845	0.9610025973680661	0.9306610154844993	0.9024208293780277	0.8772040800528865	0.8628802802661567	0.8473771257065675	0.844203589226873	0.8320455136593942	0.8270064523571765	0.8092518023221281	0.8051347820241459	0.7893743136959328	0.7553445677954235	0.733687325602913	0.7164044174770086	0.7091996319555396	0.7012229051281991	0.6926457795074028	0.680745017708548	0.6725967483687916	0.6642554937025672	0.6501890076844613	0.6426625799522125	0.6169740887179277	0.6065314382746083	0.5919717675333066	0.5881763894461043	0.5718369651384874	0.5763399560894054	0.5673768598156732	0.5649109361996943	0.5593358045461768
FGC2634_s_1_1_CGAGGCCAAG-GTGTTACCGG_FGC2634_s_1_2_CGAGGCCAAG-GTGTTACCGG	0.08796721926040592	0.001083850500037616	0.00019126773530075576	0.00003187795588345929	0	0.00003187795588345929	0	0.00003187795588345929	0.00003187795588345929	0	0	0.000015938977941729647	0.000015938977941729647	0	0	0	0.000015938977941729647	0	0	0	0.000015938977941729647	0.000015938977941729647	0	0	0	0.000015938977941729647	0.00003187795588345929	0.000015938977941729647	0.000015938977941729647	0.00004781693382518894	0.000015938977941729647	0.005275801698712513	0.005658337169314025	0.005578642279605377	0.004701998492810246	0.0047498154266354346	0.005227984764887324	0.004781693382518894	0.004829510316344082	0.004893266228111002	0.00543519147812981	0.005514886367838458	0.005387374544304621	0.0051482898751786755	0.005706154103139213	0.005961177750206888	0.006056811617857266	0.006614675845817803	0.006821882559060288	0.007794160213505798	0.00946775289738741	0.010041556103289677	0.011539820029812265	0.012862755198975824	0.013595948184295388	0.014568225838740897	0.015859283052021	0.01853703134623158	0.020640976434539896	0.02389252793465274	0.028227929934803206	0.031399786545207406	0.034093473817359714	0.038301363993976344	0.04496385677361933	0.04732282550899532	0.0504309262076326	0.05825696437702186	0.06539762649491675	0.0730642748848887	0.08428531535586636	0.09748278909161852	0.10889509729789695	0.12073775790860208	0.13388741471052903	0.14325953374026607	0.15417773363035087	0.17179030425596215	0.18691639432266358	0.20717483528660194	0.23798487964796533	0.26001254716343575	0.29149202859835177	0.3186679859890008	0.3518688770416237	0.3738965445570941	0.4012000137712769	0.42724430372806316	0.4529698141260148	0.4926738081788634	0.5335094696655748	0.5831434469761209	0.6327455463307835	0.683479313119309	0.7316947213930411	0.779989824556482	0.8034201221308246	0.8263881893448569	0.8560028103605908	0.891945205619191	0.9855867010268526	1.0272990063003593	1.0943064695673905	1.1548427077900798	1.2061343388065657	1.2323220795648275	1.2687426441616798	1.2768874618899038	1.2776525328311068	1.2995845664789267	1.3299164415020384	1.371134638459351	1.427447047527482	1.4856243170147951	1.4977538792284515	1.524308216479373	1.5178210524570892	1.5070941203023052	1.5057233681993163	1.4922230538826713	1.4675813939847573	1.502025525316835	1.5202278381262904	1.5525202074362345	1.56399627155428	1.577002477554731	1.5482166833919675	1.5353061112591664	1.4848114291397672	1.4603291590212701	1.4261719292921435	1.4032994959457616	1.41047203601954	1.425263407549465	1.452088707425396	1.4246258484317957	1.4245302145641454	1.389241317401156	1.3438789861789935	1.3089726244866056	1.262191724227629	1.238904877454762	1.2374066135282393	1.230297829366228	1.2305687919912374	1.244037228351999	1.233772526557525	1.211728920064113	1.1671954156949205	1.1336916840614046	1.0817784329051912	1.0673217799120422	1.032797953690256	1.0334514517858668	1.0459635494701245	1.035109105491807	1.0341687057932447	1.0230592381678592	0.9865908566371817	0.948958929716758	0.9323664536794174	0.9113748197301594	0.8723402627508635	0.8529584655737203	0.8719896052361455	0.8576445250885889	0.8677020201698202	0.8474595181838235	0.8257028132933626	0.8213674112932121
FGC2634_s_1_1_CGGTTACGGC-AAGACTATAG_FGC2634_s_1_2_CGGTTACGGC-AAGACTATAG	0.05114414142412721	0.0005566406336975099	0.00013359375208740239	0.00006679687604370119	0.000022265625347900396	0	0.000022265625347900396	0	0.000022265625347900396	0	0.000022265625347900396	0	0	0	0	0.000022265625347900396	0	0.000022265625347900396	0	0	0	0.00004453125069580079	0	0	0.000022265625347900396	0	0	0	0.000022265625347900396	0.00004453125069580079	0	0.006479296976239016	0.006568359477630617	0.006011718843933107	0.0056109375876709	0.0052992188328002945	0.0052992188328002945	0.004920703201885987	0.005477343835583497	0.0049875000779296885	0.0049875000779296885	0.0056109375876709	0.005254687582104493	0.006033984469281007	0.005232421956756593	0.005677734463714602	0.005878125091845704	0.00672421885506592	0.007236328238067628	0.006991406359240724	0.008639062634985354	0.009730078277032473	0.010464843913513187	0.012602343946911624	0.01233515644273682	0.013804687715698245	0.015407812740747073	0.01634296900535889	0.019348828427325444	0.0224882816013794	0.025538672274041756	0.030682031729406745	0.033376172396502694	0.03515742242433473	0.04384101631001588	0.04824961012890015	0.05245781331965334	0.05528554773883668	0.06679687604370119	0.07220742300324098	0.08008945437639772	0.09191250143613283	0.10729804855153201	0.12059062688422856	0.13301484582835696	0.15089414298272097	0.16754883074295046	0.18246679972604374	0.19938867499044804	0.2184925815389466	0.24082500376289068	0.26587383227927863	0.2952644577385072	0.32659219260300304	0.3613710993964234	0.39828750622324227	0.4348253974191469	0.461388288459192	0.4979707109057923	0.5267824301059755	0.5641664150651002	0.616290244004535	0.6543867289747927	0.7075793079309267	0.7762910277545473	0.8194418096787783	0.8651531385180178	0.9239566550618228	0.9562195461909303	0.970180093284064	1.0479984538749758	1.0919507983117311	1.124859392575928	1.1816812684637699	1.2415758006496218	1.2651328322677005	1.344109005376703	1.358737521230274	1.3681558807524357	1.3884621310697207	1.3913343967396	1.424643772260059	1.4587769759183902	1.4820890856576419	1.4976750234011722	1.5265312738520511	1.5373968990218265	1.536862524013477	1.5626015869156498	1.5367511958867375	1.506247289160114	1.5049336172645877	1.5273105707392276	1.5038203359971927	1.5185824456028507	1.5155543205555364	1.5092086173313848	1.5316078364313723	1.5060468985319828	1.4582426009100407	1.4358433818100529	1.408100412626569	1.38910783420481	1.39759103746236	1.3810922090795656	1.3552863493013494	1.3621886931591984	1.348628927322327	1.3156535361820865	1.3050105672657901	1.2642644728791324	1.2260121285314396	1.2136324408380068	1.200406659381354	1.1770945496421024	1.1785640809150637	1.1584359556005617	1.1433398616146853	1.1396882990576296	1.1136375174005861	1.0671691572995181	1.0471968913624514	1.0234840003669377	0.9981011874703312	0.99609728118902	0.969712515151758	0.9595593899931155	0.9628769681699525	0.9491168117049501	0.9206836081356813	0.9025148578517947	0.8772879043326236	0.8462496225976504	0.8356734505573976	0.8323336067552126	0.8121164189393191	0.8012285281441958	0.7942148561596072	0.7851750122683595	0.7749996214843691
FGC2634_s_1_1_CGTTATTCTA-CCATAAGGTT_FGC2634_s_1_2_CGTTATTCTA-CCATAAGGTT	0.0546148115368888	0.0005601519131988596	0.00017504747287464358	0.00001750474728746436	0	0.00005251424186239308	0.00001750474728746436	0	0	0	0	0	0.00001750474728746436	0.00003500949457492872	0	0	0	0	0	0	0	0	0	0	0.00001750474728746436	0.00003500949457492872	0	0	0	0.00003500949457492872	0	0.005776566604863239	0.0067218229583863144	0.005671538121138453	0.005549004890126202	0.005478985900976344	0.0053389479226766305	0.0050063577242148065	0.005443976406401416	0.004411196316441018	0.004988852976927343	0.00477879600947777	0.0058115760994381675	0.004813805504052699	0.004708777020327913	0.00477879600947777	0.004936338735064949	0.0050588719660771995	0.0059691188250253465	0.005391462164539023	0.005846585594013096	0.0066693087165239215	0.007509536586322211	0.0075795555754720675	0.0076845840591968535	0.00915498283134386	0.010012715448429613	0.010345305646891437	0.011710675935313658	0.012918503498148697	0.013618693389647272	0.0164544624502165	0.018975146059611366	0.021530839163581162	0.023071256924878027	0.025837006996297394	0.02951300392666491	0.0308433647205122	0.03616480789590137	0.04180133652246489	0.046650151521092524	0.05484237325162584	0.06030385440531472	0.0700364938971449	0.07908644824476399	0.08834645955983263	0.09926942186721038	0.10905457560090298	0.11785946348649753	0.13420889745298925	0.15101345484895504	0.16921839202791797	0.1847626076191863	0.213890507105527	0.23489620385048426	0.26243117133366567	0.2821065072847756	0.3103066551648807	0.33255518896724795	0.3635035821714849	0.38921805593677006	0.4282886518823905	0.46777936176291013	0.513991894601816	0.5552155744637945	0.6030035345585723	0.6474130784268695	0.6752106171193628	0.7088897509004443	0.7493257171344868	0.8169290511586743	0.864874553979039	0.9109820583342202	0.9752594903737893	1.0246753919663014	1.0659515860701423	1.1116389764904242	1.1558734728858466	1.1563636058098956	1.2045716798395725	1.2317215428824297	1.2735928983940445	1.3291179567898814	1.3594536838390572	1.3994870408854883	1.430015320154826	1.4545744805991383	1.455799812909261	1.4776107280294417	1.4838599228110663	1.4939776667432207	1.5133379172431562	1.5367767738610711	1.5362516314424473	1.5565746430431933	1.5799959949138207	1.5737993143740585	1.5971331425082482	1.580118528144833	1.5460542899234273	1.533153291172566	1.5135829837051809	1.5044805151156995	1.5050056575343231	1.5292147230328865	1.5101870627314127	1.5217927101830016	1.5061609708552959	1.482599581006369	1.4536817384874778	1.4123880396363495	1.3890192020075844	1.3824024075329229	1.3714094262363954	1.3666306302269176	1.3606440066546048	1.3567579527567877	1.344294572688113	1.328347747909233	1.301390437086538	1.2502765750071418	1.232071637828179	1.2079676008133406	1.1932636130918706	1.204064042168236	1.1831633739070035	1.1799249956588227	1.1564511295463331	1.1388413537751438	1.1088207121771423	1.0860995501980137	1.0736186653820516	1.0403771502831567	1.021279470992533	1.0151528094419207	0.99831324255138	1.0016041350414233	0.991713952824006	0.9781827831707959	0.9631637099981515
FGC2634_s_1_1_CTAGTGCTCT-TGGAACAGTA_FGC2634_s_1_2_CTAGTGCTCT-TGGAACAGTA	0.06257666049568561	0.0005052496929122087	0.00014860285085653197	0.00005944114034261279	0.000014860285085653198	0.000029720570171306396	0.000014860285085653198	0	0	0	0	0	0	0.000014860285085653198	0	0	0	0.000029720570171306396	0	0	0.000014860285085653198	0.000029720570171306396	0.00004458085525695959	0.000014860285085653198	0.000029720570171306396	0.000014860285085653198	0	0.00007430142542826599	0.000014860285085653198	0	0.00004458085525695959	0.005661768617633868	0.005899533179004319	0.005305121775578191	0.005676628902719521	0.005082217499293394	0.005275401205406885	0.0051119380694646995	0.0058400920386617065	0.005453724626434724	0.00548344519660603	0.005736070043062134	0.006642547433286979	0.005632048047462561	0.006791150284143511	0.0065088048675161	0.007385561687569639	0.007801649669967929	0.008856729911049306	0.010535942125728117	0.011382978375610349	0.014310454537484028	0.015974806467077187	0.017015026423072913	0.018530775501809538	0.020105965720888776	0.02306316245293376	0.02550024920698089	0.03080537098255908	0.03593216933710943	0.04220320964325508	0.05095591755870481	0.05893589064970058	0.06609854806098542	0.07526734395883344	0.08397547101902621	0.0937238180352147	0.10225362167437964	0.11914976581676733	0.13632825537578241	0.15301635552697096	0.18267748455793476	0.20630533784412333	0.23468848235772094	0.26506290507279606	0.2904888528543487	0.32413253828826755	0.3495436257847345	0.37216097968509865	0.4130564842408163	0.46491887918974595	0.5063344937234614	0.5555963387824018	0.6116493341254856	0.673378958371289	0.7329835618498439	0.775186771493099	0.7952778769289022	0.8238987860038701	0.8741116893082924	0.9235964386435175	0.9842709826482394	1.039699846017726	1.0855141049367947	1.1389219695346322	1.190442577926592	1.2235958739526842	1.230030377394772	1.2345479040608107	1.2460497647171063	1.3244377685439268	1.328925574639794	1.3577396674208757	1.390209390333028	1.417121366623146	1.4187708582676535	1.4465595913778249	1.4332001950858226	1.4170470651977176	1.4053966016905655	1.4004184061868716	1.4077445267340987	1.4407343596242488	1.4392780516858548	1.4372273323440348	1.4375542586159191	1.442309549843328	1.4069272110543878	1.3870738701799552	1.3549905146800298	1.3367123640246763	1.3316895876657255	1.343027985186079	1.3312883599684129	1.324006820276443	1.3165766777336163	1.3025188480425882	1.3030835388758433	1.2557683911631234	1.2180529876157355	1.193176870382352	1.1618959702770522	1.1567691719225017	1.1630847930839043	1.1558775548173628	1.1419980485473626	1.1411064314422232	1.1229768836377265	1.0986951778077692	1.071144209258968	1.02625128801521	1.0021627658913659	0.9923252571646635	0.9956836815940211	0.9845236074946957	0.9775838543596956	0.9761721272765586	0.9582060426080038	0.9458571457018261	0.9187222651354233	0.8777078782990204	0.8703223166114509	0.8485965798162258	0.837451366001986	0.850260931745819	0.8267222401701443	0.8366934914626176	0.8255482776483777	0.8063636496027994	0.7880260578071033	0.7754691169097264	0.7432668791291159	0.7242159936493086	0.7164440645495119	0.7163846234091694	0.7043032116345332	0.7011082503411178	0.7029806462619101	0.6923704027107538	0.6881500817464282
FGC2634_s_1_1_CTATTACTAC-GAGTCTCTCC_FGC2634_s_1_2_CTATTACTAC-GAGTCTCTCC	0.05296104579836816	0.0006860239093052871	0.00015680546498406562	0.000039201366246016404	0.000019600683123008202	0.000019600683123008202	0.000019600683123008202	0	0.000019600683123008202	0	0	0.000019600683123008202	0	0.000019600683123008202	0	0	0	0	0	0	0.00005880204936902461	0	0	0	0	0	0	0.000039201366246016404	0.000019600683123008202	0.000019600683123008202	0.000019600683123008202	0.00611541313437856	0.006762235677437829	0.005390187858827256	0.005350986492581239	0.005252983076966198	0.006291819282485633	0.005252983076966198	0.005880204936902461	0.006017409718763518	0.00654662816308474	0.005546993323811322	0.006252617916239617	0.005194181027597174	0.0066054302124537645	0.0060762117681325434	0.006938641825544904	0.006154614500624577	0.00795787734794133	0.007683467784219216	0.00850669647538556	0.010525566837055404	0.011093986647622643	0.011407597577590774	0.013269662474276554	0.013838082284843792	0.015562942399668513	0.016542976555818923	0.018836256481210883	0.02189396304840016	0.024598857319375292	0.026206113335461967	0.032497932617947596	0.036594475390656314	0.04078902157898007	0.04437594659049057	0.05000134264679393	0.05415668746887167	0.06115413134378559	0.06750475267564025	0.07275773575260645	0.08508656543697861	0.0960433473027402	0.10735294146471593	0.12360190777368973	0.13875323582777507	0.15065085048344107	0.16684101474304583	0.18273716875580548	0.19553641483512985	0.21535270547249113	0.24010836825685047	0.2621591367702347	0.298694810111522	0.32433250363641675	0.36096618039331907	0.3964042154797179	0.4233943561401002	0.4457587355834526	0.4774138388271108	0.5122442527366964	0.5468590591319289	0.5923718453435539	0.6395898909868807	0.6849066703672756	0.7426110814814118	0.795689731378518	0.8324410122341583	0.8732692351793845	0.893791150409174	0.9729387088598811	1.017745870479078	1.0542423424541192	1.1058117397507539	1.1667306628970633	1.209440551422098	1.2684190069392298	1.3003093183803642	1.3129125576284584	1.3324544387020976	1.3587977568194207	1.3734002657460618	1.416796178180402	1.452214612583678	1.4771074801498982	1.5058812829744743	1.5361251370332758	1.5368307616257042	1.5465330997715931	1.5640757111666854	1.545984280644149	1.5422013488014084	1.5394768538473103	1.5334594441285467	1.5443378232618163	1.5472583250471446	1.550845250058655	1.5639777077510706	1.5589991342378264	1.5140743685198916	1.486594210781434	1.4649550566136331	1.447549650000402	1.4348876087029385	1.426792526573136	1.4111707821240986	1.4186974444433338	1.4015664473938245	1.380966129431543	1.3459397086907272	1.323947742226712	1.2843543623182356	1.2506019859804154	1.2413700642294785	1.2244546746943223	1.228100401755202	1.2096169575702052	1.1957984759684843	1.1819995950498867	1.1594784101415503	1.1191402042743994	1.094345340123794	1.0659243495954323	1.0444420008926152	1.0311723384183384	1.0160014096811303	1.0091019692218313	1.0030845595030677	0.9879920334983515	0.9522403874819846	0.9465561893763121	0.9136466424127814	0.8917526793643813	0.8639393100128326	0.8555306169530621	0.8434369954661659	0.8292068995188621	0.8202297866485242	0.8154864213327564	0.8000802843980718
FGC2634_s_1_1_CTGCGAGCCA-AATCCGGCCA_FGC2634_s_1_2_CTGCGAGCCA-AATCCGGCCA	0.06504011989511305	0.0006560753642636813	0.00017731766601721116	0.00003546353320344223	0.00003546353320344223	0.00008865883300860558	0.00008865883300860558	0	0.000017731766601721115	0	0.000017731766601721115	0.000017731766601721115	0.000017731766601721115	0	0	0	0	0	0.00003546353320344223	0.000017731766601721115	0.000017731766601721115	0	0.000017731766601721115	0.000017731766601721115	0.000017731766601721115	0.000017731766601721115	0.000017731766601721115	0.00003546353320344223	0.000017731766601721115	0.000017731766601721115	0.00005319529980516334	0.007536000805731474	0.008067953803783107	0.0075714643389349166	0.007447341972722868	0.006738071308654023	0.0065075583428316494	0.005585506479542151	0.007394146672917705	0.006418899509823044	0.006099727710992064	0.006259313610407553	0.007394146672917705	0.005993337111381738	0.006401167743221322	0.005869214745169689	0.006117459477593784	0.005975605344780016	0.007021779574281561	0.00652529010943337	0.007677854938545243	0.008387125602614088	0.007677854938545243	0.009397836298912192	0.01047947406161718	0.0104972058282189	0.012802335486442645	0.012837799019646087	0.015639418142718024	0.01744805833609358	0.018990722030443316	0.023210882481652942	0.0247712779426044	0.028016191230719363	0.03143842218485154	0.03670475686556271	0.0390453500569899	0.04429395297109935	0.048053087490664226	0.05658206722609208	0.06441950806405282	0.07422517499480459	0.08509474792165964	0.09332228762485822	0.10990148939746748	0.12103703882334835	0.13633955340063367	0.14724458986069214	0.1658629447924993	0.1855806692536132	0.20762125513955257	0.22884617976181273	0.26661484262347873	0.28929377210708	0.3190122129315646	0.35438708730199825	0.3814102996030212	0.40898319666869754	0.4407939859521853	0.47737462045153595	0.5229452606179592	0.5709274210422165	0.6276158788679189	0.6611289177451718	0.7210977523921926	0.7574478739257209	0.8033199541243735	0.8434292101774666	0.8631469346385805	0.9102425067327518	1.014629416717084	1.0526995196109792	1.095113905322296	1.1444082164750808	1.1990220576083819	1.2300171856281903	1.27060519937953	1.2782653225514735	1.2834961936989813	1.3243147204161432	1.348252605328467	1.3755063305953121	1.4243750793496557	1.4536679577756988	1.4712756020112079	1.498422936678443	1.4987243767106722	1.4861170906568486	1.4927133078326886	1.4809748783423493	1.4786342851509222	1.4880853167496395	1.5036715395925524	1.5102322932351893	1.53218422028812	1.5253397583798556	1.5144879172196024	1.5090797284060773	1.4741126846674832	1.4548737179046158	1.4341098192140003	1.4216621190595922	1.4102960566678888	1.4122820145272819	1.4246233240820796	1.4137360193886228	1.4005613168035442	1.370754217146051	1.3432345153801797	1.3171333549424462	1.2780170778190496	1.2668992601597702	1.2627677585415693	1.2542565105727432	1.2490079076586338	1.2427840575814297	1.2351416661760877	1.2267722723400754	1.180119994410947	1.1557388153335806	1.1192113761340352	1.099511383439523	1.0880921257480147	1.0800773672440367	1.074970618462741	1.0794567554129764	1.053603839707667	1.043372610378474	1.0290276111976815	0.9968976501153628	0.9684027011863972	0.949394247389352	0.9306517700913328	0.9276373697690401	0.9229561833861859	0.9032739224582753	0.9019440399631463	0.88251002376766	0.881552508371167	0.8582352352899038
FGC2634_s_1_1_CTTGCCATTA-ATCACGAAGG_FGC2634_s_1_2_CTTGCCATTA-ATCACGAAGG	0.04255415485552662	0.000625796394934215	0.00009202888160797279	0.000018405776321594558	0	0.000036811552643189116	0	0	0.000018405776321594558	0.000018405776321594558	0	0	0	0	0	0	0	0.000018405776321594558	0.000018405776321594558	0	0	0	0	0	0	0	0.000036811552643189116	0.00007362310528637823	0	0.000018405776321594558	0.00005521732896478368	0.005043182712116909	0.004987965383152125	0.004951153830508936	0.00460144408039864	0.004914342277865747	0.0044910094224690725	0.0047855018436145855	0.004509415198790667	0.004767096067292991	0.005392892462227205	0.005908254199231853	0.005595356001764746	0.00460144408039864	0.005724196436015908	0.005153617370046477	0.005558544449121556	0.006000283080839826	0.006791731462668393	0.007601585620818552	0.00831941089736074	0.008834772634365388	0.009920713437339466	0.01106187156927833	0.012423899017076327	0.01207418926696603	0.014338099754522162	0.014908678820491593	0.01849780520320253	0.020927367677653012	0.024203595862896846	0.027682287587678215	0.03232054322072005	0.03574401761653663	0.041909952684270814	0.04629052744881031	0.051757043016323896	0.05845674559738431	0.0656349983628062	0.07478266919463869	0.08601019275081137	0.09515786358264387	0.10837321098154877	0.12539855407902373	0.14303128779511132	0.15902590741857697	0.18313747439986586	0.19911368824700992	0.21485062700197327	0.2405819022995625	0.27281041663867456	0.2922469164342784	0.32202746252261844	0.36699277407627395	0.40349142852199593	0.4595002058686082	0.4920416184051873	0.5386082324988215	0.5664193605207509	0.6113846720744064	0.6427665207027252	0.6993458771153068	0.7362862701927472	0.7815276683912264	0.8420826724892727	0.8977785516384177	0.9526829824057343	1.0041087214482696	1.0441412849477378	1.0626206843746187	1.132783503712537	1.1507475414024133	1.175190412357491	1.2184071751605952	1.2583845213310982	1.280692322232871	1.3474684787276159	1.3637023734432625	1.3664080225625368	1.3987101600069354	1.3946240776635412	1.388421331043164	1.4271654902001205	1.4187172388685085	1.4281594021214867	1.4509641589839422	1.4675293576733774	1.4757383339128085	1.4732903656620364	1.4805974588617095	1.4717442804510226	1.4629831309219434	1.446528366890438	1.4262083898313975	1.4310307032276555	1.4377304058087157	1.4264844764762215	1.4340860620970401	1.4200240489873417	1.388918287003847	1.3840775678312676	1.362137882455927	1.3317683515252958	1.3213322763509516	1.3175406864287034	1.2930610039209824	1.310840983847643	1.2973127382512708	1.2723729113355102	1.26140306864784	1.2367209226005815	1.1954919836402098	1.1817612745043002	1.1759818607393195	1.1443423312424985	1.1424833478340175	1.1531034807715774	1.1303907527907298	1.1209669953140733	1.107678024809882	1.064645319769994	1.053344173108535	1.0322511534439875	1.0026546651188635	1.0037958232508024	0.9851691776133489	0.978211794163786	0.9723035399645542	0.958554425052323	0.9381424191116747	0.9271909822003259	0.9101288275502076	0.880293064132903	0.8675010495893948	0.8549299043617457	0.831168047130567	0.8321619590519332	0.8199037120217513	0.8132776325459772	0.8115658953480688
FGC2634_s_1_1_GAACTGAGCG-TCGTGGAGCG_FGC2634_s_1_2_GAACTGAGCG-TCGTGGAGCG	0.05682068912747146	0.0010121248508634033	0.0002833949582417529	0	0	0	0.000020242497017268064	0	0	0	0	0	0	0	0.000020242497017268064	0	0	0	0	0	0	0.00004048499403453613	0	0.00004048499403453613	0.000020242497017268064	0.00008096998806907226	0.000020242497017268064	0.00004048499403453613	0.00004048499403453613	0.00004048499403453613	0	0.005627414170800522	0.006315659069387636	0.00564765666781779	0.006335901566404904	0.006295416572370367	0.006275174075353101	0.005910809129042275	0.007509966393406451	0.007813603848665472	0.00848160625023532	0.009594943586185062	0.011558465796860064	0.010951190886342024	0.011841860755101817	0.012793258114913417	0.01368392798367321	0.015485510218210069	0.01684175751836703	0.021031954400941518	0.024837543840187916	0.029047983219779673	0.03279284516797427	0.03416933496514849	0.0386024418119302	0.04208415129890031	0.0467804106069065	0.05042406007001475	0.05659802166028151	0.0681969724511761	0.07868258590612097	0.08667837222794185	0.09860120297111276	0.10888439145588491	0.12463305413531948	0.13556400252464423	0.14329663638524062	0.15584698453594684	0.17527978167252417	0.1942874863717389	0.2188011502596505	0.24165492939214614	0.268071387999681	0.30458885261883256	0.33511453812087283	0.3588589871221282	0.3938582644649847	0.4205581180307613	0.4459422092904154	0.4781075370508544	0.5281065046835065	0.5601503774618419	0.6185297388596429	0.6694598613550895	0.7167058493933931	0.7789717702185096	0.8272096406106594	0.8558932588841283	0.8836457222948029	0.9289281881224316	0.9859310597230584	1.0272662386323197	1.0681965676012357	1.1212116672894608	1.1655832207513124	1.2268977442166173	1.2641236962313733	1.2777671392210121	1.2938599243497402	1.308657189669363	1.3947687719808215	1.4020965559010725	1.4100316147318417	1.4385735355261895	1.4611641621974607	1.4711841982210083	1.4837952738627664	1.483086786467162	1.4604759172988737	1.4839369713418873	1.4435531897924374	1.4385532930291722	1.4642815067381199	1.4678441862131593	1.4399095403293292	1.4532493458637088	1.4375816531723433	1.4066308752329404	1.401084431050209	1.3704372905660651	1.351227160896678	1.3407820324357675	1.3129283565400067	1.314082178869991	1.30934543456795	1.2869572328668517	1.2675244357302744	1.2664515833883592	1.236229535341578	1.201655350436084	1.1757651967509983	1.1521624452288637	1.1279726612932284	1.1057868845623025	1.100078500403433	1.0776498137083	1.0876698497318478	1.066860562798096	1.0404643466875785	1.0128130957619903	0.9730365891230586	0.9435027859748644	0.9306083153748648	0.9164588099597945	0.9113779432084601	0.9016008171491195	0.8959936454753363	0.879435282915211	0.8691318519334216	0.8462578303039087	0.8086877558398592	0.7887084112838156	0.7717654412803622	0.751583671754146	0.7544783488276153	0.7403693284065794	0.7284262551663913	0.7303088073889973	0.7122120150555595	0.6887509610125458	0.6783868025397046	0.6685287064922951	0.6455534723776958	0.633407974167335	0.6228616332213384	0.6193799237343682	0.6104529825497531	0.5989147592499102	0.601080706430758	0.5856761662006169
FGC2634_s_1_1_GAAGCGGCAC-CGGCTCTACT_FGC2634_s_1_2_GAAGCGGCAC-CGGCTCTACT	0.0576915310517202	0.0005450778110963472	0.00007432879242222916	0.000024776264140743056	0	0.000024776264140743056	0	0	0.000012388132070371528	0	0	0.000012388132070371528	0	0	0	0	0	0.000012388132070371528	0	0.000024776264140743056	0	0	0.000012388132070371528	0.000012388132070371528	0.000012388132070371528	0.000024776264140743056	0.000024776264140743056	0.00003716439621111458	0.000024776264140743056	0.000024776264140743056	0.000024776264140743056	0.006962130223548798	0.007655865619489603	0.007655865619489603	0.0064046642803820795	0.005995855922059819	0.0066524269217895105	0.006280782959678364	0.006714367582141367	0.006008244054130191	0.0063798880162413375	0.006590486261437652	0.007098399676322885	0.006094960978622791	0.006231230431396878	0.006045408450341305	0.00672675571421174	0.006478993072804309	0.007593924959137747	0.00818855529851558	0.008386765411641524	0.009699907411100906	0.009613190486608306	0.012289027013808554	0.012933209881467875	0.012549177787286358	0.01490292288065695	0.015522329484175524	0.01823533040758689	0.020861614406505653	0.024949697989728254	0.028009566611110027	0.03198615700569928	0.036495437079314526	0.041004717152929755	0.045860864924515396	0.052612396902867876	0.059450645805712965	0.06540933733156166	0.07611268344036266	0.08747260054889336	0.09973685129856116	0.11517246385824409	0.13198315907773825	0.15120954005095485	0.16689291525204522	0.18915438858250283	0.20887629483853434	0.2295892516601955	0.2545513377819942	0.2843819598074488	0.3139152666632145	0.35080712396878094	0.39115527012198104	0.4287780272196993	0.48446268087601935	0.5277715905940382	0.5565987739217927	0.5996970853946152	0.6400080671516042	0.670111228082607	0.7303547143408238	0.7676925444009236	0.8185953790780801	0.8840171045417122	0.9467382172140033	0.991409821459763	1.034359475347741	1.0682657928243477	1.0831439394408642	1.1683371236888092	1.1932124928861152	1.2189550313283473	1.252625974295617	1.2941138285992912	1.3291598542263723	1.3720475674539985	1.3874088512212592	1.379901643186614	1.4046902954594276	1.414910504417484	1.406573291534124	1.4303832813733781	1.444419035009109	1.4412105088028826	1.4599537526253548	1.4652310968873332	1.4730727844878784	1.4858077842562203	1.4677458876976186	1.4430811167455089	1.4462153141593128	1.4333935974664784	1.4226530869614662	1.4227645801500997	1.4305938796185742	1.4139194538518542	1.4193330675666067	1.4071926981376426	1.3752560936602247	1.3558562788380228	1.3236223591909162	1.3093388429137778	1.3022899957657363	1.3029961192937476	1.2617808038956215	1.2825433132455644	1.2791985175865639	1.2450692137326904	1.23872649011266	1.2016859752222493	1.1625270897478048	1.150758364280952	1.145530572547255	1.1214852081986642	1.1166414485591487	1.1191314631052935	1.0990503010192212	1.0884336718349128	1.0796009336687378	1.035759334271693	1.022751795597803	0.9999204681921081	0.9773121271636802	0.9777704880502839	0.9746610669006207	0.9546790098711113	0.9550134894370115	0.9312034995977573	0.919855970621297	0.9080005282299514	0.8834348623344047	0.8622511564940695	0.8442388124637492	0.835294581108941	0.8178892555500691	0.8168486524561578	0.8039402188388306	0.8020448346320639	0.7965321158607483
FGC2634_s_1_1_GACACCATGT-TCAACGTGTA_FGC2634_s_1_2_GACACCATGT-TCAACGTGTA	0.04828220752652792	0.0006023511270366056	0.00009411736359946963	0.00003764694543978785	0.000018823472719893926	0	0.000018823472719893926	0	0	0	0	0	0	0	0	0	0.000018823472719893926	0	0	0.000018823472719893926	0	0	0	0.000018823472719893926	0.000018823472719893926	0	0.00005647041815968178	0.000018823472719893926	0	0.00003764694543978785	0.000018823472719893926	0.00604233474308595	0.006079981688525738	0.00517645499797083	0.005119984579811147	0.004762338598133163	0.005665865288688072	0.004668221234533694	0.004837632489012739	0.004235281361976133	0.005515277506928921	0.0050446906889315725	0.005872923488606905	0.004687044707253588	0.0053646897251697695	0.0055341009796488145	0.005439983616049344	0.0052141019434106175	0.006287039888444571	0.0061740990521252075	0.006701156288282238	0.00709644921540001	0.008357621887632904	0.008734091342030782	0.00963761803258569	0.00939291288722707	0.011369377522815931	0.011877611286253068	0.013214077849365536	0.016357597793587822	0.017016419338784106	0.01880464924717403	0.023002283663710377	0.02559992289905574	0.02947755827935389	0.03241402002365734	0.03591518594955761	0.04009399689337406	0.044009279219112	0.050710435507394236	0.056733946777760294	0.06424451239299797	0.07412683557094228	0.08176916549521922	0.09805146939792747	0.10531732986780652	0.11849376077173226	0.12495021191465587	0.1416278087444819	0.15512423868464584	0.17185830593263154	0.1875194352355833	0.21270524173480138	0.23956633730609	0.26439449782363006	0.2913120638130784	0.32739666101711506	0.3508507080261029	0.3737024039080541	0.40363172553268545	0.4291751780135815	0.46467624756330145	0.5096078769456882	0.5534477449103212	0.5940311520944125	0.6477909901824296	0.692986148182895	0.7327413225673108	0.7764870731683443	0.7992258282139761	0.8772302991652166	0.8971831802483041	0.9459359745928295	0.9989805207174904	1.0621709186381745	1.1000813926960407	1.166791780015345	1.195874045367581	1.2118739971794907	1.2575020950525138	1.2964102131645343	1.3070454752512746	1.34331830718251	1.3771440876601595	1.40899340350222	1.4360427338007076	1.4692849866240403	1.4904613934339208	1.498066076412758	1.5083436925178202	1.5064989921912706	1.522047180657903	1.5258118752018819	1.5348471421074308	1.5325695019083236	1.5653223444409392	1.559637655679531	1.5748846685826452	1.5673741029674073	1.5388188948513284	1.5230448247120574	1.4937555011599024	1.4937931481053424	1.4857743487266672	1.5027342976472917	1.458875606209939	1.4659532319526192	1.4658402911162998	1.4349886193283934	1.4266498209134806	1.3908287523275225	1.3749982117700916	1.3505653441796692	1.3283159994247546	1.3178313251197737	1.3116760495403685	1.3212760206275143	1.2931725758567127	1.2793184999348708	1.2544903394173306	1.2162222193777863	1.1925611141688797	1.1693329488325306	1.1387071587172632	1.1536906430022986	1.1388012760808626	1.1232719110869502	1.1122037091276527	1.094547291716392	1.075535584269299	1.0505944829154397	1.0366462896299982	0.9980393470814959	0.9768817637443351	0.9701241370378931	0.9504159611001641	0.9479312627011383	0.940703049176699	0.9307830790533149	0.9182654696945853
FGC2634_s_1_1_GACTGAGTAG-GTTGATAGTG_FGC2634_s_1_2_GACTGAGTAG-GTTGATAGTG	0.06307463287686878	0.000515245469382182	0.0001288113673455455	0.00006440568367277275	0	0.00006440568367277275	0.00004293712244851517	0	0	0.000021468561224257587	0	0	0	0	0	0	0	0.000021468561224257587	0	0.000021468561224257587	0	0.000021468561224257587	0	0	0	0	0.000021468561224257587	0.00004293712244851517	0.00004293712244851517	0.000021468561224257587	0.00006440568367277275	0.00702021952033223	0.007449590744817382	0.0065264426121743055	0.006848471030538169	0.006462036928501533	0.00614000851013767	0.00515245469382182	0.0062258827550347	0.005624763040755487	0.005453014550961427	0.005903854336670835	0.005646231601979745	0.005860917214222321	0.0057106372856525174	0.006097071387689154	0.005839448652998063	0.006891408152986686	0.007084625204005004	0.008458613122357489	0.008372738877460458	0.008716235857048579	0.01075574917335305	0.011507148816202064	0.011657428744771868	0.012559108316190688	0.014405404581476839	0.01732512890797587	0.018720585387552613	0.02133974985691204	0.02640633030583683	0.02992717434661507	0.033168927091477965	0.03705473667306859	0.04336649367300032	0.04997881053007165	0.0553244822749118	0.05963966308098757	0.06635932274418019	0.07647101508080552	0.08834312943781997	0.09952824983565815	0.11747596701913751	0.1328689254169302	0.15541091470240065	0.17237107806956414	0.18926683575305486	0.21159413942628277	0.2312164043852542	0.25410189065031275	0.2837714422622368	0.31425679920068256	0.35139741011864817	0.3867561304550004	0.4362841011993627	0.4842878040968026	0.5188521876678573	0.5547261534735918	0.590342496544635	0.6261949937891452	0.6797375854824437	0.7246283470023662	0.779781080787484	0.8245430309400611	0.8763466691741946	0.9290305184185227	0.9784940834792122	1.0203792464277388	1.0439302580907492	1.0699930914169982	1.1459917981508698	1.171689665936306	1.1984824303441797	1.241934798262077	1.280599677026965	1.3109991597205137	1.3394879404651034	1.3533351624547496	1.350029004026214	1.375211626342268	1.3747178494341101	1.3957141023114341	1.4179770003009893	1.4177193775662982	1.4289044979641363	1.4588746094332	1.461622585269905	1.4575006215148476	1.4488273227802475	1.4450059188823294	1.418127280229559	1.4213260958519733	1.4186639942601653	1.4249757512600971	1.4341857640253037	1.4218198727601314	1.4109353122194328	1.4151216816581629	1.3971524959134594	1.3659157393321646	1.3400675916181584	1.323343582424462	1.3126307703735571	1.3153572776490379	1.3028625750165201	1.30301285494509	1.2925576656288764	1.2915486432513363	1.2517459307415628	1.2372117147927404	1.1884566122524514	1.1868035330381836	1.1690275643444983	1.1756398812015696	1.1485250883753322	1.1424924226713158	1.1402811608652175	1.1185335083450443	1.107069296651291	1.079396321233223	1.0465064854376602	1.0295248535092725	1.0078845437952209	0.9976440400912499	0.9959909608769822	0.9841403150811919	0.9729766632445781	0.9776997467139148	0.9518301304386844	0.9382834683061777	0.924135686459392	0.8930706783678913	0.8630146926539307	0.8674586848273521	0.8603525910621227	0.8420828454602794	0.8391631211337804	0.8231046373380358	0.8203351929401066	0.8118551112565249
FGC2634_s_1_1_GAGAATGGTT-TCGGCAGCAA_FGC2634_s_1_2_GAGAATGGTT-TCGGCAGCAA	0.052745972507284286	0.0007808434123950303	0.00007808434123950302	0	0	0	0.000019521085309875756	0	0	0.000019521085309875756	0	0	0	0	0	0.000019521085309875756	0.000019521085309875756	0	0	0	0.000019521085309875756	0	0	0	0	0.00003904217061975151	0	0.00007808434123950302	0.000019521085309875756	0.00003904217061975151	0.00003904217061975151	0.006617647920047882	0.0066957322612873835	0.006032015360751609	0.0062857894697799935	0.006422437066949124	0.00593440993420223	0.005368298460215833	0.006051536446061484	0.0057977623370331	0.005055961095257821	0.005700156910483721	0.006110099701991111	0.005700156910483721	0.005875846678272603	0.005583030398624466	0.005622072569244218	0.006227226213850365	0.006441958152258999	0.0068323798584565155	0.007671786526781172	0.008452629939176204	0.008764967304134215	0.010131443275825517	0.010599949323262536	0.01122462405317856	0.013040084986997005	0.01255205785425011	0.014601771811787066	0.01688573879304253	0.01954060639518563	0.02241020593573737	0.024947947026021215	0.027017182068868047	0.03248308595563326	0.03589927588486152	0.03728527294186269	0.043161119620135295	0.04599167699006728	0.0541124484789756	0.059832126474769196	0.06732822323376149	0.07839667860446103	0.08694691397018661	0.09854243864425281	0.10941568316185361	0.12241672597823088	0.13401225065229708	0.14576394400884227	0.1634695683848996	0.17668534313968548	0.19441048860105264	0.2203735320631874	0.24450159350619385	0.2712845225513434	0.3039237771894556	0.33275642019214213	0.35696256597638804	0.3790799556324773	0.4050820412652318	0.43725278985590704	0.47067288790641437	0.5081533717013759	0.5553943981512752	0.6093506779477718	0.6541710898192465	0.6928423598181103	0.737038096959669	0.7736986951716157	0.7988613741360456	0.8642570099241292	0.9084722681509979	0.9427317728698299	0.9952825345240155	1.0602877486059017	1.0888861385848696	1.1564095726717298	1.1846761042004301	1.193304423907395	1.237012133916207	1.254581110695095	1.2826133892000766	1.329834894564666	1.3587651429939018	1.3866998160723343	1.423965567928887	1.452407789225376	1.4575027924912536	1.483973384171445	1.484461411304192	1.49576411969861	1.5013666711825444	1.5031040477751234	1.5112248192640316	1.5170225816010647	1.5365241458256307	1.5362508506312924	1.5634437224679494	1.5372464259820962	1.5054660990976183	1.5057784364625764	1.4770433988864393	1.4675171092552197	1.469254485847799	1.4759502181090862	1.460138139008087	1.4722802540708295	1.4483278823956118	1.4496553161966834	1.4247073691706624	1.3994080426090634	1.354821883761307	1.337526202176757	1.3308304699154698	1.3079712790176052	1.3236662316067453	1.3174194843075853	1.3038328089319116	1.2790215095030595	1.2704712741373339	1.2275248864556074	1.2038848521453478	1.1928944811158877	1.1524272712685153	1.1607627746958322	1.1673023382746406	1.1465123824196228	1.1247854144697311	1.112838510260087	1.1000326782968088	1.073620649872547	1.0555050827049821	1.0125196528526357	1.0026615047711485	1.004769781984615	0.9748830003751952	0.9763080396028162	0.9663522860947795	0.959207568871365	0.942380393334252
FGC2634_s_1_1_GAGTCATAGG-GTGTGGCGCT_FGC2634_s_1_2_GAGTCATAGG-GTGTGGCGCT	0.05908104083528458	0.0007828183548289455	0.00019570458870723638	0.00008697981720321617	0	0.000043489908601608085	0	0	0	0	0	0	0	0	0	0	0	0.000021744954300804043	0	0	0	0	0	0.000021744954300804043	0.000021744954300804043	0.000021744954300804043	0	0	0	0.000021744954300804043	0.00006523486290241213	0.00791516336549267	0.00817610281710232	0.00795865327409428	0.007849928502590258	0.006001607387021915	0.007045365193460509	0.005479728483802618	0.0075454991423790025	0.007045365193460509	0.006893150513354881	0.0075672440966798055	0.007045365193460509	0.007328049599370962	0.007045365193460509	0.00693664042195649	0.006914895467655685	0.007893418411191868	0.007654223913883022	0.008219592725703929	0.009002411080532872	0.009567779892353778	0.011698785413832574	0.011937979911141419	0.012090194591247048	0.013916770752514586	0.015199723056262025	0.014786568924546748	0.017048044171830368	0.01922253960191077	0.02094039099167429	0.025593811212046357	0.02759434700772033	0.031182264467352994	0.036727227814058024	0.04001071591347943	0.045077290265566776	0.049556750851532404	0.05423191602620527	0.05995083900731674	0.06919244458515846	0.07632478959582219	0.08889337318168693	0.10228826503098222	0.11687912936682174	0.1318396579257749	0.1489311920062069	0.1630219223931279	0.17578621056769986	0.19585680338734202	0.22132014487358356	0.23488899635728525	0.26389676539455786	0.29823204823552746	0.3427874595978749	0.38105857916729	0.4180902363415593	0.4484896824540834	0.4800198661902492	0.5149205178430397	0.5485382171920827	0.5919411459764876	0.6280812600244239	0.6777032457388588	0.7373931452945659	0.7979310980680042	0.8486403314974793	0.8946743997522815	0.9244867320986838	0.956321345195061	1.0351468045354755	1.0625671919087893	1.07583161403228	1.129759100698274	1.1696828367945502	1.2159343545923604	1.2843004909140883	1.3021096084864467	1.3138083939002794	1.3433162968864705	1.3453820675450467	1.350818306120248	1.3698233961791506	1.3902419082676056	1.421815581912373	1.4272518204875742	1.4700024006429548	1.4775913896939354	1.4960528558953181	1.4955744669007005	1.4698066960542477	1.4555202610786193	1.4596952923043738	1.4549766372210993	1.4779175640084474	1.469545756602638	1.4787221273175772	1.487833263169614	1.482288299822909	1.4427124829954456	1.4374067141460496	1.4130306203748482	1.386871440350981	1.3945691541734655	1.3797825852489187	1.3548628676201975	1.381196007278471	1.3695842016818418	1.3558848804723351	1.3463823354428839	1.3034577956530966	1.2622293622987721	1.2524441328634104	1.2444419896807144	1.2161083142267668	1.2165214683584822	1.2137816041165808	1.2031265765091868	1.20023449758718	1.1736621634315973	1.1337819172439227	1.121887427241383	1.098120192190604	1.0760925534838897	1.0736353736478987	1.054630283588996	1.0449320339708374	1.0439317660730003	1.0233175493958382	1.0113360795760953	1.0020074941810502	0.972282141651851	0.9441224258323099	0.9256392146766265	0.9089825796822106	0.8894338657657878	0.8899122547604055	0.8830843391099529	0.8763434032767036	0.8622744178440835
FGC2634_s_1_1_GATAGGCCGA-CGCACATGGC_FGC2634_s_1_2_GATAGGCCGA-CGCACATGGC	0.04940729373879079	0.00041431692862717637	0.00015536884823519115	0.000025894808039198523	0.000025894808039198523	0.000025894808039198523	0	0.000025894808039198523	0	0	0.000025894808039198523	0.000025894808039198523	0	0	0	0	0	0	0	0	0	0	0	0.000025894808039198523	0.000025894808039198523	0	0	0.000051789616078397046	0	0.000051789616078397046	0.000025894808039198523	0.006111174697250852	0.00647370200979963	0.005282540839996499	0.005204856415878903	0.005153066799800507	0.005075382375682911	0.004272643326467756	0.004479801790781345	0.005204856415878903	0.004453906982742146	0.004997697951565316	0.00473874987117333	0.004842329103330124	0.004816434295290926	0.005748647384702072	0.005463804496270888	0.005256646031957301	0.006240648737446845	0.006033490273133256	0.006991598170583602	0.00859707626901391	0.009606973782542652	0.010435607639797005	0.01123834668901216	0.011911611698031321	0.012662561131168077	0.013465300180383232	0.01737541619430221	0.019369316413320497	0.021181952976064393	0.024470593597042605	0.028924500579784754	0.032731037361546936	0.03744389242468107	0.042182642295854396	0.04707676101526292	0.050960982221142696	0.060050059842901383	0.06590228645976025	0.07657094737191003	0.08827540060562777	0.09726089899522966	0.11114051610424007	0.12675508535187677	0.14159281035833754	0.16197202428518678	0.17370237232694372	0.19185463276242187	0.21171595052848713	0.2370669675988625	0.2598802934813964	0.29281848930725696	0.33248933522330903	0.3643917387276016	0.40929333586757183	0.4405742639789237	0.47081939976870757	0.5034468578980977	0.5522844658600261	0.5821929691453004	0.6305903653705625	0.6824835606811164	0.7279548435979489	0.7921998623432005	0.846656643649635	0.8872597026550983	0.9388421602691818	0.9780986892566066	1.0045890778807067	1.1003998676257414	1.126967940673959	1.15149032388708	1.2175997688111537	1.2515737569585823	1.2979513581567867	1.3527965615838093	1.3674271281259565	1.3897225578477064	1.415513786654748	1.4319052001435608	1.4243180213880757	1.467277507925106	1.4744762645600031	1.4853779787445058	1.5136292143152712	1.5263176702544785	1.5481987830476014	1.5356398011485901	1.5320663176391807	1.5026498157066512	1.4912302053613646	1.4889255674458761	1.492447261339207	1.501976550697632	1.4952439006074405	1.4990245425811632	1.4828402875566642	1.476029953042355	1.4440498651139448	1.4219615938565087	1.4004171135678953	1.3814880088912411	1.37700820710046	1.3713372441398755	1.3547904618028275	1.3528483511998877	1.3299832357012753	1.3035187418852145	1.2897685988164	1.2426918378011373	1.2224938875305624	1.2089767977341008	1.1883904253429378	1.1742259653454963	1.1576791830084485	1.1575756037762917	1.1434370385868893	1.1311370047682698	1.1079611515731873	1.0689894654741934	1.0431723418591126	1.0189348015344226	0.9930658883032635	0.9905023023073828	0.9751984707562165	0.9704597208850431	0.9496144004134883	0.9542495710525049	0.919058526927234	0.9103837662341026	0.8797761031317699	0.8451806395914006	0.832828816156703	0.8426429484035592	0.8189750938557318	0.8178098274939679	0.8059500054120148	0.7925364948477099	0.7703964339741953
FGC2634_s_1_1_GATCAAGGCA-CCTTGTTAAT_FGC2634_s_1_2_GATCAAGGCA-CCTTGTTAAT	0.05148513143897317	0.0009603241113474248	0.00021558296377187087	0.000019598451251988265	0.000019598451251988265	0.000019598451251988265	0	0.000019598451251988265	0	0	0	0.000019598451251988265	0	0	0	0	0	0	0.000019598451251988265	0	0.000019598451251988265	0	0.00003919690250397653	0.00007839380500795306	0	0.00003919690250397653	0.000058795353755964784	0.00007839380500795306	0.00007839380500795306	0.00003919690250397653	0.0000979922562599413	0.006722268779431974	0.00732982076824361	0.007506206829511504	0.007173033158227704	0.007055442450715774	0.008250947977087059	0.008721310807134777	0.009368059698450391	0.010034407041017991	0.0121902366787367	0.01430686941395143	0.015032012110274997	0.01601193467287441	0.017579810773033472	0.016345108344158213	0.0192064822269485	0.021950265402226856	0.026065940165144387	0.03141631735693718	0.03427769123972747	0.03821697994137711	0.04501764252581704	0.05038761816886182	0.052719833867848426	0.05305300753913223	0.05985367012357215	0.0647924798390732	0.07026044773837792	0.08542964900741684	0.09311224189819624	0.10645878720080024	0.12462655151139336	0.13434738333237953	0.14837987442880313	0.1607856940713117	0.17078090420982572	0.18108968956837154	0.1959845125198826	0.21815036088588136	0.24400071808725388	0.2740059469540479	0.2992291537153568	0.33701496772919015	0.3820914056087632	0.40486480596357355	0.43204785785008126	0.45864295619902934	0.46526723272220133	0.512715083203265	0.5603589181968485	0.6052589700151535	0.6531183879725089	0.7218501565132317	0.7873481805973765	0.8484757500523278	0.8723662621285014	0.8965311525222031	0.9125822840975816	0.9375703094438664	0.9894670083591314	1.045361791329802	1.0955142280836399	1.1642459966243628	1.2278037740345606	1.2944973036450769	1.324208555743091	1.3232678300829956	1.3027874485246678	1.3028854407809276	1.3535082403648135	1.3927639382225458	1.4076391627228049	1.4382715420296626	1.4721572642443503	1.497596053969431	1.5273073060674454	1.5022016900136483	1.4619660695933165	1.4321764236902943	1.4021319979209963	1.3948609725065086	1.4181047356913667	1.436154909294448	1.4531663649811737	1.4458365442129302	1.4536955231649775	1.4300793894063315	1.3876487424457769	1.3417687680648724	1.2934193888262173	1.2711163513014547	1.2751340338081123	1.273938528281741	1.2732721809391734	1.285521212971666	1.2769762882257993	1.2659423601709299	1.2283133337671124	1.1641284059168509	1.127185325306853	1.0908105997831627	1.0747594682077843	1.073759947193933	1.0754454140016039	1.0728976153388454	1.073740348742681	1.0689191297346918	1.0372872294139828	0.9896237959691473	0.9419603625243118	0.9120139290112739	0.8722878683234936	0.8841841282334504	0.8790297355541775	0.8857324058823576	0.8846740895147501	0.8733461846911009	0.8578046128482743	0.8338357069670926	0.7888964582462835	0.7578525114631341	0.7337268179719366	0.7176168910428022	0.7177540802015662	0.7207526432431204	0.7208114385968762	0.7125604906197892	0.7031728324700869	0.6857498093070693	0.6565089200391028	0.6248574212671417	0.592872748823897	0.5849157776155898	0.5738230542069643	0.5752145442458555	0.5777819413598659	0.5783306979949216	0.5714712400567258	0.5605549027093683
FGC2634_s_1_1_GCAACATGGA-CTTGTCTTAA_FGC2634_s_1_2_GCAACATGGA-CTTGTCTTAA	0.07191107709107568	0.0009604150529692912	0.0001200518816211614	0.00004802075264846457	0	0.00004802075264846457	0	0	0	0	0	0	0	0	0	0	0	0	0	0	0	0	0	0.000024010376324232283	0	0	0	0	0.000024010376324232283	0.00009604150529692913	0.000024010376324232283	0.010180399561474486	0.010084358056177557	0.008955870368938641	0.008907849616290176	0.008403631713481298	0.008259569455535904	0.00821154870288744	0.009003891121587105	0.00830759020818437	0.007971444939645116	0.008355610960832835	0.007875403434348187	0.007707330800078562	0.008019465692293582	0.006650874241812342	0.007131081768296987	0.007299154402566613	0.0068429572524062	0.0067229053707850385	0.007227123273593916	0.007395195907863542	0.008259569455535904	0.00777936192905126	0.009171963755856731	0.008475662842453994	0.009243994884829427	0.009099932626884034	0.009676181658665609	0.010900710851201456	0.012293312678006929	0.013613883375839702	0.013877997515406257	0.014646329557781692	0.01671122192166567	0.01683127380328683	0.017551585093013796	0.019952622725437023	0.021561317939160586	0.023314075410829544	0.02494678100087734	0.028644378954809112	0.03157364486636545	0.03392666174614021	0.03757623894742352	0.03937701717174094	0.044923414102638594	0.04912522995937924	0.05373522221363184	0.056592456996215484	0.06338739349597322	0.071118734672376	0.08093897858898702	0.08662943777783007	0.09568134965206564	0.10317258706522611	0.11431340167966988	0.12034000613705217	0.13162488300944136	0.13954830719643802	0.15525109331248593	0.16862487292508332	0.1835593269987558	0.202911690316087	0.21772609250813835	0.24029584625291667	0.2577273794643093	0.2702127751529101	0.288292588525057	0.30661250566044623	0.3704801066829041	0.39084090580585307	0.40476692407390774	0.43996613576523225	0.46990707504154994	0.49979999356521915	0.5320699393449874	0.5543755789501992	0.5808590240358273	0.6116403264834931	0.652770101126903	0.6802379716418248	0.7364702729931768	0.7756071864016754	0.8282619416807167	0.8688634880449936	0.9009893715668164	0.9302820306823797	0.9722041477444894	1.0073553386831653	1.0443073078461589	1.0936246208161318	1.147599946793006	1.2112514544285458	1.2687803161014064	1.302034687310468	1.3484707551215334	1.3945706776640592	1.415723819205708	1.4323149892457525	1.456661510838524	1.4798315239914082	1.5411060043708489	1.5796426583712417	1.6344103267668157	1.6608697614761196	1.726346057712301	1.7146289940660757	1.7350138035653488	1.74154462592554	1.7312441744824443	1.7294674066344513	1.7609690203718438	1.7938872463123663	1.828582240100882	1.86022791609622	1.8747782041487047	1.8831098047332135	1.8580909926033635	1.854105270133541	1.813191588877049	1.815040387854015	1.8140079416720731	1.807477119311882	1.8574427124426092	1.8490150703528039	1.8690157138308892	1.8614524452887562	1.8281980740796944	1.8031792619498443	1.7806575289577145	1.7435134767841272	1.7286750642157516	1.70620135197627	1.7200073183627036	1.7171740939564442	1.717750342988226	1.7014713078403965	1.696789284457171	1.674675727862553
FGC2634_s_1_1_GCCGCACTCT-TCCGACCTCG_FGC2634_s_1_2_GCCGCACTCT-TCCGACCTCG	0.04438898877939911	0.0002980665568864609	0.00004585639336714784	0.00002292819668357392	0	0	0.00002292819668357392	0	0	0	0	0	0.00002292819668357392	0.00002292819668357392	0.00002292819668357392	0	0.00004585639336714784	0.00002292819668357392	0	0.00002292819668357392	0.00002292819668357392	0.00004585639336714784	0.00009171278673429568	0.00006878459005072175	0.00016049737678501742	0.00004585639336714784	0.00002292819668357392	0.00004585639336714784	0	0.00006878459005072175	0.00009171278673429568	0.005227628843854854	0.004425141959929766	0.00456271114003121	0.004791993106866949	0.004356357369879045	0.004631495730081932	0.0039895062229418615	0.00497541868033554	0.004998346877019114	0.00520470064717128	0.006328182284666402	0.0064886796614514195	0.006305254087982827	0.00784144326578228	0.007658017692313689	0.00930884785353101	0.00995083736067108	0.010501114081076856	0.011899734078774864	0.015178466204525934	0.01813620357670697	0.02141493570245804	0.02373068356749901	0.026023503235856397	0.029921296672063967	0.0344610796154116	0.037006109447288306	0.04507683467990632	0.05243678581533355	0.06149342350534526	0.07123790709586417	0.08568267100651573	0.09893516868962146	0.11163738965232141	0.12991116240912984	0.14201725025805684	0.1632487603870463	0.1795965646224345	0.20795874392001545	0.23246898617475595	0.2605789553088176	0.2952922450877485	0.3320461443715175	0.37824646068891893	0.41424372948213	0.4526713871237999	0.49623496082259033	0.5358319564951225	0.5773549206890749	0.6391464107513065	0.672919644466211	0.7326246686302375	0.794851794429457	0.8576750533424496	0.9235477624143574	0.9952213052472095	1.0128760166935615	1.060245671041825	1.097710344422785	1.1197901978290667	1.167068139390596	1.2129474609544273	1.2414013530387427	1.2915682473824024	1.334260549607217	1.3669561580779934	1.3851382180480676	1.3848172232944975	1.3784661128131477	1.4338147796072949	1.4291144992871625	1.4385838445174783	1.4455310881126013	1.4578435297316805	1.4609159080872796	1.4889570926312903	1.469170058893366	1.4437197605745988	1.4211354868412787	1.4120559209545833	1.394057286557978	1.3883252373870845	1.38027744035115	1.38059843510472	1.3688362702060466	1.373330196756027	1.3406575164819343	1.3175688224215754	1.3141066647223556	1.2774215500286372	1.260385899892742	1.244932295328013	1.2264521688010526	1.20366154129758	1.196186949178735	1.186923957718571	1.184768707230315	1.1669305702104946	1.136069217474404	1.109770575878345	1.084778841493249	1.0609335169423324	1.0489420700768233	1.0336260346921957	1.0147102724282475	1.0205798907792423	1.0093680026009748	0.988205277062036	0.9643370243144356	0.9496400502402645	0.9168298007860703	0.899404371306554	0.8804427526492384	0.8655852811982825	0.8497877536833001	0.8522869271218098	0.8352054205925472	0.8350219950190786	0.8200728107813884	0.7840755419881773	0.7762111705257114	0.7499813135197029	0.7291854391277014	0.7295064338812713	0.7172169204588758	0.7055923247403038	0.6974298867209514	0.6882815362442055	0.6719108038121338	0.6682193641460783	0.6554025021999605	0.6286452966702297	0.623303026842957	0.6106237340769406	0.5955828370525161	0.583476749203589	0.5818717754357389	0.5790057508502922	0.5742596141367924
FGC2634_s_1_1_GCGTGGATGG-TTGACCAATG_FGC2634_s_1_2_GCGTGGATGG-TTGACCAATG	0.06285598843853084	0.0008013718451961571	0.00018095493278622902	0.0000129253523418735	0	0.0000387760570256205	0.000025850704683747	0.0000129253523418735	0	0.0000129253523418735	0	0	0	0	0	0	0.0000129253523418735	0.0000129253523418735	0.0000129253523418735	0.0000129253523418735	0.000025850704683747	0.0000129253523418735	0.0000129253523418735	0.000025850704683747	0.0000129253523418735	0.0000129253523418735	0.000025850704683747	0.000051701409367494	0	0	0.0000129253523418735	0.005945662077261811	0.006811660684167335	0.005881035315552443	0.005842259258526823	0.005532050802321858	0.005816408553843076	0.005325245164851883	0.005855184610868696	0.005661304325740594	0.006462676170936751	0.006230019828783027	0.0068375113888510825	0.006579004342013611	0.0066307057513811055	0.007367450834867896	0.007845688871517216	0.007677659291072859	0.009383805800200162	0.00948720861893515	0.011723294574079267	0.01181377204047238	0.013442366435548442	0.013985231233907129	0.01620839183670937	0.01808256792628103	0.01963361020730585	0.021494860944535635	0.023860200423098485	0.029663683624599684	0.0320936498648719	0.038672654206885516	0.04225297680558448	0.046427865612009615	0.049814307925580475	0.05436403194991994	0.05892668132660129	0.06576419271545238	0.07305409143626902	0.08485493812439954	0.09422581857225783	0.10548380046202965	0.11578530627850282	0.131399131907486	0.14382039550802644	0.15807705914111292	0.17182963403286633	0.18611214837063655	0.20308313599551645	0.22610318851639313	0.2526906382836269	0.26933849209996	0.29367693055970784	0.3260678635284428	0.35641659082716176	0.38586054346194965	0.4155113017342074	0.4421763036154925	0.46493784908953173	0.5028479075082467	0.5319945770391714	0.5827912117427343	0.629929971733547	0.6845654360826463	0.7294293340612892	0.7721476235511812	0.8064773593711971	0.8406907670201363	0.866463919589832	0.8907248059355286	0.988065634422178	1.0231967420873902	1.0787628318051043	1.1406752695226783	1.1929841704502404	1.2252846259525825	1.2652368900413133	1.2688042872876704	1.2759390817803846	1.2917080116374702	1.3219145600604287	1.3607681692001004	1.4100137616226385	1.456738910338511	1.486686951714632	1.5071994858811852	1.508569573229424	1.492929896895757	1.487320293979384	1.4870488615802044	1.4798235896210972	1.48363656856195	1.497324516691994	1.516298933929864	1.5480306739291636	1.5475912119495399	1.543183666800961	1.531020910247258	1.482796420659728	1.4371828522452565	1.421581951968615	1.397476169851021	1.3981870642298242	1.4166703180787033	1.431728353556986	1.4183118378261212	1.413930143382226	1.395653695170817	1.3557660578437953	1.3114450246635112	1.2627681477440156	1.2380677994186953	1.2232424202825662	1.2281411288201363	1.2323289429789033	1.234086790897398	1.2363745782619098	1.2081973101566255	1.1821527251877506	1.1394085849931748	1.085742522069716	1.058457103276021	1.0485304326774623	1.0380996733375703	1.0504950862334268	1.0336792028366495	1.0376085099485792	1.0220076096719377	0.9985222444667535	0.9634557635632509	0.932990708093455	0.8938010397928945	0.8842233537075663	0.8610998983679545	0.8691394675245998	0.8607896899117496	0.8694238252761212	0.8535385672479585	0.8427329726901522	0.8152536736113292
FGC2634_s_1_1_GCGTTGGTAT-ACATACTTCC_FGC2634_s_1_2_GCGTTGGTAT-ACATACTTCC	0.061275721454701546	0.0007475589787862054	0.00014468883460378167	0.000048229611534593894	0.000048229611534593894	0.00007234441730189083	0.000048229611534593894	0	0	0	0.000024114805767296947	0	0	0	0	0	0	0.000024114805767296947	0	0	0	0.000048229611534593894	0	0.000024114805767296947	0	0.000024114805767296947	0.000048229611534593894	0.000024114805767296947	0	0	0.000024114805767296947	0.007620278622465835	0.008464296824321229	0.008512526435855821	0.008174919155113666	0.007885541485906103	0.007813197068604212	0.007379130564792866	0.008343722795484744	0.00718621211865449	0.008391952407019338	0.009573577889616889	0.008391952407019338	0.009139511385805543	0.01010410361649742	0.009356544637711215	0.011526877156767942	0.01176802521444091	0.014348309431541683	0.017193856512082724	0.018375481994680275	0.02141394752135969	0.023656624457718305	0.02491059435761775	0.02898599653229093	0.03103575502251117	0.03629278267978191	0.03913832976032295	0.04755439697310958	0.05257027657270734	0.06361485761412934	0.07111456220775869	0.07820431510334401	0.08599339736618092	0.09332429831943918	0.10128218422264719	0.10866131478744004	0.11796962981361667	0.13099162492795702	0.14514701591336032	0.1612557061659147	0.17418124205718585	0.19277375730377178	0.20741144440452106	0.22655860018375484	0.2338171567197112	0.24900948435310827	0.2686871658592226	0.287400255134645	0.30922415435404876	0.32335543053368476	0.34809722125093145	0.37394829303347377	0.40170443447163257	0.4250957960659106	0.45625212511725827	0.4643305850493027	0.49035046047221614	0.5061215434440283	0.5259197989789791	0.5486600608175402	0.5786829939978249	0.6037382771900464	0.6369443647316142	0.6772884347803021	0.7042005580166054	0.7269649346609338	0.7427119028269787	0.7542870095952812	0.7720355066400117	0.8446451868053428	0.8582941668696329	0.8810826583197287	0.9146745827535732	0.960540943322972	0.978819966094583	1.0050086451578675	1.0128218422264719	1.0195498730355477	1.0482223770928638	1.0650303967126695	1.0687681916066007	1.1032523638538354	1.1306950128170192	1.155774410815008	1.1907408791775886	1.212371859950854	1.2157479327582756	1.2179906096946342	1.2390669499352518	1.2295174868514023	1.2569842506203532	1.262964722450643	1.265569121473511	1.291371963644519	1.3182358572692876	1.322094226192055	1.3427364999288613	1.335887895090949	1.316644280088646	1.3232035072573507	1.3272547946262567	1.3238063774015332	1.3236858033726968	1.34230243342505	1.3510078783070443	1.3718189556842215	1.3652597285155168	1.3654285321558877	1.353756966164516	1.3266036948705398	1.3065160616663813	1.3148356696560988	1.3208161414863884	1.3117489745178847	1.3283881904973196	1.3359361247024837	1.3343927771333766	1.3211296339613634	1.3112184487910044	1.2858014435122733	1.2729241372325366	1.2730688260671406	1.2603362086220076	1.26540031783314	1.253873440676372	1.249146938745982	1.2537287518417684	1.2576353503760704	1.230144471801352	1.228866387095685	1.2076212432146964	1.1783940986247328	1.176320225328745	1.173643481888575	1.149842168596253	1.1627918192932916	1.1598980426012158	1.1495286761212782	1.1517713530576368
FGC2634_s_1_1_GGAGCGTGTA-ATCCGTAAGT_FGC2634_s_1_2_GGAGCGTGTA-ATCCGTAAGT	0.054490905255482315	0.0004940245263416347	0.00023054477895942957	0.000016467484211387827	0	0	0.000016467484211387827	0	0	0.000016467484211387827	0	0	0	0	0	0	0.000016467484211387827	0	0	0.00004940245263416347	0	0	0.000016467484211387827	0.00003293496842277565	0.00003293496842277565	0.000016467484211387827	0	0.00004940245263416347	0.00003293496842277565	0	0	0.0039027937580989147	0.003968663694944466	0.003672248979139485	0.004001598663367242	0.003672248979139485	0.004281545894960835	0.0035734440738711577	0.0041662735054811195	0.004577960610765815	0.004660298031822755	0.0052366599792213284	0.0059118268318882295	0.004874375326570797	0.006191774063481823	0.006191774063481823	0.006389383874018476	0.007097485695108152	0.008793636568881099	0.009024181347840528	0.01287757265330528	0.012910507621728056	0.015397097737647615	0.01607226459031452	0.01712618357984334	0.018575322190445467	0.021144249727421967	0.02346616500122765	0.02766537347513155	0.03234213899116569	0.03968663694944466	0.04513737422341403	0.05205371759219691	0.055561291729222514	0.06351508660332285	0.06855413677200752	0.07726543591983168	0.08409944186755763	0.0927942735311704	0.10539189895288209	0.12090426908000942	0.14489739357600148	0.16248466671376366	0.18175162324108743	0.2000799331683621	0.22002205654835272	0.23459578007543097	0.25043749988678604	0.26980326131937815	0.3025241524474057	0.3421613869442162	0.37911442151457053	0.4209253639272842	0.4675448117297231	0.5029499027842069	0.5497175579445484	0.578535655314477	0.5986424535365816	0.6281521852433886	0.6729602097825749	0.7268418181222358	0.7888583636623224	0.8582852770975334	0.9198407330797012	0.9666083882400426	1.0267641080642422	1.0510865822444622	1.0612140850344656	1.0827041519303269	1.0943137282993551	1.1992774726627413	1.24019917092804	1.3014746796786139	1.3576617358078693	1.419974696063761	1.4379571888225962	1.4484634437494617	1.4268251694956982	1.4050716228524547	1.400493662241689	1.4115762791159532	1.439093445233182	1.493996037593949	1.540450810554274	1.561249243113257	1.5685937410715358	1.5502489636600498	1.5123572824896465	1.477133333761488	1.453057871844439	1.428438982948414	1.4256395106324782	1.451444058391723	1.4700687830348025	1.4800810134353264	1.4820735790249042	1.4575699625183591	1.437133814612027	1.3773239119562664	1.3162624805004404	1.2859129070988524	1.2683750364137245	1.259268517644827	1.2722119602349777	1.2918906038675861	1.284019146414543	1.2761312214772882	1.2432785904755694	1.199524484925912	1.1435844410598275	1.0961580865310305	1.073795242971966	1.0551375833604635	1.066697757276858	1.0822595298566193	1.087512657320052	1.0789660330143418	1.0563397097078948	1.0121574495687413	0.9763736063773956	0.9291448616591353	0.8940361853204564	0.8834311254883227	0.8797753439933945	0.8943326000362615	0.8962922306574165	0.8860165205095105	0.8727931306877662	0.8465439608548139	0.8140865494741686	0.7798506497986932	0.7515265769551062	0.728801448743391	0.7186245435007533	0.7283074242170493	0.7287520462907567	0.7290649284907732	0.727994542017033	0.7050882714789924	0.682692492951505
FGC2634_s_1_1_GGCAAGCCAG-CAAGCATCCG_FGC2634_s_1_2_GGCAAGCCAG-CAAGCATCCG	0.06181948410235041	0.0005793564980088376	0.00023603412881841528	0.000021457648074401393	0.000021457648074401393	0	0	0.000021457648074401393	0.000042915296148802785	0	0	0	0	0	0	0	0	0	0	0.000021457648074401393	0	0	0	0.00008583059229760557	0.000021457648074401393	0.00006437294422320418	0.000042915296148802785	0.000021457648074401393	0.00006437294422320418	0	0.00006437294422320418	0.006222717941576404	0.006630413254990031	0.0054931579070467565	0.005364412018600348	0.005321496722451545	0.005300039074377144	0.005257123778228341	0.0054931579070467565	0.004677767280219503	0.0056219037954931645	0.005128377889781933	0.005364412018600348	0.005943768516609185	0.006244175589650805	0.005128377889781933	0.006394379126171615	0.006415836774246016	0.00802516037982612	0.007381430937594078	0.009076585135471788	0.009934891058447843	0.009269703968141401	0.011630045256325555	0.01173733349669756	0.01311062297345925	0.014247878321402525	0.01587865957505703	0.017831305549827557	0.019183137378514844	0.023689243474139133	0.026586025964183323	0.03115650500403082	0.03325935451532216	0.03656383231877997	0.04216427846619873	0.04250760083538915	0.04825825051932873	0.0554680202723276	0.06383650302134414	0.07310620698948554	0.07902851785802031	0.09325493853134845	0.10286796486868026	0.11572109606524669	0.12123571162036785	0.1310203991422949	0.14232857967750442	0.16290646418085536	0.17676810483691865	0.2010796201052154	0.22000526570683746	0.24611922341338396	0.2765461683828851	0.3039690426219701	0.32160722933912805	0.34499606574022557	0.35980184291156253	0.3945417751440184	0.4305691662609383	0.46835608451995914	0.5025381179024806	0.5574053240287249	0.6061141851576161	0.6411330668150391	0.6740705566092453	0.7148186303025336	0.7426277422069577	0.7672396645482961	0.7919588751300065	0.8941616529083805	0.9471835013002262	0.996729210704019	1.055051098170242	1.1155616657400538	1.1381565691623985	1.1703215836259262	1.1764799286232794	1.1819730865303262	1.2143955927707468	1.27037859659686	1.3061055806407382	1.3677534035584935	1.41161283622257	1.4459879884377609	1.4718873696635633	1.4609654267936931	1.451009078087171	1.4462883955108026	1.4478118885240852	1.462982445712687	1.489289522251903	1.5185148389292378	1.5362603138867674	1.5662366482467063	1.573167468574738	1.5568596560381929	1.5359813644618003	1.5077001842997393	1.4723594379212002	1.449528500370037	1.442468934153559	1.4553220653501255	1.4789898511761903	1.489675759917242	1.4734966932691436	1.4731962861961019	1.4173849435545838	1.3949831589649087	1.3606938373420152	1.325331633315402	1.3032302557987685	1.302779645189206	1.3123282985823148	1.3182506094508495	1.323893970894417	1.3068351406752678	1.2834463042741704	1.2446294189075784	1.2144170504188212	1.1688195482607182	1.1548935346604317	1.1379419926816545	1.1377703314970593	1.1509238697666675	1.1489712237918968	1.137276805591348	1.1251961497254601	1.089383335089284	1.0386574550413994	1.0168135693016587	0.9983385343095992	0.9696067435379756	0.9656799939403602	0.9741986802258975	0.9702290153321333	0.9696711164821988	0.9511531661939904	0.9406389186375338	0.920125407078406
FGC2634_s_1_1_GGTAACTCGC-AAGTTGGTGA_FGC2634_s_1_2_GGTAACTCGC-AAGTTGGTGA	0.04288472592960344	0.000546766586437783	0.00016402997593133488	0	0	0.00001822555288125943	0	0	0	0	0	0	0	0	0.00001822555288125943	0	0	0	0	0.00001822555288125943	0.00003645110576251886	0.00003645110576251886	0.00001822555288125943	0	0.00001822555288125943	0	0.00003645110576251886	0.00001822555288125943	0	0.00005467665864377829	0.00003645110576251886	0.005212508124040197	0.005285410335565234	0.005157831465396418	0.00544944031149657	0.004920899277940045	0.004665741537602414	0.004355907138621004	0.004720418196246192	0.005139605912515159	0.0049391248308213054	0.005358312547090272	0.0054129892057340505	0.005048478148108862	0.006287815744034503	0.005941530239290574	0.0063789435084408005	0.007399574469791328	0.008165047690804225	0.008365528772498078	0.009203904205036011	0.010625497329774247	0.011281617233499587	0.01341400692060694	0.015127208891445325	0.016475899804658526	0.01884522167922225	0.020430844779891818	0.0217430845873425	0.026919141605620176	0.032186326388304154	0.03599546694048737	0.04157248612215276	0.04990156378888832	0.053801832105477836	0.06158414318577562	0.0653203815264338	0.07374058695757565	0.08254352899922396	0.09052632116121559	0.10512498901910439	0.1198147846413995	0.13649116552775187	0.1580337690334005	0.17810010275566715	0.20017124729487232	0.22198723409373985	0.24139744791228115	0.25781867105829587	0.2841910460774783	0.3134612840047809	0.34561115928732256	0.38133324293459103	0.42261412021064365	0.46810510020226725	0.528304101369067	0.5715533383562956	0.6082960529649147	0.6349782623830785	0.6767147784811627	0.718269039050434	0.7669312652433968	0.8211522850651435	0.8683382414747244	0.930778985645919	1.0009291386858865	1.0532547010079825	1.0774946863400576	1.1233137262835435	1.1269770624126767	1.2137671452332344	1.2340157344843135	1.2586202308740138	1.3205688851174144	1.3574574041490837	1.4035862784915512	1.4444661936042162	1.4738457848488062	1.4608509656444684	1.4745019047525316	1.462855776461407	1.4522849557902764	1.4719867784549179	1.4849633721063746	1.4895379858795708	1.5206854557536431	1.5294337211366476	1.5400592184664217	1.5239296041665071	1.5098230262364125	1.4795321573477591	1.441440751825927	1.4454139223540414	1.431179765553778	1.414466933561663	1.4425707361045652	1.4355538982452802	1.4427712171862588	1.428938022549383	1.4012351821698688	1.3532290758806313	1.3139712349743986	1.2888017464453794	1.259203448566214	1.2586749075326575	1.237351010661584	1.2566518711628376	1.252186610706929	1.2253768224185966	1.2155350238627163	1.1653236256748467	1.1187937891689914	1.0907264377318517	1.0698399541299286	1.0680356243946838	1.0546398430269581	1.0511040857679939	1.035575914713161	1.024913966277624	1.0160381220244505	0.9786392875121064	0.9434639704512757	0.926277274084248	0.8911566336820611	0.8901542282735918	0.8825177216163441	0.8668255205855797	0.8591707883754508	0.8587880517649443	0.8426037608063859	0.8245786890068203	0.7961832776178182	0.7704670225023611	0.7478673369295994	0.7386452071716821	0.7282748675822456	0.723171712775493	0.7185970990022968	0.7177040469111151	0.7037068222983078
FGC2634_s_1_1_GGTTGCGAGG-AATAGAGCAA_FGC2634_s_1_2_GGTTGCGAGG-AATAGAGCAA	0.07806565954932905	0.0006421382101589934	0.00011008083602725601	0.00001834680600454267	0	0	0	0.00001834680600454267	0.00001834680600454267	0	0	0.00001834680600454267	0.00001834680600454267	0	0.00001834680600454267	0	0	0.00001834680600454267	0	0.00001834680600454267	0	0.00003669361200908534	0.00001834680600454267	0	0	0.00003669361200908534	0	0	0	0.000055040418013628006	0	0.007889126581953346	0.007797392551930634	0.007228641565789812	0.006935092669717129	0.005944365145471825	0.006292954459558135	0.006494769325608106	0.007246988371794355	0.00590767153346274	0.006036099175494539	0.007338722401817068	0.007246988371794355	0.006769971415676245	0.006788318221680787	0.006219567235539965	0.006421382101589934	0.006678237385653532	0.008439530762089628	0.0082560627020442	0.009852234824439414	0.009026628554234993	0.011668568618889139	0.011301632498798285	0.01188873029094365	0.012640949337129899	0.014567363967606878	0.015558091491852184	0.016053455253974835	0.019576042006847028	0.022951854311682878	0.025630487988346107	0.03010710865345452	0.03205187008993604	0.03790450120538516	0.03948232652177582	0.043426889812752494	0.04740814671573826	0.051903114186851215	0.058287802676432056	0.06962612878723944	0.07878118498350623	0.08611990738532328	0.09804533128827603	0.1107596678494241	0.12149254936208156	0.13406011147519328	0.15176477926957696	0.16354342872449337	0.17906482660433645	0.20163139798992394	0.2228036121191662	0.2501586998719393	0.2761377771743717	0.29932813996411367	0.34048002583230286	0.3705687876797528	0.3981990775225941	0.42781082241392593	0.4671830680996745	0.4988313084575106	0.5375430691270957	0.5859602901730838	0.6213145853438375	0.685638487195764	0.7283865451863486	0.7741434793616779	0.8239917512760203	0.8553097491257747	0.8936362268692642	0.989608369079027	1.0159176888895414	1.0520058563004766	1.0993406157921968	1.159022775724974	1.1939367475516187	1.263049165770731	1.2964586995050031	1.297064144103153	1.336069453668811	1.361608207627134	1.3682680982067832	1.4116216007955176	1.4381877758900954	1.4668271400631865	1.4836878547813612	1.5092999959637028	1.513978431494861	1.5339397564278034	1.5303254356449085	1.5184000117419558	1.5189871095341012	1.524968168291582	1.525536919277723	1.5243994173054414	1.5396823067072252	1.5327105204254992	1.552249868820337	1.5337746351737627	1.490109236882951	1.4899257688229057	1.4633412469223233	1.438242816308109	1.437875880188018	1.4250331159848382	1.4063927610842228	1.4027600934953235	1.3953296370634836	1.3732400826340143	1.3591497356225255	1.3359960664447925	1.2945506316805306	1.2735068451933202	1.2578937132834545	1.233565848521431	1.2292543491103634	1.21635654448917	1.220319454586151	1.1975143747225045	1.1783786560597664	1.129979781819783	1.1191735130831073	1.1042759066074188	1.076627269958573	1.0625919633650978	1.0471622995152774	1.043933261658478	1.0280632744645486	1.0166148675177138	0.9896267158850315	0.9798111746726013	0.961647836728104	0.923614907880687	0.9078733483287894	0.8920950951648828	0.8798210819478437	0.8722988914859812	0.8619145992874101	0.863162182095719	0.8454024738833216
FGC2634_s_1_1_GTATTCCACC-ATGTAGACAA_FGC2634_s_1_2_GTATTCCACC-ATGTAGACAA	0.06341932284098246	0.0007218894252557026	0.00005347329075968167	0.000026736645379840836	0	0	0	0.000026736645379840836	0	0	0	0	0	0	0	0	0.000026736645379840836	0	0	0	0.000026736645379840836	0	0	0.000026736645379840836	0	0	0	0	0.000026736645379840836	0	0	0.007619943933254638	0.008662673103068431	0.007646680578634479	0.007914047032432887	0.0071119476710376625	0.008208150131611138	0.0072456308979368675	0.007807100450913524	0.007833837096293365	0.007887310387053046	0.008742883039207954	0.008983512847626522	0.008876566266107158	0.009036986138386202	0.010373818407378246	0.010694658151936334	0.012887063073083283	0.015453781029548004	0.015988513937144823	0.01957122441804349	0.01949101448190397	0.021309106367733147	0.023180671544322004	0.024784870267112458	0.02724464164205781	0.030720405541437124	0.034329852667715634	0.03756498675867637	0.0446501977843342	0.04876764117282968	0.05475664973791403	0.05868693660875064	0.06424815884775753	0.070050010895183	0.0745685039643761	0.07764321818305779	0.0864930478037851	0.08967470860398617	0.09499530103457449	0.10429965362675911	0.11563599126781163	0.12451255753391877	0.13587563182035112	0.14312126271828798	0.1537891842248445	0.16320048339854848	0.1670772969786254	0.17424271794042273	0.18924197599851345	0.19827896213689966	0.20752984143832456	0.22771600870010442	0.23907908298653677	0.2563242192565341	0.2734089356542524	0.2938892060152105	0.3000653710979537	0.2999851611618142	0.3147705260568662	0.3262672835701977	0.33896719012562215	0.3563994829132784	0.3809971966627319	0.4059157501567436	0.4304599906154375	0.4474110237862565	0.46454921347473455	0.4819280329716311	0.4841204378927781	0.5345992243699176	0.543422317345265	0.5590632548924719	0.594489310020761	0.6171352486574861	0.6465455585753112	0.6760628150746554	0.7036550331066512	0.7165688328251142	0.7480913377279466	0.7499896395499153	0.7716730589529662	0.8054414420677052	0.8417765431389088	0.864770058165572	0.9091528894961078	0.9525464649475894	0.9824380344822515	1.0126771804068515	1.0385315164891578	1.0505095336193264	1.0824063515574764	1.1015230530040627	1.1205060712237496	1.1710650676370287	1.2130416008833789	1.2493232286638227	1.3171808346378588	1.348382499796133	1.3530346760922254	1.3582215852959145	1.3692905564831688	1.380493210897322	1.3983265533656757	1.42784380986502	1.4471476678292652	1.5021182107302178	1.5471427215498699	1.5716869620085636	1.589948090802995	1.5796277456863763	1.5583186393186435	1.5671684689393708	1.5734515806036333	1.588932098278561	1.6063376544208374	1.6532604670624582	1.672617798317463	1.6990870772435052	1.7108779378560153	1.670906653013153	1.691092820274933	1.6668159462700374	1.631764204177066	1.6362559606008793	1.6389028884934838	1.6320315706308646	1.6620568233924258	1.6741952603948735	1.664035335150534	1.660292204797356	1.6561212881181013	1.6096529984479377	1.5846542350177864	1.5749488327449042	1.5523028941081791	1.559174211970798	1.5631312354870148	1.5782909134173844	1.5707511794202693
FGC2634_s_1_1_GTCCGTAAGC-CGTGTATCTT_FGC2634_s_1_2_GTCCGTAAGC-CGTGTATCTT	0.09161832617159353	0.0006810758710347422	0.00010897213936555875	0	0	0.000027243034841389688	0.000027243034841389688	0.000027243034841389688	0.000027243034841389688	0	0	0	0	0.000027243034841389688	0.000027243034841389688	0.000027243034841389688	0	0	0	0.000027243034841389688	0.000054486069682779376	0	0	0	0.000054486069682779376	0.000027243034841389688	0.000027243034841389688	0.00008172910452416907	0.00008172910452416907	0	0.000027243034841389688	0.010597540553300588	0.01228660871346675	0.010788241797190316	0.010270624135203913	0.010134408960996964	0.011142401250128383	0.010216138065521133	0.01144207463338367	0.011551046772749228	0.01315838582839122	0.011986935330211463	0.013975676873632912	0.013594274385853453	0.014683995779509042	0.01503815523244711	0.015828203242847408	0.018688721901193327	0.022203073395732596	0.02435527314820238	0.027460979120120806	0.032609912705143455	0.037295714697862484	0.040428663704622295	0.04361609878106489	0.04783876918148029	0.05298770276650294	0.05968948933748481	0.06840726048672952	0.07935896049296817	0.08777705825895758	0.10284245652624607	0.11254097692978081	0.11875238887361765	0.1286688535558835	0.138421860029101	0.14727584635255267	0.15863619188141218	0.17029621079352694	0.1868054899074091	0.19503288642950878	0.21761736231302084	0.2243463919188441	0.25063592054078515	0.271531328264131	0.2808484461798863	0.2977663708163893	0.3109792427144633	0.3196152847591838	0.34718523601867024	0.356120951446646	0.37505486066141186	0.4007995285865251	0.42681662686005223	0.45217989229738603	0.47702554007273346	0.4970764137159963	0.5043775470534887	0.5344811005532243	0.5453510714549389	0.565919562760188	0.581720522968194	0.6048498595485339	0.6442705309640248	0.6652476677918948	0.6976123931834658	0.7177994820009356	0.7476306051522572	0.7570022091376953	0.7740018628787225	0.8305584032094474	0.8384588833134504	0.8434716017242663	0.8783699293560864	0.9118788622109957	0.9319297358542585	0.9710234908516527	0.975736535879213	0.9827107527986089	1.0018353632572645	1.0092454687341224	1.0170914627684426	1.044933844376343	1.0568118075671888	1.0676545354340619	1.1133411048630724	1.1434174153279666	1.153224907870867	1.1637407193196434	1.1663288076295752	1.163658990215119	1.1729216220611915	1.1870335141090316	1.1901119770461086	1.210898412630089	1.2296143775661235	1.246968190760089	1.2703154716191598	1.2793601591865011	1.273829823113699	1.275001273611879	1.2648668646508818	1.2606714372853078	1.2737208509743336	1.2911291502379816	1.2831469410294543	1.318699101497468	1.3159203119436462	1.3297870166779135	1.325264672894243	1.3101447885572715	1.2978581798438047	1.3126511477626794	1.2981850962619015	1.2994110328297641	1.3149123196545147	1.3175276509992881	1.3245563539883667	1.3283431358313198	1.3252919159290844	1.3009366427808817	1.3006097263627852	1.2872878823253455	1.2739660382879059	1.283964232074696	1.2909656920289332	1.2717593524657536	1.2946162586976795	1.2941531271053759	1.2886772771022565	1.2649758367902475	1.2661745303232685	1.2509729168817731	1.245932955436116	1.2448977201121432	1.24111093826919	1.2416285559311764	1.2432631380216599	1.2395308422483895	1.243481082300391
FGC2634_s_1_1_GTCCTGGATA-CGGTGGCGAA_FGC2634_s_1_2_GTCCTGGATA-CGGTGGCGAA	0.04637536009623432	0.0005579195316741804	0.00006803896727733908	0.000040823380366403446	0.000027215586910935633	0.000040823380366403446	0.000013607793455467816	0.000013607793455467816	0	0.000013607793455467816	0	0.000013607793455467816	0	0	0.000013607793455467816	0.000013607793455467816	0.000054431173821871265	0.000013607793455467816	0.000027215586910935633	0	0.000013607793455467816	0.000040823380366403446	0.000013607793455467816	0	0.000013607793455467816	0.000040823380366403446	0.000040823380366403446	0.00006803896727733908	0.000013607793455467816	0.000054431173821871265	0.000040823380366403446	0.0041775925908286195	0.0047763355028692025	0.0040551224497294095	0.004163984797373152	0.003946260102085666	0.004150377003917684	0.0037149276133427137	0.003946260102085666	0.0037965743740755206	0.0041367692104622164	0.0046130419814035895	0.004898805643968413	0.004694688742136396	0.0051709615130777695	0.0050484913719785595	0.005579195316741804	0.006640603206268294	0.007511501987418234	0.008178283866736158	0.010627686688720363	0.01095427373165159	0.013267598619081122	0.016125235244729363	0.01837052116488155	0.02091517854105403	0.024657321741307685	0.028304210387373057	0.03449575640961092	0.041558201212998705	0.04954597597135831	0.05987429120405839	0.06999848953492645	0.08315722580636382	0.09785364273826906	0.10902564116520813	0.12535499331176952	0.14081344667718096	0.16190552653315607	0.18405901427865767	0.2129347519911604	0.2452668692413519	0.27807525926248483	0.3242873258372535	0.36976457156542697	0.41095536235512803	0.4546227715537242	0.48800268889998677	0.5169600733732224	0.569921605501903	0.616433043532692	0.6615837022179343	0.7251865288287908	0.7826794561781423	0.8342666011678209	0.9163624190846582	0.9653640833177978	0.9901166596132938	1.013889474779996	1.0454323400097705	1.08149299266676	1.1161248270109256	1.152634536851946	1.1913759248196627	1.2281033593559703	1.2691580722111167	1.305586135291404	1.310090314925164	1.3089336524814492	1.2870387128116014	1.3492671522834558	1.3466000247661842	1.338040722682695	1.3746184714909924	1.3742374532742392	1.3921317016681793	1.4021334298579482	1.4124753528841036	1.3856135686030102	1.388253480533371	1.3679370449043575	1.3206771782335178	1.3460012818541434	1.339823343625361	1.317656248086404	1.3345571275580952	1.3287465997526104	1.327372212613608	1.3112469773688786	1.2898827416437944	1.2635108379270976	1.2350705496051697	1.2273004995420977	1.2284027308119905	1.2116787526552206	1.2142642334117595	1.2014592997701645	1.2041400350808915	1.1984111540361395	1.171399684027036	1.1398568187972615	1.1165874919884116	1.0962438407724873	1.0699944071968897	1.071246324194793	1.0547672863202213	1.0692868019372055	1.0556245773079158	1.042914898220509	1.0283545592231582	0.9924980234680006	0.9627241713874369	0.9438229462777923	0.9321066361126343	0.918485234863711	0.90798001831609	0.915110502086755	0.9070410805676627	0.9095993457372907	0.8848739850287055	0.8475341997869019	0.8415739862534071	0.8121811523895967	0.7926267531940893	0.794831215733875	0.7776173570127084	0.767425119714563	0.7617642776370883	0.7571648434491403	0.743720343515138	0.7267514250761696	0.7135926888047323	0.6942696220979679	0.6820362157815024	0.6703471212032556	0.6643732998763052	0.6607944501975171	0.6516636207888982	0.6566168576066885	0.6467512073514744
FGC2634_s_1_1_GTCTAATGGC-AGTGGTCAGG_FGC2634_s_1_2_GTCTAATGGC-AGTGGTCAGG	0.06027859011244179	0.00097625559451577	0.00008308558251198042	0.00004154279125599021	0	0.000020771395627995105	0	0.000020771395627995105	0.000020771395627995105	0	0	0	0	0	0	0.00004154279125599021	0	0	0	0	0.000020771395627995105	0	0	0	0.000020771395627995105	0	0.000020771395627995105	0.000020771395627995105	0.000020771395627995105	0.000020771395627995105	0	0.006189875897142542	0.006127561710258555	0.006210647292770537	0.0058159907758386295	0.005670591006442663	0.0062521900840265265	0.005483648445790708	0.005047449137602811	0.005109763324486797	0.005545962632674693	0.005649819610814669	0.006148333105886551	0.005255163093882762	0.0056082768195586784	0.0064806754359344725	0.006106790314630562	0.006106790314630562	0.007706187777986185	0.00699996032663435	0.008308558251198042	0.008786300350641929	0.010448012000881537	0.010842668517813445	0.012400523189913078	0.013169064828148896	0.014020692048896695	0.014913862060900486	0.018258056757007698	0.020771395627995105	0.02232925030009474	0.025860387556853905	0.029578467374265033	0.03402354603865598	0.038260910746766984	0.04347453104939376	0.04717183947117688	0.04914512205583642	0.056892852625078594	0.06507678250250867	0.07471471007389839	0.08177698458741674	0.09498759220682161	0.10641185980221893	0.12003789533418371	0.1328123036454007	0.148515478740165	0.1626607991628297	0.17672303400298237	0.19288317980156255	0.2183904536327405	0.24132207440604714	0.27154445504478003	0.3020160924310488	0.33412867007192926	0.3662620191084377	0.39920545257443796	0.4218462738089526	0.4475820329920385	0.4855936869912696	0.5206765742069532	0.5625517077929915	0.6171804782946185	0.6612158370259682	0.7117110997976243	0.7741706864510056	0.8109152853169288	0.8425293494627374	0.8711523326381146	0.9008138855948916	0.9862050930215795	1.01914852648758	1.0671719931795045	1.1174595419948807	1.1857766622153565	1.2354826119531488	1.2614053136968866	1.276734603670347	1.2809304255872023	1.3096780371363475	1.3173842249143335	1.3469834636842266	1.3930336477914917	1.412434131308039	1.451214326945506	1.4841993032027623	1.4945226868298758	1.4854663583360699	1.481042051067307	1.4832438190038746	1.4609353400994076	1.468122242986694	1.485071701819138	1.4909084639906045	1.5058015546558772	1.5259705798106604	1.5146501691934031	1.5132792570819553	1.4783625410312957	1.4437158531238	1.4198287481516054	1.3997012657880783	1.3927843910439557	1.3989950383367262	1.4074074535660643	1.4074074535660643	1.412828787824971	1.3941553031554035	1.3645976071767663	1.3274375803982832	1.2900698396635202	1.256627892702448	1.2397407480568878	1.2468861081529181	1.234714070314913	1.252120499851173	1.2442689123037909	1.2277141099882787	1.2033284915210125	1.1835541228831612	1.1267235844449666	1.115652430575245	1.090996783964815	1.073091840933483	1.0763529500470783	1.0724686990646433	1.0663826801456409	1.0672758501576445	1.0432225740204262	1.0120447091828055	0.9887392032881951	0.9619025601368254	0.9220007091354467	0.9199235695726473	0.912217381794661	0.9052797356549107	0.9128405236635009	0.908208502438458	0.8990898597577681	0.87389415686101
FGC2634_s_1_1_GTGACACGCA-GCTTACGGAC_FGC2634_s_1_2_GTGACACGCA-GCTTACGGAC	0.04497026050767935	0.0006299713217670598	0.000024229666221809994	0	0	0.00004845933244361999	0.000024229666221809994	0	0	0.000024229666221809994	0	0	0	0	0	0	0.000024229666221809994	0.000024229666221809994	0	0	0.000024229666221809994	0	0.000024229666221809994	0	0	0.000024229666221809994	0	0.00004845933244361999	0.000024229666221809994	0.000024229666221809994	0.000024229666221809994	0.005185148571467338	0.004942851909249239	0.004288650921260369	0.004530947583478469	0.00465209591458752	0.005112459572801909	0.0039978949265986495	0.004240191588816749	0.004191732256373129	0.005378985901241818	0.005669741895903539	0.005354756235020009	0.005984727556787068	0.006299713217670599	0.006275483551448788	0.005863579225678019	0.007123521869212139	0.007341588865208428	0.009279962162953228	0.010152230146938387	0.012357129773123096	0.014877015060191337	0.015095082056187627	0.015797742376620117	0.017493819012146816	0.020910201949422023	0.022751656582279584	0.026361876849329273	0.03028708277726249	0.03486648969318459	0.03995471959976468	0.04705401180275501	0.05141535172268081	0.060598395220746795	0.06796421375217704	0.07155020435300491	0.07966714253731126	0.0899162913491369	0.10123154547472216	0.11698082851889866	0.13396582454038747	0.15380992117604986	0.17157026651663657	0.19480651642335237	0.2126153210963827	0.23059373343296574	0.25416919866678683	0.2756609126055323	0.29489926758564944	0.33303676221877837	0.36635255327376715	0.41330964641163487	0.44667389679906727	0.4918137649702993	0.5429141310320965	0.5809304773341164	0.6040940382421668	0.6434430161863862	0.6823074008061695	0.7188941968011026	0.7800014150125074	0.8342274080169181	0.8885987790186598	0.9565145334383931	1.0026720475909412	1.059030251222871	1.087887783693047	1.0990576598213013	1.1213731824115885	1.204820152879502	1.225342680169375	1.281070912479538	1.3304752019058086	1.3800975583280755	1.413316430718177	1.4441365661523193	1.4557183466063444	1.453222690985498	1.4412532358719239	1.4384668242564158	1.44227088185324	1.4761439552313305	1.5114465789165075	1.5211142157390096	1.54936600655364	1.5437204943239584	1.5205327037496863	1.5007855257789111	1.4937104632421425	1.4511389396904224	1.4623815048173423	1.437812623268427	1.4309313980614329	1.4472621930949328	1.452471571332622	1.44227088185324	1.4322640297036324	1.409488143455131	1.3622160646563797	1.3189903401166707	1.2830092857772828	1.2681080410508698	1.2687864717050805	1.2642070647891583	1.2503961550427265	1.2606453038545522	1.238087484602047	1.2137124403829063	1.1757687830795518	1.1373889917842046	1.0918614489534237	1.0709997063364454	1.0800858311696242	1.0669291224111814	1.0624224044939246	1.0641911701281168	1.0414152838796153	1.0222980772306074	1.0026478179247194	0.9563691554410623	0.9271724076437813	0.9064075836916902	0.8886230086848814	0.8876053627035656	0.8786646158677176	0.8755874482575479	0.8641025864684099	0.852351198350832	0.8279519244654693	0.8051033492183024	0.7721025438241973	0.7462737196317478	0.7286829819547137	0.7194514791242042	0.7251939100187731	0.7148963018745039	0.7135878998985262	0.7108257179492398	0.6876621570411894
FGC2634_s_1_1_GTGCAGACAG-TACCATCCGT_FGC2634_s_1_2_GTGCAGACAG-TACCATCCGT	0.042836507630705165	0.0005426922419430553	0.00018089741398101842	0.000018089741398101846	0	0.00003617948279620369	0.000018089741398101846	0	0.000018089741398101846	0	0	0.000018089741398101846	0	0	0	0.000018089741398101846	0	0	0	0.00005426922419430553	0	0	0	0	0	0	0.000018089741398101846	0	0.000018089741398101846	0	0	0.00716353759364833	0.007471063197416062	0.005951524919975506	0.0066570248345014784	0.0061866915581508305	0.006096242851160321	0.005119396815662821	0.005517371126421062	0.006060063368364117	0.0061866915581508305	0.0059334351785774045	0.0060781531097622195	0.0057163582818001825	0.006023883885567914	0.0058610762129849975	0.00578871724739259	0.005481191643624858	0.0066570248345014784	0.0059334351785774045	0.007380614490425552	0.007869037508174302	0.008918242509264209	0.008972511733458515	0.009316216820022448	0.009551383458197773	0.011667883201775689	0.011595524236183282	0.014345164928694762	0.01676919027604041	0.018379177260471474	0.022322740885257673	0.023100599765376054	0.027062253131560358	0.031313342360114294	0.034659944518763135	0.03842261072956832	0.041045623232293084	0.04761219935980405	0.05660280083466067	0.062228710409470346	0.07234087585100928	0.08359269500062862	0.09620124475510561	0.11027506356282883	0.12302833124849064	0.13789809867773034	0.1500363151558567	0.16338654430765584	0.18093359346381463	0.20441407779855084	0.22865433127200732	0.2591898147520032	0.29120865702664345	0.3275509474954301	0.36121595623729763	0.39685274679155824	0.4192840261252045	0.4531299322810531	0.4878984152482048	0.5174751424341014	0.5770627505994488	0.6214007067661964	0.6751815079427532	0.7256157069606611	0.7868856610760321	0.8329421426755993	0.8765384194450249	0.9130435175863945	0.9341180663151829	1.020062427697565	1.0537636159222286	1.1013577255406346	1.1525336039558647	1.2145633272099559	1.2539446942336236	1.294140099620206	1.3182537249038755	1.3213832501657472	1.3420055553595833	1.3578340790829224	1.3644187449518315	1.4143464312105927	1.4457502222776974	1.467349373507031	1.4981742928493964	1.5211301746835877	1.5156851625227592	1.5019369590602019	1.504487612597334	1.4856923712847063	1.4921142294810323	1.4921323192224305	1.4976316006074535	1.5095346504474045	1.5130259705372382	1.5025881897505333	1.5260324946024735	1.4848964226631898	1.4641293995381688	1.4407936331346176	1.4066763808577976	1.3992414971431775	1.393090985067823	1.397016458951211	1.3774795382412612	1.4038905606824899	1.382942640143488	1.3499831313161463	1.3345164024207692	1.2838108572818898	1.2522261688008038	1.2388035806834123	1.2344077735236736	1.2155944424696477	1.2214012494584383	1.2269367103262576	1.21213930186261	1.1854569333004101	1.1736624219088476	1.1148888521064149	1.0905581499259678	1.0757788312037184	1.0676565373159708	1.0651601530030328	1.054722372216328	1.0500009497114235	1.0368677974564013	1.011759236395836	0.9888938032686354	0.969103626179112	0.9449357316712479	0.9132967739659678	0.8983365578297375	0.8994038525722255	0.8847149825569669	0.8852576747989098	0.8782026756536502	0.876411791255238	0.8569291397694825
FGC2634_s_1_1_TAAGCATCCA-TCAATCCATT_FGC2634_s_1_2_TAAGCATCCA-TCAATCCATT	0.04004831959474676	0.000479620593949063	0.00019620842479734394	0.00006540280826578131	0	0.00004360187217718754	0	0	0	0	0	0	0.00002180093608859377	0.00002180093608859377	0	0	0	0.00002180093608859377	0	0.00002180093608859377	0.00008720374435437508	0	0	0	0	0	0.00006540280826578131	0.00002180093608859377	0	0.00004360187217718754	0	0.00780473511971657	0.007870137927982352	0.007564924822742038	0.006736489251375476	0.006692887379198288	0.007172507973147351	0.006671086443109694	0.006889095803995633	0.007085304228792976	0.008022744480602507	0.006649285507021101	0.00797914260842532	0.006954498612261413	0.0076085266949192255	0.006758290187464069	0.007673929503185008	0.007237910781413132	0.008197151969311258	0.009984828728575949	0.01046444932252501	0.011118477405182823	0.013298571014042202	0.01502084496504111	0.015108048709395486	0.015980086152939235	0.019468235927114236	0.02114690800593596	0.023327001614795336	0.02653173921981862	0.0318511676254355	0.037083392286698005	0.040833153293936136	0.04519334051165489	0.05624641510857193	0.059167740544443494	0.06642745226194523	0.07628147537398962	0.08334497866669399	0.09544449819586354	0.1102473338000187	0.1256387946785659	0.13568902621540763	0.16023688025116423	0.18354208092987095	0.20248709439085896	0.22511646605081928	0.24811645362428572	0.27137805243081525	0.300961922703037	0.33399034087725654	0.3657543047583377	0.4049523878456293	0.4492082881054747	0.49261395185786494	0.5466366714854003	0.5903475483430307	0.6232669618368073	0.6667162274613747	0.6988726081920505	0.7482299274966269	0.8085749185898544	0.8529180225940541	0.9053056720149449	0.9661084827660329	1.0206108229875175	1.0660003719239697	1.0942979869669645	1.1228572132430221	1.1429358753806171	1.2406476709296943	1.2501310781282327	1.27528935837447	1.330598333231232	1.3649784094429447	1.3799556525358085	1.425061789303109	1.4370087022796585	1.4086020825562209	1.4343707890129387	1.4229907003746927	1.4268712669984625	1.4561499241654439	1.4629736171611736	1.4755527572842924	1.475465553539938	1.486518628136855	1.46364944617992	1.4777328508931515	1.4513973200981305	1.4217262460815543	1.4081442628983603	1.413681700664863	1.408318670387069	1.4019091951770224	1.3949328956286726	1.3823537555055538	1.380849490915441	1.3740475988557996	1.3253007057617041	1.3171253547284814	1.2873452760314623	1.2623396023378453	1.2547528765790146	1.2519623567596747	1.2454220759330965	1.2362220809037099	1.216187020638292	1.2011443747371624	1.1836600239941102	1.1438733156324266	1.1102998740559922	1.1087738085297907	1.0903520175349288	1.0780998914531392	1.072213638709219	1.063297055848984	1.042695171245263	1.0333861715354336	1.0164904460667732	0.9767255386411782	0.9658250705968813	0.9483407198538291	0.9269103996787413	0.9224848096527568	0.9087066180447656	0.8947758198841542	0.8922033094257	0.8822402816332127	0.8503673130716887	0.8335587913473828	0.829743627531879	0.7964971999967735	0.7934450689443703	0.7770071631335707	0.7590867936687465	0.756274472913318	0.7462678432486534	0.7337105040616234	0.7233332584834528
FGC2634_s_1_1_TAGCATAACC-GCTATGCGCA_FGC2634_s_1_2_TAGCATAACC-GCTATGCGCA	0.0522736302663567	0.0004700866031147186	0.00007521385649835497	0	0.000018803464124588743	0	0	0	0	0	0	0	0	0	0.00003760692824917749	0	0.000018803464124588743	0.000018803464124588743	0.000018803464124588743	0.000018803464124588743	0	0.000018803464124588743	0	0	0.000018803464124588743	0.00003760692824917749	0.000018803464124588743	0.00003760692824917749	0.00003760692824917749	0.000018803464124588743	0.00005641039237376623	0.0059230911992454545	0.006863264405474892	0.0059795015916192205	0.005678646165625801	0.0049453110647668394	0.005716253093874978	0.005302576883134026	0.005960698127494632	0.005358987275507792	0.005415397667881558	0.0051521491701373165	0.00554702191675368	0.005453004596130736	0.0059230911992454545	0.005866680806871688	0.0060171085198683985	0.005302576883134026	0.006054715448117576	0.006618819371855239	0.007803437611704329	0.007972668788825627	0.00883762813855671	0.009476945918792728	0.010811991871638529	0.011470113115999134	0.01333165606433342	0.014046187701067792	0.016001747970025022	0.01808893248785437	0.019706030402569005	0.02348552669161134	0.025629121601814457	0.030800074236076364	0.0335829869265155	0.03529410216185307	0.041818904213085366	0.04507190350663922	0.053270213864959906	0.05761381407773991	0.0660001590773065	0.07472496643111567	0.08516088902026243	0.09691305409813039	0.10620196537567722	0.12083106046460727	0.13764135739198963	0.1475319795215233	0.16182261225621072	0.178407267614098	0.1954620095751	0.21798855959635732	0.2453852068258831	0.2706006522169566	0.2975648197716169	0.3354349965185386	0.3700333705077819	0.396959931134193	0.4248266649668335	0.4497036480036644	0.47986440445950473	0.5141995299510038	0.5692184659795505	0.6112442082980063	0.6656426300104415	0.7121812037187987	0.7653385967990112	0.8025506523015723	0.8272396006971572	0.8669149100000394	0.9474125399174039	0.9735493550505823	1.008899867604809	1.0589922960327136	1.1227360394150694	1.1597976672046337	1.2240867110466027	1.257632091044869	1.2662252741498061	1.295032181188676	1.3222595972410804	1.33897587684784	1.3779178510498633	1.4189470097697159	1.4341026018541343	1.46059668280568	1.4977899348441164	1.5061386729154338	1.5176463929596822	1.5150891218387381	1.509692527634981	1.5238703395849211	1.5248481197193997	1.5158788673319707	1.5364122501560218	1.5381233653913593	1.5256378652126323	1.5446669709067162	1.5399473014114444	1.5030549047990014	1.4887830755284386	1.4778958698003017	1.4488257142636873	1.4404017623358718	1.4520599100931166	1.4245316386147187	1.4247384767200892	1.4290632734687445	1.3996170486496387	1.3703776619359032	1.3445228987645936	1.3153023155149828	1.2888458414916864	1.2865142119402373	1.270023573902973	1.2539654155405744	1.2632731302822455	1.2371363151490673	1.2215858503180324	1.2072388071909712	1.1622233140767058	1.1464848146044249	1.124766813540525	1.1001154720731892	1.1011496626000417	1.0797889273545087	1.0734709634086468	1.0578452847211137	1.045021322188144	1.0128485950709727	1.0038605392194193	0.9771972270907524	0.9502706664643414	0.9327646413643493	0.931448398875628	0.9068534678006659	0.9032432026887449	0.8973389149536241	0.8803405833849958	0.8623268647536397
FGC2634_s_1_1_TAGTTCGGTA-CCATGTGTAG_FGC2634_s_1_2_TAGTTCGGTA-CCATGTGTAG	0.06951093412629303	0.0009327718306016399	0.00017489471823780745	0	0	0.000019432746470867496	0	0	0	0	0	0	0.00003886549294173499	0	0	0.000019432746470867496	0.00005829823941260249	0.000019432746470867496	0	0	0	0	0	0.00005829823941260249	0.000019432746470867496	0.000019432746470867496	0.000019432746470867496	0	0	0.000019432746470867496	0.000019432746470867496	0.0067625957718618875	0.007306712673046179	0.007306712673046179	0.006373940842444538	0.006412806335386273	0.006393373588915406	0.005538332744197236	0.005654929223022441	0.005790958448318513	0.005810391194789381	0.005363438025959429	0.005344005279488561	0.004935917603600344	0.0059852859130271885	0.0055577654906681035	0.006237911617148466	0.005577198237138971	0.006237911617148466	0.005771525701847646	0.00682089401127449	0.0053828707724302965	0.007345578165987914	0.007248414433633576	0.008550408447181699	0.00822005175717695	0.009735805981904615	0.010221624643676304	0.011912273586641774	0.0124952559807678	0.014535694360208887	0.016342939781999563	0.017975290485552433	0.019121822527333614	0.023474757736807933	0.02372738344092921	0.028041453157461798	0.028643868298058688	0.03334659294400862	0.038204779561725494	0.04391800702416054	0.05134131617603192	0.056957379906112625	0.06490537321269743	0.07633182813756752	0.08299726017707508	0.09251930594780014	0.10503399467503881	0.11702399924756406	0.13245359994543285	0.15079811261393175	0.16813212246594558	0.19102389780862747	0.21469298301014408	0.2396640622252088	0.26978481925505343	0.29123857135889114	0.3161513523345433	0.3432211681684617	0.37689811780247506	0.409758892084712	0.45834075826188075	0.4939026843035683	0.5409299307630676	0.5856641131390046	0.643087878960418	0.6663488764860465	0.7084402053419454	0.7396686289206295	0.7803219345376843	0.8856862859027278	0.9139609320178401	0.9656520376303477	1.0226094175364602	1.0733483185718953	1.1143514136254256	1.150982140723011	1.187340809370004	1.2097273333044434	1.2379048156872012	1.287633213906151	1.3107193167135416	1.368434573732018	1.4161031008250562	1.4426870979972028	1.476422345870629	1.4872658184013727	1.4872852511478438	1.4818829476289426	1.4903750578367116	1.5062321789569395	1.5164926690935576	1.547487899714591	1.558389670484748	1.5675230613260556	1.5915419359640477	1.5852845916004283	1.5733723180137869	1.5312226909184752	1.5125478215599715	1.4982258874109422	1.5020347057192323	1.4975457412844617	1.4990031972697768	1.5018015127615818	1.5086807050122688	1.4908608764984834	1.4698735103099465	1.439577858561864	1.4180658082186137	1.3799776251357134	1.3645480244378445	1.3555700955683039	1.3544429962729936	1.3483022483881995	1.3459703188116952	1.3386441733921783	1.3116132230512016	1.2863506526390738	1.2476406216691058	1.2170146132310187	1.1907221072559349	1.1741265417698141	1.1627583850843566	1.1583860171284113	1.1695792790956312	1.1442972759370325	1.1304611604497747	1.120161804820215	1.0786728911049128	1.043907707668531	1.0175569034540346	1.0038373844456023	0.9990763615602397	0.9994067182502444	0.9742218788240001	0.9807124161452698	0.9626982601667756	0.9563437520708021	0.9286715210962868
FGC2634_s_1_1_TATGCCTTAC-AGACACATTA_FGC2634_s_1_2_TATGCCTTAC-AGACACATTA	0.04841460956806953	0.0005849866518581474	0.00008356952169402106	0.00006964126807835088	0.000013928253615670175	0	0.000013928253615670175	0.000013928253615670175	0	0	0.000013928253615670175	0	0	0	0	0	0.000013928253615670175	0	0	0.000013928253615670175	0.00002785650723134035	0.00004178476084701053	0.000013928253615670175	0.000013928253615670175	0.000013928253615670175	0.000013928253615670175	0.00002785650723134035	0.00004178476084701053	0.000013928253615670175	0.00004178476084701053	0.000013928253615670175	0.0064348531704396215	0.00706162458314478	0.0057384404896561126	0.0068109160180627164	0.006253785873435909	0.00630949888789859	0.006030933815585187	0.006504494438517972	0.005571301446268071	0.005473803670958379	0.005905579533044155	0.006643776974674675	0.005237023359491986	0.005905579533044155	0.00630949888789859	0.006880557286141066	0.006699489989137355	0.006936270300603747	0.008315167408555096	0.008329095662170766	0.009053364850185614	0.01033476418282727	0.011142602892536142	0.012173293660095735	0.012535428254103158	0.014373957731371621	0.015878209121864002	0.01738246051235638	0.021867358176602177	0.024792291435892917	0.0273690183547919	0.03299603281552265	0.035586687988037304	0.041840473861473215	0.04508575695392436	0.051381327588207286	0.05610300556391948	0.06237071969097105	0.07249656006956327	0.08517127085982314	0.10017200000389992	0.11098032480965996	0.13149664238554212	0.14685950612362636	0.1577653287046961	0.17862985262097	0.19587303059716968	0.21793538432439125	0.24123735262340748	0.2806960951166011	0.3091515172534152	0.34670208900126204	0.3881247152542651	0.4241292508507725	0.4726274299405361	0.501305704135201	0.5328253420674626	0.5663506485203808	0.6096118042506523	0.668235823719008	0.720647842074775	0.7848013782285519	0.8461135506447319	0.9041804399684609	0.9614116340752497	0.9923323571020375	1.0158850339661356	1.0488810667816584	1.0756093854701294	1.173343941091287	1.210546306498742	1.2524982063891406	1.3170417336441562	1.38352128815175	1.3933128504435661	1.4354876023918155	1.4322701758065957	1.41292383153443	1.4277992063959655	1.4272002914904915	1.4595138398788465	1.4940559088457084	1.5293918882686637	1.549908205844546	1.5640035985036043	1.5671235273135142	1.5404927064003529	1.5241827214164032	1.4999336318715213	1.4635669616810065	1.459750620190313	1.4801694399908853	1.4941951913818652	1.5078170234179906	1.5107698131845129	1.4848214766985193	1.4671465228602336	1.4243449994992794	1.373479017294852	1.3337974227438074	1.3197298865919806	1.3087265662356011	1.3159692581157496	1.3195348910413611	1.3187966935997306	1.3117629255238172	1.2783769016070559	1.2307144177342326	1.2018829327497953	1.1658783971532878	1.1301245701218625	1.1181741285196174	1.1224501023796283	1.1138981546596067	1.1216561919235348	1.1080343598874096	1.0886044460935498	1.0588815528777096	1.0304957720089736	0.9773594844651919	0.9596009611052124	0.9387782219497857	0.9331929922499019	0.9369396924725172	0.9314380322943273	0.9292095117158202	0.9171476440846498	0.8946535144953425	0.8526041168296342	0.8302074850156365	0.8004010222781024	0.7765001390736124	0.7693270884615422	0.7734080667709335	0.7597026652131141	0.7613183426325318	0.7601065845679685	0.748727201363966	0.721915313153801
FGC2634_s_1_1_TATGTAGTCA-CGCACTAATG_FGC2634_s_1_2_TATGTAGTCA-CGCACTAATG	0.047966760800590424	0.0005789590923426726	0.00008684386385140088	0.000028947954617133632	0.000014473977308566816	0.000014473977308566816	0.000028947954617133632	0	0	0.000014473977308566816	0.000014473977308566816	0	0	0.000014473977308566816	0.000014473977308566816	0	0	0	0.000014473977308566816	0.000014473977308566816	0	0	0.00004342193192570044	0	0.000028947954617133632	0	0.000028947954617133632	0	0	0.000014473977308566816	0	0.006744873425792136	0.006961983085420637	0.0060067005830552285	0.006904087176186371	0.005833012855352426	0.006658029561940735	0.0056448511503410575	0.006194862288066596	0.0053553716041697215	0.005746168991501025	0.005876434787278127	0.0061514403561408965	0.005615903195723924	0.006194862288066596	0.005615903195723924	0.0055724812637982235	0.006556711720780767	0.006325128083843697	0.006715925471175002	0.007063300926580605	0.00758436410968901	0.009147553659014226	0.010030466274836803	0.010710743208339443	0.01076863911757371	0.012780521963464495	0.013663434579287072	0.016616125950234702	0.017209559019885943	0.021189902779741816	0.024214964037232282	0.028586105184419456	0.02984534121026477	0.03463622769940038	0.039137634642364666	0.04466669397423719	0.04892204330295583	0.05607218809338784	0.06277363958725427	0.0748883585945247	0.08319642156964205	0.09690327808085482	0.11295491891605543	0.12823943895390197	0.1422357750112861	0.15488603117897348	0.1714587351972825	0.18596166046046642	0.20864238290299064	0.2326402372805944	0.2608065971230654	0.2960217839148085	0.3254329058058163	0.3657574065874834	0.4027818405427973	0.42567967264495	0.4664239187685656	0.4975574439592928	0.5371148239436059	0.5710997226641208	0.6265350557559317	0.6803058814572575	0.7328319451100465	0.7919436684382333	0.8481605963047067	0.8866613759454944	0.9303438394627491	0.9533719373606789	0.9820304124316411	1.064228129566992	1.1103566952493946	1.1468455920442915	1.210010029018877	1.257860998000999	1.296419673551021	1.3366718044461454	1.3548511199457052	1.3566893150638932	1.3794279334156516	1.3816279779665537	1.4061758434818832	1.4487003888144525	1.4666770686316923	1.497796119845111	1.5217795002454062	1.5381350946040868	1.529609921969341	1.5146148814776657	1.4971447908662254	1.4749996055841184	1.4779233490004489	1.4924552222182499	1.4876932836837313	1.4998658986002362	1.5160188572765967	1.5111266529463012	1.5084200191895991	1.4692679105699258	1.4302894896779554	1.4042942264317693	1.3818016656942567	1.3710330265766828	1.3778068479570922	1.3786608126182975	1.3747817866996017	1.3620157387134457	1.347237807881399	1.316972721329186	1.2857378782972986	1.2490897677520076	1.2240642609854955	1.197721622283904	1.1909912228354202	1.188921444080295	1.1906583213573232	1.1779212213257844	1.164503844360743	1.1352664101974381	1.1153646913981585	1.0768204898254454	1.0446158903138842	1.0245260098095934	1.0051019322614967	1.0042769155549085	1.003987436008737	0.9866331372157654	0.9881239568785479	0.9748078977546664	0.9430519915396708	0.9199949456871238	0.8882679874267454	0.8719702889772992	0.85610680984711	0.8411407173100519	0.8332523996768828	0.8322247472879747	0.8297352231909012	0.8118888091694383	0.8008596384603104
FGC2634_s_1_1_TATTGCGCTC-CTGTGTTAGG_FGC2634_s_1_2_TATTGCGCTC-CTGTGTTAGG	0.05983766460836534	0.0008003764055896002	0.00007622632434186669	0.00005716974325640001	0	0.000019056581085466672	0	0.000019056581085466672	0	0	0	0	0.000038113162170933345	0	0.000019056581085466672	0	0	0	0.000019056581085466672	0	0.000019056581085466672	0.000019056581085466672	0.000038113162170933345	0.000019056581085466672	0	0.000038113162170933345	0	0.000019056581085466672	0.00009528290542733334	0.000019056581085466672	0.00009528290542733334	0.0069747086772808005	0.006841312609682535	0.006383954663631335	0.0062886717582040005	0.005850370393238268	0.0062696151771185335	0.005831313812152801	0.006403011244716802	0.005888483555409201	0.006631690217742401	0.006726973123169734	0.007355840298990134	0.007260557393562801	0.0076988587585285345	0.007489236366588402	0.007946594312639601	0.009242441826451335	0.010176214299639202	0.011319609164767201	0.011853193435160269	0.014387718719527336	0.015588283327911734	0.01671262161195427	0.01837054416638987	0.02008563646408187	0.023134689437756536	0.025440535749098006	0.029556757263558803	0.03428278937275454	0.040018820279480005	0.045621455118607206	0.050538053038657604	0.059437476405570545	0.06551652577183442	0.07193859359763669	0.08301046720829282	0.08918479947998402	0.10109516265840068	0.10827949372762162	0.1263070194344731	0.14536360051993977	0.16308622092942376	0.1853633642183343	0.2056586230743563	0.22633501355208765	0.24954592931418604	0.27098458303533607	0.2900411641208027	0.31908339369505395	0.3541475028923126	0.38522878664270876	0.4274772269091884	0.47081189229753956	0.52146428482271	0.5619404630482412	0.6028168294765671	0.6375950899575439	0.6676473183293248	0.7102387770553429	0.7479517510234813	0.8109718646731197	0.8546686051020947	0.898822703477121	0.9623001750728104	1.0111803055570325	1.0483406386736924	1.0876924786151811	1.1116084878774417	1.1283592226515669	1.2135230835225175	1.2471960623005371	1.281364512186779	1.3051852385436122	1.3514736740002107	1.3870332543056916	1.4161517102042847	1.4254513217739924	1.4051941760801414	1.4115781307437727	1.420953968637822	1.4044319128367226	1.451939969482791	1.4600580730251997	1.4719684362036165	1.4872708708152462	1.4872899273963318	1.4815729530706918	1.4572186424434652	1.4379143258038876	1.4122641676628493	1.4054990813775088	1.402526254728176	1.4029836126742272	1.409958321351508	1.409348510756773	1.389339100617033	1.3899679677928534	1.3586198919072607	1.3289678517382746	1.3046135411110482	1.2586871806950735	1.2592969912898084	1.2545709591806127	1.2536943564506813	1.2307502328237794	1.2374962625280346	1.2322366461484457	1.1828038748127454	1.156772585049998	1.143223355898231	1.0978686929148203	1.0820326740327977	1.0773638116668582	1.0686740106918855	1.062251942866083	1.0663491077994585	1.0382215941173096	1.027340286317508	1.0156586021121172	0.966530736073784	0.9467500049070696	0.9246253142668428	0.9069598636006152	0.909113257263273	0.903110434221351	0.8892944129343876	0.8915240329213873	0.8683131171592887	0.8529725693854882	0.833001272407919	0.8133348807277174	0.7800049204092363	0.7689330467985801	0.7644166370813246	0.7451694901850032	0.7530208015922154	0.7499717486185409	0.737851763048184	0.7240357417612207
FGC2634_s_1_1_TCAGAAGGCG-GGCCATCATA_FGC2634_s_1_2_TCAGAAGGCG-GGCCATCATA	0.09040958553186226	0.0008680188229881764	0.00037975823505732723	0.000027125588218380514	0	0.00005425117643676103	0	0.000027125588218380514	0	0	0.000027125588218380514	0	0	0.00005425117643676103	0	0	0	0.00005425117643676103	0	0	0.00008137676465514155	0	0	0	0	0.000027125588218380514	0.000027125588218380514	0.000027125588218380514	0	0.00005425117643676103	0	0.008897192935628809	0.008273304406606057	0.00783929499511197	0.006889899407468651	0.006320262054882661	0.007595164701146545	0.0073781599953995	0.007568039112928164	0.0073781599953995	0.007730792642238447	0.0084903091123531	0.0084903091123531	0.008761564994536907	0.008653062641663383	0.009249825582467756	0.01052472822873164	0.010795984110915445	0.011881007639650666	0.012640524109765322	0.01646523204855697	0.017713009106602475	0.019150665282176644	0.022758368515221252	0.023490759397117526	0.023490759397117526	0.02671870439510481	0.03227944997987281	0.03705355350630778	0.04095963820975458	0.04871755644021141	0.057234991140782884	0.06458602554796401	0.06830223113388215	0.07901683848014245	0.08300429994824438	0.0896500690617476	0.10147682552496151	0.11132341404823363	0.1245878266870217	0.13522105726862688	0.15171341490540222	0.1676090096013732	0.1844811254732059	0.19972570605193574	0.21071156928037985	0.23222216073755558	0.2437505357303673	0.25644531101656937	0.28153648011857135	0.2983814704021857	0.3303354133234379	0.35149337213377474	0.38146714711508517	0.40162145916134195	0.4324090017892038	0.4628710373584451	0.4627082838291348	0.49390271028027244	0.5237951084969278	0.5439494205431845	0.5839867887535142	0.6101358557960329	0.6438529619514799	0.6786279660474437	0.7040175166198479	0.7377346227752949	0.7582686930566089	0.7734047712824652	0.7899785056838958	0.8565989503482384	0.8773500253352993	0.9034719667895998	0.9271797308924644	0.9723709608642864	0.9878596717369816	1.032291385238689	1.0440367649372477	1.042273601703053	1.0720303719786164	1.0798154157972915	1.098884704314813	1.1266341810622165	1.1544650345742746	1.1683533357420857	1.1939598910202367	1.2151178498305735	1.2225502610024097	1.2388256139334382	1.2424875683429195	1.251656017160732	1.2668463465630253	1.2820638015535366	1.2801378847900315	1.2979322706612892	1.3217756627052457	1.329425078582829	1.3401668115173078	1.3538109823911533	1.317164312708121	1.33862065298886	1.3166489265319719	1.328991069171335	1.3333311632862759	1.3432862541624215	1.3426352400451804	1.3615417750333916	1.3806381891391315	1.3544077453319574	1.3499591488641431	1.3209890206469126	1.3112238088882957	1.2993699268368635	1.3101930365359973	1.3081857430078372	1.3181679594722011	1.3342263076974825	1.3265768918198992	1.3298319624061048	1.3194699877066836	1.2888180730199135	1.2793512427316986	1.2699929147963573	1.2448746201061371	1.271403445383713	1.2558333577463627	1.2741431297937695	1.2596038145087176	1.2442236059888958	1.2220348748262606	1.2219534980616054	1.2206514698271231	1.1929291186679383	1.1849541957317344	1.2010667951334524	1.178145673088921	1.1737242022093248	1.1719339133869118	1.1714999039754177	1.1752161095613358
FGC2634_s_1_1_TCATAGATTG-GATTAAGGTG_FGC2634_s_1_2_TCATAGATTG-GATTAAGGTG	0.08801901001403037	0.0009713473091531365	0.00029887609512404195	0.000056039267835757875	0	0.00001867975594525262	0	0	0.00003735951189050524	0	0	0.00001867975594525262	0	0	0	0.00001867975594525262	0.00001867975594525262	0	0	0	0	0	0	0	0.00001867975594525262	0.00003735951189050524	0.00003735951189050524	0.00001867975594525262	0.00001867975594525262	0.00001867975594525262	0.00001867975594525262	0.0067247121402909445	0.007098307259195997	0.006332437265440639	0.00605224092626185	0.0056973255633020504	0.005323730444396998	0.005659966051411545	0.006351117021385893	0.005790724343028313	0.006033561170316597	0.006145639705988114	0.0067247121402909445	0.006575274092728924	0.00640715628922165	0.006818110920017207	0.007453222622155798	0.008069654568349134	0.008574007978870955	0.00939591724046207	0.011058415519589554	0.012702234042771786	0.011917684293071175	0.01509324280376412	0.017073296933960896	0.01800728473122353	0.018418239362019088	0.022453066646193655	0.026226377347134684	0.028523987328400755	0.03211050046988926	0.0398625991871691	0.04171189502574911	0.0448314142686063	0.04869812374927359	0.054974521746878474	0.05943898341779385	0.06315625485089912	0.07087099405628847	0.07694191473849556	0.08493685028306368	0.0911198495009423	0.10434511671018115	0.1149738978430299	0.12433245557160147	0.13473707963310716	0.14583285466458723	0.1506148721865719	0.15879660529059256	0.16998577910179888	0.18636792506578542	0.19791201423995153	0.21300525704371567	0.23198388908409234	0.25645436937237326	0.273658424597951	0.289704334954923	0.3009121885220745	0.31568787547476934	0.32435528223336657	0.33578729287186115	0.3535891002876869	0.37723767131437674	0.4042112388993216	0.4333516581739156	0.4597461533245576	0.4842166336128385	0.507099334645773	0.5225288130565516	0.5309907424997511	0.574533253608135	0.5827897057359366	0.6030572409365357	0.6368489194414977	0.6595261431590344	0.6940650119018065	0.7369724113080517	0.772333189312415	0.7735473734488564	0.8030053485745198	0.8153153077424412	0.8322018071169496	0.8602214410348286	0.8964601675686187	0.9226118258919724	0.9594856641279009	1.0102946002989883	1.045842175862804	1.0906362306195196	1.1049636034295285	1.1018814436985618	1.1222610574348324	1.1401562636303844	1.1681011785244824	1.2036113945764075	1.2417554562166133	1.2779194637266225	1.3513495843474106	1.3676196517757258	1.3825634565319278	1.3886156974581896	1.3897364828149046	1.3833666860375735	1.4116478365386862	1.448390916482998	1.4594680117585328	1.504056589199851	1.5361297301578496	1.5715652271859937	1.578159181034668	1.5811105824740177	1.5592926275299628	1.5576674887627258	1.5581531624173024	1.5616462767790646	1.5905998984942062	1.610774034915079	1.634291847650152	1.6494224499658068	1.6788991048474156	1.6396342578504943	1.6519068575065254	1.6294537908603315	1.59274807042791	1.604254800090186	1.6033768515607587	1.596708178688304	1.6020505888886463	1.6159670070678593	1.603134014733471	1.6214775350717088	1.6046844344769267	1.5530535890442483	1.5282842326608435	1.5129668327857364	1.495052946834239	1.482107875964179	1.4827616674222628	1.4947727504950603	1.491279636133298
FGC2634_s_1_1_TCCATTGCCG-GAATGCACGA_FGC2634_s_1_2_TCCATTGCCG-GAATGCACGA	0.049747750201292164	0.00047446590559172306	0.00009489318111834461	0	0	0	0	0.000023723295279586152	0	0	0	0	0	0	0	0	0	0	0.000023723295279586152	0.000047446590559172303	0	0.000023723295279586152	0	0	0.000023723295279586152	0.000023723295279586152	0	0.000047446590559172303	0.000023723295279586152	0.000023723295279586152	0.000023723295279586152	0.005503804504863987	0.006357843134929089	0.00505306189455185	0.005812207343498607	0.005266571552068126	0.005646144276541505	0.0050767851898314365	0.005432634619025229	0.0057647607529394355	0.00640528972548826	0.00640528972548826	0.0068560323358003985	0.007330498241392121	0.0069746488121983285	0.007923580623381775	0.008303153347855153	0.008564109595930602	0.010367080037179148	0.00998750731270577	0.012407283431223557	0.014044190805515003	0.015206632274214723	0.017721301573850854	0.01824321407000175	0.02009363110180947	0.02225245097225181	0.02441127084269415	0.02754274581959952	0.03221623498967799	0.036462704844723914	0.04066172810921066	0.04692467806302141	0.05171678370949781	0.05937940808480414	0.06647267337340039	0.07299657957528659	0.07838176760375265	0.08618673175073649	0.09854656859140087	0.110004920211441	0.12205635421347076	0.1385677677280627	0.1553401374907301	0.17159059475724664	0.19519527356043487	0.20565724677873237	0.22776735797930664	0.23879869028431422	0.2683816394979581	0.2914169592144363	0.31706184141166893	0.3491357366296694	0.3811384619618311	0.4267346354891957	0.46663721814945963	0.4992804724541702	0.5381629534174118	0.5593715793973618	0.5949802456120207	0.6313243339803467	0.6765409347832378	0.722967423645388	0.7694176358028177	0.8299832086516011	0.8786159639747527	0.9349825135590495	0.9775658285859066	1.0018110363616435	1.0184410663526333	1.1047701378750476	1.1267141860086647	1.162868488014754	1.2154630336495964	1.280441139420383	1.2991113728054173	1.355881218409467	1.384657575583605	1.3673158467342275	1.3928658357503418	1.3857725704617454	1.408214807796234	1.4340020297651441	1.4642017846560573	1.4698716522278783	1.4918157003614956	1.5184806842557503	1.5054091485566985	1.5048397894699883	1.499478324736802	1.4792898004538741	1.4693497397317274	1.4625886005770454	1.4639171051127022	1.4635138090929494	1.4724337681180737	1.4518182245201132	1.4665503908887363	1.459172446056785	1.4053442890674042	1.3832341778668298	1.3727484813532527	1.3274607106645226	1.3328933452835479	1.3252781674988008	1.2920418308121007	1.3194896834505818	1.309217496594521	1.2770487081954023	1.2548911504042688	1.213375383664993	1.179783197549099	1.1510305636702405	1.1545416113716191	1.1368203097977683	1.1243655797759857	1.1283273700876766	1.1098231997695993	1.105956302639027	1.086171074375852	1.0306111168310612	1.0137913004778347	0.9879566319183652	0.9717773445376875	0.9573535810076991	0.9534866838771265	0.9515888202547597	0.9267742533923127	0.9231445892145359	0.9044506325342221	0.8900980388900723	0.8695299418826713	0.8342296785066471	0.8102217036837058	0.813021052526697	0.8011119582963447	0.7795474828872009	0.7775072794931565	0.7671401994559773	0.7655744619675247
FGC2634_s_1_1_TCTCATGATA-AACACGTGGA_FGC2634_s_1_2_TCTCATGATA-AACACGTGGA	0.06534465506438611	0.0008182693836327419	0.0002922390655831221	0.000043835859837468325	0	0.000043835859837468325	0	0	0.000014611953279156106	0	0	0	0	0	0.000014611953279156106	0.000014611953279156106	0	0.000029223906558312212	0	0	0	0.000014611953279156106	0.000014611953279156106	0.000014611953279156106	0.000029223906558312212	0	0.000029223906558312212	0	0.000058447813116624424	0.000029223906558312212	0.000029223906558312212	0.004938840208354764	0.005435646619846072	0.0042520784042344275	0.004778108722284047	0.004529705516538393	0.004997288021471388	0.004500481609980081	0.005450258573125228	0.005552542246079321	0.005245691227217042	0.00540642271328776	0.005698661778870882	0.005786333498545819	0.006063960610849784	0.006560767022341092	0.006400035536270375	0.008007350396977546	0.00822652969616489	0.008825619780610288	0.01136809965118345	0.012449384193841003	0.014071311007827332	0.014495057652922857	0.014977252111135009	0.01636538767265484	0.018425673085015852	0.020661301936726738	0.024562693462261413	0.027645815604163355	0.03293534269121787	0.036500659291331956	0.041381051686570094	0.04607148868917921	0.04896465543845212	0.05431263033862325	0.05938297812649042	0.06321130988562931	0.07177391450721479	0.08051186256815014	0.09356033684643655	0.10573209392797359	0.12164451104897459	0.13079159380172634	0.1468793543620772	0.1520373738696193	0.16239724874454098	0.17814893437947127	0.19369605266849335	0.21912085137422496	0.2417547670036378	0.27416407937680604	0.3049076290761505	0.338748912870676	0.3613536045935305	0.3874067172902658	0.40629997288021474	0.4193922830183386	0.44119331731083944	0.4896027185246837	0.5346513704843219	0.5899430016926487	0.6475287095658029	0.7034048189052958	0.7386780741211787	0.7749449421600442	0.7919240318704236	0.8138127378825993	0.8356429960816586	0.8680230845482686	0.9690355175670746	1.0160860071259574	1.085872695987207	1.16373979501183	1.2196159043513228	1.2332488567607756	1.241636117943011	1.2417091777094067	1.2349000074813201	1.2581768490550158	1.2987834672177905	1.3539289788933258	1.4148169882075692	1.4874676199115333	1.5212504558929423	1.537703515285272	1.5264376993070428	1.4789488511497855	1.468442856742072	1.4592227142229246	1.4567825180253056	1.4819150776654542	1.5292431943366407	1.5593292061384232	1.5768781620266896	1.6132327017852301	1.5733274573798546	1.5323993762449384	1.4818712418056166	1.421260859603677	1.3997082285169218	1.3975310474783276	1.4019584693219118	1.4260535802792402	1.4695825890978464	1.4640738827116044	1.4426819831109199	1.4081977733721116	1.324383609362872	1.282447303451694	1.2388598468199714	1.2189875903603191	1.224598580419515	1.2441785978135842	1.2546845922212975	1.2533695164261733	1.2575046992041745	1.2227866982128996	1.1678457538832727	1.126888448841798	1.0714360861474008	1.0563565503633117	1.0341756052855526	1.043498031477654	1.0542232051845548	1.064729199592268	1.0482176923868218	1.033737246687178	0.9893461326251016	0.9468107366294782	0.9195156079040148	0.8886113267185994	0.8574586423274386	0.8546677592511199	0.8668833521924943	0.8725966259246444	0.8687536822122264	0.8594458679734039	0.8425106141228619	0.8084939868889865
FGC2634_s_1_1_TCTGGTATCC-CGTTGCTTAC_FGC2634_s_1_2_TCTGGTATCC-CGTTGCTTAC	0.07081755482995533	0.0006838858108786896	0.0000707468080219334	0.000023582269340644466	0.000023582269340644466	0.00004716453868128893	0	0	0	0	0	0	0	0	0	0	0	0.000023582269340644466	0	0.000023582269340644466	0.000023582269340644466	0	0	0	0.000023582269340644466	0.000023582269340644466	0	0.00004716453868128893	0.00004716453868128893	0.000023582269340644466	0.000023582269340644466	0.008536781501313297	0.008701857386697808	0.00860752830933523	0.008513199231972652	0.008749021925379095	0.008749021925379095	0.007451997111643652	0.008937680080104253	0.009385743197576499	0.00971589496834552	0.010423363048564855	0.010541274395268077	0.011154413398124832	0.012262780057135122	0.012545767289222855	0.011909046017025455	0.01436160202845248	0.01610668995966017	0.017898942429549147	0.019667612630097486	0.019927017592844574	0.023558687071303822	0.024124661535479288	0.025539597695917956	0.026388559392181158	0.028298723208773358	0.029902317523937183	0.03570355578173572	0.03815611179316274	0.0432734642400826	0.04787200676150827	0.05633804145479962	0.05978105277853372	0.06440317756930004	0.06930828959215408	0.0720202505663282	0.07489728742588682	0.08447168877818848	0.09291414120213919	0.10286585886389114	0.11663790415882754	0.12857053244519362	0.13764970614134175	0.15135100462825618	0.1654767839633022	0.17748015905769024	0.18601694055900353	0.20342065533239914	0.21820673820898323	0.24742516992204175	0.2605604939447807	0.288599812190807	0.3186672056001287	0.33477389555978887	0.3603606577943881	0.38299963636140677	0.4013938064471094	0.4217924694267669	0.46214173226860955	0.4914780753283713	0.5287144786172489	0.5765629031094165	0.6104506241519226	0.6433478898821217	0.6866449363915449	0.6946864902367047	0.7312390077147035	0.767225550728527	0.7926236548084011	0.876670862738458	0.9164541511161253	0.9424889764681967	1.0061846859572774	1.0607540572115288	1.060400323171419	1.0963868661852425	1.1127765433769903	1.1131066951477595	1.1652942571986058	1.193923132178148	1.214746276005937	1.2773572011053482	1.3087452015977459	1.343835618376625	1.3688092416083673	1.367582963602654	1.348528489975413	1.366568926021006	1.3802702245079206	1.3608384345712294	1.4102432888398797	1.4386363411260157	1.448894628289196	1.4695526962316006	1.479740236586759	1.4840793741454374	1.4611338260769904	1.4303825468567901	1.4141579455504267	1.4037817470405431	1.409417909412957	1.4082623782152657	1.4108564278427365	1.4604263579967711	1.4165633370231725	1.4278120794986597	1.4342028744899744	1.383288754983523	1.3329877744799283	1.3061039874315938	1.2961758520391824	1.2744329997071082	1.3035335200734635	1.2959871938844574	1.31218821292148	1.3335773312134445	1.301434698102146	1.300184837827092	1.2845026287155634	1.1964935995362782	1.1900320577369417	1.1746800003961821	1.1701993692214596	1.1773919613703563	1.166402623857616	1.1756940379778298	1.1711426599950856	1.1609079551012458	1.1261005255544545	1.0864351485234907	1.0818130237327241	1.0330448907362715	1.026111703550122	1.0445058736358248	1.0448124431372532	1.0451897594467032	1.0517456303234025	1.0404733055785744	1.0201689716762796
FGC2634_s_1_1_TGATGTAAGA-GTGCGTCCTT_FGC2634_s_1_2_TGATGTAAGA-GTGCGTCCTT	0.06410913266123841	0.0006954944478678226	0.00009273259304904303	0.00003091086434968101	0.000015455432174840504	0.000015455432174840504	0	0.000015455432174840504	0.000015455432174840504	0	0	0.000015455432174840504	0.000015455432174840504	0	0	0	0	0	0	0.00003091086434968101	0	0.00003091086434968101	0.000015455432174840504	0	0	0.000015455432174840504	0.00003091086434968101	0.000015455432174840504	0.00004636629652452151	0.00003091086434968101	0	0.005656688175991624	0.005548500150767741	0.004466619898528906	0.004837550270725077	0.004482075330703747	0.004883916567249599	0.004482075330703747	0.004837550270725077	0.005007560024648324	0.0048993719994244395	0.004327521008955341	0.004992104592473482	0.004992104592473482	0.004775728542025716	0.004868461135074759	0.005548500150767741	0.005703054472516146	0.0068467564534543425	0.007588617197846688	0.007511340036972485	0.008825051771833927	0.009829654863198561	0.010308773260618615	0.011576118698955537	0.012688909815544054	0.014172631304328743	0.014218997600853262	0.01868561749938217	0.020694823682111434	0.02513053271629066	0.027201560627719286	0.031096329535779094	0.034341970292495604	0.03809764031098184	0.04262608193821011	0.04546988145838076	0.05169842062484149	0.059379770415737214	0.06584014106482054	0.07461882654012995	0.08344387831196387	0.09526728392571686	0.10894534140045072	0.12015052972721006	0.13019656064085638	0.1393152656240123	0.1536269958179146	0.16749051847874655	0.19126097316365123	0.2111984806691955	0.23690086437595523	0.26433425648629716	0.2903302934043788	0.316480884644209	0.3507301223436556	0.3708685504674727	0.39301618477401923	0.4217014668905231	0.4537560332211424	0.49933410270474704	0.535963476959119	0.585482681647308	0.6312925826135353	0.6778752551885046	0.7216141282433032	0.7642711210458629	0.7795410880346053	0.8164332046359496	0.8502342348023257	0.9380210895554199	0.9776024513551864	1.0325156018723947	1.0972120409562771	1.1526661315996047	1.172897292316471	1.198306022811909	1.2315506574199906	1.2384901464664941	1.2728939384876892	1.3025529128312079	1.3525203250524673	1.4001539670153258	1.4434600879692288	1.4780029788799973	1.4888217814023856	1.496935883294177	1.4783893646843684	1.4909082647459893	1.4838296768099124	1.4927165503104456	1.5071673793939213	1.532220634949338	1.550612599237398	1.5672117333931768	1.571044680572537	1.5517253903539867	1.5514471925748394	1.5239365233036235	1.4748964370128543	1.4627484673234297	1.452656070113259	1.4445419682214677	1.4490549544165212	1.4697652335308073	1.4551134838290587	1.4590700744658176	1.4204005831643667	1.3865840975658157	1.355935975563107	1.3239741418255369	1.287143846952892	1.2775305681401412	1.278890646171527	1.275799559736559	1.280358912228137	1.2786588146889046	1.2488916523201616	1.2144569494346171	1.1892955058539767	1.123393543060457	1.1183859830358085	1.0896697900549548	1.0931163514299442	1.0846622300303066	1.083858547557215	1.077259078018558	1.0475228265141647	1.0248960738101984	0.9959789602110717	0.9752686810967856	0.9431832039018166	0.9290260280296626	0.9061056221143742	0.90507010815866	0.9046682669221141	0.8847925811452692	0.8836952454608554	0.8684561893364627	0.8503578782597245
FGC2634_s_1_1_TGATTATACG-GTCGATTACA_FGC2634_s_1_2_TGATTATACG-GTCGATTACA	0.04821264983204345	0.0005191856090342592	0.00010741771221398467	0.000017902952035664112	0	0	0	0.000017902952035664112	0.000017902952035664112	0	0	0	0	0	0	0.000017902952035664112	0.000017902952035664112	0	0.000017902952035664112	0.000017902952035664112	0	0.000017902952035664112	0	0	0.000017902952035664112	0	0.000017902952035664112	0.000017902952035664112	0	0.000017902952035664112	0	0.0056573328432698595	0.006624092253195721	0.006194421404339783	0.006176518452304119	0.0063018391165537676	0.0063018391165537676	0.005854265315662165	0.00635554797266076	0.005549915131055874	0.006122809596197127	0.006391353876732089	0.006087003692125798	0.0063197420685894325	0.006480868636910408	0.006122809596197127	0.006552480445053065	0.006230227308411111	0.007931007751799203	0.007823590039585217	0.00814584317622717	0.009237923250402682	0.009703400003329948	0.01161901587114601	0.012514163472929215	0.01428655572445996	0.015396538750671136	0.01629168635245434	0.020087112184015134	0.021752086723331898	0.025261065322322064	0.030166474180094032	0.033568035066870214	0.03670105167311143	0.04269854060505891	0.048123135071865136	0.05515899522188113	0.05773702031501676	0.06518464836185303	0.07451208637243403	0.0837142037187654	0.0960314347193023	0.10818753915151824	0.12607258823514667	0.14320571333327725	0.1606431886160141	0.17838501408335722	0.19399638825845633	0.20865890597566522	0.23137775210892297	0.2566567203832807	0.2812374735282475	0.31281828091915903	0.35057560676237465	0.38783164994859165	0.434504645905568	0.4771673806065556	0.5004770241569902	0.5247713300693865	0.5635133182745636	0.5946823577686549	0.6477288046503277	0.6954043659213012	0.7510825467522165	0.8125254781386158	0.8713724814798436	0.9287514427541471	0.9487311372259484	0.972309325056918	0.9942225383485709	1.078796083765048	1.1112004269496	1.146218601131359	1.198996503732497	1.2558383764457306	1.2907849388193469	1.3469106934511539	1.3724940119101179	1.3541971949296692	1.3703098517617667	1.3775605473362107	1.379261327779599	1.4225685687538703	1.4513923215312896	1.4682389993968494	1.490438659921073	1.5173826027347475	1.5061574518083862	1.483563926339378	1.4767070957097186	1.4630829492105784	1.4492439672870099	1.4506583004978275	1.4640497086205042	1.4559754772524196	1.4696354296556313	1.4759730746762563	1.4742543912808328	1.4642287381408607	1.4153536790834977	1.3763073406937143	1.365082189767353	1.3332507410479422	1.3228312229631856	1.3418083521209896	1.3189820882755177	1.3410027192793847	1.3351305510116869	1.3095651355047584	1.2803117118784835	1.236467382343142	1.1957023605579349	1.170745645420219	1.169205991545152	1.1705129070437552	1.1629220553806339	1.1721062697749296	1.145896347994717	1.1299448177309406	1.1242874848876707	1.0764687000004118	1.0530337357857273	1.025284160130448	1.0029949848460462	1.0128416084656615	1.004928503665898	0.9991279472063429	0.988081825800338	0.9764807128812277	0.9522759217290098	0.9354471468154855	0.9080735331529551	0.8780502825891464	0.8603800689299459	0.8567815755707774	0.8450014331313104	0.843211137927744	0.8404898892183231	0.8281010464096435	0.8144948028625387
FGC2634_s_1_1_TGGTACCTAA-CATGAGTACT_FGC2634_s_1_2_TGGTACCTAA-CATGAGTACT	0.05573026373681022	0.0007146814478671895	0.00019355955879736384	0.00007444598415283225	0.0000297783936611329	0.00007444598415283225	0	0	0	0	0	0	0	0.0000297783936611329	0.00001488919683056645	0.000044667590491699345	0	0.00001488919683056645	0	0.00001488919683056645	0	0	0.00001488919683056645	0.00001488919683056645	0.00001488919683056645	0.00001488919683056645	0.0000297783936611329	0.00001488919683056645	0.0000297783936611329	0.0000595567873222658	0.000044667590491699345	0.00658102499911037	0.006700138573754902	0.006298130259329608	0.006655470983263203	0.006179016684685077	0.006863919738891134	0.0058514543544126146	0.006968144116705099	0.006387465440313007	0.00725103885648586	0.007519044399436057	0.00817416905998098	0.008159279863150414	0.008635734161728541	0.008635734161728541	0.00897818568883157	0.009990651073310087	0.011524238346858432	0.012521814534506383	0.014576523697124553	0.015961219002367234	0.01881994479383599	0.0204130888547066	0.021708448978965882	0.02355470938595612	0.026234764815458087	0.028497922733704186	0.033456025278282814	0.03783344914646935	0.04396779824066273	0.04950657946163345	0.05833587318215935	0.06174549925635906	0.07134903121207443	0.07715581797599534	0.08062500083751732	0.09028808958055494	0.10118698166052958	0.1093909291141717	0.12774930880626012	0.1502171068235849	0.16488296570169286	0.18295845065400052	0.2042797805153717	0.2210003485560978	0.24047541801047873	0.25746399159415506	0.27594148486088804	0.3081765959990644	0.3361533968436987	0.3770540205372647	0.41960734507902364	0.4634262513513807	0.5003812378848467	0.5451828311480211	0.5709709200585622	0.5955083164353357	0.6238722363975647	0.672321682884228	0.7108847026753952	0.7706797171469499	0.8440090115374898	0.8915948846079802	0.9628545806390711	1.009219539569455	1.0497330441454262	1.062210191089441	1.076846271573888	1.095249318856468	1.195260053967383	1.2404934339386438	1.2861437114211605	1.3486783381095395	1.396874668250083	1.4355716908127254	1.4486146272363016	1.44568145546068	1.4164390728854475	1.4169155271840257	1.4269359566509967	1.452307148050282	1.4827853339624515	1.5365651129144575	1.5765723847981896	1.5794608889833195	1.5631572184538491	1.5331108192497662	1.4964238382592505	1.4712908740092543	1.4296160120804988	1.439427992791842	1.4486890732204545	1.4599006384338709	1.480090389336119	1.4882050016087778	1.4810581871301058	1.4430907352121614	1.3938968288839697	1.3444646954064892	1.2967597087613545	1.2699591544663347	1.2701378248283015	1.2782226587072991	1.2983975204127167	1.2797413567840168	1.2799646947364753	1.2479231431570963	1.2046998047579618	1.1573372696399302	1.1101087372933733	1.0726772964613294	1.0691038892219933	1.0607957173905371	1.0659324902970826	1.0687614376948902	1.0708905928416612	1.0474698862271803	1.0031596364594144	0.9736641375380624	0.9199885829638703	0.8960914220508112	0.8738916295764365	0.8748594273704234	0.8728047182078054	0.8739065187732672	0.8757974467707491	0.86268006436302	0.833661019740246	0.8119376815644496	0.7669871963329694	0.7297642042565533	0.7146814478671895	0.7152770157404122	0.7065370572008697	0.7092320018272023	0.7116738301074151	0.7009089407989156	0.6957126111050479	0.6676166966857691
FGC2634_s_1_1_TGTAATCGAC-GATCACCGCG_FGC2634_s_1_2_TGTAATCGAC-GATCACCGCG	0.056265307473356715	0.0006435574384207468	0.00016855075768162418	0.000030645592305749846	0.000030645592305749846	0.00006129118461149969	0.000030645592305749846	0.000015322796152874923	0	0	0	0	0	0.000015322796152874923	0.000015322796152874923	0.000030645592305749846	0	0.000015322796152874923	0.000015322796152874923	0	0.000030645592305749846	0.00004596838845862477	0.000030645592305749846	0	0.000030645592305749846	0.000030645592305749846	0.00004596838845862477	0.000030645592305749846	0.000030645592305749846	0.00004596838845862477	0.000015322796152874923	0.005730725761175222	0.006312992014984469	0.005577497799646472	0.005960567703468345	0.0049492631573786	0.0056387889842579725	0.005209750691977474	0.005317010265047599	0.005286364672741849	0.005286364672741849	0.006634770734194842	0.006680739122653467	0.006542833957277593	0.007063809026475341	0.00721703698800409	0.008534797457151333	0.009377551245559454	0.009653361576311203	0.010634020530095198	0.011737261853102192	0.014495365160619679	0.016012321979754295	0.01950591950260978	0.020701097602534024	0.022264022810127265	0.02557374677914825	0.028301204494359987	0.03351095518633746	0.036177121716937696	0.04351674107416478	0.049400694796868753	0.057368548796363716	0.06481542772666092	0.0745454032837365	0.08484232229846846	0.0903738517096563	0.10264741142810913	0.11168786115830533	0.12452836433441451	0.14190441517177468	0.16416843798190195	0.18341386994991285	0.20609160825616774	0.23860658169256832	0.25946090725663107	0.281648316085994	0.3041115352461086	0.33158530874821335	0.35525902880440513	0.4013653224284057	0.4414037887758679	0.48634554989225004	0.5337849267815509	0.5810251073208643	0.6348847357982196	0.6768691972570969	0.7048639458283994	0.7491774723025136	0.7884344760461792	0.8343722189124982	0.8944069342394622	0.9523117809011765	1.016943335074003	1.0792151786392867	1.1355877456857135	1.1560590013459544	1.1893247917938459	1.2019660986199676	1.2196179597880796	1.3121523257552912	1.3411890244649893	1.3716813888092103	1.425020042217368	1.4604923153112734	1.4840128074059364	1.507456685519835	1.500837237581793	1.4874604365403332	1.4844112001059113	1.4798603296485073	1.463970590037976	1.4940492388860696	1.5185657127306693	1.5201746063267212	1.536508707025686	1.524740799580278	1.5052195572815155	1.4733634640796884	1.4448170948468824	1.4079351245069123	1.384491246393014	1.3804613510048076	1.3968720656845366	1.4086399731299448	1.399798719749736	1.3866057922621104	1.3665022837095386	1.327720286646612	1.2911600950258526	1.2524547119436906	1.2129985118500375	1.2080798942849647	1.2000354263047055	1.2126154419462158	1.2033145046814206	1.184145686694174	1.160027605549549	1.1312667171706028	1.0944153924229385	1.0546527364062281	1.0200691854891895	0.9974987067560047	0.9953994836830609	0.9921204053063456	0.9929171907062951	0.9910171639833386	0.9639877515696673	0.9468721882669059	0.917712907187985	0.8754986037868145	0.849955502599972	0.8227115710401603	0.7998959275685298	0.8160461547136599	0.8082468514718465	0.8079863639372477	0.7944256893419533	0.782458585546558	0.7543872229944911	0.7285070202922854	0.6998687142825621	0.6759651522840773	0.6707400787959469	0.6679819754884295	0.6670932533115628	0.6607189701119667	0.6590028169428447	0.647326846274354	0.6319121133445619
FGC2634_s_1_1_TGTCGCTGGT-TCGTCTGACT_FGC2634_s_1_2_TGTCGCTGGT-TCGTCTGACT	0.0888690491336207	0.0009050844742663138	0.0002220018521785298	0.0000512311966565838	0.0000512311966565838	0	0	0.0000170770655521946	0.0000170770655521946	0	0	0.0000170770655521946	0	0	0	0.0000341541311043892	0.0000170770655521946	0.0000170770655521946	0	0	0.0000341541311043892	0	0	0	0	0.0000341541311043892	0.0000170770655521946	0.0000170770655521946	0.0000341541311043892	0.000085385327760973	0	0.008299453858366576	0.008077452006188045	0.007923758416218294	0.0074968317774134294	0.00698451981084759	0.007326061121891484	0.00698451981084759	0.00806037494063585	0.007582217105174403	0.007565140039622208	0.007940835481770488	0.007957912547322685	0.008265299727262186	0.008145760268396824	0.008589763972753885	0.010177931069107981	0.010195008134660176	0.009904698020272868	0.011646558706596716	0.012466257853102057	0.014993663554826859	0.015540129652497086	0.016615984782285344	0.01799922709201311	0.020270476810454987	0.01994601256496329	0.02295157610214954	0.026776838785841132	0.028279620554434254	0.03292458238463119	0.03792816259142421	0.04370021074806598	0.04644961830196931	0.05008703326458676	0.05432214552153102	0.0604015808581123	0.0644829995250868	0.07556601506846111	0.08232853302713017	0.09347985683271323	0.10522887793262312	0.11860022025999149	0.13164709834186816	0.14594060220905505	0.1533691257242597	0.17444222461566783	0.1861741686500255	0.19761580256999592	0.22876437013719886	0.25017901033965084	0.2752481425702725	0.30026604360423764	0.3376648171635438	0.3639122669172669	0.4008328826411116	0.4342697769923087	0.44880235977722627	0.48618405627098027	0.522763130683781	0.5625526934203945	0.6010956303716978	0.6540857647801576	0.7040361815203267	0.7542427542437788	0.7971403429108916	0.8380057607772934	0.8674295447237248	0.9040427732676298	0.9297949881203393	1.0162561710111004	1.053330480324915	1.103434590655054	1.1563393397357529	1.2088000851120948	1.2409561995468772	1.280438375103551	1.2982668315400423	1.2908553850903897	1.3179566881217226	1.338705322767639	1.3675997176819523	1.4099337631858426	1.4449246705022896	1.4679274778010956	1.4854827011887517	1.4930819953594783	1.476927091347102	1.4778321758213686	1.4803083503264365	1.4678250154077823	1.4815891302428512	1.4864219397941223	1.491237672279841	1.5101249067805684	1.5080073506520963	1.4814866678495382	1.4963437148799474	1.4502185608234697	1.4403821710654057	1.420914316335904	1.388553277114495	1.391012374554011	1.3860258714127704	1.3882288128690035	1.3764797917690934	1.375557630229275	1.340635031175037	1.3241556629171691	1.288430441781978	1.2551813951518551	1.2385483333040177	1.2168604600527306	1.2170824619049092	1.2130522744345913	1.199527238517253	1.1998517027627447	1.1834064886359814	1.1572444242100193	1.1365470207607593	1.0865453728239336	1.0690413806329342	1.0445357915655349	1.0432037804524636	1.0499321442800282	1.0326501539412074	1.0346994018074709	1.0076493299727944	0.985141757575002	0.9570329076760897	0.9442251085119437	0.9193779781335006	0.8923449833643765	0.8815181238042853	0.889049109712803	0.874567758124542	0.8746872975834075	0.8549632868706226	0.8457416714724376	0.8313969364085941
FGC2634_s_1_1_TTCACGAGAC-AGATTGTTAC_FGC2634_s_1_2_TTCACGAGAC-AGATTGTTAC	0.058453220531130626	0.0006613972965296127	0.00016088042348017605	0.0000357512052178169	0.00001787560260890845	0.0001072536156534507	0.0000357512052178169	0	0	0	0	0	0.00001787560260890845	0	0	0	0	0.00001787560260890845	0.00001787560260890845	0	0	0.00001787560260890845	0	0	0.00005362680782672535	0.00005362680782672535	0.0000357512052178169	0.0000357512052178169	0.0000357512052178169	0.00005362680782672535	0.00001787560260890845	0.008848423291409682	0.008937801304454224	0.008705418470538415	0.007883140750528626	0.008026145571399893	0.00784738954531081	0.006935733812256479	0.007811638340092992	0.007704384724439542	0.00772226032704845	0.0076865091218306335	0.008562413649667148	0.006971485017474295	0.008044021174008802	0.008580289252276056	0.009009303714889859	0.009027179317498768	0.00945619378011257	0.01027847150012236	0.011386758861874683	0.012548673031453732	0.014032348047993132	0.014675869741913837	0.016213171566279966	0.01667793723411158	0.0175538417619481	0.019681038472408204	0.022666264108095913	0.024507451176813484	0.030156141601228554	0.0323727163247332	0.03753876547870774	0.03984471821525694	0.044689006522271126	0.047781485773612284	0.048943399943191336	0.05448483675195296	0.063458389261625	0.07127002760171798	0.08113736024183546	0.09143370734456671	0.10158704962642671	0.1163344217787762	0.12316290197537923	0.131600186406784	0.14241492598517363	0.15621489119925094	0.16922832989853628	0.18486948218133117	0.20898367010074867	0.23138180016971094	0.25587137574391555	0.2831316697225009	0.3094266811602053	0.3326292133465685	0.3470369490493487	0.371365644200073	0.3941034107186046	0.4241165474989619	0.4648014190368375	0.5100803204452026	0.5496747802239349	0.5935236334235873	0.6406079706954522	0.6787187554576449	0.7044953744196909	0.7163111477441795	0.7550654542002929	0.7901373865189713	0.890937909630606	0.928423048301487	0.9807270615351532	1.0388763968219323	1.0856747244520546	1.1152052199619713	1.149651506189338	1.155318072216362	1.1731400480174439	1.200614849227336	1.2300738423268172	1.2872578950727152	1.3428510191864207	1.3784592195833663	1.4153365877655442	1.4540015162086133	1.4718771188175217	1.4608121208026075	1.4564683493686428	1.445456978161555	1.444849207672852	1.4688382663740074	1.5087723626023088	1.5411987057348686	1.5753411067178837	1.5906604981537182	1.5642939843055783	1.539750781923547	1.5117754638406053	1.477096794779323	1.4610087524313053	1.4532328652964304	1.4611517572521766	1.4743439519775512	1.5019081312004878	1.4907358795699202	1.4998524369004635	1.4661748015852798	1.4238632502099935	1.3773866834268316	1.3289259247540808	1.3153047155660926	1.314661193872172	1.3129630116243256	1.3246715313331607	1.3274780009427591	1.324814536154032	1.2927993318814768	1.2550103079662445	1.218597705451898	1.176607914923572	1.1472740510423531	1.1300419701273654	1.1182976992133127	1.1336707174569738	1.1335813394439294	1.1245899113316482	1.1172251630567782	1.0893928497947076	1.0538740274108065	1.0144225724529454	0.9845881916986774	0.9604382525740421	0.954986193778325	0.9504457907156624	0.9651574116627939	0.9540566624426619	0.9455121243956035	0.9254735738710171	0.8939410108689027
FGC2634_s_1_1_TTCTACATAC-CTAACTGTAA_FGC2634_s_1_2_TTCTACATAC-CTAACTGTAA	0.035618208508820956	0.0005149620507299416	0.00015448861521898246	0.00001716540169099805	0	0.0000343308033819961	0.00001716540169099805	0	0	0	0	0.0000343308033819961	0	0	0.00001716540169099805	0.00001716540169099805	0	0.00001716540169099805	0	0	0.00001716540169099805	0.00001716540169099805	0	0.0000343308033819961	0	0.00001716540169099805	0.00001716540169099805	0.00001716540169099805	0.00001716540169099805	0.00005149620507299416	0	0.005183951310681411	0.005510093942810375	0.004600327653187478	0.0047548162684064605	0.004960801088698437	0.0048063124734794545	0.004600327653187478	0.0051152897039174194	0.004960801088698437	0.004428673636277497	0.005338439925900394	0.005252612917445404	0.004995131892080433	0.005510093942810375	0.005098124302226421	0.006351198625669279	0.00599072519015832	0.00652285264257926	0.0076042729491121374	0.00837671602520705	0.009458136331739926	0.010522391236581805	0.012015781183698636	0.01304570528515852	0.014230118001837386	0.016427289418285137	0.018281152800912925	0.020564151225815668	0.02439203580290823	0.029781971933881622	0.03323221767377223	0.038347507377689646	0.04466437519997693	0.04948785307514739	0.056577163973529576	0.06399261750404074	0.07381122727129162	0.08215361249311667	0.0950619945647472	0.10953242819025856	0.12913531692137833	0.14262732265050282	0.16350045110675643	0.1911024170258813	0.21305696578866778	0.23496001834638133	0.2602103242338395	0.28880788345104225	0.3106766052053737	0.35530664960196867	0.38369822399887943	0.4204836798226883	0.4731642976123613	0.5260680656240173	0.5789375028322913	0.6313091433915263	0.6678371181899702	0.704880055039144	0.7477420630615661	0.78478499991074	0.8337235601317754	0.8962742838937723	0.9379347137978244	1.0073515982362207	1.0591739459413436	1.1137942541220998	1.1336717892802752	1.1606729661402153	1.1821812144590358	1.2386725514241104	1.2653647510536123	1.2822383409158633	1.330043984625293	1.3718932339479464	1.3794631760936764	1.4196473814523027	1.4300152840736657	1.4128842131860495	1.4240245588835072	1.4150127229957332	1.426273226505028	1.4468202123291527	1.454115508047827	1.4466142275088607	1.462732539696708	1.4648438841047007	1.4479531288407586	1.4421340576675103	1.4336028530270841	1.4176561948561472	1.4043015123405505	1.3992377188417062	1.3795490031021314	1.384029172943482	1.3753091488844549	1.365645027732423	1.3544875166332742	1.3462481238215953	1.3139256724374457	1.2823070025226275	1.2661200287280163	1.2486971460116534	1.225695507745716	1.239839798739098	1.205165687323282	1.2124781484436473	1.2072083701245109	1.1705259067108482	1.1668181799455926	1.1315261140689006	1.0963542060040454	1.0800127435942153	1.0792403005181206	1.05893363031767	1.0531660553494944	1.0633966347573294	1.0421115366604916	1.0153850062276077	1.0090166422002473	0.9747545004250154	0.9588936692625332	0.9458651293790656	0.924236723248408	0.9195677339884566	0.9145726020963761	0.898231139686546	0.890077573883322	0.8667497929852556	0.8525711711884912	0.8325391474150965	0.8235788077323956	0.8017615821831369	0.7850081501327228	0.7823990090756912	0.7642895102916882	0.7592943783996078	0.7497504150594129	0.7384040845416632	0.7334776142563467
FGC2634_s_1_1_TTGGAATTCC-ACGTCAATAC_FGC2634_s_1_2_TTGGAATTCC-ACGTCAATAC	0.039744090472002315	0.0008443655584466894	0.0002552733083676038	0.00009818204167984762	0.000019636408335969522	0.000019636408335969522	0.000019636408335969522	0	0	0	0	0	0	0	0	0.000019636408335969522	0	0	0	0	0	0.000019636408335969522	0	0	0.000019636408335969522	0.000019636408335969522	0.000019636408335969522	0.000019636408335969522	0	0.000019636408335969522	0.000039272816671939045	0.005949831725798765	0.006048013767478612	0.005949831725798765	0.005400012292391618	0.00492873849232835	0.005360739475719679	0.0055178307424074355	0.005478557925735496	0.005026920534008198	0.005930195317462795	0.006597833200885759	0.006617469609221728	0.006224741442502338	0.007029834184277089	0.00655856038421382	0.007461835167668417	0.00699056136760515	0.008325837134451078	0.009072020651217918	0.011330207609854414	0.011428389651534261	0.013195666401771519	0.014236396043577904	0.014530942168617446	0.015650217443767708	0.017496039827348844	0.018909861227538648	0.02311205261143613	0.026214605128519308	0.029984795529025457	0.03334262135447625	0.03868372442185996	0.039979727372033945	0.04669537902293552	0.05123138934854449	0.05506048897405853	0.057338312341031	0.06421105525862034	0.07151579915960099	0.08339582620286255	0.0963165828879305	0.10254132433043285	0.11654208347397911	0.1309748436009167	0.1392810443270318	0.15239816509545945	0.16062582018823068	0.17352694046496264	0.1949502619595054	0.22041868357125788	0.2408994574656741	0.26766388202760055	0.29576358235637296	0.32288146226834685	0.35380880539749887	0.3797877736259865	0.40466710298765984	0.423302054498495	0.45312975876083267	0.49595676534158223	0.5440659657647076	0.5846740582034925	0.6283257939343527	0.6879812024590282	0.7173179965129667	0.7508766183591385	0.7842388761219508	0.8115334837089483	0.8406935500878631	0.9378937713509122	0.9708043917219972	1.0208379601620476	1.0833602843037744	1.1380673179277856	1.1719204858989969	1.2041634683866589	1.2227198742641503	1.2378006358661746	1.262758510861192	1.289287298523087	1.316306996393381	1.3692860260838267	1.4137428545564616	1.440684006793412	1.4920332145919721	1.4960586783008458	1.4982383196261386	1.4877524775747308	1.4806440977571098	1.476127723839837	1.4809190074738134	1.5006143250347908	1.524354742712978	1.5557533596421933	1.5655126545851699	1.558502456809229	1.5595431864510354	1.5183656381705073	1.4751066306063665	1.4654258812967333	1.430924711850435	1.429609072491925	1.445062925852333	1.4491276623778786	1.4466927477442186	1.4542724013619028	1.4302963467836838	1.3993886400628681	1.360685279232672	1.309728799600831	1.2842014687640706	1.2732247165042638	1.2705738013789079	1.2767789064130741	1.2767789064130741	1.2711039844039789	1.2611483253776425	1.2248602427727708	1.1876492489761086	1.1424266005783708	1.112520350682689	1.0926286690383522	1.0786475463031417	1.0872286567459604	1.0809646424867863	1.0831835566287509	1.0656089711680579	1.0439696491818196	1.0055804708849991	0.9826058731319148	0.9485759774856797	0.9181591809732629	0.9137998983226776	0.9138980803643575	0.903274783454598	0.911580984180713	0.8982282265122538	0.8855234703188815	0.8605655953238642
FGC2634_s_2_1_AACATCGCGC-GTCCACTTGT_FGC2634_s_2_2_AACATCGCGC-GTCCACTTGT	0.05337186854523097	0.0008182731858218625	0.0002454819557465587	0	0	0.000040913659291093113	0	0	0	0	0	0.000020456829645546557	0.000020456829645546557	0	0	0.00006137048893663967	0	0.000020456829645546557	0	0	0	0.000020456829645546557	0.000020456829645546557	0.000040913659291093113	0	0.000040913659291093113	0.000020456829645546557	0.000020456829645546557	0.00008182731858218623	0.000020456829645546557	0.000020456829645546557	0.005686998641461943	0.0064643581679927125	0.0052778620485510125	0.005768825960044129	0.005584714493234211	0.005564257663588664	0.0052574052189054655	0.006075678404727328	0.006218876212246155	0.007078063057359109	0.008612325280775102	0.007937249902472064	0.008448670643610729	0.009348771148014776	0.008469127473256276	0.00938968480730587	0.010719378734266398	0.012826432187757692	0.014810744663375707	0.01886119693319393	0.0205182001344832	0.023095760669822062	0.026634792198501615	0.028516820525891905	0.03156488814307834	0.033201434514722065	0.03725188678454028	0.045536902790986634	0.05202171778862489	0.05934526280173057	0.06791667442321458	0.07474925552482713	0.09062375532977125	0.09989069915920384	0.10827799931387794	0.11903829170743542	0.12824386504793137	0.1466345548992777	0.15903139366447894	0.18456151706212104	0.21185092780928017	0.23294191917383866	0.2677185295712678	0.30006077724087693	0.3209676571386255	0.3533508184675257	0.3716801378299354	0.40146528179385116	0.44043554226861736	0.4860338155485407	0.5263337699502675	0.5849221300551127	0.6360437473393336	0.6939570320658759	0.7512156982437607	0.796998082990494	0.8139772515962975	0.8396096591421675	0.8872331585569998	0.9296401664122178	0.9940791797956894	1.0534858130863567	1.0924151599018317	1.1499602216947542	1.2040480792775794	1.2352242876573922	1.2458209254137855	1.2506078235508433	1.2547196463095982	1.3402496510576283	1.3582107474864182	1.3850296511517297	1.4149579929231644	1.4453977554357376	1.4548488107319801	1.4673683904750547	1.4454182122653831	1.4233452930778383	1.41442611535238	1.4057933332419594	1.4146306836488356	1.4350670564647365	1.4473206974224189	1.4632770245459452	1.4583673854310142	1.4408563392544265	1.4124418028767622	1.3816133606009235	1.3663730225149913	1.3354013824316338	1.339226809575351	1.3374061517368974	1.3314736711396888	1.3313918438211068	1.3230250004960782	1.302056750109393	1.2976994453948916	1.2473961012964925	1.1932059595654398	1.1813819120303137	1.1518627068517902	1.14455961866833	1.1410001303100048	1.1502261604801465	1.136438257299048	1.1298716149828274	1.1064076313793856	1.071467366344792	1.0387978094008543	0.9949179098111568	0.9689172793316672	0.9555385127434797	0.9528177544006221	0.9623301801858011	0.9645804314468114	0.9675466717454155	0.9425893395778487	0.9132337890364896	0.887130874408772	0.849776703476004	0.8243488642265897	0.8053649263155225	0.8068173612203562	0.8180686175254069	0.8008848806231478	0.8033806138399044	0.7942977814772817	0.7760298326038086	0.7475130120779168	0.7171755337135712	0.6998281421741478	0.6845059767696334	0.669633861617321	0.6647037656727443	0.6614306729294569	0.665256100073174	0.6543526098720978	0.6538821027902502	0.6411170410914291
FGC2634_s_2_1_AACCATAGAA-GGCGAGATGG_FGC2634_s_2_2_AACCATAGAA-GGCGAGATGG	0.06494621279467526	0.0005919897862028887	0.00009866496436714811	0	0.000024666241091787028	0	0.000024666241091787028	0	0	0	0	0	0	0	0	0	0	0	0.000024666241091787028	0	0	0	0.000024666241091787028	0	0	0	0	0.000049332482183574056	0.000024666241091787028	0.000024666241091787028	0	0.00680788254133322	0.0068325487824250075	0.0047605845307148965	0.004785250771806684	0.005352574316917786	0.0054759055223767205	0.004390590914338091	0.005500571763468507	0.005179910629275276	0.004711252048531323	0.005549904245652082	0.005599236727835656	0.004834583253990258	0.005697901692202804	0.005500571763468507	0.006536553889323562	0.005895231620937099	0.0072272086398936	0.007498537291903257	0.00838652197120759	0.008855180551951544	0.010927144803661654	0.011716464518598839	0.012826445367729254	0.012900444091004616	0.015811060539835487	0.016230386638395863	0.018968339399584224	0.02175562464295616	0.026121549316202464	0.030586138953815914	0.03490273114487865	0.038651999790830276	0.04264793084769977	0.047235851690772164	0.0517251075694774	0.05799033280679131	0.06610552612598924	0.0720747564702017	0.08573985403505172	0.09595167784705155	0.11077608874321555	0.12264055070836512	0.13667564188959191	0.1504147381777173	0.16440049687676056	0.1863781176895428	0.20056120631732036	0.22870538740304933	0.2546296067905175	0.2773225485949616	0.3023094508209418	0.3409367843706803	0.3757161843101	0.41167956382192555	0.45215686545354805	0.4741591525074221	0.505781273587093	0.5591590193097202	0.5843432514644347	0.6406316136358927	0.6840935304396215	0.7396419053783259	0.794055633226808	0.8406994951313773	0.8808314693877148	0.9328525718502937	0.9610214191771145	1.0065553002325534	1.097623062343431	1.12783920768087	1.1597079911714592	1.2271701605574965	1.2753433294097565	1.293843010228597	1.3413008580891952	1.360195198765504	1.3505506984986153	1.3871554002788273	1.4053837524456578	1.4316286329673193	1.4634234177346326	1.4963775158332602	1.5088586338257044	1.5144332043124482	1.5240037058560616	1.5099439484337431	1.5174671519667382	1.5165791672874338	1.4886816486126226	1.5148771966521004	1.517960476788574	1.5011627666050669	1.4978821565398592	1.506120681064516	1.4936888955542553	1.489569633291927	1.4784698248006227	1.413572944488131	1.4295073362334254	1.3787688783076195	1.3764502516449915	1.371788332078644	1.365843767975523	1.330669708178635	1.339327558801852	1.3335063259041904	1.2811152298252348	1.260494252272501	1.2378999754324238	1.2059571932185595	1.2022572570547916	1.1890361518295938	1.1669845322935362	1.173373088736309	1.1661952125785988	1.1390130148954496	1.1080075498430735	1.0926898141250736	1.04377665804006	1.0344528189073645	1.023057015522959	1.00554398434779	0.9930135338731623	0.9893629301915778	0.9690872800141288	0.960380096908728	0.9343572125568926	0.9193848042141779	0.8966671961686421	0.8813494604506424	0.852440625891068	0.8377642124414547	0.8315483196863243	0.8118399930539866	0.8082140556134938	0.805056776753745	0.7913670129478033	0.7704253742608761
FGC2634_s_2_1_ACAGTGTATG-GAACATACGG_FGC2634_s_2_2_ACAGTGTATG-GAACATACGG	0.05496183206106871	0.000719599358195167	0.0001944863130257208	0.00001944863130257208	0	0.00001944863130257208	0	0	0	0	0.00003889726260514416	0.00001944863130257208	0	0	0	0.00001944863130257208	0	0.00001944863130257208	0	0	0.00003889726260514416	0	0	0	0	0.00001944863130257208	0.00005834589390771624	0.00003889726260514416	0.00001944863130257208	0.00001944863130257208	0.00001944863130257208	0.00859629503573686	0.0093353430252346	0.007993387465357125	0.009218651237419166	0.007020955900228521	0.008382360091408568	0.007429377157582536	0.007507171682792823	0.0068264695872028	0.006690329168084796	0.007351582632372246	0.006943161375018233	0.0076627607332134	0.00756551757670054	0.007234890844556814	0.007818349783633978	0.008265668303593135	0.008985267661788301	0.008732435454854864	0.010074391014732339	0.01139689794330724	0.012661058977974426	0.012583264452764137	0.014644819370836776	0.01608401808722711	0.01738707638449944	0.01979870666601838	0.021724121164973013	0.025166528905528274	0.029095152428647835	0.03450187193076287	0.038060971459133563	0.042398016239607136	0.048660475519035344	0.054806243010648126	0.05922108231633199	0.0664559731608888	0.07596635386784654	0.08504886468614771	0.09986872173870763	0.1155637671998833	0.12871104196042205	0.14565079982496232	0.1646715612388778	0.17752710652987796	0.1980648611853941	0.21344872854572858	0.234336558564691	0.2659989303252784	0.29073758934215005	0.3244226187582049	0.3593718092089269	0.40536782223950985	0.4333544026839112	0.4792337239266787	0.5124325375601692	0.5470705499100501	0.5776437983176934	0.6230563524091992	0.6674186804103661	0.7238002625565226	0.7773812417951087	0.8264306899401954	0.8805756794865562	0.923673846453056	0.9668109106821609	1.0006709777799387	1.0235425681917634	1.0605727621918608	1.1641367238780571	1.1987358389653329	1.2460543589244908	1.2887830018962416	1.3262799630476005	1.349209899353333	1.384489716536199	1.3910828025477706	1.3767880585403802	1.404424563621335	1.4148684786308163	1.4317109933388437	1.469830310691885	1.491048767442991	1.5005785967812515	1.5203189575533622	1.509777799387368	1.499275538483979	1.4813827976856129	1.4582778236981573	1.4495453882433025	1.442932853600428	1.4538435357611708	1.4485535080468712	1.4635484027811543	1.464384693927165	1.4514902513735595	1.4363981134827637	1.4097729372295424	1.3582924101716343	1.3495599747167792	1.3177809111683765	1.3096319346525989	1.3038751397870374	1.3164973015024066	1.29716536198765	1.294850974862644	1.277347206690329	1.2387611221860262	1.2106967472164145	1.1723245976564398	1.1551125589536637	1.1389896436038314	1.138056109301308	1.1196577040890747	1.116098604560704	1.1236252248747995	1.0981475178684301	1.0807604414839305	1.0483201244712403	1.0128263723440463	0.9888073126853698	0.9695337190645208	0.9527301016190987	0.9603345164584042	0.9542276462293966	0.9526523070938884	0.9406136043175962	0.9034472698983809	0.8873243545485486	0.8657363738026936	0.8378859337774105	0.8170370010210531	0.808362911460106	0.8109884766859532	0.7959935819516702	0.7883113725871542	0.7826907181407109	0.7652452958623036	0.7632420868381388
FGC2634_s_2_1_ACATATCCAG-TATGTGCAAT_FGC2634_s_2_2_ACATATCCAG-TATGTGCAAT	0.07055116707069403	0.0016514426695916405	0.00023043386087325218	0.00001920282173943768	0	0.00001920282173943768	0	0.00001920282173943768	0	0	0.00001920282173943768	0.00001920282173943768	0	0	0	0	0	0	0	0	0.00001920282173943768	0.00003840564347887536	0	0	0.00003840564347887536	0	0.00001920282173943768	0.00001920282173943768	0	0.00003840564347887536	0.00001920282173943768	0.00843003874361314	0.008084387952303264	0.008141996417521577	0.008353227456655392	0.007489100478380695	0.007873156913169449	0.007757939982732822	0.007757939982732822	0.008506850030570893	0.00877568953492302	0.009236557256669524	0.009889453195810406	0.009390179830585025	0.010657566065387912	0.01092640556974004	0.01132966482626823	0.013096324426296498	0.015419865856768458	0.0185499258002968	0.01952926970900812	0.022313678861226587	0.02513649365692392	0.027325615335219818	0.030609297852663662	0.03310566467879056	0.0374070967484246	0.04126686391805157	0.05017697320515065	0.05680194670525666	0.06502075440973598	0.07356601008378576	0.08003736100997626	0.08691197119269493	0.0982992444841815	0.1022358229407662	0.11056984757568215	0.1203248810193165	0.13315236594126087	0.1452309408153672	0.16043957563300182	0.17703081361587597	0.19581117327704603	0.2117495153207793	0.222925557573132	0.24015048867340763	0.25653049561714797	0.26947319746952897	0.28454741253498755	0.30661145471360146	0.3312678778270394	0.3556362586143858	0.3834419444930916	0.407503080132607	0.4394373726852919	0.46276880109870866	0.48777087500345656	0.5009440107167107	0.5217982751257401	0.5412891391912693	0.5688451883873624	0.5983791282226175	0.6286811809274502	0.6692759460846215	0.7004805314112077	0.7342967004943575	0.7578009543034291	0.7725295185775779	0.7912330669517902	0.8071906118172628	0.8700798530139213	0.8849044313967671	0.910348170201522	0.947678455662989	0.9840870056809627	1.0067655381552387	1.0400632310514235	1.047494723064586	1.0532747724081568	1.084690588773877	1.0931014246957504	1.110057516291674	1.140340366174767	1.177094566984051	1.193551385214749	1.2245063338587225	1.2446884995068714	1.242864231441625	1.25430911319833	1.262431906794112	1.2778133670074017	1.291697007125015	1.2924651199945925	1.3052734020947974	1.3359979168778977	1.3580043505912933	1.3525699520390324	1.3808365056394847	1.356103271239089	1.3421428198345178	1.3476156240302575	1.34821091150418	1.3523587209998986	1.356103271239089	1.375805366343752	1.3547782765390677	1.3803372322742593	1.3710046609088926	1.3522819097129408	1.3437174512171517	1.3191954478558898	1.3048317371947904	1.295115109394635	1.2926571482119869	1.2964593069163957	1.310208527281833	1.3092291833731216	1.3091331692644244	1.3004918994816774	1.2699018044507533	1.2427874201546671	1.2375066441763218	1.2225860516847789	1.216018686649891	1.2269066865761522	1.20307598479751	1.1942618896191082	1.1926680554147349	1.1735996534274733	1.1539551667880283	1.1413965213704362	1.1285306308050131	1.1073307156046737	1.1032789202176525	1.0861115975825952	1.0716326699910592	1.0752812061215522	1.059957354373481	1.0569809170038682	1.044211040547142
FGC2634_s_2_1_ACCACGACAT-TCGTATGCGG_FGC2634_s_2_2_ACCACGACAT-TCGTATGCGG	0.05900058704535595	0.000604438378679164	0.00008634833981130914	0.000024670954231802613	0	0.00003700643134770392	0	0.000012335477115901307	0.000012335477115901307	0	0	0.000012335477115901307	0	0	0	0.000012335477115901307	0.000012335477115901307	0.000012335477115901307	0	0.000012335477115901307	0	0.000012335477115901307	0.000012335477115901307	0.000012335477115901307	0.000024670954231802613	0.00003700643134770392	0.000012335477115901307	0.000012335477115901307	0	0.000049341908463605226	0.000012335477115901307	0.0056619839961987	0.005637313041966897	0.00519323586579445	0.005489287316576081	0.004218733173638247	0.004971197277708226	0.004749158689622003	0.0049958682319400285	0.004835507029433312	0.004872513460781016	0.005094552048867239	0.005267248728489857	0.0053289261140693645	0.004847842506549214	0.005094552048867239	0.005464616362344278	0.005748332336010009	0.006439119054500481	0.006291093329109666	0.007142241250106856	0.008326447053233382	0.010448149117168406	0.010226110529082183	0.012693205952262445	0.013470341010564225	0.015283656146601718	0.016097797636251205	0.019156995960994728	0.021858465449377112	0.025238386179134074	0.029259751718917898	0.034946406669348395	0.039239152705682054	0.044999820518807965	0.05126624289368582	0.055571324407135386	0.06546437705408822	0.07228589589918166	0.08356052198311545	0.09772164971217014	0.11290662204184465	0.124736344595994	0.14220338019211026	0.16845327549474823	0.18737589739054084	0.20971544644743811	0.23110516376641096	0.2512860043280255	0.2793862211980487	0.31339513160658855	0.3446038887098189	0.3842501121603257	0.42543827025032016	0.46815602750268637	0.5242824483800373	0.5662354060512177	0.5964819959394076	0.6335994465811546	0.682299910234733	0.7198737735297684	0.7765182844459871	0.831522176905791	0.8730927347863786	0.9399263498003319	0.989403948512212	1.0348355107300764	1.0773435648714724	1.1055794719897705	1.1182850134191487	1.2154762376153352	1.2306612099450098	1.2587984332463804	1.3091888572648374	1.340730672250197	1.3531648331830257	1.4006810910334775	1.4115609818497024	1.4041596955801614	1.406972184362587	1.430113539432018	1.4242048458935013	1.4563017573490762	1.4717457746981848	1.4586825044324454	1.4685385506480504	1.470610910803522	1.4606191743396417	1.4622474573189408	1.448357710086436	1.4305576166081904	1.4424490165479193	1.4332960925279203	1.4165568500816423	1.4053809078146358	1.4066267910033419	1.3931564499927775	1.4073669196302958	1.3796491025508657	1.3441352639341857	1.3199083868785555	1.2959528903194752	1.2824332074004474	1.2757720497578606	1.2757843852349766	1.246635652810102	1.2567260730909091	1.2384325605280275	1.2203240801218844	1.2064590038436114	1.160509351586879	1.1272158988510612	1.126118041387746	1.118988135614755	1.0951930002581816	1.0965622382180467	1.0906782156337618	1.0776889582307176	1.065390487546164	1.037154580427866	1.0077961448920207	0.9843834093260401	0.972146616027066	0.9517930787858289	0.9509419308648317	0.9370521836323267	0.9263326540186085	0.9177224909917094	0.8960490576990708	0.8744866437004754	0.872031883754411	0.847768000267433	0.8222212271604015	0.8075666803467108	0.8055683330539348	0.7826120101412424	0.787681891235878	0.7709673197438316	0.7659591160347757	0.7562264245903296
FGC2634_s_2_1_ACCGGCCGTA-TGGCAATATT_FGC2634_s_2_2_ACCGGCCGTA-TGGCAATATT	0.05307541007240793	0.0006296530546532337	0.00011941695864113053	0.00003256826144758106	0.000010856087149193685	0.000010856087149193685	0.00002171217429838737	0.000010856087149193685	0	0	0.000010856087149193685	0.000010856087149193685	0.000010856087149193685	0.000010856087149193685	0	0	0.000010856087149193685	0.00002171217429838737	0.000010856087149193685	0	0.000010856087149193685	0	0.00003256826144758106	0	0.00002171217429838737	0	0.00002171217429838737	0	0.000010856087149193685	0.00003256826144758106	0.00002171217429838737	0.006795910555395248	0.006709061858201697	0.006329098807979918	0.006144545326443626	0.006198825762189594	0.005797150537669428	0.005764582276221847	0.00686104707829041	0.006111977064996045	0.005927423583459753	0.005959991844907334	0.006350810982278306	0.006546220550963793	0.006676493596754117	0.006589644899560568	0.007327858825705738	0.007729534050225905	0.008793430590846887	0.008880279288040435	0.00936880320975415	0.011018928456431591	0.012365083262931608	0.013646101546536463	0.014861983307246156	0.015480780274750196	0.017196042044322797	0.01846620424077846	0.021723030385536565	0.026304299162496304	0.03007136140326651	0.033263051025129456	0.03733408370607708	0.04421684295866588	0.050708783073883705	0.054866664452024885	0.06096778542987174	0.06493025723932744	0.07302889825262593	0.08241941363667846	0.09397029036342056	0.1091688123722917	0.12232638999711445	0.1351691410946106	0.15710929322313102	0.1703862878065949	0.19047004903260323	0.20400758970764774	0.22169215567368425	0.2450435991315999	0.2740402079070962	0.29663172526456827	0.3350622737727139	0.37270032791896845	0.4060068032926947	0.44734678315682425	0.4808703802735343	0.5112891364655751	0.5378105573710552	0.5768381906724065	0.6143893961214675	0.6628726813297664	0.7239598837182794	0.779206511220526	0.8271035677227685	0.8873331392264951	0.9341554431009674	0.9694811506844437	0.9887941297228593	1.017975291979892	1.0969967503388727	1.1325612918396313	1.1822930270700875	1.2368774332562333	1.2922543338042702	1.3243883517658837	1.3708089804158359	1.3873210889697596	1.37613931920609	1.3950614791071345	1.403822341436534	1.412800325508917	1.449493900073192	1.4881198581500228	1.5104616855030635	1.5187340239107492	1.533020634599088	1.5171924595355637	1.5131431390289143	1.5081167706788376	1.496185930901874	1.4794675566921154	1.4873165077009824	1.483690574593152	1.49031278775416	1.504327996263769	1.4957951117645027	1.488640950333184	1.4627817507438048	1.4235912761352156	1.3866914359151061	1.355686451017009	1.337469936780662	1.3429414047038557	1.335732962836791	1.3201870460391456	1.3244317761144806	1.3177661386048756	1.2780437157259759	1.2508492174172456	1.2080870901365717	1.1835414770922448	1.1592455540523494	1.1441013124792243	1.1376962210611998	1.1450675042355025	1.138477859335942	1.1288702222089055	1.104628579604756	1.077151823030147	1.0263453351719203	0.9991508368631901	0.9867966096874077	0.9713266854998067	0.9652907010448549	0.9681132837036452	0.9564864143668589	0.936652343145282	0.9157652314702334	0.9033784360330035	0.87690043947612	0.8495865242087487	0.8277549329517202	0.8112753926592442	0.8020477185824295	0.7932325758172842	0.7906596831629253	0.7791196625233324	0.7761342385573041	0.7585039530270136
FGC2634_s_2_1_ACCGTTACAA-CTCATAGCGA_FGC2634_s_2_2_ACCGTTACAA-CTCATAGCGA	0.05430141511715389	0.0006560721691592069	0.00006102996922411227	0.000015257492306028068	0	0.000030514984612056136	0.000015257492306028068	0	0	0	0	0.000015257492306028068	0	0	0	0	0	0	0.000015257492306028068	0.000015257492306028068	0	0.000015257492306028068	0.000030514984612056136	0	0.000030514984612056136	0	0.000030514984612056136	0	0	0.000030514984612056136	0.000015257492306028068	0.005752074599372581	0.006072481937799171	0.004851882553316925	0.005324864814803796	0.004485702737972252	0.005233319860967627	0.005050229953295291	0.005675787137842441	0.005233319860967627	0.00544692475325202	0.005096002430213374	0.005279092337885712	0.004684050137950617	0.005279092337885712	0.004699307630256644	0.005752074599372581	0.0055079547224761325	0.007003188968466883	0.007033703953078939	0.007674518629932119	0.008757800583660111	0.009612220152797682	0.01026829232195689	0.01161095164488736	0.012190736352516426	0.012892580998593715	0.015913564475187273	0.017424056213484054	0.020918021951564482	0.025068059858804115	0.028439965658436317	0.030987966873543004	0.0345734775654596	0.03847939559580279	0.04415518273364523	0.047816980887091964	0.05318761817881384	0.058298878101333246	0.06765172088492845	0.07752331840692861	0.08968353977483298	0.1062226614345674	0.11720805589490761	0.1342201598161289	0.14331362523052166	0.16237023312075072	0.18060293642645422	0.19128318104067388	0.21740400786859393	0.2439215294964707	0.2723920101395191	0.30699600268959076	0.3466502251929577	0.37583780797438937	0.4154462580008383	0.45024859795088823	0.47795620397863525	0.5085322185599155	0.5494528129246828	0.5865285192283309	0.6393652150841062	0.7007003341543391	0.7500583217643398	0.8030475925431753	0.857196432737269	0.8967591102867996	0.9214457328379531	0.9559276654495765	0.9690643663250667	1.0581070914230466	1.1110353322326578	1.1554651498278117	1.204075520314817	1.253036813124861	1.305095376873029	1.325158979255456	1.328546142547394	1.3259676263476752	1.3489759247451656	1.36009863663626	1.3669950231585846	1.421540558152635	1.4578076173640637	1.4849354386841815	1.500925290620899	1.5184408917882193	1.485194816053384	1.4820975451152605	1.4716461628856312	1.449858463872623	1.442183945242691	1.4651922436401814	1.475887745746707	1.480739628300024	1.4830892821151522	1.4810752931307565	1.475887745746707	1.4448997788731641	1.4033993998007677	1.3760579735883653	1.3483351100683125	1.3468551333146277	1.3586949473441055	1.3752493264961458	1.3549721192214346	1.3535073999600558	1.3355188165312488	1.301906560981069	1.275236464430132	1.2343769000345888	1.1887264830549529	1.1813418567788352	1.18170803659418	1.1939903179005324	1.187215991316656	1.1997118775152928	1.1724314812721148	1.151864381643589	1.1173214190627414	1.0799100479283608	1.0554675452541036	1.031208132487519	1.0178730842120505	1.0281566340263135	1.023564128842199	1.0193988334426534	1.0166524848275682	0.9870987222307918	0.9681946892636231	0.9467273975890416	0.9120776325620519	0.8877419323339371	0.8780686822119154	0.8742695666277143	0.8745136865046108	0.8712333256588147	0.8677698749053463	0.8601258712600263	0.835546051155015
FGC2634_s_2_1_ACGCCTTGTT-TAAGGAACGT_FGC2634_s_2_2_ACGCCTTGTT-TAAGGAACGT	0.05329207662757607	0.0006959007133399852	0.00009742609986759793	0.00005567205706719882	0.000013918014266799704	0.00004175404280039912	0	0	0	0	0.00002783602853359941	0	0	0	0	0	0	0	0.000013918014266799704	0.000013918014266799704	0.000013918014266799704	0.000013918014266799704	0.00004175404280039912	0.000013918014266799704	0.000013918014266799704	0.00004175404280039912	0.00004175404280039912	0.00005567205706719882	0.00002783602853359941	0.00005567205706719882	0.00002783602853359941	0.007515727704071841	0.008322972531546223	0.0068615810335322545	0.00659713876246306	0.0068615810335322545	0.007265203447269446	0.00613784429165867	0.007028597204733851	0.006833745004998654	0.005956910106190274	0.006931171104866253	0.00752964571833864	0.007209531390202246	0.007473973661271442	0.006722400890864257	0.007627071818206238	0.007613153803939438	0.008364726574346622	0.009464249701423798	0.010494182757166978	0.011120493399172964	0.011955574255180946	0.012804573125455729	0.013862342209732505	0.015281979664946075	0.016785125205760445	0.018093418546839615	0.021308479842470345	0.023883312481828293	0.027905618604933406	0.03201143281363932	0.03478111765273246	0.040292651302385143	0.045470152609634634	0.049715146961008545	0.055546794938797626	0.05873402020589475	0.06790599160771575	0.07724497918073836	0.08587414802615417	0.10211647067550943	0.11209568690480481	0.12549873464373293	0.14323028481963576	0.15809472405657782	0.17503294741927308	0.19080205758355714	0.20558298873489841	0.2343654422386402	0.2552424636388398	0.27733035228025094	0.30768554139614107	0.3434826740903499	0.3754245168326552	0.4193080158158747	0.461256910816009	0.4855020916687741	0.5166645256121386	0.5495110392817859	0.5850994017619928	0.6395884276165136	0.6829012880147943	0.7247388389007942	0.7820532216514754	0.8345519714658439	0.8804396645034825	0.9281088633672715	0.9586589046828969	0.9798282043826992	1.0743871933113363	1.0938167412277888	1.12464514282875	1.1779093834277925	1.2183133788443121	1.2552935427511989	1.308376849164773	1.332622030017538	1.3339581593871508	1.3605972386938054	1.3664149686573277	1.3792195417827835	1.4102427955834802	1.4388164788732198	1.448113712403442	1.4790673761328046	1.4846206638252577	1.4860820553232716	1.4925678499716002	1.4854557446812657	1.4659983607362796	1.4682809150760348	1.4656364923653429	1.4620734807130422	1.473333154254883	1.4746971196530294	1.4619343005703742	1.4647039854094672	1.4596656642448858	1.4152811167480617	1.4071390784019837	1.3795118200823864	1.3705625369088341	1.3616271717495485	1.3667072469569306	1.3428796065321693	1.3450925708005905	1.3307291800772534	1.3129976299013504	1.288376662663382	1.2526212840119735	1.2223913570244844	1.2066222468602004	1.1996493217125337	1.1872622890150821	1.1892108110124338	1.1733721107768158	1.1531353180328892	1.1467887035272284	1.1310752654200116	1.0847004418830348	1.0747908157250736	1.0476924419476146	1.0294180892153064	1.0268293385616818	1.022431246053373	1.0105313438552592	1.001387208481972	0.9822221028365887	0.9458264955289074	0.9327992341751831	0.9129521458307265	0.8953597757974918	0.8790617810910694	0.8706831365024559	0.8516850470282743	0.8478575931049044	0.8476488228909025	0.8300146988148672	0.8180452065454193
FGC2634_s_2_1_ACGGTCAGGA-CGGCCTCGTT_FGC2634_s_2_2_ACGGTCAGGA-CGGCCTCGTT	0.07150280547463252	0.0006975011039296317	0.0001609617932145304	0	0	0.00007153857476201351	0	0.00003576928738100676	0.00001788464369050338	0.00001788464369050338	0	0	0.00001788464369050338	0	0	0	0	0.00001788464369050338	0	0	0	0	0	0	0	0.00001788464369050338	0.00003576928738100676	0.00003576928738100676	0.00001788464369050338	0.00001788464369050338	0	0.005794624555723095	0.005991355636318633	0.006223856004295176	0.005204431313936483	0.00513289273917447	0.005884047774175612	0.004810969152745409	0.004560584141078362	0.005079238808102959	0.005258085245007993	0.00518654667024598	0.005740970624651585	0.00540116239453202	0.0061523174295331625	0.0056157781188180605	0.005275969888698497	0.006599433521795747	0.007350588556796889	0.006921357108224808	0.008978091132632697	0.008602513615132127	0.009192706856918737	0.010015400466681892	0.011356748743469647	0.011946941985256258	0.012948482031924446	0.0142898303087122	0.01629291040204858	0.01831387513907546	0.02060310953145989	0.02455561578706114	0.028812160985400945	0.02968850852623561	0.03566197951886374	0.037539867106366594	0.04122410370661029	0.045838341778760165	0.054798548267702356	0.06207759824973723	0.06885587820843801	0.07820954685857127	0.09122956746525775	0.10070842862122452	0.11446171961922162	0.12408365792471243	0.13324059549425019	0.14899696658558365	0.16545083878084677	0.18490933111611443	0.20399224593388152	0.22917382425011032	0.2527636692778843	0.2821839081487623	0.3049689442104636	0.33544437705908137	0.36178845721519287	0.3905827335569033	0.4163723897586092	0.44858263304520574	0.4770907550878682	0.5334810366440252	0.5784072615945698	0.6277331088929781	0.6696368290598275	0.7131501671588223	0.751333881438047	0.7805931585157105	0.8108718602837328	0.847124033044383	0.9385324469465458	0.9784152023763685	1.037058949037529	1.0921973055353509	1.1516458611625842	1.1766128237545268	1.2159232705862533	1.2376888819575957	1.2370271501410472	1.2601698790765585	1.3002672502306671	1.337592501612748	1.392426819167831	1.4309503416771754	1.4729792543498583	1.5094460428347949	1.5077291170405065	1.499716796667161	1.4880738936246432	1.489808704062622	1.4773967613414127	1.5010402603002582	1.526865685789345	1.5401360914076985	1.5694490224164335	1.5727576814991766	1.559451506593442	1.5584320819030835	1.5108589296863446	1.4645555871716314	1.4494967171842275	1.437013235888256	1.4458482498713647	1.4486203696433928	1.471047712831284	1.4531630691407806	1.4517144130018498	1.4360653497726594	1.3888677750734209	1.3519002165651506	1.311874383985804	1.2927020459495844	1.2874439607045762	1.2789845242389681	1.2829012612071884	1.2873187681987428	1.2786626006525392	1.260259302295011	1.2316796416775866	1.1910457312127631	1.1430970014785233	1.123996202017066	1.1019086670592941	1.0873147978078435	1.1018550131282228	1.0945938477898784	1.0872074899457005	1.0699666934280552	1.045196461916708	1.0077281333851034	0.9761438526276746	0.9519995836454949	0.9198787635773509	0.9183227995762769	0.9215062661531868	0.9091479773630488	0.9130110604001975	0.8990073843905334	0.8898146775336147	0.8574792417411846
FGC2634_s_2_1_ACTCGGCAAT-GACAACTGAA_FGC2634_s_2_2_ACTCGGCAAT-GACAACTGAA	0.05522377948262093	0.0006598699088470372	0.00008798265451293829	0.00001466377575215638	0	0.00002932755150431276	0.00004399132725646914	0	0	0	0.00002932755150431276	0.00001466377575215638	0	0	0	0.00001466377575215638	0	0	0	0	0.00001466377575215638	0	0	0.00001466377575215638	0	0.00001466377575215638	0.00001466377575215638	0.00002932755150431276	0.00002932755150431276	0.00004399132725646914	0.00004399132725646914	0.007742473597138569	0.008460998608994231	0.007185250118556626	0.007962430233420916	0.007243905221565252	0.00721457767006094	0.0067453368459919364	0.00737587920333466	0.006540043985461747	0.007111931239795845	0.0070386123610350635	0.007918438906164447	0.006628026639974685	0.00790377513041229	0.007419870530591129	0.00813839554244679	0.008358352178729137	0.00916485984509774	0.008783601675541671	0.010587246093056907	0.011379089983673351	0.014077224722070127	0.014047897170565813	0.014781085958173634	0.015426292091268511	0.01766984978134844	0.019165554908068393	0.022640869761329455	0.026160175941846987	0.030280696928202927	0.03302282299385617	0.03874169553719716	0.04365406041416955	0.04720269414619139	0.05487184886456919	0.05852312902685612	0.06371410564311948	0.07365614560308151	0.08282100544817925	0.09398013879557025	0.1051539359187134	0.1195097723800745	0.13254586902374152	0.1523566300649048	0.1634131169820307	0.17992452847895882	0.19602535425482648	0.20524886920293287	0.23617477226423067	0.2600913905159977	0.2928795930978194	0.32695820794583086	0.353792917572277	0.39288654372752596	0.424208368734132	0.45599943456480696	0.4813384390645332	0.518540438147754	0.5496423065180777	0.5903489480060637	0.6438570657256824	0.6852235771225156	0.7469727368148461	0.8090738271252282	0.8545315319569131	0.890428454998192	0.9277624280631822	0.9536879835929947	0.9780151875658221	1.0839902949266562	1.114916197987954	1.1662394131205014	1.216374862417124	1.2695750408459474	1.3163964768225827	1.3581149188374675	1.367338433785574	1.3616488887937372	1.3839524917127672	1.3967246403928955	1.4078837737402863	1.4536494178627664	1.4916432608366037	1.5213667342862245	1.5439489489445453	1.5428491657631338	1.535839880953603	1.5266456935570007	1.505647166679913	1.4806600927982385	1.4785045177626714	1.5062923728130078	1.5007054742514363	1.5294024833984061	1.5278334593929255	1.5130523734347519	1.5073335008914108	1.4710113283533195	1.4356276374633663	1.4046137517475554	1.3710190414993653	1.3597865892732133	1.351692185058023	1.3653441602832808	1.3517361763852795	1.3658280648831018	1.3411635940679747	1.3047681026511226	1.2678153877556886	1.2272847115767282	1.1835719960595503	1.172207569851629	1.1745684377477261	1.1631600202125485	1.166312731999262	1.15861424972938	1.1357680871075204	1.1150628357454755	1.0852807071928459	1.0327257348971175	1.0078559712214603	0.9928402648512521	0.9799508059651068	0.9747158380215868	0.968923646599485	0.9667387440124138	0.9505645993577851	0.9356662031935944	0.9015435970183265	0.8769524450819602	0.8479768241956993	0.820394262005893	0.811947927172651	0.8092791199857585	0.8044107464360427	0.7981053228626155	0.7925037605252917	0.7736461449080185	0.7582345165925022
FGC2634_s_2_1_ACTCTATTGT-ATCGCATATG_FGC2634_s_2_2_ACTCTATTGT-ATCGCATATG	0.044011392066628484	0.0007993173503575966	0.00009787559392133837	0.000016312598986889727	0.000016312598986889727	0.00003262519797377945	0	0.000016312598986889727	0	0	0.000016312598986889727	0.000016312598986889727	0.000048937796960669187	0.000016312598986889727	0	0	0.000016312598986889727	0.000016312598986889727	0	0	0	0.0000652503959475589	0	0	0	0.000016312598986889727	0.00003262519797377945	0.000048937796960669187	0.000016312598986889727	0.00009787559392133837	0	0.008270487686353092	0.008009486102562855	0.0076832341228250615	0.007944235706615297	0.0076832341228250615	0.007927923107628406	0.007030730163349473	0.007161230955244589	0.007422232539034826	0.006965479767401913	0.007748484518772621	0.008547801869130216	0.0076832341228250615	0.00895561684380246	0.007617983726877503	0.008156299493444864	0.008564114468117107	0.010032248376937182	0.01022799956477986	0.01197344765637706	0.012234449240167297	0.01376783354493493	0.015725345423361698	0.015888471413230593	0.016720413961561972	0.019460930591359445	0.020374436134625272	0.024452585881347702	0.02696472612532872	0.030732936491300246	0.035202588613708036	0.03884029818778444	0.04321207471627089	0.04867679537687895	0.053309573489155625	0.058725356352803015	0.06573977391716561	0.07079667960310142	0.07696284202014574	0.08960510623498527	0.10136649010453276	0.11343781335483116	0.12462825625983752	0.14222955056669154	0.1588031511373715	0.17191848072283084	0.1873501993644285	0.2033202337725936	0.22204709740954298	0.24446060841752945	0.2669719950194373	0.3038384687298081	0.32953081213415936	0.35961124466598404	0.40530283442826215	0.43787909460508095	0.46823684131968274	0.48833396327153084	0.5213669762199825	0.5532417946403652	0.6027505325655754	0.6503180712113459	0.6907406915008586	0.7495312982496092	0.8016663646117087	0.8453025669016389	0.8982369506140959	0.9332764132379351	0.9419220907009865	1.029308683473755	1.0632552019654724	1.0927157557357954	1.140544295965356	1.2044896839939636	1.2359730000386608	1.300326203041941	1.325888045654397	1.3364422971989147	1.354418781282467	1.366441166735805	1.3772727324630996	1.41361720300589	1.4471395939239484	1.4574817816816366	1.4929779970771087	1.5128304300441533	1.5251953800762157	1.5241024359440942	1.5204810389690047	1.4920808041328295	1.4902211678483241	1.4986221563265723	1.4938425648234137	1.4981327783569656	1.518344088501722	1.5046741305507083	1.507104707799755	1.4901559174523764	1.4623266235807426	1.453713571315665	1.4213983127226364	1.3998330568619681	1.3824764515399175	1.3891809297235291	1.357860739668701	1.371612260614649	1.357420299496055	1.331662705695756	1.3089718805049924	1.279870203912381	1.2439987987402106	1.22202572790487	1.216707820635144	1.1939843702464066	1.193951745048433	1.1792540933612454	1.1758121349750117	1.1476729017226268	1.136547709213568	1.0955867731574878	1.0712157502710746	1.0418530720946733	1.0216254493509298	1.0210871335843625	1.009015810334064	0.9828014637621323	0.9748082902585563	0.9697840097705943	0.9535040359816784	0.9281379445570648	0.9055776201581963	0.8768837585402574	0.8610279123250004	0.8530999892173721	0.8294304080873951	0.8228074928987179	0.8145533178113517	0.817897400603664	0.8029224347336992
FGC2634_s_2_1_ACTGGATCTA-TCGCCGCTAG_FGC2634_s_2_2_ACTGGATCTA-TCGCCGCTAG	0.08548883119564887	0.0014992617295205098	0.0002473009038384346	0.00010819414542931513	0	0	0	0	0.000015456306489902162	0	0	0.000015456306489902162	0.000015456306489902162	0.000015456306489902162	0.000015456306489902162	0	0	0.000015456306489902162	0.000015456306489902162	0.000015456306489902162	0	0	0	0.000015456306489902162	0.000030912612979804324	0.000015456306489902162	0	0.000030912612979804324	0.000015456306489902162	0.00010819414542931513	0.000015456306489902162	0.0076972406319712776	0.007589046486541962	0.007542677567072255	0.0064607361127791045	0.006831687468536757	0.006986250533435778	0.005981590611592137	0.007372658195683331	0.006027959531061844	0.007078988372375191	0.0068007748555569516	0.007774522164420788	0.007187182517804505	0.00792908522931981	0.007125357291844898	0.008578250101895701	0.00950562849128983	0.010340269041744548	0.01136038527007809	0.013106947903437034	0.014482559181038326	0.016028189830028544	0.016785548848033748	0.017249238042730815	0.01816116012563504	0.0214378971014943	0.023400848025711875	0.02709490527679849	0.03134538956152159	0.03598228150849223	0.04230391086286222	0.04656985145407522	0.05119128709455596	0.056245499316753975	0.05828573177342106	0.06672487511690764	0.07210366977539359	0.07958452211650624	0.09378886778072633	0.10964703823936595	0.12548975239151566	0.13961681652328625	0.15759250097104244	0.16695902270392318	0.17824212644155174	0.19175093831372622	0.20675901191542123	0.2285678603726732	0.25886222109288143	0.2937161922276108	0.33125956069158313	0.3666545025534591	0.4037341818227344	0.43605331869311986	0.45792399237633136	0.4720974254275717	0.5027627375035376	0.5295330603440481	0.5770766591069872	0.6450689513560668	0.717389009422319	0.7755510907438208	0.8438215965097187	0.8934517966487945	0.9047349003864231	0.9057704729212466	0.9158016158331931	0.9448903846471889	0.9853086261182831	1.12169507458518	1.1819746698957982	1.2469529823793468	1.2976960365856958	1.3511748570407573	1.3491964498100497	1.3361513271325722	1.3165372741968864	1.2987779780399888	1.338547054638507	1.3651628144141186	1.4253805844987775	1.490405265901796	1.5475317746884742	1.5706853218103476	1.5534360837676169	1.5186903067783168	1.4655669813725232	1.4027834644105406	1.39814657246357	1.3917785741897302	1.4479931608935042	1.4789057738733087	1.5157072396257658	1.5555999666762033	1.542833057515544	1.4997872439411666	1.4105425302684713	1.362906193666593	1.3103547516009257	1.2982370073128424	1.3096437615023901	1.3363213465039612	1.3709125604283623	1.3935251368230892	1.3813455673090462	1.3506957115395701	1.290215184244583	1.2305847538065404	1.1774614284007467	1.1371822936880616	1.1297478102664187	1.141881010860992	1.168898634605341	1.1863178920194606	1.190862046127492	1.1768431761411509	1.120875890341215	1.0683244482755476	1.0150465598048548	0.9663437380551732	0.9616141082692631	0.9551379158499941	0.9726344547965633	0.984520354487298	0.9955716136275781	0.9902546441950518	0.9681212133015119	0.9265746614566549	0.8753060928296493	0.831765677447595	0.808704868164661	0.7966334927960474	0.8129862650623638	0.8306219107673423	0.8394783743860561	0.8405603158403493	0.8193233507232238	0.7920275134620566	0.7621659293235655
FGC2634_s_2_1_ACTTCAAGCG-GAACCATGAA_FGC2634_s_2_2_ACTTCAAGCG-GAACCATGAA	0.05939244080916202	0.000643150129545278	0.00012368271722024577	0.000024736543444049152	0	0.000024736543444049152	0	0.000049473086888098305	0	0	0.000024736543444049152	0	0	0	0	0	0	0	0	0	0	0	0	0	0	0.000049473086888098305	0	0.000024736543444049152	0.000024736543444049152	0.000024736543444049152	0	0.009845144290731564	0.010414084789944695	0.00907831144396604	0.008954628726745793	0.008237268966868369	0.009498832682514875	0.008138322793092172	0.009449359595626776	0.008707263292305301	0.009671988486623219	0.011180917636710218	0.01234353517858053	0.011279863810486413	0.013011421851569855	0.012739319873685316	0.01402562013277587	0.014396668284436608	0.018008203627267783	0.02110027155777393	0.022683410338193075	0.02493443579160155	0.02926333089431015	0.03146488326083052	0.03552167638565459	0.03579377836353913	0.042348962376212156	0.04890414638888518	0.05533564768433796	0.06315239541265749	0.07084546042375678	0.08227374349490749	0.08685000403205659	0.09407307471771893	0.10473452494210413	0.11025077413012707	0.1244990231538994	0.13115315334034863	0.14191354973851	0.15227816144156658	0.1697916341999534	0.18621669904680202	0.20427437576095794	0.2217878485193447	0.2330924488732752	0.25072960434888225	0.2658188958497522	0.2815513374801675	0.29265804548654556	0.31576197706328746	0.3314696821502587	0.34927999342997407	0.37814753962917946	0.4010288423149249	0.42650748206229555	0.4579971018665701	0.47256692595511507	0.49262826268823895	0.5078165003628851	0.5255773385557123	0.5534801595605998	0.5785382780694216	0.6133178581517548	0.62605717802544	0.6680845653368797	0.6956658112769943	0.7149603151633527	0.7392021277385209	0.7607723936217318	0.7670307391130762	0.8227869080359629	0.8390140805352593	0.8489086979128788	0.8852714167756311	0.9191357447505344	0.9421902032403883	0.9673225313795423	1.0002221341601276	0.9950769331237653	1.0254039353861697	1.0409879577559207	1.0357685470892262	1.0701028693895664	1.0850932147166603	1.115247061174956	1.136842063601611	1.1627906976744187	1.1748621308751146	1.1954924081074516	1.1914603515260715	1.1882446008783452	1.2004644533397053	1.221911036505696	1.2393255630903066	1.2563195684363684	1.279275080752446	1.2965659246198364	1.3151183322028732	1.3191256522408092	1.3085878847336443	1.3037147856751667	1.3000043041585592	1.3032447913497298	1.3088105136246408	1.318952496436701	1.3388406773657164	1.340671181580576	1.364789311438524	1.3554388980166734	1.3464595327464837	1.32951500048731	1.3274866039248978	1.3285502752929919	1.340126977624807	1.325507680449374	1.3210056295425572	1.3488342409171123	1.3377522694541784	1.343194309011869	1.32951500048731	1.316033584310303	1.292855443103229	1.2916186159310266	1.2774693130810306	1.2717551715454551	1.2791266614917818	1.2739072508250875	1.2799429674254355	1.281229267684526	1.2760593301047196	1.2688115228756134	1.2424176310208128	1.2291093706479144	1.2182747646194207	1.2178047702939838	1.1993760454281672	1.2169142547299983	1.206797008461382	1.2121648383887407	1.2064259603097214
FGC2634_s_2_1_AGAGGCAACC-CTAATGATGG_FGC2634_s_2_2_AGAGGCAACC-CTAATGATGG	0.029153128642331078	0.0009267219700873456	0.00007722683084061213	0	0	0	0	0	0	0	0	0	0	0	0	0	0	0	0	0	0	0	0	0	0	0	0	0	0	0	0	0.0011004823394787228	0.0009653353855076515	0.0009653353855076515	0.0009653353855076515	0.0014480030782614772	0.0017569104016239257	0.001872750647884844	0.0023361116329285165	0.003011846402783873	0.004305395819364125	0.004826676927538258	0.005367264743422542	0.0063519068366403465	0.007626149545510447	0.0085914849310181	0.010560769117453708	0.013939442966730487	0.016082487522557476	0.019190867463892113	0.019654228448935784	0.0232259693753141	0.028303633503084343	0.02923035547317169	0.03282140310726015	0.03554364889439173	0.0414321947459884	0.05015882663097757	0.0595611932858221	0.07191748622032004	0.07529616006959683	0.08178321386020825	0.0910504335610817	0.09514345559563413	0.10134090877059326	0.11197890471888758	0.12883366054985118	0.1458814834579163	0.15449227509664454	0.18098107807497452	0.19957343759985186	0.22974982175082104	0.25027285204671373	0.2653900041837636	0.2889441875901503	0.30236234944870666	0.32027897420372864	0.3522701888794522	0.36732942089337156	0.4118893022884047	0.4583605477467431	0.496954656459339	0.5335794809854993	0.5602613510409308	0.6058251812368919	0.6421604051473999	0.6464078808436335	0.7289826697199581	0.7588501465475649	0.798872951630712	0.8632222084286523	0.9617057244581428	0.9918048817782713	1.0893230624222543	1.1249632448551967	1.1599663059337042	1.1837328631249027	1.2147587424151185	1.2950167263662247	1.2200680870354106	1.3571843251929174	1.3624743631054994	1.442906107425997	1.453775783866813	1.5291877841826709	1.501714339111123	1.47611364468746	1.4463427013984043	1.491501090732452	1.5399030069618058	1.5467375814911999	1.5553097597145078	1.671864354160702	1.7449788562590514	1.6280767410740744	1.6463215798601691	1.5913746897170737	1.5763926845339948	1.4691053097886746	1.4890298321455524	1.5024286872963988	1.479241331336505	1.5233571584542047	1.5595572354107416	1.5040697574517616	1.4843383021719854	1.4007595644947328	1.4549921064525528	1.4166296782324788	1.3308113624608484	1.28181093829248	1.2631027385213418	1.2871975097436128	1.2920628000865713	1.2943216848886592	1.2601874256571086	1.215588930846655	1.1523015429727734	1.1122787378896262	1.038449887606001	0.9962647312593167	0.9913608275009379	0.9568404341151842	0.9459321442589477	0.9404683459769744	0.9035925342505821	0.8893634906681994	0.9058707257603802	0.8678944316945093	0.792559658209492	0.7428255791481378	0.7011423972019174	0.6905044012536231	0.6519102925410273	0.6590537743937839	0.6785728558887485	0.6754451692397038	0.627912054857307	0.6094741489941108	0.5783710428730543	0.5562262491295088	0.5132495177667081	0.4965106021820055	0.48795773066640774	0.48973394777574175	0.4763543993326057	0.4721069236363721	0.4498269829388554	0.43866770588238707	0.41729518044724756
FGC2634_s_2_1_AGGTCAGATA-CTACAAGATA_FGC2634_s_2_2_AGGTCAGATA-CTACAAGATA	0.04135337818272486	0.0006783076738116634	0.00025728911765269993	0.00007016975935982725	0	0	0	0	0	0	0	0.000046779839573218165	0	0	0	0	0	0.000023389919786609083	0	0.000023389919786609083	0	0.000046779839573218165	0.000023389919786609083	0.000023389919786609083	0.000046779839573218165	0	0	0.00007016975935982725	0.000046779839573218165	0	0.000023389919786609083	0.005847479946652271	0.005543410989426353	0.006011209385158534	0.005777310187292444	0.005122392433267389	0.005449851310279917	0.0059410396257987075	0.005777310187292444	0.006362058181957671	0.006689517058970198	0.007531554171288125	0.008490540882539097	0.008280031604459615	0.007929182807660478	0.008046132406593525	0.008747830000191798	0.008981729198057889	0.010151225187388343	0.012045808690103679	0.014338020829191368	0.015975315214254004	0.018735325749073876	0.02128482700581427	0.021822795160906273	0.024676365374872583	0.027483155749265676	0.028909940856248827	0.03665200430561643	0.04111947898485877	0.049399510589318386	0.05707140427932616	0.06404160037573567	0.0708012871940657	0.07968945671297714	0.0878291487987171	0.09587528120531064	0.1078976999756277	0.11889096227533397	0.13706492994952924	0.15156668021722686	0.1748630403246895	0.19946923594020227	0.2201459250315647	0.24351245489838716	0.2691711969042973	0.29649062321505676	0.31501543968605117	0.3434809720663544	0.37613330008846063	0.41919414241560804	0.46279295289784733	0.5053392169896893	0.5449383511884185	0.5982673683018871	0.6524618124474604	0.6912422994536583	0.7161057841868237	0.7629324035996151	0.8086596967824359	0.8483523906603115	0.9253987864374018	0.966190806545248	1.021601526519725	1.0587914989804335	1.1164476512544248	1.1358145048377373	1.1666190291967014	1.201025601202803	1.2104517388768066	1.2918486597342063	1.3245477675958859	1.3533407588532016	1.3889402167684206	1.4135931922235065	1.407769102196641	1.4239315367691878	1.4204698286407695	1.4137335317422264	1.4153942160470756	1.4213118657530877	1.4493329896574454	1.4755063098986607	1.4781727607543345	1.4774476732409494	1.4700798485081676	1.4397899023845089	1.421756274229033	1.4129382744694816	1.4035355267152647	1.385267999361923	1.392565654335345	1.4052897706992604	1.3881917393352492	1.3936883704851022	1.3597963767143058	1.3393068069812362	1.3147006113657234	1.280972347033433	1.2522261356156905	1.241724061631503	1.2160419297058063	1.2235734838770944	1.213960226844798	1.209422582406196	1.178430938688939	1.1786414479670184	1.144188096121343	1.1050801502381329	1.0936424794624808	1.0437517805576437	1.0296944387658917	1.038769727643096	1.021601526519725	1.0212506777229258	1.0102106355836464	1.0026089116529984	0.9799206894599877	0.953022281705387	0.9212353807153854	0.88409218809425	0.8838816788161707	0.8709704430939624	0.8664094087355736	0.8660585599387747	0.8684209418372221	0.8473700140292738	0.8349967464621577	0.8108115694028039	0.7718673529580997	0.7733175279848695	0.7416241866740142	0.7327360171551027	0.712854585336485	0.7215556354971037	0.7158251051493844	0.7112172909514224	0.6934877317531727	0.6841785436781023	0.6626130376348487
FGC2634_s_2_1_AGTCAGACGA-ACCAGCGACA_FGC2634_s_2_2_AGTCAGACGA-ACCAGCGACA	0.043091416721675074	0.0005189131968490726	0.00019459244881840223	0.00002162138320204469	0	0	0.00004324276640408938	0	0	0	0.00004324276640408938	0	0	0	0	0	0	0.00004324276640408938	0	0	0	0	0	0.00004324276640408938	0	0.00004324276640408938	0	0.00004324276640408938	0.00002162138320204469	0.00004324276640408938	0.00006486414960613408	0.005405345800511173	0.00631344389499705	0.005794530698147977	0.005686423782137753	0.005189131968490726	0.006183715595784782	0.004951296753268234	0.005643181015733665	0.004756704304449832	0.005491831333319351	0.0049945395196723235	0.006702628792633854	0.005340481650905038	0.006529657727017498	0.005686423782137753	0.005297238884500949	0.006616143259825675	0.00700532815746248	0.007870183485544267	0.009189087860868994	0.009924214889738513	0.011005284049840748	0.012151217359549115	0.01409714184773314	0.014767404726996523	0.01580523112069467	0.01829169018892981	0.021815975650863094	0.02594565984245363	0.029621294986801227	0.032799638317501795	0.03898335391328658	0.04508058397626318	0.052604825330574735	0.057815578682267506	0.06343713831479912	0.07245325511005177	0.07989101093155512	0.09141520817824496	0.1057069424747965	0.12077704656662165	0.13638768523849792	0.156755028214824	0.17906829567933413	0.2009275140966013	0.22492724945087092	0.24559729179202566	0.26349979708331867	0.29454810336145487	0.32968285106477746	0.36235276108306697	0.39949829742417975	0.44836262346080075	0.49147566156567785	0.5508263584552906	0.5949556015706637	0.6329443718566563	0.6674953422135237	0.7130732180034339	0.7391702275283019	0.7975047194074184	0.845201490751129	0.8912766583546863	0.9581948393650145	1.0239022229160284	1.0921609296848833	1.1242254409735157	1.1532197158474577	1.1575656138710688	1.2299107620651102	1.25105647483671	1.2719211096266831	1.3104287931095246	1.3515959067262178	1.3775199451854692	1.4245896964163207	1.4453462242902835	1.4198978562614768	1.434924717586898	1.429627478702397	1.4318328597890055	1.4589676957075717	1.4595514730540269	1.4588163460251575	1.4909241000801936	1.4845457920355905	1.4836160725579026	1.4912484208282244	1.4672919282403587	1.4488056456026106	1.4280707391118497	1.4299950422168317	1.403487226411125	1.399162949770716	1.390903581387535	1.3748605150516178	1.3938873322694172	1.3763091477261549	1.3441581509047145	1.3263637525294314	1.2981046046843592	1.2658238795637065	1.2558780432907657	1.2571753262828884	1.2156838919181647	1.2325053280493556	1.2242675810493766	1.2045488795691117	1.1924409049759668	1.1535656579786904	1.1203768347635519	1.0956852151468168	1.091858230320055	1.0564207832519035	1.0552964713253974	1.0543235090813052	1.0376318012493269	1.034907506965869	1.0167023023097475	0.9863891230604809	0.9650920606064668	0.9377410108558804	0.9112548164333755	0.9190385143861116	0.8995360267378674	0.8925090771972028	0.8914496294203026	0.8748876498875364	0.8506717007012464	0.8460447246960088	0.8234071364834679	0.7966614854625387	0.7837967624573221	0.7737428192683713	0.754737623433774	0.7544133026857434	0.7476025669770993	0.7326838125676884	0.7314730151083739
FGC2634_s_2_1_AGTGTTGCAC-CTGGTACACG_FGC2634_s_2_2_AGTGTTGCAC-CTGGTACACG	0.07334541242202611	0.0005558810204616716	0.00006176455782907461	0.000030882278914537306	0.000015441139457268653	0.000030882278914537306	0.000015441139457268653	0	0	0	0	0	0	0	0	0	0	0.000015441139457268653	0.000015441139457268653	0.000030882278914537306	0.000015441139457268653	0.000030882278914537306	0	0.000015441139457268653	0	0.000015441139457268653	0.000030882278914537306	0	0.000015441139457268653	0	0.000030882278914537306	0.007952186820493357	0.008446303283125954	0.007257335544916267	0.007705128589177059	0.0067786602217409396	0.0066242488271682515	0.006130132364535656	0.00756615833406164	0.006855865919027282	0.007288217823830805	0.006269102619651074	0.0071492475687153865	0.007303658963288074	0.007442629218403491	0.006686013384997327	0.006871307058484551	0.007133806429258119	0.008122039354523311	0.008230127330724191	0.00941909506893388	0.01020659318125458	0.012136735613413161	0.01181247168481052	0.013402909048909192	0.014051436906114474	0.015101434389208742	0.014931581855178788	0.018683778743295073	0.019996275597162907	0.02169480093746246	0.025740379475266847	0.028288167485716175	0.030913161193451843	0.03644108911915402	0.03889623029285974	0.04255578034423241	0.04485651012336544	0.04880944182442622	0.05498589760733368	0.061455735039929245	0.07110644720072215	0.07808584223540758	0.09077845886928242	0.10137108053696871	0.11071296990861626	0.12516587644061972	0.1335504151659166	0.14296951023485047	0.15573933256601166	0.17314149673435342	0.1895091045590582	0.2117134630986105	0.24035677679184386	0.2670390657740041	0.2925478281574119	0.322843343772573	0.3492631333839597	0.36891970391306267	0.3930542048847736	0.4170960590197409	0.4521474455877407	0.4931745531257035	0.5374906233680645	0.5842927170630459	0.6364065627313276	0.6722608885511054	0.7173335746268726	0.7576967131681729	0.7740952032717922	0.8587589709159962	0.8792493629757916	0.9235345509392381	0.9762351599068961	1.037613689249539	1.0794591771787372	1.1473693085118046	1.180490552647646	1.1907743515261868	1.2228301570394764	1.2461462776199523	1.256893310682211	1.301487321434803	1.3518872006233278	1.365969519808357	1.427070108640769	1.44984578934024	1.4497531425034966	1.4930809798205924	1.5085221192778613	1.4779486631524692	1.4863486430172232	1.5006008147362824	1.4988868482565256	1.520010327034069	1.5459205590433658	1.5367794044846628	1.563631546000853	1.5555403889252442	1.5293213341268022	1.5081515319308867	1.4907802500414595	1.471108238372899	1.4698420649374033	1.4713089731858437	1.4585545919941398	1.468622214920279	1.4828589454998806	1.4543546020617626	1.4302509833689663	1.401545905117904	1.3732886199111023	1.3458033916771641	1.3431166334115994	1.329698283223233	1.3163571387321529	1.3387776732241068	1.3182255166064822	1.3051468714861756	1.286663827555825	1.240263203486733	1.2164684075830818	1.1830537817975524	1.1660376461156423	1.1639685334283685	1.1607413352817992	1.1421193210963334	1.1400038849906875	1.1340127228812673	1.1104032206511034	1.092151793812612	1.0614548085715618	1.0166600630060254	1.0145909503187514	1.0032880362360308	0.9858549897887745	0.9814388239039956	0.9810991188359357	0.9685454724571764	0.9651020983582054
FGC2634_s_2_1_ATGGTTGACT-GGCCTGTCCT_FGC2634_s_2_2_ATGGTTGACT-GGCCTGTCCT	0.0536009494331315	0.00040484100780310795	0.0000809682015606216	0.0000404841007803108	0	0.0000202420503901554	0	0	0	0	0.0000404841007803108	0	0	0	0	0	0.0000202420503901554	0.0000202420503901554	0	0	0	0.0000202420503901554	0	0.0000404841007803108	0.0000202420503901554	0.0000202420503901554	0	0.0000404841007803108	0	0.0000404841007803108	0.0000202420503901554	0.007165685838115011	0.007206169938895322	0.006619150477580817	0.007044233535774079	0.006679876628751282	0.006841813031872525	0.00611309921782693	0.005870194613145066	0.005728500260413978	0.006740602779921749	0.006416729973679262	0.006679876628751282	0.006740602779921749	0.005991646915485998	0.00659890842719066	0.005991646915485998	0.006902539183042991	0.007125201737334701	0.00659890842719066	0.007327622241236254	0.008218272458403092	0.009027954474009309	0.009675700086494281	0.010667560555611896	0.010525866202880808	0.01222619843565386	0.012732249695407746	0.014452823978570957	0.016396060816025876	0.019776483231181825	0.021335121111223793	0.02507990043340254	0.02833887054621756	0.030869126844986987	0.033864950302729985	0.03908739930339008	0.04317629348220147	0.04924890859924808	0.05661701494126466	0.06501746585317915	0.07303331780768069	0.08054311850242833	0.09857878540005681	0.10902368340137698	0.12550071241896346	0.14023692510299662	0.15400151936830228	0.1677863556839981	0.19146955464047993	0.21646848687232184	0.23962539251865964	0.27338913256943886	0.30551326653861544	0.3318076899954273	0.37634020085376924	0.4148608227462349	0.45002126427393485	0.4804045819095581	0.5191276243059254	0.5516768413332953	0.6035977005840439	0.6567938090093723	0.7009214788599111	0.7715257506207731	0.8230620109141088	0.87012477807122	0.9178555328912064	0.9612949730284799	0.9813750870155142	1.0766544182019757	1.1012282673756242	1.137643716027514	1.2033494115939583	1.2507562936077021	1.279925088219916	1.3417443101114506	1.3715203662353692	1.3710345570260054	1.4050209596310765	1.4120044670156802	1.4148181120199117	1.4611521653629773	1.4800784824777728	1.4856855304358456	1.5202994366030116	1.544043361710664	1.528720129565316	1.5321207940308623	1.529873926437555	1.511898985691097	1.513720770226211	1.5147935988968892	1.5023042538061633	1.5165344152304425	1.5187205566725794	1.5046118475506411	1.5177286962034617	1.5015552979417277	1.4556463276568552	1.4323477276577863	1.4141703664074268	1.3843538261827277	1.370042696556888	1.3758926491196428	1.3560554397372906	1.3574926253149915	1.359516830354007	1.3250243764891823	1.313506649817184	1.2763624873512487	1.2363844378306919	1.209826867718808	1.1931879022981002	1.1785124157652376	1.1779658804047033	1.180516378753863	1.1577440720649381	1.150578386226823	1.1309840814491525	1.0818971092530258	1.0678693683326481	1.0417571233293477	1.0146125337561493	1.026555343486341	1.003762794747026	0.9939049162070203	0.9828729987443855	0.9724281007430655	0.9453442373210376	0.9348993393197172	0.9022489120403966	0.8689709811989812	0.8521498373247621	0.8450853617385978	0.8297216454924699	0.8284059122171098	0.8127992913663	0.8114228319397694	0.8085282187339772
FGC2634_s_2_1_ATTCCATAAG-TGCCTGGTGG_FGC2634_s_2_2_ATTCCATAAG-TGCCTGGTGG	0.05764579898113993	0.0010366053458967558	0.00019326540347227653	0.00001756958213384332	0	0.00003513916426768664	0	0	0	0	0	0.00001756958213384332	0	0	0.00001756958213384332	0	0	0.00001756958213384332	0	0	0.00003513916426768664	0.00003513916426768664	0.00003513916426768664	0.00001756958213384332	0	0	0.00012298707493690322	0.000052708746401529956	0.00003513916426768664	0.000052708746401529956	0.00008784791066921659	0.0057452533577667655	0.006448036643120498	0.006043936254042102	0.005710114193499078	0.005674975029231392	0.005938518761239042	0.005147887565216093	0.0052357354758853095	0.004796495922539226	0.005868240432703668	0.005850670850569825	0.006869706614332738	0.006219632075380535	0.006641302046592774	0.006799428285797365	0.007010263271403485	0.008644234409850914	0.009171321873866213	0.01041876220536909	0.011472937133399688	0.014002956960673127	0.016691103027151155	0.017130342580497237	0.019150844525889218	0.020995650649942767	0.02366622713428695	0.02856814054962924	0.03204691781213021	0.03701910955600787	0.04302790664578229	0.05014358740998883	0.059912275076405716	0.06822268742571361	0.07648039102861998	0.08243647937199286	0.09399726441606177	0.10443359620356468	0.1190339189567885	0.1346181383095075	0.14833998195603915	0.17594179548830702	0.19966073136899548	0.2251366254630683	0.25602395085436486	0.27998886088492714	0.3064486515784952	0.33510464003879364	0.3613535957467556	0.394384410158381	0.43855433964286306	0.48514887146181557	0.5281064997790624	0.5819045602728907	0.6273922084174111	0.6957905916644631	0.7382211325176947	0.7709181248687772	0.8132959569756073	0.8537411350477145	0.9024088775584607	0.9581220225048778	1.0075101178831112	1.0685995549624845	1.125296596508397	1.1698881959640912	1.2106320569324738	1.2390596408250325	1.2516570312149982	1.2622866284059733	1.3626089423902188	1.3731682612526586	1.3881902539770945	1.4208696767460431	1.4526881899904334	1.4559385626851944	1.4937307338550914	1.4879679109151909	1.4550600835785021	1.459786301172506	1.452512494169095	1.4492094127279322	1.491288561938487	1.4680615743575463	1.4633529263456762	1.4851567777737757	1.468887344717837	1.4516340150624027	1.4374905014446588	1.423469974901852	1.379054071267496	1.3703395585291096	1.3673351599842225	1.3755225852585935	1.3552472874761383	1.3466206226484212	1.3260115028054231	1.3320202998951975	1.276026041634639	1.2449981595862716	1.2279205257521757	1.1880551438904854	1.1770565854746995	1.1671473411512117	1.1638091205457815	1.1498764419136438	1.1445879976913569	1.1284239821282211	1.0976596438118613	1.0755746790696203	1.0396800227701783	1.0005701329402432	0.9950005754038149	0.9829654116421322	0.9749712517712336	0.9601600940324035	0.9532025395074016	0.9453665058757076	0.9297998561051223	0.9021980425728545	0.8585727701345216	0.8497177007390645	0.829705946688617	0.8126810216009228	0.8159841030420852	0.8009972494819169	0.7913339793083032	0.7827775928091214	0.7692138754017944	0.7469883540024826	0.7397848253276068	0.7101098011035455	0.6925050798054344	0.68626787814792	0.6793278932050519	0.6639369392558052	0.660036492022092	0.6572429284628108	0.6561360447883788	0.6307479986049752
FGC2634_s_2_1_CAATCGGCTG-GCTGTAGGAA_FGC2634_s_2_2_CAATCGGCTG-GCTGTAGGAA	0.07113689017784222	0.0006500325016250812	0.0001000050002500125	0.00006667000016667501	0	0.000016667500041668752	0.000016667500041668752	0	0	0	0	0	0.000016667500041668752	0	0	0	0	0.000016667500041668752	0	0.000016667500041668752	0	0	0	0.000033335000083337503	0.000033335000083337503	0.000033335000083337503	0.000033335000083337503	0.000016667500041668752	0.000016667500041668752	0.000016667500041668752	0.00006667000016667501	0.006566995016417488	0.0061336400153341	0.006200310015500775	0.005316932513292331	0.006316982515792456	0.005933630014834075	0.006016967515042419	0.006383652515959131	0.005650282514125706	0.005933630014834075	0.006233645015584113	0.006500325016250813	0.006000300015000751	0.005933630014834075	0.005800290014500725	0.006483657516209144	0.006667000016667501	0.0077337200193343	0.0077503875193759685	0.008650432521626082	0.010267180025667951	0.011050552527626382	0.011950597529876494	0.01335066753337667	0.014250712535626781	0.016484157541210395	0.016284147540710368	0.019800990049502476	0.02250112505625281	0.02461789756154474	0.02921812757304532	0.034668400086671	0.03991866259979666	0.046652332616630834	0.051152557627881394	0.05643615514109039	0.060986382652465955	0.06930346517325867	0.07347034018367585	0.08607097021517743	0.09650482524126207	0.11048885777622214	0.1283730853209327	0.14664066536660167	0.1615580779038952	0.17912562294781406	0.1944597229861493	0.210627198026568	0.2287614380719036	0.2556461156391153	0.27978065569945165	0.3099321632748304	0.34751737586879344	0.3884027534710069	0.4355051085887628	0.47329033118322583	0.49955831124889577	0.5302598463256496	0.5569611813924029	0.5869126789672817	0.6337650215844126	0.6883010817207527	0.7444538893611347	0.8062903145157257	0.867510042168775	0.928546427321366	0.9668816774172042	0.977715552444289	1.0035001750087504	1.072870310182176	1.1102721802756805	1.144307215360768	1.2057936230144841	1.266529993166325	1.3151490907878727	1.3656182809140458	1.4123372835308432	1.4023201160058003	1.4027701385069253	1.3840358684600897	1.402686801006717	1.4324549560811373	1.4683234161708085	1.4860743037151858	1.5241762088104405	1.5448105738620264	1.5471106888677766	1.5388602763471508	1.5288931113222328	1.4960414687401038	1.4712568961781423	1.463723186159308	1.4647565711618915	1.4608230411520575	1.485857626214644	1.500891711252229	1.5091421237728553	1.4907745387269364	1.4460889711152225	1.4078370585195925	1.3673016984182542	1.3303998533259995	1.334466723336167	1.3332166608330416	1.3154491057886228	1.3274830408187075	1.3311165558277913	1.3166658332916645	1.2773305331933262	1.2285114255712786	1.197843225494608	1.1564911578912278	1.1501408403753521	1.1295398103238496	1.146874010367185	1.1561911428904779	1.1346067303365168	1.1291231228228078	1.1146057302865144	1.0709202126773005	1.0291681250729203	0.9923496174808741	0.981082387452706	0.9766154974415387	0.981032384952581	0.9590812873977032	0.9583979198959949	0.938563594846409	0.921712752304282	0.9030451522576128	0.8904611897261531	0.8550594196376486	0.8236245145590613	0.8253912695634781	0.8204743570511859	0.8096238145240596	0.8019900995049752	0.797673216994183	0.7875893794689734
FGC2634_s_2_1_CACAATAGGA-TCCATCCGAG_FGC2634_s_2_2_CACAATAGGA-TCCATCCGAG	0.05418597605672102	0.0005569777274552822	0.00007956824677932603	0.00005967618508449451	0	0.00003978412338966301	0	0	0	0	0	0	0	0.000019892061694831507	0	0.000019892061694831507	0	0	0.000019892061694831507	0	0.000019892061694831507	0.000019892061694831507	0.00003978412338966301	0.000019892061694831507	0	0.000019892061694831507	0.000019892061694831507	0.000019892061694831507	0.00003978412338966301	0.00011935237016898903	0.00005967618508449451	0.008633154775556874	0.00817563735657575	0.008115961171491255	0.008115961171491255	0.007578875505730803	0.008255205603355074	0.008096069109796423	0.008493910343693052	0.007817580246068781	0.00817563735657575	0.009011103947758671	0.009170240441317323	0.008215421479965412	0.009448729305044964	0.008354665911829233	0.009767002292162269	0.009965922909110584	0.012134157633847219	0.01428250029688902	0.016033001726034193	0.018678645931446785	0.020807096532793754	0.02166245518567151	0.025601083401248146	0.02659568648598972	0.030832695626988836	0.032782117673082325	0.03968466308118885	0.0452743324174365	0.05317148091028461	0.06094927703296373	0.06928405088309814	0.08151766882541951	0.089016976084371	0.0975506705514537	0.10882946953242316	0.12116254778321871	0.13339616572554008	0.14934959920479496	0.1765420475416296	0.19064551928326515	0.21119401901402607	0.24811368551963336	0.27713620353239254	0.30297599167397865	0.33172002082301016	0.36863968732861746	0.3857269683244777	0.42956907229988633	0.46557370396753134	0.5029508878921198	0.5482451123712511	0.5955882192049501	0.6533547663667408	0.7030451364804299	0.7622836962076381	0.8059069875044036	0.8459497076960995	0.879646860207144	0.9173423171188497	0.9719858105945518	1.0152709368425052	1.0592721773114724	1.1236826730793368	1.1797981791204566	1.2160614075901344	1.2564025087072528	1.2822621889105337	1.281267585825792	1.3569966646980156	1.3521628937061716	1.3675195653345815	1.4044591239018835	1.4087558092279673	1.4331434768658307	1.4698443306927946	1.4573720080101356	1.465925594538913	1.4640557407395989	1.4474259771627196	1.4237345316841752	1.4537715448433708	1.4295231216373712	1.4236350713757011	1.4526774814501553	1.4390912033125853	1.4256242775451844	1.4181448623479276	1.3993468640463118	1.371955495092529	1.3524214905082044	1.348343617860764	1.3243338993951022	1.3181872523313993	1.3047004345023034	1.2812079096407076	1.3017763014331634	1.27265432311193	1.2391958753412236	1.216936658304707	1.1945580888980214	1.1569024161097055	1.1469961693856794	1.1402726525328264	1.1304459740555797	1.1202612384678259	1.1023782750041724	1.0957940025831832	1.0657569894239876	1.0418268392051053	1.0095420230743937	0.9924945262019232	0.9830656889585729	0.9632929796339105	0.9501244347919321	0.9469814890441486	0.9326790966855647	0.9301528048503211	0.9115338351039589	0.8712325181102303	0.8699793182234559	0.8399423050642603	0.81103913942167	0.8114170885938718	0.8048328161728827	0.7947475408936031	0.7860746019946565	0.7719313461296314	0.7479813038490543	0.7436647264612758	0.7241903980620358	0.6959038863319854	0.685679366620842	0.6846847635361004	0.6610927783660302	0.6634997178311048	0.6450796687016909	0.6495752746447229	0.6399674088461191
FGC2634_s_2_1_CAGCCGCGTA-ACTAGCCGTG_FGC2634_s_2_2_CAGCCGCGTA-ACTAGCCGTG	0.06849690631204691	0.0004040264117837189	0.000057718058826245557	0	0.000014429514706561389	0.000028859029413122778	0.000014429514706561389	0.000014429514706561389	0	0.000014429514706561389	0	0.000014429514706561389	0	0.000014429514706561389	0	0	0.000014429514706561389	0	0.000014429514706561389	0	0	0.000014429514706561389	0.000014429514706561389	0	0.000014429514706561389	0.000014429514706561389	0.00004328854411968417	0	0	0.000028859029413122778	0	0.006118114235582029	0.00633455695618045	0.006060396176755784	0.0051946252943621	0.005295631897308029	0.005800664912037678	0.004747310338458697	0.0055409336473195734	0.0055120746179064505	0.005165766264948977	0.0057140878237983105	0.005887242000277047	0.005151336750242415	0.005742946853211433	0.005800664912037678	0.0055120746179064505	0.005569792676732696	0.006695294823844484	0.007084891720921642	0.006579858706191993	0.0077919379415431495	0.00936475504455834	0.009682204368102692	0.01040368010343076	0.01040368010343076	0.012308376044696865	0.012596966338828092	0.01486240014775823	0.017416424250819598	0.020331186221544995	0.02409728955995752	0.02655030706007296	0.030518423604377336	0.03343318557510274	0.038108348340028624	0.04259592741376922	0.04699692939927044	0.050950616428868264	0.05891570854689015	0.06942039525326685	0.07675058872420003	0.08840963660710163	0.10420995521078634	0.117643833402595	0.13328542734450755	0.1448146095950501	0.15657466408089762	0.16718035739022025	0.1879732880823752	0.21129138384817842	0.23986182296716996	0.27004836773329643	0.29680068799926124	0.32985870619199337	0.3716898693263148	0.40128480398947225	0.43073544350556403	0.45760319988918136	0.49423973772914065	0.5284232580689846	0.5755789121300272	0.6217245001616105	0.6731512905757954	0.7269589509165628	0.789554185713626	0.8390618506718381	0.8597682042757537	0.8973138015422264	0.9139654615135985	0.9983492635175694	1.0408874728725124	1.080078034815533	1.1343907281710301	1.1904782518354342	1.233189615366856	1.2821922473103384	1.3023214203259916	1.3107771159440367	1.3348311169598746	1.3415119822690125	1.3464324467839497	1.3902981714918965	1.4191427713903126	1.452287366671284	1.477654453525419	1.4993564436440874	1.5051426790414184	1.4993853026735005	1.4831232395992058	1.464956480583645	1.4632537978482707	1.4652306413630696	1.4754323082606087	1.4898906819965831	1.5095003924827999	1.5111886457034678	1.514637299718336	1.4992410075264349	1.4542209216419633	1.4389112065383018	1.4013511797571223	1.3912072309184098	1.3881481738006187	1.4003844022717826	1.3809622754767512	1.3889850856535995	1.385276700374013	1.3577596158286005	1.334124070739253	1.2973143787228147	1.2532754998383895	1.2421936325437504	1.2337379369257053	1.2250369395576488	1.2171295654984533	1.2286443182342892	1.2219345938957382	1.201372535438888	1.177491688599529	1.1389937433624233	1.1124434363023503	1.0839595742715982	1.0630223484323775	1.0663411368148867	1.0605260423881424	1.0497039063582214	1.0429508934755507	1.0333841252251004	1.0108885117975712	0.9885083344876946	0.9581486355450893	0.9424348940296441	0.9159567345431039	0.9079339243662558	0.898121854365794	0.8924654846008219	0.8927107863508335	0.8910946807036986	0.8785410029089901
FGC2634_s_2_1_CAGTGGCACT-TAACAATAGG_FGC2634_s_2_2_CAGTGGCACT-TAACAATAGG	0.07865169970462625	0.0007387528069422384	0.0002547423472214615	0.000012737117361073076	0.000012737117361073076	0.000050948469444292305	0	0.000012737117361073076	0	0.000025474234722146153	0.000012737117361073076	0	0	0	0	0.000012737117361073076	0	0	0	0	0	0	0.000012737117361073076	0	0.000012737117361073076	0	0.000025474234722146153	0	0.000038211352083219225	0	0.000050948469444292305	0.007234682661089508	0.008763136744418277	0.007260156895811653	0.006801620670813024	0.006152027685398295	0.006712460849285512	0.005769914164566104	0.006610563910396927	0.0064577185020640495	0.005769914164566104	0.006394032915258685	0.006521404088869415	0.0062284503895647355	0.0062284503895647355	0.00546422334790035	0.0061392905680372235	0.00641950714998083	0.006597826793035853	0.0065850896756747814	0.007145522839561996	0.007731430238171358	0.008330074754141792	0.009043353326361884	0.009005141974278666	0.009527363786082661	0.01022790524094168	0.011068554986772504	0.012877225652044879	0.01466042208259511	0.01620161328328495	0.018889145046471375	0.021003506528409505	0.02235364096868325	0.025041172731869666	0.027104585744363505	0.029499163808245247	0.03427558281864765	0.0380839809096085	0.044312431299173234	0.05024792798943329	0.05924033284635088	0.06636038145119073	0.07404086321991779	0.08398855187891588	0.08901971323653973	0.09898013901289889	0.10657146096009844	0.12078608393505598	0.13798119237250464	0.1571123426488364	0.1758995907564192	0.20199794422925793	0.2202757076423978	0.2440559057555212	0.26840927414989296	0.2894764662651078	0.3094482662872704	0.3316490618476208	0.3644726132871061	0.3971942677877028	0.44099721439243317	0.4851058518138292	0.5303353555629997	0.5713106621135717	0.6035355690370866	0.6350981458578258	0.6693737286764734	0.7075468694076094	0.7312506448165664	0.8333768518176503	0.871295250201565	0.9374008893055341	0.9861076260942776	1.0304964800976173	1.065459867253763	1.0963855882064484	1.1211847557084575	1.1411565557306202	1.1684776724701218	1.217451888723448	1.2552047045816686	1.3250677933071542	1.360553402275104	1.3992869761701272	1.418596446089514	1.429079093677677	1.422965277344362	1.4203923796374252	1.431511883093642	1.4598392321046685	1.493885546810817	1.5210665552593468	1.537675756298186	1.5672895541626808	1.5773009284084845	1.5678372502092073	1.5447448564335817	1.516544878596166	1.4811229552150216	1.4884340605802775	1.4903573653017996	1.5009419098288515	1.5083549121329958	1.5348990647134721	1.5100744229767407	1.5149654760433928	1.4884722719323609	1.4429116031318023	1.409030870951348	1.3880018901882163	1.372781034941734	1.372921143232706	1.3711124725674335	1.3850086676083642	1.3845628685007267	1.3690490595549396	1.3431672370772392	1.3137954444426048	1.2822073933871434	1.2390540397678278	1.2307367021310471	1.2302399545539653	1.2191586624498316	1.2320740994539598	1.215872486170675	1.2148025683123447	1.19516193334157	1.1565812048548796	1.124381772166087	1.102601301478652	1.0737772048905436	1.0609127163558598	1.0516273577996373	1.0634474027107135	1.0548753227267111	1.0395653076587013	1.0238859161872202	1.0120276599240614	0.987228492422052
FGC2634_s_2_1_CATTAGTGCG-TGACTACATA_FGC2634_s_2_2_CATTAGTGCG-TGACTACATA	0.05677795049135208	0.0008049532221558774	0.00011499331745083964	0.00002874832936270991	0.000014374164681354955	0.00002874832936270991	0	0.000014374164681354955	0	0	0	0	0	0	0.000014374164681354955	0.000014374164681354955	0	0	0	0.00002874832936270991	0.000014374164681354955	0.000014374164681354955	0	0	0	0	0.000014374164681354955	0.000014374164681354955	0.000014374164681354955	0.000014374164681354955	0.00002874832936270991	0.006770231564918184	0.007431443140260512	0.006957095705775798	0.006209639142345341	0.0061808908129826305	0.007143959846633413	0.005735291707860627	0.006209639142345341	0.0057496658725419815	0.005404685920189463	0.005850285025311467	0.005706543378497918	0.005404685920189463	0.005950904178080951	0.006166516648301276	0.00626713580107076	0.006137768318938566	0.006626489918104634	0.006597741588741924	0.007100837352589348	0.0076901781045249015	0.009070097913934977	0.009213839560748527	0.009587567842463755	0.011269345110182285	0.011858685862117838	0.011671821721260224	0.01313798651875843	0.015725336161402318	0.018140195827869954	0.018959523214707185	0.02216496193864934	0.025729754779625368	0.028115866116730292	0.032442489685818136	0.034713607705472216	0.03748782148897372	0.04167070341124801	0.0467160352144036	0.05335689929718959	0.06157892149492463	0.06882350049432752	0.07865542913637431	0.08860235109587195	0.0953150860020647	0.1068719144058741	0.11635886309556837	0.12613329507888973	0.1390700432921092	0.15820205648299263	0.17596852402914737	0.20005962403509825	0.2201259579302698	0.24332585972597665	0.2706798951145951	0.29205427799577	0.3042723179749217	0.3392015381506142	0.3624158141110025	0.39635321692368153	0.438570138592821	0.4775241248792929	0.5203447614650494	0.5622167031818364	0.6024499901249488	0.6300627604778317	0.6618727869176703	0.6920872810778783	0.7212955837103917	0.8088486207845247	0.8557802684691486	0.9035456177052912	0.9671656705849682	1.025395411709137	1.063788805573036	1.1014347428735047	1.1246921413279372	1.14000062671358	1.1667509471855817	1.2019676506549013	1.2365087683841973	1.305418513866613	1.3615783752766668	1.4033640720053655	1.4445748021468103	1.4640230469606834	1.455829773092311	1.4637786861611004	1.4560166372331687	1.4506119513129794	1.4844487349728888	1.5179549128451273	1.5407954605238003	1.5762996472867472	1.5977890234853729	1.590990043591092	1.5921974734243256	1.5453520707277897	1.5109690688099888	1.504586939691467	1.4928432471468003	1.4994122404061794	1.5223821555669845	1.551116110765013	1.5522229214454775	1.557756974847799	1.5189036077140967	1.4885741202364378	1.4455091228510983	1.3939921166331222	1.3779361746840488	1.3700878807680288	1.380336660185835	1.3873512525503362	1.3997274083409827	1.3885586823835698	1.364625698189114	1.3353742730625566	1.2965352800935355	1.2432502516197528	1.2126332808484666	1.1930556685524614	1.1846324080491872	1.1921644703422172	1.2013351874089215	1.1976697754151762	1.1823612900295333	1.1652991565527648	1.1127759588070938	1.0751731440006693	1.0433631175608309	1.0104319062758464	1.0097850688651857	1.015189754785375	1.0069389842582772	1.0190132825906155	1.0118405744146193	0.9813817194548281	0.9632271494622769
FGC2634_s_2_1_CCACCAGGCA-CTTATGGAAT_FGC2634_s_2_2_CCACCAGGCA-CTTATGGAAT	0.05290612664195416	0.0005443017144233967	0.00009071695240389946	0.000036286780961559776	0.000036286780961559776	0.000018143390480779888	0.000018143390480779888	0	0	0	0	0	0	0	0	0	0	0.000018143390480779888	0.000018143390480779888	0	0	0.000054430171442339674	0	0	0	0.000054430171442339674	0	0.000054430171442339674	0	0	0.000036286780961559776	0.007438790097119756	0.007021492116061818	0.006658624306446219	0.006023605639618923	0.006713054477888559	0.006894488382696358	0.005787741563368785	0.0063320432777921815	0.006023605639618923	0.006386473449234521	0.00647719040163842	0.00803752198298549	0.0067311978683693395	0.007438790097119756	0.008073808763947051	0.007710940954331453	0.008454819964043429	0.00981557425010192	0.00976114407865958	0.01148476617433367	0.012918094022315281	0.014714289679912491	0.015730319546836166	0.017889383014048972	0.01828853760462613	0.020919329224339214	0.02293324556770578	0.026380489759053962	0.02999102446472916	0.03585133959002106	0.038881285800311305	0.046120498602142485	0.05399473007080095	0.060871075063016526	0.0664955261120583	0.07291828634225438	0.07883303163898862	0.08712456108870503	0.09528908680505598	0.10882405610371777	0.12433665496478458	0.1378534808729656	0.1588635270497087	0.17784151349260446	0.20003088005059827	0.2144367320923375	0.23586407625013858	0.25057836593005106	0.2746727884885268	0.30491782041998683	0.32846794126403916	0.3587129731954992	0.404071449397449	0.44843203912295576	0.4955322808110603	0.5380059579265661	0.56973874787745	0.5953390718458306	0.6246225040818093	0.6648826875586599	0.7169723616289789	0.7595186123064077	0.8148196664918249	0.8799181515368631	0.9486997448494997	0.9971244540427013	1.0231420759921397	1.0513187614087907	1.0735988449191884	1.152341159605773	1.1754195522973252	1.218872972498793	1.2619635248906453	1.3248666596875092	1.369644547394074	1.4173798077490058	1.4440143049747907	1.4318945201336297	1.4373556806683445	1.42073633498795	1.4258890578844916	1.4557893653968168	1.4798293577838502	1.4953782434258787	1.5249156831285882	1.5457624387910043	1.5479577890391787	1.5343683895690745	1.5099655293724255	1.486360978356931	1.4593454699310497	1.4468083871088306	1.4601619225026847	1.4582024363307604	1.47028593439096	1.459980488597877	1.458329440064126	1.43771854847796	1.4031916763930359	1.3630766400400316	1.3225987358774116	1.3113861205602897	1.2990304716428787	1.304673066082401	1.2918638324029705	1.2824292693529649	1.275244486722576	1.2580082657658354	1.2296320030538954	1.1920751847586812	1.1369011343066293	1.1133510134625773	1.0967316677821828	1.1009590777642047	1.0790418620634223	1.0932662802003537	1.0840857246170792	1.062095935354374	1.0443698428546522	0.9997371022719335	0.9751528081704767	0.9451980704867092	0.9192893088801555	0.9138281483454407	0.9054277585528396	0.8998033075037979	0.8945780110453333	0.8822042187374414	0.8610853122178136	0.8488022368623257	0.8122433050435541	0.7843024837031531	0.7645443314695838	0.7516262374472684	0.7481789932559203	0.7442418775215911	0.7404317655206274	0.7401414712729348	0.7131985364089767
FGC2634_s_2_1_CCATCATTAG-GGTTGCCTCT_FGC2634_s_2_2_CCATCATTAG-GGTTGCCTCT	0.06054654383089357	0.0010832909436877109	0.0001648486218655212	0.00009419921249458354	0	0.000023549803123645886	0.000023549803123645886	0	0	0	0	0.00004709960624729177	0	0	0.000023549803123645886	0	0	0	0.000023549803123645886	0	0	0.00004709960624729177	0	0	0	0.00004709960624729177	0.000023549803123645886	0.00007064940937093767	0	0.00007064940937093767	0	0.008195331487028768	0.007794984833926789	0.0068765425121045986	0.008054032668286894	0.006805893102733661	0.007253339362082933	0.006005199796529701	0.007606586408937621	0.005746151962169596	0.006240697827766159	0.0074417377870721006	0.0063348970402607434	0.007182689952711996	0.006617494677744494	0.0073475385745775165	0.008901825580738145	0.00755948680269033	0.009066674202603667	0.009066674202603667	0.009938016918178565	0.011021307861866276	0.01196329998681211	0.014742176755402325	0.014106332071063885	0.014271180692929406	0.01803914919271275	0.0183217468301965	0.021830667495619734	0.023455603911151302	0.02621093087661787	0.03165093539818007	0.03600764897605456	0.04012886452269259	0.04500367376928729	0.04896004069405979	0.05472974245935305	0.060075547768420653	0.06648109421805233	0.07338118653328059	0.0832956536483355	0.09217392942595	0.10288908984720888	0.12008044612747037	0.13701275457337175	0.1500122458976243	0.16668550650916558	0.18010889428964372	0.19193089545771397	0.21696433617814956	0.23038772395862772	0.24993406055125378	0.28292733472748166	0.3107161024133838	0.3412601970647525	0.3801880216281392	0.41452363458241487	0.44188850581209144	0.471043162079165	0.5056849224740481	0.5383720492096686	0.5833050735695849	0.6176642363269843	0.6671188228866407	0.7150662220463837	0.7635081670717233	0.8167542719342866	0.8653375157783681	0.8816575293430547	0.9202792064658339	1.0040929557828897	1.0279253565440194	1.0676774242167335	1.1217948717948718	1.1702368168202113	1.2062915654025133	1.2641298818741875	1.2944149286911961	1.2959927655004804	1.3419619811978372	1.3451176548164059	1.3732125699429154	1.4137888807249572	1.446122760413723	1.4586041560692553	1.4956244465796267	1.5071638501102131	1.5056802125134234	1.519268448915767	1.518821002656418	1.4952476497296483	1.5129100020723827	1.5010409012980652	1.5059863599540309	1.5332805817743365	1.5294419638651822	1.5070932007008422	1.5260272424122534	1.504973718419714	1.4694370655061322	1.457615064338062	1.4303208425177567	1.4010484372350647	1.4133649842687315	1.413671131709339	1.3827266904048683	1.4017313815256505	1.3933712014167563	1.3505812091410916	1.3401250965541927	1.288574577516532	1.2654015712428646	1.2455255374065073	1.224731061248328	1.2209630927485446	1.223859718532753	1.210506980161646	1.1856383880630756	1.1635957723393433	1.14878294617457	1.1063697507488839	1.0861404698656718	1.0669709301230241	1.04330337798376	1.0473539441210271	1.0332711618530868	1.0223911528099625	1.0120763390418057	0.9951675803990279	0.9768222837657078	0.9451006989581567	0.9196433617814956	0.8850251511897361	0.87930254903069	0.8641600256221857	0.8600388100755477	0.8526677216978467	0.8434361988733775	0.8366067559675202	0.8171781683905123
FGC2634_s_2_1_CCATCTCGCC-TTCTATGGTT_FGC2634_s_2_2_CCATCTCGCC-TTCTATGGTT	0.05859461826448302	0.00037209149298969834	0.00007833505115572598	0.000019583762788931495	0.000019583762788931495	0.00005875128836679448	0.00003916752557786299	0	0	0	0	0	0	0	0	0	0	0.000019583762788931495	0.000019583762788931495	0	0	0.000019583762788931495	0	0	0.000019583762788931495	0.00003916752557786299	0	0.000019583762788931495	0.000019583762788931495	0.000019583762788931495	0	0.006971819552859611	0.007030570841226405	0.006110133990146625	0.00577721002273479	0.00552262110647868	0.005953463887835173	0.005542204869267612	0.00616888527851342	0.005209280901855777	0.0062080528040912835	0.005698874971579064	0.006364722906402735	0.005973047650624105	0.006305971618035941	0.005405118529745092	0.005405118529745092	0.00591429636225731	0.005894712599468379	0.006227636566880215	0.0073830785714271725	0.007285159757482515	0.008186012845773364	0.007911840166728322	0.009380622375898184	0.009361038613109253	0.01153483628268065	0.011436917468735992	0.013258207408106619	0.014080725445241742	0.017605802747249412	0.019192087533152862	0.021816311746869682	0.02438178467221971	0.02722143027661477	0.029982740829854117	0.035857869666533565	0.036719555229246546	0.04482723302386419	0.050447772944287525	0.05704750100415743	0.06264845716179185	0.07234241974231294	0.08509144931790734	0.0936495536566704	0.1030497597953575	0.11881468884044737	0.1272357068396879	0.13890762946189109	0.15966641801815845	0.17605802747249413	0.19593554670325955	0.21698809170136094	0.24742125907536047	0.2794602949980524	0.31097056932544315	0.34441963616893817	0.36480633323221584	0.3889922802765462	0.41840709198552134	0.454225794126477	0.49331498465318435	0.5419414676581011	0.5859657664076191	0.6486338073322	0.6822787118035842	0.7356444654034225	0.7743223969115622	0.8028363555322465	0.8303515422506952	0.9117808279270725	0.9538467503976973	0.9933276161801832	1.0526664174306457	1.1115939596625404	1.1636476011555204	1.2127636782301605	1.2402592811858202	1.2471527656875243	1.2653852488440194	1.2759017294616757	1.316400950909186	1.3626773823794311	1.4037641167106092	1.4283809065362962	1.4597540945241645	1.4868384384612567	1.486446763205478	1.5034454693062707	1.4875434539216583	1.4878763778890702	1.488483474535527	1.4977661780974805	1.5135506909053593	1.5279839240808017	1.5524244600413883	1.5304318944294182	1.548213951041768	1.53076481839683	1.4889339010796725	1.4765373792342789	1.4534089553805507	1.4491984463809304	1.4376440263354608	1.455602336812911	1.4311813846151136	1.4491201113297747	1.4472009025764594	1.423896224857631	1.3984373332320201	1.3542759481429796	1.3222173284574987	1.294095045092593	1.293272527055458	1.2936446185484476	1.2881415812047579	1.3069811610077098	1.2804255786659189	1.2668540310531893	1.243157678078582	1.204381827756498	1.1824480134328945	1.1476084994313855	1.1236771413033113	1.1247542482567023	1.123735892591678	1.1109672792532947	1.108499725141889	1.0984532548311674	1.0686467678664138	1.0518438993935104	1.0272858608561903	0.9881966703294831	0.9626006923643496	0.9683779023870844	0.949655825160866	0.948187042951696	0.949890830314333	0.9419789901476048	0.9311687530881145
FGC2634_s_2_1_CCGTATGTTC-CATACACTGT_FGC2634_s_2_2_CCGTATGTTC-CATACACTGT	0.043434965748875294	0.0002876487797938761	0.0002614988907217056	0.00002614988907217056	0	0	0.00002614988907217056	0	0	0	0	0	0.00002614988907217056	0.00002614988907217056	0	0.00002614988907217056	0	0	0	0	0.00002614988907217056	0	0	0.00002614988907217056	0	0.00007844966721651166	0.00002614988907217056	0.00002614988907217056	0.00002614988907217056	0	0.00005229977814434112	0.00611907404288791	0.005491476705155817	0.004576230587629847	0.005831425263094034	0.005334577370722794	0.0051515281472176	0.005308427481650623	0.005282277592578453	0.005256127703506282	0.006275973377320934	0.006223673599176593	0.005831425263094034	0.006485172489898298	0.006903570715053027	0.0064067228226817865	0.007818816832578996	0.007478868274640779	0.008812512617321477	0.010146156960002175	0.011872049638765432	0.012159698418559309	0.015637633665157993	0.01697127800783869	0.01846182168495241	0.019089419022684507	0.02120756003753032	0.02515619328742807	0.028895627424748462	0.03454400346433731	0.03815268815629684	0.043931813641246535	0.05096613380166041	0.05797430407300212	0.06537472268042639	0.07536398030599555	0.07978331155919237	0.09314590487507152	0.10397195895095013	0.11262757223383858	0.12993879879961548	0.14829602092827923	0.16435205281859194	0.1906065414470512	0.21351384427427256	0.23644729699056616	0.27117434967840864	0.28921777313820635	0.316309058216975	0.3397393588256399	0.38518786603307226	0.40485258261534457	0.45540031819185023	0.49899218327515854	0.5388184643320743	0.603931688121779	0.6525966316850884	0.6881866307123125	0.7358055787127351	0.7666362979288242	0.8054950330900695	0.862423341600185	0.91043453793669	0.9465475347453576	1.0078167248414533	1.0625484426695062	1.1089121959944648	1.1522687120761235	1.1880679102159248	1.1961743758282977	1.2761930363891396	1.2806123676423364	1.288823432810998	1.3262177741842018	1.3545119541602904	1.384035178922771	1.4262672497743263	1.44920070249062	1.4362042076217514	1.4433169774493817	1.4372763530737103	1.4275224444497907	1.4424801809990722	1.436596455957834	1.4345829144992768	1.4451213197953614	1.4652044346027884	1.4526524878481466	1.4621971973594887	1.453332384964023	1.4144213500246332	1.4009803070415376	1.385682621934318	1.3652595585689524	1.3540674060460636	1.3640566636716327	1.3542504552695689	1.3600818805326627	1.3530214104831768	1.3025521245738876	1.3045918159215169	1.2602416040551156	1.2320258737462435	1.2214874684501589	1.211550510602734	1.186132818424584	1.2029994968761342	1.1981879172868548	1.1719595785474677	1.1542561036456083	1.125857324113231	1.0850634971606452	1.0662617269177543	1.0647711832406406	1.0501272453602253	1.0256509491886734	1.027402991756509	1.010850111973825	1.0050448365998033	0.9888319053750575	0.9555692464752564	0.9383103196876239	0.9171812093173101	0.8910313202451395	0.8763089326975075	0.8638354356100821	0.8407189336702833	0.8538984777626574	0.8346521594055398	0.8322463696109	0.8187007270715159	0.8005265541663573	0.7706110810677941	0.7559409932983064	0.7417939033102622	0.7218938377263404	0.7213446900558248	0.7201940949366493	0.7061777543939659	0.7079559468508735
FGC2634_s_2_1_CCTCCGTCCA-CACATCGGTG_FGC2634_s_2_2_CCTCCGTCCA-CACATCGGTG	0.10080409694426551	0.0008824251534770924	0.00012976840492310185	0.00005190736196924074	0.00002595368098462037	0.00010381472393848147	0.00002595368098462037	0	0	0	0	0	0	0	0	0	0	0	0	0.00002595368098462037	0.00002595368098462037	0.00002595368098462037	0	0	0.00002595368098462037	0	0	0	0	0.00002595368098462037	0.00002595368098462037	0.008824251534770925	0.009265464111509471	0.009239510430524851	0.008149455829170794	0.008123502148186175	0.0077341969334168694	0.007318938037662944	0.008227316872124657	0.008253270553109277	0.008694483129847823	0.009291417792494093	0.010796731289602074	0.009602861964309536	0.009732630369232638	0.009784537731201878	0.00983644509317112	0.011211990185356	0.013158516259202528	0.01279516472541784	0.01552030122880298	0.01614318957243387	0.01689584632098786	0.02042554693489623	0.02045150061588085	0.021619416260188765	0.02418883067766618	0.027900207058466894	0.030339853071021206	0.03682827331717631	0.04305715675348519	0.046119691109670395	0.049441762275701795	0.055099664730349045	0.060264447246288495	0.06262623221588895	0.06784292209379764	0.07477255491669127	0.08043045737133853	0.08850205215755545	0.09532787025651061	0.10451547332506622	0.11549388038156064	0.1242402708733777	0.13399885492359495	0.1422261717957196	0.154709892349322	0.16493564265726243	0.17355226474415641	0.1858024021688972	0.19535335677123752	0.2147407564667489	0.23044273346244423	0.24297836137801587	0.254865147268972	0.2781455991121765	0.2875667853095937	0.30155581936030407	0.3176990089327379	0.33734594543809554	0.3497777586297287	0.3679972426809322	0.3907845745854289	0.4118849172259252	0.4417835577202079	0.4609892816488269	0.47983165404366135	0.49732443502729545	0.5154401043545604	0.5313756644791173	0.5959743764498375	0.6097038736907017	0.6062260804387626	0.6604433200156345	0.6814398479321924	0.7010348770755808	0.7300510924163863	0.7547330430327603	0.7826072964102426	0.8103517813828018	0.839186320956715	0.8445327792395467	0.8812831915137691	0.9165801976528529	0.9221342853835617	0.9795178740405573	1.0052639255773008	1.0318145412245674	1.0638932909215582	1.0951415228270411	1.1014482673063037	1.131372861481571	1.1502152338764056	1.1815672805058268	1.2087407844967244	1.240222599531069	1.264567152294643	1.3130486283739136	1.333058916413056	1.3473334409545972	1.3712108274604478	1.3734947513870945	1.3955813339050063	1.4227288842149193	1.4394171010880303	1.439910221026738	1.508765336678936	1.503418878396104	1.514553007538506	1.5312412244116171	1.5178231713425683	1.517589588213707	1.5403769201182034	1.5473325066220815	1.545801239443989	1.5650848244155622	1.6042229753403696	1.5815913655217804	1.629423999576436	1.6217936173669574	1.593322429326829	1.6204699796367419	1.6014199777940306	1.5768937492635644	1.6041710679784005	1.5957620753393833	1.58743094374332	1.6061954550952007	1.583615752638581	1.5821104391414729	1.5816692265647345	1.5648252876057158	1.543958528094081	1.5695229038639322	1.5409738547808498	1.5328503526326636	1.5288794394420167	1.5219757603001076	1.5304366603010937	1.5352899986452178
FGC2634_s_2_1_CCTCTACATG-GATACCTCCT_FGC2634_s_2_2_CCTCTACATG-GATACCTCCT	0.06634034103087105	0.000816168945552305	0.00017742803164180545	0.00005322840949254164	0	0.000035485606328361085	0	0	0	0.000035485606328361085	0	0	0	0	0	0	0.000035485606328361085	0.000035485606328361085	0	0	0	0.000017742803164180542	0.000017742803164180542	0	0	0	0.000017742803164180542	0.000017742803164180542	0.00008871401582090273	0.000035485606328361085	0.000035485606328361085	0.009971455378269467	0.01009565500041873	0.009013344007403718	0.009226257645373883	0.008232660668179773	0.008747201959941008	0.007576176951105093	0.008995601204239536	0.008232660668179773	0.009155286432717161	0.008569773928299202	0.0091198008263888	0.008214917865015593	0.00814394665235887	0.008658487944120106	0.009173029235881341	0.009563370905493314	0.01011339780358291	0.011532822056717355	0.011905420923165145	0.012615133049732368	0.014531355791463866	0.014797497838926576	0.015808837619284866	0.016908891415464058	0.018008945211643253	0.021149421371703208	0.02375761343683775	0.02666743315576336	0.03083699189934579	0.0325580438062713	0.03883899612639121	0.04219238592442134	0.04659260110913811	0.05115250152233251	0.0552688318564224	0.06098201447528853	0.06719199558275173	0.0746084873053792	0.08949469916012667	0.0979580162694408	0.11099897659511349	0.12734009830932377	0.13621149989141404	0.1485782336968479	0.16119336674658025	0.17737480323231292	0.1929707272136276	0.219442989534585	0.2444958276024079	0.2652903929108275	0.2983097495993675	0.33157750553220605	0.36229029780940253	0.38647373852218064	0.41585582056206366	0.4451137029797973	0.4774943187544268	0.5141332072884596	0.5492284719472088	0.6004874302885264	0.6515689605982021	0.7061635659343857	0.7605984860420917	0.7998987950507516	0.8397491309575009	0.8667536773733837	0.8920194290791769	0.9181190925336865	1.0192175849631873	1.077467207751192	1.1031055583234328	1.1769511050927521	1.222514623618368	1.2618504182333563	1.2869564847106716	1.3023040094476879	1.296023057127568	1.3146707432531217	1.338978383588049	1.3729203660411264	1.4236115546811903	1.4655200557549848	1.485498452117852	1.5151644190083617	1.5194226917677651	1.5064527026547492	1.4931278574784494	1.4918681184537927	1.47666253614209	1.4894018688139716	1.5042171094560626	1.5191033213108098	1.5369703240971397	1.535533157040841	1.5165838432614962	1.5037380537706295	1.4743559717307464	1.4265568600064442	1.4166208902345032	1.3974409200140239	1.3783496638093657	1.39763609084883	1.4050525825714575	1.3920293650489488	1.3898115146534262	1.3616004576223792	1.3249615690883465	1.3010797560293594	1.2518789628550866	1.2251583012898308	1.2087284655597996	1.216144957282427	1.2129335099097103	1.2144771337849942	1.2101656326160983	1.183214314609708	1.1565113958476163	1.1238291524191957	1.0776978641923263	1.059298577311071	1.0333585990850391	1.0339618543926212	1.030892349445218	1.0294729251920836	1.0225000035485605	1.007720248512798	0.992674351429573	0.9608969909625257	0.9346376422795386	0.8957276749404907	0.880539835431952	0.8609872663450251	0.8596388133045474	0.8582903602640697	0.8551498841040098	0.8383297067043666	0.82764853919953	0.8125494137068123
FGC2634_s_2_1_CCTGTCTGTC-ACTGTTGTGA_FGC2634_s_2_2_CCTGTCTGTC-ACTGTTGTGA	0.0692296959503538	0.000695207128880246	0.00009700564589026689	0.000016167607648377815	0	0.00003233521529675563	0	0	0	0	0.000016167607648377815	0	0	0	0	0	0	0	0	0	0.000016167607648377815	0	0	0.00003233521529675563	0	0.000016167607648377815	0	0	0.000016167607648377815	0.000016167607648377815	0.00004850282294513344	0.006159858514031947	0.006127523298735192	0.0068388980352638165	0.006774227604670305	0.006095188083438436	0.006273031767570592	0.006337702198164104	0.006564048705241393	0.006208361336977081	0.006337702198164104	0.006305366982867348	0.00732392626471515	0.006046685260493303	0.006208361336977081	0.006741892389373549	0.005965847222251414	0.006822730427615439	0.0070490769346927265	0.006855065642912194	0.008116139039485664	0.008342485546562951	0.009975413919049112	0.010169425210829646	0.010735291478522868	0.010880799947358268	0.013710131285824389	0.014001148223495187	0.015213718797123523	0.017946044489699376	0.020775375828165493	0.023265187406015676	0.025722663768569104	0.028309480992309555	0.033175930894471274	0.03679747500770791	0.038737587925513246	0.04185793620165016	0.04902018638988154	0.05236688117309574	0.06142074145618732	0.07008657915571782	0.08007816068241531	0.09073261412269629	0.10057868718055839	0.10882416708123106	0.12413489152424487	0.13333426027617182	0.1477234310832281	0.16500660365934397	0.17844188561514596	0.20309748727892213	0.22445489698242918	0.24907816343090863	0.27620740906488656	0.31224500651312076	0.3325353541118349	0.35715862056031433	0.38339864777363153	0.4149416502956166	0.44554693157399583	0.48536774921195036	0.5233292919703415	0.5734812108956094	0.6138678948012573	0.6611904823880591	0.7043579948092279	0.7359009973312131	0.7725529638700855	0.8054217102192377	0.880795097075975	0.9171398790695282	0.9723199239734418	1.0178317395036254	1.0718638842645039	1.1062685533402519	1.1620791349424522	1.2001700185620303	1.2113095002317626	1.2558189240877469	1.2786152508719595	1.3008295437808306	1.347101236870488	1.3741658120738722	1.4166057821508642	1.4443978996984257	1.4630553189246536	1.4725133693989545	1.4860779922159437	1.4893600165685643	1.50714438498178	1.5127383772281187	1.511897661630403	1.525122764686776	1.5356317096582215	1.5547903247215493	1.5601094676378655	1.555889722041639	1.5432951556835528	1.5121401757451287	1.5050749312027876	1.4856738020247342	1.471591815762997	1.4843965610205123	1.4755528796368496	1.4574936618936116	1.4801283126013407	1.4534355923738689	1.4209063657853327	1.4109147842586351	1.3683131381051596	1.350997630313747	1.3276677724771377	1.3270534033864996	1.317918705065166	1.3240623959715494	1.3096893927721418	1.2933601090472802	1.2709841400619253	1.2500309205496276	1.1930239359814474	1.186508390099151	1.165409662118018	1.1507941448038845	1.1510204913109616	1.1324600777306242	1.1266882418001531	1.1131397865908126	1.0815321136382339	1.0614519449389488	1.0424388383444565	1.0213401103633233	0.9828450365525357	0.9724330972269805	0.969377419381437	0.9558612993873932	0.9441236162346709	0.9395320156625315	0.9322889274360584	0.908522544192943
FGC2634_s_2_1_CGACATCCGA-TACGTTCATT_FGC2634_s_2_2_CGACATCCGA-TACGTTCATT	0.046709155351167445	0.0006504868894367434	0.00014688413632442594	0.00006295034413903968	0	0	0	0	0	0.00002098344804634656	0.00002098344804634656	0.00002098344804634656	0	0.00002098344804634656	0	0	0	0	0.00004196689609269312	0.00002098344804634656	0.00006295034413903968	0.00010491724023173281	0.00004196689609269312	0.00002098344804634656	0.00002098344804634656	0.00002098344804634656	0.00004196689609269312	0.00002098344804634656	0.00006295034413903968	0.00010491724023173281	0.00006295034413903968	0.007637975088870149	0.007491090952545723	0.006987488199433406	0.006546835790460128	0.006588802686552819	0.007344206816221297	0.00610618338148685	0.006882570959201671	0.006504868894367435	0.007931743361519	0.007533057848638416	0.008099610945889773	0.007784859225194575	0.009064849556021715	0.008771081283372863	0.010093038510292696	0.010596641263405013	0.01372317502231065	0.015066115697276831	0.01817166600813612	0.0213611501111808	0.024592601110318166	0.02784503555750189	0.030048297602368275	0.03367843411438623	0.039008229918158256	0.04526129743596953	0.052290752531495635	0.0628244434507616	0.07430238953211318	0.08273773564674448	0.10155988854431736	0.1199204055848706	0.13781928676840421	0.15242376660866142	0.16870692229262635	0.18417172350278377	0.20740040049008943	0.23486773398275707	0.27060254600568523	0.2994967539655045	0.34192528591521726	0.39740552254975753	0.44927660612032627	0.48822188569434544	0.537784789979816	0.5756389302554252	0.6053305092410056	0.6511163928781338	0.6973009620281425	0.7430029118730853	0.8003506753837505	0.8727016042475534	0.9441082779492708	1.0207817971106212	1.0754017123752613	1.0881386653393936	1.1301894952242721	1.140408434422843	1.1698272285838207	1.201868953750592	1.2375408154293812	1.2666448578696639	1.3257971979123147	1.3800813780082133	1.4036248067162143	1.4035408729240286	1.4079473970137617	1.3900275323821816	1.4408914104465256	1.428427242306996	1.4138227624667385	1.4119552355906138	1.436547836700932	1.4463890738346685	1.4685895618677032	1.4585175068054568	1.4272941361124931	1.408765751487569	1.3888734427396325	1.3696945712252717	1.36545591471991	1.344157714952868	1.3434862446153848	1.3373800612338982	1.34161871773926	1.3297630695930742	1.3050026008983853	1.2931259693041532	1.2470882842904687	1.2257481176273344	1.203442712354068	1.1937273759086096	1.179101912620306	1.1690298575580598	1.156880441139225	1.156460772178298	1.127650498010664	1.101064469335943	1.0724010793046337	1.0373797045152813	1.0179070647282717	1.0140461102877438	1.0104999075679113	0.978017529992167	0.9804096430694504	0.9681972763064767	0.9375404587107644	0.9271326684797765	0.913598344489883	0.8703934249624554	0.8554532099534566	0.8460106583326006	0.8337773081215807	0.8326022350309853	0.8183544738075159	0.8067086601417935	0.7910759913472654	0.7810668866291581	0.7462133794241764	0.7286712168574307	0.7287131837535233	0.7066805633048595	0.7052956557338006	0.684312207687454	0.688362013160399	0.6746178546900419	0.6640631803227296	0.6500462370277701	0.6396594302448285	0.6244464304112274	0.6012807037680608	0.5926774900690587	0.5856690184215789	0.5765202350733718	0.5725123964965195	0.5646226200310933	0.5569007111500377	0.5520955015474244
FGC2634_s_2_1_CGAGGCCAAG-GTGTTACCGG_FGC2634_s_2_2_CGAGGCCAAG-GTGTTACCGG	0.09071569072903496	0.001159005717187256	0.00018794687305739285	0.00004698671826434821	0	0	0.000015662239421449406	0	0.000015662239421449406	0	0	0	0	0.000015662239421449406	0	0.000015662239421449406	0	0	0.000015662239421449406	0	0.000015662239421449406	0.000015662239421449406	0.000015662239421449406	0.00004698671826434821	0	0.000015662239421449406	0.00003132447884289881	0	0	0.000015662239421449406	0	0.005669730670564685	0.005622743952300336	0.005231187966764102	0.004902280938913664	0.005419134839821494	0.005309499163871348	0.0047143340658562715	0.006092611134943819	0.00474565854469917	0.005058903333128158	0.005638406191721786	0.005951650980150774	0.006155260092629616	0.005513108276350191	0.005935988740729325	0.005998637698415122	0.006123935613786718	0.007423901485767018	0.00899012542791196	0.009632277244191384	0.010337078018156608	0.011699692847822706	0.013281579029389095	0.0145188959436836	0.014064691000461566	0.016414026913678978	0.01768266830681638	0.020454884684412922	0.023822266160024547	0.028317328873980523	0.030948585096784026	0.03639904441544842	0.03798093059701481	0.04386993261947979	0.047174665137405605	0.05419134839821495	0.05831051736605614	0.06269594440406197	0.07304868466164002	0.08376165642591142	0.09505413104877644	0.10725501555808553	0.12124139536143985	0.1347265835033078	0.14371670893121974	0.15710792363655898	0.17067142297553417	0.18519031891921778	0.21070410693675884	0.23404084367471847	0.25837996373565086	0.29116103084474443	0.3273251416688711	0.35142932813848177	0.3768648049589156	0.41102414913709673	0.424102119054007	0.4534531557298032	0.4865004809090614	0.5277391573057377	0.5829642135057683	0.6314075200363113	0.6791930125111535	0.7280591995060757	0.7786795573162001	0.8091582752303407	0.8348756723603606	0.8589328721117069	0.8917452636996435	0.9851548596091676	1.0328777031263239	1.0859413702861946	1.1661633606028585	1.2195089480723151	1.2432998897534968	1.269205233756574	1.2695028163055815	1.2778664521566354	1.306700634931524	1.330820483640556	1.361972677849819	1.435021362511459	1.4753672912611127	1.4991425707028727	1.5374367460883165	1.5209757324563733	1.5202082827247223	1.5085399143557423	1.4855790713638974	1.4757745094860701	1.4979835649856854	1.5181252048816696	1.5402246247053346	1.5670853653131205	1.5735068834759145	1.55303633655208	1.5415872395350008	1.483605629196795	1.454505188351742	1.424809582408674	1.3969777829567582	1.4079256883123514	1.4306046109946102	1.4447789376710218	1.4235879277338008	1.4219433925945486	1.3899454374565274	1.3410949127010268	1.3000911698956723	1.2649607668733611	1.238945787194334	1.2334170166785623	1.2253509633765158	1.2328061893411255	1.236894033830124	1.2364241666474804	1.2081381622523428	1.169984947021692	1.135199113266653	1.0840149148373561	1.0676165501630988	1.0381245533325094	1.036260746841357	1.045564117057698	1.0392992212891183	1.029181414622862	1.0149131145099215	0.9908089280403108	0.9517942896414803	0.9261238792297248	0.9027871424917652	0.8603737981384801	0.8609689632364952	0.8632086634737626	0.8546414185102297	0.8684555136799481	0.8492536081492511	0.8287047500283095	0.8131521462828103
FGC2634_s_2_1_CGGTTACGGC-AAGACTATAG_FGC2634_s_2_2_CGGTTACGGC-AAGACTATAG	0.051218705175480585	0.0008261081479916224	0.00013043812863025616	0	0	0	0.000021739688105042695	0	0.000021739688105042695	0	0	0	0	0	0	0.000021739688105042695	0	0	0	0	0	0.000021739688105042695	0	0	0.000021739688105042695	0	0.00004347937621008539	0.000021739688105042695	0.000021739688105042695	0.00008695875242017078	0.00004347937621008539	0.006608865183932979	0.0060436332932018695	0.0050870870165799905	0.005695798283521186	0.00556536015489093	0.0061740714218321245	0.005717537971626228	0.006739303312563234	0.0055218807786808445	0.0056523189073111	0.0056740585954161435	0.0061740714218321245	0.0060436332932018695	0.006391468302882552	0.006195811109937168	0.006717563624458193	0.006413207990987595	0.007108878010348961	0.008021944910760755	0.008413259296651524	0.009652421518638956	0.010587228107155792	0.01186986970535331	0.012935114422500402	0.013891660699122283	0.015826492940471084	0.016456943895517318	0.019109185844332528	0.02228318030766876	0.024957161944589013	0.029174661436967297	0.03278344966240439	0.03563134880416498	0.04221847429999291	0.04797949164782923	0.051566540185161276	0.05897977382898083	0.06493644836976253	0.07108878010348961	0.08263255448726728	0.0904805818931877	0.10593750013587307	0.12124224056182312	0.13317732933149154	0.14759074254513485	0.16761299528987916	0.1843742948188671	0.1978311617558885	0.2166577316548555	0.2430931923905874	0.26585464583656715	0.3017251312098876	0.3284866872671951	0.3619223275727508	0.39729280011965523	0.42964145601995873	0.46318579476603966	0.49923019764420046	0.5322745235638653	0.5660579988791017	0.6240160073671455	0.6604952040074071	0.7152574783440097	0.7744329093659359	0.8168470408588742	0.867696171336569	0.9108059728488688	0.9525896533867607	0.980155577903955	1.0649838408898316	1.0888757581172734	1.1236157797091317	1.1776606443382678	1.232683794932131	1.271402179447212	1.3352081640355122	1.3627523488646014	1.3557739089828826	1.3915791752918878	1.391666134044308	1.4068839157178379	1.454254696098726	1.4739291138337896	1.4834076178475883	1.5180389409989214	1.5573442970928384	1.5359959233736866	1.5494310506226028	1.5303870838425855	1.5248652030639047	1.5141040574519085	1.527495705324615	1.4960601163247231	1.5187780903944927	1.521995564234039	1.5032342133993872	1.5282348547201863	1.5056255790909419	1.4556895155136589	1.4407326100973894	1.4154058734550148	1.381383261570623	1.390579149639056	1.3806875915512615	1.361687104147454	1.361687104147454	1.3572956871502355	1.3332081127298483	1.3107944942935494	1.265858558980426	1.2221835255773952	1.205835280122403	1.1996829483886762	1.1633559295651499	1.175160580206188	1.1759214692898643	1.1416162414601072	1.1293985367450732	1.1027456791282908	1.0706144201090375	1.0526791774223774	1.0180043748948342	0.997003836185363	0.9965255630470521	0.9727858236363454	0.9657639043784166	0.9621116367767696	0.9434807240707478	0.9215453787727599	0.900675278191919	0.8804791079423342	0.8518044593317828	0.8397606721215892	0.8203688703318911	0.8129121573118615	0.8012379447994535	0.8087381371956933	0.7808026379807135	0.776541659112125
FGC2634_s_2_1_CGTTATTCTA-CCATAAGGTT_FGC2634_s_2_2_CGTTATTCTA-CCATAAGGTT	0.057966100578464935	0.0005200308066249845	0.00013867488176666251	0.00003466872044166563	0	0.00003466872044166563	0	0.000017334360220832814	0.000052003080662498446	0	0.00006933744088333126	0.000017334360220832814	0.00003466872044166563	0	0.000017334360220832814	0	0	0	0.00003466872044166563	0	0	0.00003466872044166563	0	0	0	0	0	0.00003466872044166563	0	0	0.000017334360220832814	0.0056683357922123305	0.006413713281708142	0.005651001431991497	0.005651001431991497	0.004784283420949857	0.004870955222054022	0.004766949060729024	0.004905623942495687	0.005252311146912343	0.00547765782978317	0.005182973706029012	0.005633667071770665	0.00511363626514568	0.005078967544704015	0.005182973706029012	0.005304314227574841	0.005373651668458173	0.006223035319278981	0.0058763481148623245	0.005616332711549832	0.006743066125903965	0.006847072287228961	0.007904468260699765	0.008233821104895588	0.007592449776724773	0.009949922766758035	0.010417950492720523	0.011978042912595474	0.012792757842974617	0.01348613225180793	0.016796995053986997	0.01976117065174941	0.02210130928156184	0.023852079663865954	0.02692026142295336	0.03017912114446993	0.03286594697869902	0.037268874474790555	0.04134244912668627	0.047686824967511074	0.056041986593952486	0.0647091667043689	0.06899075367891461	0.07874999848324347	0.09114406604113895	0.10074730160348033	0.10882511346638842	0.11978042912595475	0.13364791730262102	0.1515543114107413	0.16796995053987	0.18946455721370267	0.21253659066763114	0.23560862412155964	0.26391563436217963	0.2938000713828954	0.3131452173893448	0.3367026129294566	0.3652176354927266	0.38548150259088015	0.4323536126280121	0.47093989847958595	0.5105142428637472	0.5594144730467167	0.5993875077159572	0.6385284930945976	0.6794549175759839	0.7077272590961622	0.7476482906847401	0.8261209394044504	0.8596282577113201	0.9130527559119269	0.9692507517478669	1.0200057584744653	1.0614868824829184	1.1161074515387626	1.1502908098942448	1.1636729359847278	1.2012884976639349	1.2309649223620007	1.2617160773937581	1.322594350489323	1.3575057519740803	1.3995589098698207	1.434990342161203	1.4571956576040899	1.466920233687977	1.4882588311198222	1.4963019742622885	1.4877388003131973	1.5096320972721091	1.5318894157956584	1.5377310951900791	1.5559495077821743	1.5748959635035447	1.573630555207424	1.5816736983498902	1.5746359481002323	1.5553948082551077	1.5339348703017166	1.5232915731261252	1.50507316053403	1.5063905719108133	1.5276251631813336	1.5003755489141843	1.513983021687538	1.4975673825584095	1.4827638389298183	1.4561902647112814	1.414067769374658	1.3985361826167915	1.366744965971784	1.3694317918060133	1.356275012398401	1.3630007441640843	1.3678196963054758	1.3514387258967888	1.327257293388727	1.3034398824453028	1.2524248603153918	1.2329757081476174	1.2070781739776932	1.1945627658982518	1.2033339521699933	1.1844048308088437	1.1803659248773897	1.154919084073207	1.1325924281087745	1.11834358400725	1.088701828029626	1.0734995941159553	1.0305797182091734	1.0219645411794196	1.0113732470844907	0.999412538532116	0.9935188560570329	0.9911787174272204	0.9776925851754125	0.960011537750163
FGC2634_s_2_1_CTAGTGCTCT-TGGAACAGTA_FGC2634_s_2_2_CTAGTGCTCT-TGGAACAGTA	0.06492155288175368	0.0005949449414733796	0.00013059767007952237	0.000029021704462116085	0.000014510852231058042	0	0.000014510852231058042	0	0.000014510852231058042	0	0	0	0	0.000014510852231058042	0.000014510852231058042	0.000014510852231058042	0	0.000029021704462116085	0	0.000029021704462116085	0	0.000014510852231058042	0.000014510852231058042	0	0	0	0.000014510852231058042	0.00005804340892423217	0.00007255426115529021	0.000014510852231058042	0.00005804340892423217	0.005456080438877823	0.006733035435210931	0.00570276492680581	0.005847873449116391	0.005107819985332431	0.0059059168580406236	0.004803092088480211	0.005731786631267926	0.004861135497404444	0.005281950212105127	0.0060074928236580295	0.006704013730748816	0.006138090493737552	0.007168361002142672	0.007342491228915369	0.007835860204771342	0.00792292531815769	0.00880808730425223	0.01073803065098295	0.011681236046001723	0.013349984052573398	0.01623764364655395	0.01806601102766726	0.018864107900375456	0.02037323653240549	0.023188341865230753	0.025190839473116757	0.030095507527214377	0.03687207551911848	0.04206696061783726	0.049757712300298025	0.05747748568722091	0.06683698537625334	0.07413594404847554	0.08570109327662878	0.09376912711709706	0.10379612600875816	0.11861170613666842	0.13766445511604763	0.1535828600135183	0.18231434743101324	0.20662002491803547	0.23331999302318224	0.26842174457011164	0.29131986939072124	0.31970309635467076	0.34946485428057084	0.3721162946132524	0.41440091801455553	0.46925193944795496	0.508532816437429	0.5598577007786814	0.6173206756136712	0.6721281644903775	0.7343071663004611	0.77625804010045	0.8028999647966726	0.835302697828625	0.875526780213118	0.9274901420525369	0.9894514810791547	1.0345947423699762	1.0908678273220194	1.1403933659866206	1.1878583636344113	1.2256591336963174	1.232043908677983	1.2414324300714774	1.2456550880707156	1.3251165148879893	1.3360141649135138	1.361263047795555	1.3941156172466702	1.4113980422538606	1.4296672052127626	1.4574119546785453	1.4415951257466924	1.4101501089619894	1.4048681587498844	1.398323764393677	1.4025174006884529	1.4378658367233101	1.4355150786618789	1.4331352988959853	1.4355876329230342	1.4362696429778938	1.4091053276013532	1.3929547490681857	1.3610018524553957	1.3327202014570636	1.3386406291673354	1.3418910600670924	1.3365800881505252	1.3304129759523255	1.3234187451769555	1.290522643169147	1.2894488401040487	1.258279529511736	1.2271247297716543	1.191297435613172	1.172520392826183	1.157791877811659	1.167557681363161	1.1576177475848863	1.1398854861585335	1.1407126047357037	1.1302067477204176	1.086021202676846	1.08004273155765	1.0258737201791104	1.0038462464923643	0.989291861704613	0.985040182000913	0.9873474075056513	0.9731703048759076	0.9775670931019182	0.9533484807282823	0.937313989012963	0.9194221082120686	0.8775728103776972	0.8711735245438005	0.8445606215520401	0.832284440564565	0.8443574696208054	0.8307027576713797	0.8323569948257203	0.822286463377366	0.8028274105355173	0.7824977065598048	0.7630386537179561	0.7369046088498205	0.7231338100825465	0.7127150181806468	0.7147030049363018	0.7001776418530126	0.698523404698672	0.6948811807886764	0.6866680384258975	0.6778454402694143
FGC2634_s_2_1_CTATTACTAC-GAGTCTCTCC_FGC2634_s_2_2_CTATTACTAC-GAGTCTCTCC	0.05220992897662712	0.0006215467735312753	0.0002525033767470806	0.00005827001001855705	0	0	0	0	0	0	0.000019423336672852354	0.000019423336672852354	0	0	0	0	0.000019423336672852354	0	0	0	0.000019423336672852354	0.000019423336672852354	0.000019423336672852354	0	0.000019423336672852354	0.000019423336672852354	0.000019423336672852354	0.00005827001001855705	0.000019423336672852354	0.00003884667334570471	0	0.005904694348547115	0.006254314408658457	0.005438534268398658	0.006021234368584229	0.0048946808415587925	0.006351431092022719	0.004719870811503122	0.005846424338528558	0.005302570911688692	0.005516227615090068	0.005593920961781477	0.006759321162152618	0.006409701102041277	0.006429124438714129	0.006176621061967049	0.006681627815461209	0.006895284518862585	0.007536254629066712	0.008740501502783557	0.008468574789363626	0.010022441723191814	0.011265535270254364	0.011362651953618626	0.012897095550773962	0.014179035771182217	0.01586886606172037	0.016296179468523124	0.01934564332616094	0.022162027143724533	0.024706484247868195	0.026881897955227656	0.03107733867656376	0.03647702627161672	0.042245757263453865	0.04498444773432605	0.04939354515906354	0.05471553940742508	0.06034830704255226	0.06871976514855162	0.07810123676153931	0.08577345474731599	0.09635917323402052	0.11248054267248796	0.12215336433556843	0.13555546663983656	0.1508999026113899	0.16542855844268348	0.17741275716983337	0.19640878043588297	0.21791041413273052	0.2401501346231465	0.2606806014863514	0.29412758723700316	0.3257293560037339	0.360846748708251	0.39780935839668896	0.4215446758109146	0.4525054744674412	0.48096066269316995	0.5134947516201976	0.5487675310180975	0.599345899714205	0.6397075933203923	0.6839345309244771	0.7507313857424163	0.7996587708213314	0.8259968153497191	0.8746716970518872	0.8911426865504659	0.9820439021794148	1.005584986226912	1.060028598920917	1.1020412761442968	1.1814244531262443	1.2149685555602603	1.2661102010198806	1.2957502127826532	1.313289485798239	1.352718859244129	1.3614593607469128	1.3852529481711569	1.413008896276663	1.455235230203444	1.470501972828306	1.5041820386190319	1.5337055103617674	1.5361528507825468	1.546505489229177	1.553905780501534	1.5441552654917619	1.5273929259430905	1.537570754359665	1.5442523821751262	1.5438056454316507	1.5577516011627586	1.5503901565637477	1.5569940910325173	1.553090000361274	1.5239744186886683	1.4882937492206385	1.4618974346822322	1.4488643757747484	1.422196134522922	1.4325487729695525	1.4037051180103666	1.4141160264670156	1.4056862983509977	1.3863406550248365	1.358798363622732	1.3073847914496919	1.2832610073020092	1.2504161449882158	1.2465509009903182	1.226991600960756	1.2228350069127656	1.2171439692676198	1.1984198727149902	1.1854839304908704	1.1510269312332304	1.112665841304347	1.0907368942006965	1.0621263192815853	1.0457912931397164	1.0350307646229562	1.0194726719480014	1.0103825503851065	0.9967473680407641	0.9823546755661805	0.9573179945948739	0.9420318286333391	0.9152664706981485	0.8804792747170699	0.8683785359698829	0.8521794731847242	0.8357861770328366	0.8284247324338258	0.8177807439371026	0.8129054864322166	0.7963179569136006
FGC2634_s_2_1_CTGCGAGCCA-AATCCGGCCA_FGC2634_s_2_2_CTGCGAGCCA-AATCCGGCCA	0.06439759058770825	0.0006999738107359593	0.00006829012787667896	0.0000853626598458487	0.00001707253196916974	0.0000853626598458487	0.00001707253196916974	0.00001707253196916974	0	0	0	0.00001707253196916974	0	0	0	0	0	0.00003414506393833948	0.00001707253196916974	0	0	0.00001707253196916974	0	0.00003414506393833948	0.00001707253196916974	0.00001707253196916974	0.00003414506393833948	0	0	0.00001707253196916974	0.00003414506393833948	0.008058235089448116	0.008433830792769851	0.00723875355492797	0.007341188746742987	0.007033883171297932	0.007085100767205441	0.00720460849098963	0.006641214936007028	0.0061973291048086155	0.007085100767205441	0.007307043682804648	0.006999738107359593	0.006914375447513745	0.0066924325319145375	0.006743650127822047	0.00655585227616118	0.007016810639328762	0.006880230383575405	0.0072216810229587996	0.00717046342705129	0.00911673207153664	0.009406965115012525	0.009492327774858375	0.010243519181501844	0.010124011457717654	0.012804398976877305	0.012719036317031454	0.015040900664838541	0.016850589053570533	0.02040167570315784	0.022365016879612357	0.025779523273446306	0.028118460153222558	0.03265975365702171	0.03547672143193472	0.03902780808152202	0.044969049206793094	0.05003959120163651	0.055127205728449084	0.0639195596925715	0.07378748317075161	0.08537973237781786	0.09734757728820585	0.10745451621395434	0.12141984736473518	0.13512909053597846	0.15172359161001148	0.16550112490913144	0.1821809886430103	0.2130822715072075	0.22918166915413457	0.2628487021973373	0.2895330696651496	0.32400251171090333	0.3523770598436634	0.38310761738816895	0.4147430191270405	0.44202492521377373	0.4814112564666483	0.5249803580519695	0.5784344556474399	0.6274667674628954	0.6722650913499968	0.7235168323214444	0.7714735746228422	0.8006676042901223	0.834829740760431	0.8821718719109387	0.9099659539567471	1.0158327246975687	1.0513265186614724	1.104080642446207	1.1498350281235818	1.1954699060771727	1.2314758760001516	1.2747547445419969	1.2752327754371338	1.2817203375854183	1.3240772894009283	1.3474495856667217	1.377565532060337	1.4187274066380051	1.4529236881722523	1.4720790690416607	1.5022120879672454	1.4984049133381205	1.4844566547193088	1.499258539936579	1.4814006714968275	1.4706791214201886	1.495963541266529	1.502792554054197	1.5210772357931779	1.5342401579414078	1.5273599275578322	1.510304468120632	1.4852419911898906	1.4724375922130133	1.446162965512461	1.4330512609601387	1.4167299203976125	1.4021670506279107	1.4130081084283335	1.4280490090931721	1.3970111459732215	1.4069473595792783	1.3723754823417094	1.333194021472465	1.3091388239279047	1.2817203375854183	1.2588431447467308	1.2601235846444185	1.2598674966648808	1.23664885318681	1.2509727075089434	1.2381170909361587	1.2095205998877994	1.1775949651054518	1.1630491678677193	1.1146143946711846	1.0994027686866545	1.0855228001957196	1.0707721325743569	1.0773450573824872	1.0793766886868184	1.0631748558480763	1.0504046019351374	1.0240787576386776	0.999989415030179	0.9778975586620735	0.9457841260280653	0.9209265194809542	0.9226679177418093	0.9161803555935248	0.9054075879209789	0.9027613454657574	0.886918035798368	0.8753428591232709	0.8596190571796656
FGC2634_s_2_1_CTTGCCATTA-ATCACGAAGG_FGC2634_s_2_2_CTTGCCATTA-ATCACGAAGG	0.04398963680598445	0.0005715259349539189	0.00003572037093461993	0.000017860185467309965	0	0	0	0	0	0	0	0	0	0	0.000017860185467309965	0	0	0.000017860185467309965	0.000017860185467309965	0	0	0.000017860185467309965	0	0.000017860185467309965	0.000017860185467309965	0.00003572037093461993	0.00003572037093461993	0	0.000017860185467309965	0.00003572037093461993	0.000017860185467309965	0.00542949638206223	0.00526875471285644	0.004572207479631351	0.00544735656752954	0.0045543472941640415	0.004893690818042931	0.0047865297052390714	0.00523303434192182	0.00525089452738913	0.00535805564019299	0.005679538978604569	0.0056259584222026395	0.00517945378551989	0.0056259584222026395	0.00517945378551989	0.005858140833277669	0.005750979720473809	0.006572548251970068	0.007519138081737495	0.008501448282439544	0.009055114031926154	0.010180305716366682	0.011359077957209139	0.011662701110153408	0.013341558544080546	0.013609461326090196	0.01573482339670008	0.018199528991188856	0.02111073922236038	0.024932818912364714	0.027826168958068928	0.030790959745642384	0.03714918577200473	0.04020327748691473	0.04747237297210989	0.05202672026627394	0.05802774258329009	0.06565404177783143	0.07322676041597087	0.08240689574616819	0.09671290430548347	0.1084291859720388	0.126128629770143	0.14539976988937045	0.16190258126116483	0.18183454824268278	0.20212371893354691	0.22089477385968964	0.2419340723401808	0.2743324487778811	0.30114058716431336	0.3278237042524744	0.35904330844933224	0.4051761675113939	0.45979261467042776	0.5028713820175794	0.5318227426600889	0.5699720988182629	0.6114970300297586	0.6376086211829658	0.6983868323282216	0.7456984636311257	0.775739295587141	0.8419648632999264	0.8989567151261125	0.9575559836443567	1.0055641621804858	1.0377660765780456	1.0657351270198532	1.1336752725375001	1.1465346060739634	1.1753073648617998	1.2147426543736202	1.2571605948584812	1.2874336092255718	1.3368527424136183	1.3608211113107485	1.3748056365316519	1.409668718563841	1.3943803998038236	1.3951126674079835	1.41750933998399	1.4290112994249378	1.4342086133959249	1.457712617470905	1.4758407057202243	1.464642369432221	1.4723758297395664	1.4910575837383726	1.462320545321471	1.4610346119678244	1.4370662430706944	1.43935234681051	1.4276896457003567	1.4406204199786892	1.4220279669072196	1.4343693550651306	1.4291720410941435	1.3917370923546617	1.3849145015061495	1.361714120584114	1.334477337746466	1.3285298959858518	1.3217251653228068	1.2956492945405342	1.296845926966844	1.3003286631329694	1.272413193247564	1.258125044873716	1.2298880916498989	1.2003652050724356	1.183451609434893	1.1690741601337085	1.1491600533376578	1.1350683670039503	1.1381224587188603	1.1328715641914713	1.1136361444431784	1.1109928369940165	1.0649314186738241	1.0507861517837145	1.032211558897712	0.9985808296627676	1.0021528667562296	0.9868645479962123	0.976594941352509	0.9724692385095604	0.9509119946505172	0.9285510424454451	0.9277830544703509	0.9139771311041203	0.8802749611273064	0.8645401377306062	0.8486267124792332	0.8269980278783207	0.8301414205205672	0.8134421471086324	0.8163712175252713	0.8072625229369431
FGC2634_s_2_1_GAACTGAGCG-TCGTGGAGCG_FGC2634_s_2_2_GAACTGAGCG-TCGTGGAGCG	0.06187129146312921	0.0009314384044737581	0.0001387248687514108	0.00007927135357223473	0.000039635676786117365	0.000039635676786117365	0.000019817838393058682	0	0.000039635676786117365	0.000019817838393058682	0.000019817838393058682	0.000019817838393058682	0	0	0	0	0	0	0	0.000019817838393058682	0.00005945351517917605	0.000019817838393058682	0.000039635676786117365	0.000039635676786117365	0	0.000019817838393058682	0.000019817838393058682	0.000019817838393058682	0.000019817838393058682	0.000039635676786117365	0.000039635676786117365	0.005885898002738429	0.006698429376853835	0.0058264444875592535	0.0063020726089926616	0.006242619093813485	0.0059651693563106635	0.005846262325952312	0.007154239659894185	0.008204585094726295	0.00830367428669159	0.010602543540286394	0.011494346267974036	0.010919628954575334	0.012326695480482501	0.012247424126910267	0.014070665259071665	0.015140828532296834	0.01878731079661963	0.02029346651449209	0.026040639648479108	0.029548397044050496	0.03402722852088176	0.03642518696644186	0.03807006755306573	0.04250926335311088	0.045125218020994624	0.0528541749942875	0.05915624760328017	0.06999660520428327	0.07925153573384167	0.08652468242409421	0.101308789865316	0.10994936740468958	0.12822141440308968	0.13646563517460208	0.1501399436658126	0.15998940934716274	0.172236833474073	0.19072687669479677	0.21783767961650102	0.24231271003192853	0.27194037842955127	0.3040849123030924	0.33557545750966267	0.36009012360187626	0.39298773533435366	0.42328921023734045	0.442373788609856	0.48060239887006617	0.531197340287545	0.5674639845468423	0.6179202010955698	0.6736281448184578	0.7181786455260537	0.7779294282811255	0.8319726735789966	0.8551595444988753	0.8918027276876408	0.9352434294452254	0.9823504313055259	1.0282485450238499	1.0754744539145087	1.1217292887239076	1.1672112278359772	1.2283888949553494	1.257005853594926	1.2860191690023641	1.300783458605193	1.3022896143230651	1.3868523307462466	1.401854434409792	1.4116840822527492	1.4409550295592968	1.4560562224148077	1.4844948205088466	1.4869125967927999	1.4976935008786239	1.4716330433917517	1.4854658945901067	1.4526079185344154	1.4402812230539328	1.4713159579774628	1.4559571332228423	1.4493577930379538	1.45250882934245	1.4223064436314286	1.4103959227572005	1.4023300625312254	1.367074128029974	1.341687477048466	1.3276762653045735	1.3165782758044606	1.316736818511605	1.3085718690936647	1.2854642695273584	1.2740888302897428	1.260632518020856	1.2254954905499629	1.1977505167996807	1.167805762987769	1.1402787854598104	1.115129948539019	1.1060930142317844	1.1069848169594718	1.0774364199154214	1.0844519347065642	1.058371659381299	1.0317166667426352	1.0116015607736804	0.9794173912233531	0.9385133727800801	0.9329247423532374	0.9176848246289754	0.9092622433119254	0.9055166718556374	0.9024052712279271	0.8834792355625561	0.8641766609677171	0.8443390047362652	0.807458007486783	0.7883536112758743	0.7695663004792548	0.7574377833827028	0.750045729662092	0.7424753153959436	0.7289199139350914	0.7258877846609535	0.7101326031384717	0.6897995009471936	0.6774133519515319	0.6582693200638372	0.6397198233279343	0.6229142963706205	0.6152249750741138	0.6199218027732687	0.6109443219812131	0.5971511064596442	0.5976069167426846	0.5852207677470229
FGC2634_s_2_1_GAAGCGGCAC-CGGCTCTACT_FGC2634_s_2_2_GAAGCGGCAC-CGGCTCTACT	0.060792059734285094	0.0006116383993782876	0.00015590782729250468	0.00002398581958346226	0.00002398581958346226	0.00003597872937519339	0.00001199290979173113	0.00001199290979173113	0	0	0.00001199290979173113	0	0.00001199290979173113	0.00001199290979173113	0	0.00001199290979173113	0.00002398581958346226	0	0	0.00003597872937519339	0.00001199290979173113	0.00001199290979173113	0.00001199290979173113	0.00001199290979173113	0.00001199290979173113	0.00001199290979173113	0.00001199290979173113	0	0.00001199290979173113	0.00002398581958346226	0.00001199290979173113	0.007351653702331181	0.008299093575877941	0.007243717514205602	0.006500157107118272	0.006967880588995785	0.006799979851911549	0.006212327272116725	0.006931901859620592	0.00638022800920096	0.006296277640658842	0.006967880588995785	0.0071837529652469465	0.006823965671495012	0.007543540258998879	0.007003859318370979	0.006752008212744626	0.006572114565868659	0.007543540258998879	0.0085149659521291	0.007987277921292932	0.010026072585887225	0.010685682624432435	0.01180102323506343	0.01211283888964844	0.013000314214236544	0.015171030886539878	0.016130463669878366	0.018888832921976528	0.020567840292818884	0.023530089011376473	0.02731984850556351	0.033232353032886956	0.037645743836244014	0.04277870922710494	0.04732402203817103	0.053092611647993705	0.059268960190735236	0.0662608265993145	0.0764787857418694	0.08682866689213337	0.10107624372470995	0.11726667194354697	0.13210190135591837	0.1537610964397848	0.1715585745707138	0.19119096789977766	0.20964805606925185	0.23002400980540305	0.2564683758961702	0.28799773573863136	0.31463398838606615	0.3439326670072653	0.3902372917131392	0.43512675306358883	0.485832775663028	0.5336844857320352	0.5583299153540426	0.6011206174909394	0.6420164398807425	0.6816769925619973	0.7269742128453658	0.7728231069791539	0.8224977393365043	0.88495681353184	0.9411795746354754	0.9913938879334538	1.0376145622707855	1.0697195817832497	1.0810528815364358	1.1753531312288175	1.1941340279626684	1.211151966957135	1.2567969816244635	1.2968652932386373	1.3216546377781457	1.3726844689419615	1.3893186348230926	1.3795444133428318	1.4141679439115595	1.4117093974042545	1.4064684958252682	1.4355273162506326	1.4380818060362712	1.4295548471743504	1.4651617963460004	1.4720697123860373	1.4681840096135166	1.474000570862506	1.4710263292341568	1.4523893474178067	1.4534087447501038	1.4354313729722987	1.427432102141214	1.4247696761674498	1.4262088253424576	1.4074639073379818	1.4184374197974157	1.4020431121121193	1.3600559349312686	1.3548749979012409	1.3319325614696593	1.3031135992401293	1.2998875065061537	1.3045647413249288	1.2658036568780537	1.2869111781115006	1.2713683670214169	1.2399109646377062	1.234969885803513	1.2043519871052235	1.159450532844982	1.1444713885151099	1.1401299551705033	1.12278820761166	1.113637617440569	1.118063001153718	1.1068856092278245	1.0959480754977657	1.0772631220422486	1.0372907537064089	1.0212562333148643	1.0024633436712216	0.9779138573275479	0.9812478862496492	0.9628747484487171	0.9529326262313721	0.9445375893771603	0.9294625017689542	0.9134999388361601	0.9050809161623649	0.8932199283783427	0.8605392491958753	0.83937176341347	0.8345146349478189	0.8131912413381209	0.8102050067999798	0.8066431125918356	0.7984759410236668	0.7960293874261537
FGC2634_s_2_1_GACACCATGT-TCAACGTGTA_FGC2634_s_2_2_GACACCATGT-TCAACGTGTA	0.05136503125662069	0.0005365943467010088	0.00007401301333807016	0.00003700650666903508	0	0.00001850325333451754	0.00001850325333451754	0.00001850325333451754	0	0	0	0.00003700650666903508	0	0	0	0	0	0	0.00001850325333451754	0.00001850325333451754	0.00001850325333451754	0.00001850325333451754	0	0.00001850325333451754	0	0	0.00001850325333451754	0	0.00001850325333451754	0	0.00007401301333807016	0.005699002027031403	0.00593954432038013	0.00542145322701364	0.0055879825070242976	0.005291930453672017	0.005661995520362368	0.004551800320291315	0.005254923947002982	0.004940368640316183	0.00466281984029842	0.005162407680330394	0.0060690670937217535	0.0049033621336471486	0.0053659434670100875	0.004977375146985218	0.005014381653654254	0.005088394666992324	0.006420628907077586	0.0069942297604476305	0.006846203733771491	0.007937895680508025	0.008418980267205481	0.008992581120575525	0.00978822101395978	0.010657873920682103	0.01180507562742219	0.011694056107415087	0.014395531094254647	0.015302190507646007	0.01850325333451754	0.02105670229468096	0.021519283628043902	0.025904554668324555	0.02956819882855903	0.03288028117543767	0.03554474965560819	0.03967097514920561	0.04333461930944008	0.048274987949756265	0.05765613739035666	0.06342915243072612	0.07142255787123772	0.0815438374452188	0.0920906918458938	0.10519099520673222	0.11703307734082344	0.13007787094165832	0.14010663424896683	0.15311442134313266	0.17189522347766795	0.18760448555867335	0.21656207702719332	0.23652708737513772	0.26352333399019884	0.29521940695222737	0.32797016535432344	0.3547628761827048	0.37513495810400865	0.402464263279091	0.4320509653609846	0.47131486893683083	0.5079883170458446	0.5518595307019857	0.5939914385446822	0.6475768602014449	0.6995339955647703	0.7351157517270475	0.780004644316587	0.7924943403173863	0.8746672883759786	0.9173542938187106	0.9522144231009418	1.0047266560643024	1.0627713617746841	1.0996113391637083	1.1623188647143885	1.1955322044498473	1.2301332881853952	1.2610337212540395	1.2807396860553006	1.3061446528835932	1.3452975369394322	1.3803982085150122	1.4100404203569092	1.4501369703328086	1.4643104623870493	1.484571524788346	1.505776253109703	1.5114197453767308	1.5131960576968444	1.5208379013240003	1.52583377972432	1.5252786821242845	1.532809506231433	1.5658008069268778	1.5581959698063912	1.572628507407315	1.5629142994066931	1.543781935458802	1.5192651247905662	1.5009098974827249	1.4983564485225616	1.4807413513481007	1.4908811341754165	1.4655686836137964	1.4704720457474436	1.4565390959865518	1.4352788579051912	1.4324293568916755	1.3854866031820046	1.361265844567121	1.3411898146991694	1.329088687018395	1.3129538501106959	1.3173761276576454	1.3193374725111042	1.2896952606692071	1.2675098599211205	1.258979860133908	1.2196974533047271	1.1983632022100286	1.1679993634880852	1.1508098411403185	1.1465170863667105	1.1387272167128786	1.1232399936718873	1.1119900156445006	1.093875330630008	1.0685443768150535	1.0493565031071588	1.0187151155851977	0.9945868732369869	0.9749734247023982	0.9675906266219259	0.9578764186213041	0.9527325141943082	0.9327675038463638	0.9320273737129832	0.9131355520584407
FGC2634_s_2_1_GACTGAGTAG-GTTGATAGTG_FGC2634_s_2_2_GACTGAGTAG-GTTGATAGTG	0.06410575155688458	0.0004715234149954734	0.00008573152999917697	0.00008573152999917697	0	0.00004286576499958849	0	0	0	0	0.000021432882499794244	0	0	0	0	0.00004286576499958849	0.000021432882499794244	0	0.000021432882499794244	0	0	0	0	0	0.000021432882499794244	0	0.00004286576499958849	0.00006429864749938274	0	0.000021432882499794244	0	0.007094284107431895	0.008015898054923047	0.0067084922224355985	0.006151237277440947	0.005315354859948973	0.006044072864941977	0.005786878274944446	0.00580831115744424	0.005936908452443006	0.005936908452443006	0.006386998984938684	0.005679713862445475	0.006236968807440125	0.005593982332446298	0.005465385037447533	0.006322700337439302	0.00640843186743848	0.0069228210474335415	0.007244314284930454	0.00868031741241667	0.009516199829908645	0.010202052069902061	0.010480679542399386	0.012195310142382924	0.013674179034868728	0.014938719102356588	0.016889111409837863	0.01888236948231873	0.021497181147293626	0.025762324764752677	0.028441435077226962	0.03562145071465803	0.03746467860964034	0.043487318592082526	0.04897413651202985	0.05499677649447204	0.06196246330690516	0.06659196592686072	0.07621533016926833	0.08986807632163726	0.10435670489149816	0.11342281418891115	0.13657032728868893	0.15656720666099697	0.17219177800334695	0.19156710378316094	0.21385730158294697	0.2290532152753011	0.2560157814600423	0.2804064017448081	0.3101981084195221	0.3552928931990892	0.3929933335162273	0.4365235178733094	0.47613148473292916	0.5190829812625167	0.56040557872212	0.5907759732243285	0.6318199432114345	0.6711707154810568	0.7189660434555979	0.771262276755096	0.8236228087020933	0.8843850305890099	0.93228752297605	0.9821618405530712	1.0211696867026967	1.0479393569449398	1.0717512894022112	1.1394577652190612	1.1723143740912458	1.2025990370634552	1.239292131903103	1.2908810800801076	1.3131069792323942	1.3603021864969411	1.358437525719459	1.3583517941894598	1.3774270596142768	1.374169261474308	1.3877577089791775	1.4174851170063922	1.43334545005624	1.4330453897012427	1.4603508820059805	1.463758710323448	1.4626870661984581	1.4389822981536857	1.4369461743162053	1.4172707881813942	1.4187067913088804	1.415406127403912	1.4163706071164028	1.4288659776137829	1.4268512866588023	1.409490651833969	1.4148274395764178	1.3973810732215852	1.3522434226770184	1.347185262407067	1.3271455172697593	1.3023476722174976	1.315421730542372	1.3263096348522674	1.2855442923376588	1.2943103412800745	1.2751493443252584	1.2556025554854462	1.2339124783956543	1.1940044511810375	1.1690137101862774	1.167277646703794	1.1657130462813092	1.1541821554964198	1.1504956997064553	1.1309917766316424	1.1195894831417519	1.1082086225343613	1.0805387712271268	1.0585914995473376	1.027599551452635	1.0011942402128886	0.9966290362404324	0.9962218114729363	0.9931569092754657	0.9710167416531782	0.967908973690708	0.9523058352308579	0.9397890318509781	0.9111547008312528	0.892400928643933	0.8740972469891087	0.8582154810567612	0.8557721324517845	0.8454843488518833	0.8455486474993827	0.8265591136045649	0.816442793064662	0.806455069819758
FGC2634_s_2_1_GAGAATGGTT-TCGGCAGCAA_FGC2634_s_2_2_GAGAATGGTT-TCGGCAGCAA	0.05295160330353868	0.0007062758912151877	0.00007635415040164191	0.00009544268800205241	0	0.00001908853760041048	0	0	0.00001908853760041048	0	0	0.00001908853760041048	0	0	0	0	0	0	0	0	0	0.00001908853760041048	0	0	0	0	0	0	0.00001908853760041048	0	0	0.007024581836951056	0.0063755715585371	0.005612030054520681	0.0059365351937276595	0.005707472742522733	0.0056692956673219125	0.005783826892924376	0.0060701549569305326	0.005382967603315755	0.006280128870535048	0.0059556237313280695	0.0060701549569305326	0.00631830594573587	0.005650207129721502	0.006165597644932585	0.005860181043326017	0.006012889344129301	0.0067573423105453095	0.007081847449752288	0.007635415040164191	0.008456222156981842	0.008551664844983894	0.010937732045035205	0.010994997657836436	0.011033174733037257	0.012273929677063939	0.01391554391069924	0.014889059328320174	0.016836090163562044	0.019871167642027312	0.022581739981285598	0.025674083072552097	0.028365566874209974	0.032335982695095355	0.03464569574474502	0.03939874160724723	0.043827282330542464	0.04795040645223113	0.055394936116391215	0.05934626339967618	0.06742071480464981	0.07854933222568913	0.0886853456915071	0.10044388485335994	0.1096445599767578	0.12583163986190588	0.131882706281236	0.14619910948154385	0.16139358541147059	0.1826773048359283	0.20172766536113795	0.2236222179888088	0.24402786468364757	0.27401595725389244	0.3019615763008934	0.33047985147590664	0.357795548782094	0.3856457251410929	0.41097621453683764	0.4386927711326337	0.47184956094454666	0.5149133017710728	0.5491581382262091	0.6067864332418483	0.6481322056843374	0.6972851900053945	0.7307855734941148	0.771577778346192	0.7984926163627708	0.8693683564730948	0.9128138680516292	0.9444817519307102	0.9977005947606545	1.0563214937315153	1.0947467199211414	1.156765378584875	1.1906284442880033	1.1977675573505568	1.2374335384842097	1.2599389243150938	1.2816807686419613	1.3280086493981575	1.3556679403811522	1.3936159531307684	1.4212943326513634	1.455634611794502	1.4564554189113197	1.490795698054458	1.491082026118464	1.4873597612863843	1.4998627534146531	1.5096360846660632	1.5157444166981946	1.5147327242053727	1.5361500633930334	1.5388988128074925	1.554360528263825	1.5437663898955971	1.51041871470768	1.504978481491563	1.4807169502014412	1.4673740624187546	1.4667250521403405	1.4748758576957157	1.4504997951799916	1.4625064853306498	1.4533439872824527	1.4242339674418267	1.4294260496691384	1.3903327246634976	1.352174738000277	1.32905851896618	1.330681044662215	1.3125851110170257	1.3242291189532762	1.3243436501788786	1.2962453228310744	1.2846394919700248	1.2681279069456697	1.2205020056326457	1.199733676723399	1.1828784980222367	1.162339231564195	1.1733342292220312	1.154570196760828	1.1340309303027862	1.1296214781170912	1.1085095555310374	1.0859278155497518	1.0714014384358395	1.0500604533985805	1.0199578296027332	1.0001057504983062	0.9999912192727038	0.983632342549152	0.9738017456849407	0.9647537788623461	0.954006932193315	0.9554003954381449
FGC2634_s_2_1_GAGTCATAGG-GTGTGGCGCT_FGC2634_s_2_2_GAGTCATAGG-GTGTGGCGCT	0.06303515630283929	0.0008532325547759693	0.0002289160512813576	0.00008324220046594822	0.000020810550116487054	0.00004162110023297411	0.000020810550116487054	0	0	0	0.000020810550116487054	0	0	0	0	0	0.000020810550116487054	0	0	0.000020810550116487054	0.000020810550116487054	0	0	0.000020810550116487054	0.000020810550116487054	0	0	0.00004162110023297411	0.000020810550116487054	0.000020810550116487054	0.00004162110023297411	0.008573946647992667	0.008698809948691589	0.00805368289508049	0.00790800904426508	0.007179639790188034	0.007554229692284801	0.00728369254077047	0.007741524643333185	0.007450176941702365	0.006867481538440728	0.007595850792517776	0.007803956293682646	0.007408555841469391	0.007075587039605598	0.007845577393915618	0.007554229692284801	0.007658282442867237	0.00790800904426508	0.00826178839624536	0.009135831501137816	0.009864200755214865	0.011674718615349237	0.012028497967329516	0.01277767777152305	0.013880636927696866	0.014442521780842014	0.014775490582705808	0.016627629543073157	0.020019749212060546	0.02368240603256227	0.024556449137454726	0.02896828576214998	0.03277661643346711	0.035939820051173146	0.03929031861992756	0.04478430385068014	0.04825966572013348	0.0549814734077588	0.058623319678144034	0.06836265713265997	0.0794130592445146	0.09192019986452332	0.10201331667101954	0.11655989120244398	0.13064863363130572	0.15043946679208492	0.1576607276825059	0.17947018420458435	0.1961394348478905	0.21950968262870546	0.23821836718342732	0.27047471986398225	0.3054364440596805	0.33735982793837166	0.38199845793823634	0.4149415587726354	0.4478014174065684	0.48856928508476655	0.5134587030240851	0.5431345474901956	0.5967217140401498	0.6383428142731239	0.6758850466832665	0.7393364139884356	0.7895730819696353	0.8352522394753243	0.8944374440066136	0.9354134171859766	0.9548088498945425	1.0509327808825961	1.0605472550364132	1.0856031573766638	1.122021620080516	1.17987494940435	1.2140874937958548	1.2832409518329413	1.298869674970423	1.3126046380473044	1.34053239630363	1.3424261563642303	1.355183023585637	1.3755565521496778	1.4051699649654388	1.4184054748395247	1.4360736318884222	1.480462535286889	1.4761547514127762	1.490930241995482	1.4771744683684842	1.4638557162939323	1.4672270254128033	1.4621908722846135	1.4673102676132692	1.4721591257904107	1.4692040276738696	1.4764252885642906	1.498526092788	1.4799422715339767	1.4371974015947124	1.43555336813551	1.401881898047034	1.3773254489095792	1.3874809973664248	1.381029726830314	1.3626540110774557	1.3738917081403588	1.3789278612685487	1.3590329753571873	1.3330614088118113	1.2907327498748766	1.275624290490307	1.249860829446096	1.2444917075160422	1.2260951812130678	1.2166888125604156	1.2093843094695287	1.2055343576979787	1.2011225210732832	1.1749220384766261	1.1355484776562326	1.11962840681712	1.0881628550409916	1.0566973032648632	1.0689130961832412	1.0608594132881606	1.0291857560108673	1.035637026546978	1.0256895835912974	1.0119338099642996	0.994348895115868	0.9650476405518542	0.9300651058060395	0.9303564535076702	0.9164966271300898	0.8866542982630475	0.8845940538015151	0.8895885858294721	0.8817013873353235	0.8723574503330209
FGC2634_s_2_1_GATAGGCCGA-CGCACATGGC_FGC2634_s_2_2_GATAGGCCGA-CGCACATGGC	0.04758526436187218	0.0008915868590286544	0.00012736955128980776	0	0	0	0.00005094782051592311	0	0	0.000025473910257961554	0.000025473910257961554	0	0	0	0	0	0	0	0.000025473910257961554	0	0	0.000025473910257961554	0.000025473910257961554	0	0	0	0	0.00007642173077388465	0	0	0.00005094782051592311	0.005935421090105041	0.006699638397843888	0.005018360320818426	0.005553312436235618	0.004814569038754733	0.005374995064429887	0.004916464679786579	0.0048909907695286175	0.005298573333656003	0.0058080515388152345	0.00524762551314008	0.006011842820878926	0.005604260256751541	0.004941938590044541	0.005604260256751541	0.006521321026038158	0.005782577628557273	0.006470373205522234	0.007693120897904389	0.008100703462031775	0.007998807820999928	0.009476294615961698	0.01016409019292666	0.010902833590407545	0.010393355385248312	0.013857807180331085	0.014112546282910698	0.016787306859996663	0.018646902308827856	0.023053888783455205	0.025524858078477472	0.029829948912072978	0.03067058795058571	0.03765043936126718	0.041191312887123833	0.04577661673355691	0.04944485981070337	0.057112506798349796	0.06633406231173188	0.07405265711989423	0.08742646000532406	0.09723391545463925	0.11264563116070599	0.13172558994391917	0.14252652789329487	0.16035826507386797	0.17971843686991876	0.19467162219134218	0.21184103770520826	0.2401170780915456	0.2614132670672014	0.29432555912048775	0.3265500555968091	0.35571768284217514	0.40378695149894855	0.44286392983466155	0.4738656786186008	0.5104462137490335	0.5475617009948835	0.5824354841380329	0.6368732303592968	0.6887635855547645	0.7284774116469265	0.7860739227401776	0.8397219777434446	0.8980827061444344	0.9410062449290997	0.9790642668544944	1.0022964730097552	1.0862075333994807	1.1286470678892446	1.1567447909037762	1.2088389373813075	1.2561694626406	1.296596558219985	1.3439780312997935	1.3732985020067072	1.3891178002769016	1.4245774833559839	1.425927600599656	1.4207054489967736	1.4690804045766428	1.475576251692423	1.4839062203467763	1.5161561907333556	1.5216585553490753	1.5274411329776325	1.5381147013757186	1.5282562981058874	1.5079026438097762	1.501534166245286	1.5018143792581233	1.496006327719308	1.5049731441301106	1.5115963607971805	1.502756913937668	1.500591631565741	1.4701248348972191	1.438358868805541	1.423150944381538	1.4067457461754107	1.3731711324554174	1.3731456585451596	1.3587783731596692	1.356944251621096	1.348996391620612	1.323114898798523	1.3042387312973736	1.2904318719375583	1.260780240397291	1.2189775536639762	1.2055782768682883	1.191949734880279	1.1713668153918462	1.1599035557757633	1.1571014256473877	1.1421482403259642	1.125692094299321	1.1036062141056684	1.0702863394882547	1.0445831640379715	1.0121294023693284	0.9963101040991342	0.990502052560319	0.9822739795469975	0.964696981469004	0.9510174916604787	0.9435536359548959	0.9153285433890745	0.8989742930034631	0.8912811721055588	0.8576046627445335	0.8331497088968906	0.8167954585112791	0.8159293455625086	0.8099175027416295	0.807675798638929	0.7920093438302825	0.7877297269069451
FGC2634_s_2_1_GATCAAGGCA-CCTTGTTAAT_FGC2634_s_2_2_GATCAAGGCA-CCTTGTTAAT	0.05590828052042042	0.000881652692471491	0.00022999635455778024	0	0	0	0.000019166362879815022	0	0.000019166362879815022	0.000019166362879815022	0	0	0	0	0	0	0	0	0	0	0.000019166362879815022	0.000019166362879815022	0	0	0.000038332725759630045	0.00005749908863944506	0.000019166362879815022	0.00005749908863944506	0.000019166362879815022	0.00007666545151926009	0.000038332725759630045	0.0062482342988196965	0.007149053354171003	0.007436548797368228	0.007743210603445269	0.007973206958003048	0.008222369675440645	0.00935318508534973	0.010484000495258817	0.010388168680859742	0.01236230405748069	0.014432271248500711	0.015486421206890538	0.015543920295529983	0.017096395688795	0.01832304291310316	0.02022051283820485	0.020929668264758006	0.026200418056707135	0.032391153266887386	0.034307789554868885	0.04099685019992433	0.045328448210762526	0.049410883504163124	0.053665816063482065	0.05414497513547743	0.05912822948422934	0.0643031474617794	0.07290884439481635	0.08097788316721846	0.0935318508534973	0.10984242566421988	0.12124641157770984	0.13903279633017818	0.15062844587246627	0.15883164918502707	0.17065729508187294	0.18326876185679122	0.19896601305535974	0.21621573964719326	0.24439029308052132	0.27066737658874773	0.3031351953071544	0.3445728718533145	0.3777306796353944	0.4091635147582911	0.4407305144213464	0.45439613115465455	0.4754216312338116	0.5083877753870935	0.5584694815920501	0.5976646936812718	0.6530938151296969	0.7183936134612267	0.7855525489920985	0.8457157620718377	0.8942066601577697	0.9004740608194693	0.9157113193089224	0.9408575874072397	0.9853043829255306	1.0543032892928648	1.0991142457058722	1.1591049615196933	1.2148024120484358	1.2943236516367882	1.330816406559956	1.3185691006797542	1.3156174807962626	1.3032743431016618	1.3677691541922394	1.3863988589114196	1.4004669692652039	1.4419813112628832	1.4812915215293838	1.5077794350292881	1.5418572282295993	1.503217840663892	1.454937772569638	1.420035825765495	1.4090151671096012	1.382738083601375	1.4181958549290326	1.4248657492112082	1.4450287629607736	1.451315329985353	1.46201016047229	1.4252490764688046	1.3986461647916215	1.3438303669553504	1.2940553225564708	1.273834809718266	1.2729914897515542	1.276000608723685	1.2817505175876296	1.2845679729309623	1.2777830804715078	1.2640407982866804	1.2327229613410629	1.1719655910120492	1.1189705976493607	1.0807145373412497	1.0713230195301404	1.0710930231755826	1.08173035457388	1.065381447037398	1.0685247305496874	1.0697513777739955	1.0359610800168817	0.9859368729005646	0.9430617191384183	0.9047864924674277	0.8772252626462538	0.8852368023300163	0.8751361290923539	0.8808093725047792	0.8860801222967283	0.8796593907319902	0.8528456490631289	0.8380108841941523	0.7826200954714868	0.7516664194205855	0.7362566636652143	0.7153078290375764	0.7201377524832898	0.7128162018632004	0.7165344762618846	0.7066637993787799	0.7055904830575102	0.6868074474352914	0.649145544376455	0.6207218282256893	0.5939847520083473	0.5735725755413443	0.568953482087309	0.5671326776137264	0.5714067765359252	0.571540941076084	0.5752975482005277	0.5684934893781934
FGC2634_s_2_1_GCAACATGGA-CTTGTCTTAA_FGC2634_s_2_2_GCAACATGGA-CTTGTCTTAA	0.07709159819312741	0.0010595974094962533	0.00014127965459950043	0.00002354660909991674	0.00002354660909991674	0	0.00002354660909991674	0.00004709321819983348	0	0	0.00002354660909991674	0	0	0	0	0	0	0	0	0	0	0	0.00002354660909991674	0	0	0	0	0	0	0	0.00004709321819983348	0.010595974094962532	0.010949173231461284	0.009230270767167361	0.009041897894368028	0.008029393703071607	0.009136084330767695	0.007888114048472106	0.008123580139471275	0.008100033530371357	0.008712245366969193	0.008829978412468778	0.008194219966771025	0.007605554739273107	0.007605554739273107	0.00664014376617652	0.0069697962935753545	0.007275902211874272	0.007534914911973357	0.007228808993674439	0.00729944882097419	0.007605554739273107	0.008806431803368861	0.007911660657572024	0.008971258067068277	0.00866515214876936	0.009159630939867613	0.00946573685816653	0.010737253749562033	0.011349465586159868	0.012479702822955872	0.013468660405152374	0.012832901959454622	0.014857910342047463	0.016200067060742715	0.01718902464293922	0.017518677170338053	0.01949659233473106	0.02338178283621732	0.023993994672815155	0.025901270009908415	0.02837366396539967	0.03110507062099001	0.034542875549577856	0.03835742622376437	0.04028824816995755	0.04504466320814072	0.046410366535935894	0.05309760352031225	0.05639412879430059	0.06456480215197169	0.07311222125524147	0.08005847093971692	0.09011287302538136	0.09771842776465448	0.10781992306851874	0.11201121948830393	0.12369033760186263	0.1267278501757519	0.1443407137824896	0.15571372597774938	0.1714428608564938	0.18641850424404083	0.2045258466418768	0.22515267621340385	0.2384329637457569	0.2553394290794971	0.2754246866417261	0.2973701263228485	0.3093082571365063	0.3675390214406004	0.3867059612479326	0.41526799808613163	0.4372134377672541	0.4784200036921083	0.49836398159973777	0.5321062724399185	0.5545932841303389	0.579458503339851	0.6050772140405604	0.6415273649272315	0.6887618627816646	0.733288500589607	0.7855855194005221	0.8229539880420901	0.862276825238951	0.9088049248203864	0.940051275095976	0.9761953200643482	1.0046631704661475	1.0463877617911999	1.0988025136476147	1.1497338291307346	1.2179248090840933	1.2595552139727462	1.30657779234528	1.3523994936537178	1.3890144708040886	1.4043668599372343	1.415951791614393	1.4557455609932526	1.4908535551612285	1.5344383286051744	1.5832033560511019	1.637760849335609	1.6673118437560044	1.7060224691162675	1.7246949301325014	1.7252835953599994	1.7398353997837481	1.732206298435375	1.734137120381568	1.7724239067780325	1.8032464180898238	1.8150903624670818	1.856932686837634	1.8906749776778147	1.8742865377442723	1.881209240819648	1.8445000772328777	1.8143133243667846	1.8129947142571892	1.803411244353523	1.8286296626995338	1.8326796794647198	1.8585103096473283	1.856885593619434	1.8524352844995498	1.818151421650071	1.7855864612648862	1.7693393009859437	1.7469229291228228	1.7076471851441617	1.7140283162102392	1.7212100319857138	1.7191614769940209	1.7234705064593059	1.7116501086911478	1.6873264614909338	1.6698313309296955
FGC2634_s_2_1_GCCGCACTCT-TCCGACCTCG_FGC2634_s_2_2_GCCGCACTCT-TCCGACCTCG	0.04869971971947352	0.0006037155337124815	0.00006707950374583129	0.000044719669163887526	0	0.00006707950374583129	0.000022359834581943763	0.000044719669163887526	0	0	0.000022359834581943763	0.000022359834581943763	0.000044719669163887526	0.000022359834581943763	0.000044719669163887526	0	0.00006707950374583129	0.000044719669163887526	0.000022359834581943763	0.000022359834581943763	0	0.00006707950374583129	0.000022359834581943763	0.000044719669163887526	0.00011179917290971883	0.000022359834581943763	0	0	0.00013415900749166258	0.00006707950374583129	0	0.004919163608027628	0.00451668658555264	0.0046955652622081906	0.004270728405151259	0.004673205427626247	0.004919163608027628	0.004785004600535965	0.006037155337124816	0.0048073644351179085	0.005075682450101234	0.005791197156723435	0.006372552855853973	0.007401105246623385	0.008071900284081699	0.007110427397058117	0.008161339622409473	0.009547649366489988	0.011560034478864925	0.012208469681741293	0.015651884207360633	0.017373591470170303	0.021443081364084068	0.023366027138131233	0.025825608942145046	0.029403182475256046	0.034545944429103116	0.039532187540876576	0.04460786999097781	0.05317168663586226	0.061511904934927294	0.07190922801553115	0.08364814117105161	0.09755595828102064	0.11421403504456874	0.12695914075627668	0.14317002082818592	0.16405410632772138	0.1781631619489279	0.2013726702449855	0.2303286560286027	0.26304109402198644	0.29783299663149093	0.3307466731361121	0.37841784046481625	0.4179500280056928	0.4596734793355999	0.505779458243568	0.5412645157251127	0.5861854234002377	0.6435383991029234	0.6801638081481474	0.7274995779581223	0.7914934245316453	0.8487569608960032	0.9224773355126719	0.9960635511218489	1.0199438544553647	1.0542662005386485	1.0990529492062817	1.1198699552020712	1.1660653734483672	1.2137589006116534	1.2450626690263744	1.2939189075879216	1.3370957481656551	1.366968487167132	1.3908264306660658	1.3828439697203119	1.3792887560217828	1.4280108355758385	1.4275636388841995	1.4195140984347	1.4461893810909587	1.4661119937034706	1.4550215157508266	1.483060748316584	1.4769341536411313	1.4490067202482837	1.42975490267323	1.4177253116681443	1.401983988122456	1.380048990397569	1.3958126737778394	1.3710603368956278	1.3679746797233194	1.353351347906728	1.3365814719702704	1.3381913800601704	1.307714925524981	1.2793850151096582	1.2620785031432338	1.2423124093727955	1.2211376460236947	1.2028025816665007	1.2000970416820858	1.1767533743785363	1.184445157474725	1.1630467957798047	1.1396136891379278	1.1115744565721704	1.0834457846680852	1.05992323868788	1.0386143163312878	1.0459483420741653	1.011871954171283	1.0192954192524883	1.0081602216306804	0.9870301779507435	0.9618306443768929	0.9371453869984271	0.9142489163865166	0.8895412991734688	0.8787414990703899	0.8655715565016251	0.8601381166982126	0.85320656797781	0.8430552030776077	0.8272915196973372	0.8199351341198778	0.7823258923530484	0.7818116161576637	0.7477799479239452	0.736734189640465	0.7308088334762499	0.7219990586509641	0.7001087805952411	0.6984988725053413	0.6904493320558415	0.6689168113534296	0.6637740493995825	0.651274901868276	0.6287585484442586	0.6253374937532212	0.6085676178167634	0.5919319008877972	0.5848661931599031	0.5833680842429129	0.5733285185156201	0.5765930543645839
FGC2634_s_2_1_GCGTGGATGG-TTGACCAATG_FGC2634_s_2_2_GCGTGGATGG-TTGACCAATG	0.06523085031959093	0.0007921248207660426	0.0001886011478014387	0.000025146819706858495	0	0.000025146819706858495	0	0	0	0	0	0.000012573409853429247	0	0	0.000012573409853429247	0	0.000025146819706858495	0	0	0.000012573409853429247	0.000012573409853429247	0.000025146819706858495	0.000012573409853429247	0.000025146819706858495	0.000025146819706858495	0.00005029363941371699	0	0.000025146819706858495	0.000012573409853429247	0	0.000025146819706858495	0.00667648063217093	0.006211264467594049	0.006450159254809204	0.005896929221258317	0.005708328073456878	0.005984943090232321	0.005406566236974576	0.006550746533636637	0.005984943090232321	0.006060383549352897	0.006274131516861194	0.0069656690587998026	0.006764494501144935	0.007091403157334095	0.007305151124842393	0.007569192731764407	0.00834874414267702	0.008876827356521049	0.009932993784209105	0.011806431852370063	0.011919592541050926	0.013642149690970733	0.015402427070450826	0.01637057962916488	0.016471166907992316	0.019790547109297636	0.021223915832588567	0.024430135345213023	0.028566787186991252	0.0312952171251854	0.035821644672419925	0.041882028221772824	0.04679823147446366	0.051626420858180484	0.05479492014124466	0.058378341949471994	0.0657715069432884	0.0734287135440268	0.08499625060918171	0.09520585941016627	0.10555377571953853	0.11741050121132231	0.1308263295249313	0.14776271259750048	0.15623719083871182	0.17157675085989552	0.18715520566829433	0.20483341992221585	0.22648483168982103	0.2488655012289251	0.27560914398716907	0.29738628985330856	0.3309572941619646	0.3579272582975704	0.3879651344374128	0.42127209713914693	0.4383467877201039	0.4644366131659695	0.493858392222994	0.5291519536815699	0.5894791741583234	0.6318138451348196	0.6816548417938132	0.7308043009108681	0.7686125443401298	0.8103059714141013	0.8366975586964491	0.8674521191979371	0.8986090288147348	0.9833789580465548	1.027524200041945	1.0735051598759358	1.1407226089523685	1.187168784950936	1.2159996137448492	1.2584222985903195	1.2759244851062932	1.2677769155212708	1.298154273727156	1.3213647883165864	1.3489508495350102	1.401935198657361	1.4488214440007985	1.493230727603111	1.518717029376012	1.5110975430048337	1.4975308337729836	1.4853094793954504	1.4770738959414542	1.4771493364005748	1.483624642475091	1.5105820332008433	1.5275184162734123	1.5406324827505389	1.560523617138664	1.5513324545358074	1.529530161849961	1.4945635090475742	1.4503679734127706	1.4211222220936939	1.40266445642886	1.3984272173082541	1.4161934454311498	1.4290937639407681	1.415376173790677	1.4221783885213821	1.3919519112337382	1.3561931336105855	1.3114946615816443	1.2618422660704522	1.228849638615054	1.2260583416275928	1.2189795118801119	1.2261463554965668	1.2396753444988564	1.231137999208378	1.2095620278998935	1.174545081458093	1.1414392933140138	1.0830106577251282	1.05790155824783	1.0393432053041682	1.034112666805142	1.048471500857758	1.032805032180385	1.043781618982429	1.0194269240963365	0.9965810383926555	0.9624819508701554	0.9309226921380479	0.8995771813734489	0.8749835917001413	0.8659936036549394	0.8626490766339272	0.8661193377534737	0.8655535343100693	0.8507043372731693	0.8493841292385593	0.8095641402327489
FGC2634_s_2_1_GCGTTGGTAT-ACATACTTCC_FGC2634_s_2_2_GCGTTGGTAT-ACATACTTCC	0.05689789922692304	0.0007533027617962504	0.00014124426783679696	0.00007062213391839848	0	0.00007062213391839848	0.00004708142261226565	0	0.000023540711306132825	0	0	0.000023540711306132825	0	0	0	0	0	0.000023540711306132825	0	0	0	0	0.000023540711306132825	0	0	0	0.000023540711306132825	0.000023540711306132825	0.000023540711306132825	0.000023540711306132825	0	0.008309871091064888	0.008945470296330475	0.00800384184408516	0.0077448940197177	0.007980301132779028	0.007179916948370511	0.007721353308411567	0.00840403393628942	0.00840403393628942	0.00899255171894274	0.008521737492820083	0.010334372263392311	0.010051883727718718	0.009369203099840864	0.00849819678151395	0.011582029962617351	0.012335332724413601	0.015678113729884462	0.016666823604742042	0.018714865488375598	0.02201056507123419	0.02349362988352056	0.026459759508093296	0.02815469072213486	0.030485221141442007	0.03467546775393365	0.040843134116140455	0.046328119850469404	0.05320200755186019	0.06344221697002797	0.07342347856382829	0.07770788802154446	0.08618254409175227	0.0930799725044492	0.09875328392922722	0.11141818661192666	0.11949265058993022	0.13088635486209851	0.14642322432414617	0.16024162186084615	0.17683782333166978	0.19472876392433075	0.2106187440559704	0.22742681192854924	0.23641936364749197	0.25169728528517216	0.26864659742558783	0.2819941807361651	0.3021921110368271	0.32811043418487934	0.34889688226819465	0.374320850478818	0.40447650166197424	0.42773472443243343	0.4501454815958719	0.4763227525682916	0.478700364410211	0.49903953897870973	0.524063315097129	0.5406830572792587	0.5885884047872391	0.6097044228288402	0.6442621870262432	0.6745120010546238	0.7088343581389656	0.7357649318731815	0.7460757634252677	0.7585052589949057	0.7799979284174051	0.8439345003248617	0.8630495579054418	0.8852484486671249	0.9218777954594677	0.9452301810751514	0.9783048804602681	1.007895554572077	1.0170293505588563	1.0240915639506962	1.0526935281876477	1.059849904424712	1.071361312253411	1.1084614732718763	1.136922193240991	1.1546012674318966	1.1979397169464872	1.2072147572011036	1.2108164860309418	1.2261179483799283	1.2387122289287094	1.2339334645335642	1.2503884217365513	1.267714385257865	1.284381208862607	1.2988352056045724	1.3181385888756014	1.328520042561606	1.355803726965414	1.3264955413892787	1.340031450390305	1.323364626785563	1.324423958794339	1.3182092110095198	1.3385483855780187	1.3470936637821447	1.349400653490146	1.3820751607830581	1.37068145651089	1.358440286631701	1.3519665910225143	1.335229145283854	1.3061563668207798	1.294480174012938	1.3053324419250651	1.3089106300435975	1.3208457706758068	1.3329221555758528	1.3202807936044594	1.319456868708745	1.3093108221358016	1.274964924340154	1.276777559110726	1.2576860422414524	1.2451859245378958	1.2598988691042288	1.2580391529110442	1.2577566643753708	1.244338458930875	1.2382178739912806	1.2298844621889096	1.2174785073305776	1.210651701051799	1.1811551897852146	1.1659008088588405	1.163687981996064	1.1604158231245114	1.1574261527886327	1.1457028785581784	1.1610514223297772	1.1434429702727897
FGC2634_s_2_1_GGAGCGTGTA-ATCCGTAAGT_FGC2634_s_2_2_GGAGCGTGTA-ATCCGTAAGT	0.05663849784768838	0.000665571341861629	0.00008116723681239378	0	0	0.000016233447362478756	0	0	0.000016233447362478756	0	0.000016233447362478756	0.000016233447362478756	0	0	0	0.000016233447362478756	0	0	0	0.000016233447362478756	0	0.00003246689472495751	0.00003246689472495751	0	0.00003246689472495751	0	0.000048700342087436264	0	0	0.00003246689472495751	0	0.004496664919406616	0.004318096998419349	0.003603825314470284	0.003863560472269944	0.003701225998645157	0.004350563893144307	0.0037986266828200286	0.004334330445781828	0.004675232840393882	0.0054382048664303835	0.005210936603355681	0.006201176892466885	0.005730406918955001	0.0056005393400551705	0.0062661106819168	0.006412211708179108	0.0076784206024524525	0.009155664312438019	0.009886169443749563	0.011103677995935469	0.013376360626682494	0.01488607123139302	0.015113339494467722	0.017418489019939705	0.018246394835426123	0.02142815051847196	0.024122902780643433	0.028294898752800474	0.03142795409375887	0.03883040609104918	0.043570572720892986	0.04993408408698465	0.05675213197922573	0.06379744813454151	0.06818047892241078	0.07417062099916544	0.08215747710150499	0.09590720701752449	0.1077413901447715	0.12368263545472565	0.14218876544795145	0.16064619509908978	0.17916855853967803	0.19934673361123914	0.21446007310570686	0.2353038195191296	0.2558391304326652	0.2703031320326338	0.30135771683705564	0.34387311547938754	0.3755770381783085	0.42221573245071	0.47029920353837207	0.5087400068927218	0.5428789466960146	0.5733491273953872	0.6080887047510917	0.6268870367968421	0.6683147944658879	0.7212358328675686	0.7933285726043368	0.8600480412641245	0.936491344894037	0.9816690289038154	1.0213598077050758	1.0512780511941242	1.0639076732421326	1.075514588106305	1.1015368042283586	1.193986286957675	1.2334984978379484	1.306256808916578	1.3634634774219532	1.4153942755345228	1.4408483209988894	1.4406859865252646	1.4295336081872416	1.406790548432409	1.4095664679313928	1.41950133771723	1.4369198267371697	1.4987530277408512	1.5476806380913621	1.5745145265815397	1.5808942713949936	1.5512519965111076	1.5048243370544183	1.4662861330158938	1.4464163934442198	1.42709859108287	1.4272609255564948	1.448770243311779	1.4692243869885024	1.4861721060349302	1.4865292418769047	1.4668380702262178	1.4311082525814023	1.3835442518093395	1.3263213498566018	1.2784326801372896	1.2528000667519354	1.2587090415918778	1.2715172315608736	1.2911759363168354	1.2888707867913634	1.2757541613224805	1.250543617568551	1.1992296904557558	1.1466008541065995	1.101585504570446	1.0675926657934154	1.0586155694019648	1.0662452896623298	1.0736802085543449	1.0886961473646377	1.0824300366827209	1.0427067909867356	1.013697620549986	0.9744289113801499	0.9187806538215727	0.8983427435922118	0.885599487412666	0.8789600074414122	0.8905182219634971	0.8899825182005353	0.8856968880968409	0.8741062066800311	0.8432788901386841	0.8079386752305677	0.7849034134232105	0.7524689855929778	0.727550643891573	0.7161222969483879	0.7227942438143666	0.7246935571557767	0.7260409332868624	0.7186871816316596	0.7073887022673743	0.6751653092528539
FGC2634_s_2_1_GGCAAGCCAG-CAAGCATCCG_FGC2634_s_2_2_GGCAAGCCAG-CAAGCATCCG	0.06470493328778151	0.0006950725255523405	0.00014743962663231464	0.00002106280380461638	0	0.00008425121521846552	0.00002106280380461638	0	0	0.00004212560760923276	0.00002106280380461638	0	0.00002106280380461638	0	0	0	0	0	0.00002106280380461638	0.00004212560760923276	0	0	0	0.00004212560760923276	0.00002106280380461638	0	0.00004212560760923276	0.00002106280380461638	0.00004212560760923276	0.00006318841141384913	0.00004212560760923276	0.005897585065292586	0.006150338710947982	0.004844444875061767	0.005476328989200258	0.004886570482670999	0.005750145438660271	0.004739130856038685	0.004949758894084849	0.004865507678866383	0.00534995216637256	0.005413140577786409	0.005286763754958711	0.005539517400614108	0.005897585065292586	0.005392077773981793	0.0061292759071433665	0.006045024691924901	0.00703497647074187	0.007456232546834197	0.00901488002837581	0.009204445262617357	0.010636715921331271	0.011963672561022102	0.012321740225700581	0.012700870694183677	0.01436483219474837	0.015502223600197653	0.01748212715783159	0.02123130623505331	0.024159035963894987	0.027444833357415137	0.031446766080292246	0.034837877492835484	0.03673352983525096	0.04168328872933581	0.04286280574239433	0.048655076788663834	0.055142420360485674	0.061398073090456744	0.0722664798536388	0.0820396208189808	0.09109662645496583	0.10369218313012643	0.11630880260909164	0.12370184674451198	0.13212696826635853	0.14192117203550514	0.15788677731940437	0.17941296280772231	0.19775866492154318	0.2218334496702197	0.2504999256483026	0.2756067877834053	0.30524215273650057	0.32407229933782755	0.3508852485811042	0.36912563667590204	0.39263172572185384	0.42062419197818907	0.46325530687873256	0.507487194868427	0.5529617882825937	0.6034703918060638	0.6532628600001769	0.6854678870174354	0.7077944590503287	0.7394729159724718	0.7680972663429454	0.8025349505634932	0.8919254899102851	0.9403488758570981	0.9942696535969161	1.0599224130559053	1.1080509197494537	1.135537878714478	1.171007640321452	1.181328414185714	1.1905749850559408	1.226739819188467	1.2571755706861376	1.2946884242621595	1.3708304600158476	1.419064280728419	1.4479203219407437	1.4620324004898366	1.4564718202854179	1.4521539455054715	1.4452874714651665	1.4485732688586868	1.4719319182780064	1.5011249643512046	1.5196391688954625	1.5525182056344684	1.5682310572727125	1.5589634235986811	1.5377953057750418	1.5396698953136525	1.5107296028861097	1.468330178827417	1.4532281484995069	1.4420437996792557	1.455755684956061	1.4753862181019632	1.498302548641386	1.4769869911911142	1.4799989721351743	1.4426335581857848	1.4036673711472447	1.3565709418401224	1.3203429192961822	1.311559730109657	1.3082949955199417	1.3113701648754157	1.3197742235934575	1.320406107707596	1.3027133525117183	1.2792704518771802	1.2430634921370447	1.202138464344675	1.1653838717056195	1.1485968170733403	1.1381286035824458	1.127807829718184	1.1447212611732909	1.1354536274992597	1.1385498596585382	1.1135693743462631	1.0825017387344542	1.0475164216149861	1.0158800903004523	0.9955544846289978	0.974344241197749	0.9678990232335363	0.9690153518351811	0.9729751589504488	0.970110617633021	0.9573044329198144	0.9376528369701073	0.9061639452822058
FGC2634_s_2_1_GGTAACTCGC-AAGTTGGTGA_FGC2634_s_2_2_GGTAACTCGC-AAGTTGGTGA	0.04315393081280711	0.0008828545583634843	0.0001235996381708878	0.000035314182334539375	0.000035314182334539375	0.000017657091167269687	0.000035314182334539375	0.000017657091167269687	0	0	0.000017657091167269687	0	0	0	0	0	0	0	0	0	0	0.00007062836466907875	0.000017657091167269687	0.000017657091167269687	0.000035314182334539375	0.000017657091167269687	0.000017657091167269687	0.000052971273501809055	0.000052971273501809055	0.000017657091167269687	0.000017657091167269687	0.005191184803177287	0.006992208102238796	0.004961642618002782	0.005703240447028108	0.0048203858886646245	0.005667926264693569	0.005155870620842748	0.005544326626522681	0.005526669535355412	0.005438384079519063	0.005438384079519063	0.00619763899971166	0.00563261208235903	0.0070804935580751445	0.006391867002551626	0.007504263746089617	0.0068509513729006375	0.007963348116438628	0.008616660489627607	0.009887971053671023	0.010311741241685496	0.01234230672592151	0.012907333643274139	0.016685951153069853	0.016685951153069853	0.018575259907967708	0.02062348248337099	0.0230071897909524	0.026626893480242688	0.03160619318941274	0.03600280889006289	0.040681938049389355	0.047903688336802655	0.05311253023114721	0.06146433435326577	0.06526060895422875	0.07500732327856163	0.08441855287071637	0.09284098535750401	0.10470655062190923	0.12130421631914275	0.13700137036684548	0.15508223172212965	0.17856616297459832	0.19830679089960584	0.2239625443656487	0.2373995907439409	0.25615142156358134	0.28246048740281315	0.31909895157489776	0.34745623998953284	0.38081048520450533	0.4217219654390692	0.47020833778439175	0.5235680672918807	0.570853757437829	0.6077923921597571	0.6376681904147774	0.6734767713020003	0.7148649929980805	0.7673418679472059	0.8170995508565719	0.8668395766747707	0.9387392519078929	1.003964546679787	1.0621093478936061	1.0930798858009971	1.127440585212504	1.1351920482349354	1.212689021368082	1.2306992543586972	1.255825295089722	1.3144291806738901	1.3591899067829185	1.4080294209515865	1.4555446532827092	1.4611066370003991	1.467833988735129	1.475108710296044	1.46161869264425	1.457557561675778	1.48231280349229	1.4916534047197758	1.5021240597819667	1.5269322728719807	1.542223313822836	1.5368025868344843	1.5388508094098876	1.5152256214280808	1.4802645809168868	1.4448621131265111	1.4281761619734412	1.4349211707993383	1.4227024637115877	1.429059016531805	1.431425066748219	1.4387527595826357	1.4296240434491574	1.3861346279041722	1.355217061270283	1.3132991268391847	1.2777554023194708	1.2633295588358116	1.265395438502382	1.2374089490022595	1.2653777814112148	1.2446483563808401	1.2258258971965306	1.2068798383740504	1.1606888878804729	1.1194772370960653	1.0908550923139213	1.073621771334666	1.0643341413806822	1.0423510628774315	1.0499612691705245	1.0413799228632317	1.0375130198975995	1.016924851596563	0.9702395025503019	0.9423766126883504	0.9215589022021395	0.8895995671893814	0.8852912369445675	0.8765156626344344	0.8690467130706795	0.8590351423788376	0.8546208695870201	0.8313841376108931	0.8154750984691832	0.7923266519488926	0.7650994173689627	0.7503910604266271	0.7325927125300192	0.7255475331542787	0.7228989694791882	0.7147943646334114	0.7145648224482369	0.7011807473434465
FGC2634_s_2_1_GGTTGCGAGG-AATAGAGCAA_FGC2634_s_2_2_GGTTGCGAGG-AATAGAGCAA	0.07943416290756908	0.0007861230697105352	0.0002679965010376825	0.00005359930020753649	0	0.000017866433402512163	0.000017866433402512163	0	0	0	0	0	0	0	0	0	0	0	0	0	0	0	0.000017866433402512163	0	0	0.000017866433402512163	0.000017866433402512163	0	0.000035732866805024326	0.000035732866805024326	0	0.007503902029055109	0.008307891532168156	0.0077182992298852554	0.006842843993162159	0.006860710426564671	0.0076289670628726935	0.006378316724696843	0.007200172661212402	0.007235905528017427	0.007521768462457621	0.007110840494199842	0.007057241193992305	0.006628446792332013	0.007092974060797329	0.006950042593577231	0.006878576859967183	0.007092974060797329	0.008200692931753083	0.008683086633620912	0.009022548868268643	0.01114865444316759	0.010791325775117346	0.01213130828030576	0.013042496383833879	0.012256373314123345	0.014489677489437365	0.014471811056034853	0.01683018026516646	0.02047493267927894	0.02252957252056784	0.026478054302523025	0.03117692628738373	0.0333387647290877	0.03621526050689215	0.03923468775191671	0.04287944016602919	0.046220463212298966	0.05451048831106461	0.058709100160654976	0.06849990566523163	0.07618247202831187	0.08765272227272466	0.09660380540738327	0.11111134933022315	0.12395731494662938	0.13964404347403508	0.148362862974461	0.16362079710020638	0.17852140255790153	0.2047850596595944	0.2250277287046407	0.24446640824657392	0.2753932044663225	0.30385443287652436	0.33983742974918385	0.37317619447827155	0.3962060271341097	0.4328322156092597	0.4674037642431207	0.5016715835091391	0.5464805984826395	0.5873232652407824	0.6287555243012081	0.671277635799187	0.7322021737017534	0.7764394628063737	0.8215522071477167	0.8605546312654009	0.892928608590753	0.9891036195964759	1.028624170282833	1.0539766392809977	1.1113814898032692	1.1520633586607893	1.2029648274245466	1.2564390625982655	1.2901351559954033	1.3048570971190732	1.334175914332596	1.367014418926413	1.3777700118347254	1.4052307199743868	1.4494144097787993	1.4480386944068058	1.486522991955817	1.52039774968698	1.5078912463052216	1.5326183901342985	1.5409977474000767	1.5195937601838672	1.5227025195959043	1.5285448433185256	1.5257576797077337	1.5470008690233208	1.5538258465830803	1.539264703360033	1.5466435403552703	1.5392289704932278	1.4941340925852873	1.4807164011000007	1.4698357431578708	1.427778158928357	1.4336919483845885	1.4178980212567678	1.4088576059550966	1.3963332361399357	1.403211812999903	1.3635840637131307	1.3636019301465332	1.3191859767078882	1.2885271769891773	1.265390145732924	1.2702855484852122	1.2350886746822634	1.232498041838899	1.2267093174164851	1.204519207130565	1.1879034240662287	1.1756470507521055	1.1347686511271577	1.1084335282918547	1.0865292809403748	1.0670191356648313	1.0616949385108827	1.052493725308589	1.0385757736880321	1.0332515765340835	1.0100609459776226	0.9890500202962683	0.9686108204837944	0.9516019758846028	0.9242841992121618	0.9081508098496933	0.8974130833747835	0.8789034583697808	0.8683622626622987	0.8603759669313757	0.8453681628732655	0.8456004265074982
FGC2634_s_2_1_GTATTCCACC-ATGTAGACAA_FGC2634_s_2_2_GTATTCCACC-ATGTAGACAA	0.06188267839959457	0.0004711879065958977	0.00015706263553196592	0.00005235421184398864	0	0.00002617710592199432	0	0	0	0	0	0	0	0	0	0.00002617710592199432	0	0	0	0.00002617710592199432	0	0	0	0	0.00002617710592199432	0.00002617710592199432	0	0.00002617710592199432	0.00002617710592199432	0	0	0.007774600458832313	0.008455205212804164	0.00848138231872616	0.008010194412130262	0.007957840200286273	0.008324319683194192	0.008900216013478068	0.008141079941740233	0.007748423352910318	0.010156717097733796	0.00939758102599596	0.01018289420365579	0.009606997873371914	0.009109632860854023	0.010339956839187755	0.010837321851705647	0.012748250584011233	0.014502116680784851	0.01575861776504058	0.017957494662488103	0.01958047522965175	0.0225646653047591	0.022617019516603092	0.024109114554156767	0.026177105921994317	0.031229287364939223	0.03350669558015273	0.03957978415405541	0.04601935221086601	0.049867386781399174	0.055312224813173994	0.06162090734037463	0.06646367193594357	0.07023317518871075	0.07497123136059174	0.07541624216126563	0.0815940391588563	0.08913304566439066	0.09839974116077664	0.10617434161960895	0.11680224662393864	0.12674954687429651	0.13303205229557513	0.14428820784203267	0.1524554648896949	0.16093684720842105	0.17077943903509094	0.1764336939142417	0.1884489855324371	0.198029806299887	0.207322678902195	0.22551576751798108	0.24211205267252547	0.2574256596368921	0.28171801393250284	0.29012086493346306	0.2964033703547417	0.30019905071343084	0.31302583261520806	0.32716146981308497	0.3419253575530898	0.36750039003887824	0.38407049808750066	0.40558807915538	0.4309798718997145	0.4523142132261398	0.465298057763449	0.4758474314500127	0.4862135653951225	0.5292749046368032	0.5458711897913475	0.5591429824937986	0.5964191813267186	0.6269940410436079	0.6569668273242915	0.6840601319535555	0.7086142573083862	0.72822090964396	0.7490317088519455	0.7663609529723057	0.7798421625221328	0.8079301971764326	0.8407824651085355	0.8638968496376566	0.916722249388241	0.9528466555605932	0.9736574547685787	1.008656245386285	1.0391787508913306	1.0555656191984988	1.0623978438441393	1.0946480383400365	1.111139615070893	1.161321127123356	1.2170260085253597	1.2467370237468234	1.3116300693274474	1.3338020780433766	1.3378071752494416	1.358748859987037	1.3701882552749485	1.3741148211632477	1.4005275210385402	1.4396099401800775	1.4526984931410747	1.505654778421269	1.5426430290890472	1.5546059664953986	1.5763853186224979	1.5826416469378546	1.575469119915228	1.5608884719166773	1.5631920572378128	1.589342986053885	1.5992641091983208	1.649314735721174	1.6665654485237682	1.6917216473148047	1.7055431592416177	1.681931409699979	1.68653858034225	1.6580317119931982	1.6300745628685083	1.644943159032201	1.640938061826136	1.6476394009421664	1.6554925327187646	1.6847061829277101	1.6565657940615666	1.658005534887276	1.6376135693740426	1.6100228997322603	1.585678191224806	1.5757308909744479	1.557694864994194	1.5585587094896196	1.5608622948107551	1.5814113229595208	1.5814898542772868
FGC2634_s_2_1_GTCCGTAAGC-CGTGTATCTT_FGC2634_s_2_2_GTCCGTAAGC-CGTGTATCTT	0.09352017296527765	0.0008602027981859399	0.00008064401232993186	0.00002688133744331062	0	0	0	0.00005376267488662124	0.00005376267488662124	0	0	0	0	0	0	0	0	0	0	0	0.00002688133744331062	0	0.00005376267488662124	0	0.00005376267488662124	0.00002688133744331062	0.00005376267488662124	0	0.00013440668721655311	0.00002688133744331062	0.00005376267488662124	0.011182636376417218	0.011075111026643976	0.010564365615221073	0.010483721602891141	0.011182636376417218	0.011182636376417218	0.01077941631476756	0.011397687075963702	0.010886941664540802	0.013279380696995446	0.013279380696995446	0.013655719421201796	0.013360024709325378	0.014058939482851454	0.015214836992913811	0.017661038700255077	0.018897580222647363	0.02166635797930836	0.02572543993324826	0.029784521887188165	0.034865094663973875	0.038305905856717636	0.038897295280470465	0.043037021246740303	0.04628966307738089	0.053897081573837796	0.06110128000864504	0.06766032634481284	0.07698815043764161	0.08739122802820283	0.0992458978407028	0.11115433032808941	0.11725639392772091	0.12978309717630365	0.1397023106928853	0.14814305065008482	0.15889558562740907	0.16962123926729	0.1837877040999147	0.19972833720379787	0.21273890452636024	0.23298055162117312	0.24725454180357107	0.27117893212811756	0.2876034293059803	0.2977645748595517	0.3170384938064054	0.32451150561564585	0.3421725443159009	0.36819367896102556	0.37873116323880335	0.4044297218346083	0.4194832708028622	0.45227850248370116	0.4836490232800447	0.49321877940986325	0.5159066282120174	0.5309601771802713	0.5522770777728166	0.5616586645405321	0.5872228164491204	0.6155557461143699	0.6393188484142565	0.6741301804033437	0.7028394487927995	0.7205811315053845	0.7407690159253107	0.7534838885359967	0.7623547298922891	0.8269237024311213	0.8304720389736384	0.843348199608984	0.875444516516297	0.9042344289180826	0.9403360651044489	0.9773247854264443	0.9767333960026914	0.9853891866594374	1.0008190743518977	1.0107651692059227	1.0115984906666653	1.0387755228218523	1.0685869260464838	1.0838555257142841	1.1121884553795336	1.138639691423751	1.1472954820804973	1.1663543503278044	1.1725101766023225	1.165978011603598	1.1748219716224473	1.191837858224063	1.1954130761040234	1.2173751287952082	1.2342297273721639	1.245493007760911	1.2626970637246298	1.2737184120763871	1.2691754660484675	1.279417255614369	1.2810838985358544	1.2581809990341535	1.2771054605942442	1.2912181627519823	1.2841214896669484	1.3086372694152475	1.3360831149448678	1.3198467871291082	1.3269703415515854	1.3164059759363644	1.2988793439233257	1.2905730106533428	1.297427751701387	1.2967557182653042	1.2932880257351171	1.3115404538591253	1.3237714623958314	1.3233413609967386	1.326755290852039	1.308341574703371	1.2970514129771806	1.2933417884100038	1.28194410133404	1.2803043397499982	1.2875085381848055	1.2758420377344086	1.2896590451802703	1.2903041972789098	1.280277458412555	1.2887181983697544	1.2655464854936207	1.2458962278225607	1.2471596506823963	1.228880341220945	1.2205740079509622	1.240976943070435	1.2336921006232975	1.2495252083774075	1.2243373951930254
FGC2634_s_2_1_GTCCTGGATA-CGGTGGCGAA_FGC2634_s_2_2_GTCCTGGATA-CGGTGGCGAA	0.04778291815614214	0.0005895817158918268	0.00006699792226043486	0.000026799168904173944	0.000013399584452086972	0.00005359833780834789	0.000013399584452086972	0	0	0	0.000013399584452086972	0	0	0	0	0.000013399584452086972	0	0.000026799168904173944	0	0.000013399584452086972	0.000013399584452086972	0.00005359833780834789	0	0	0.000026799168904173944	0.000013399584452086972	0.000040198753356260916	0.000013399584452086972	0.000040198753356260916	0.000040198753356260916	0.00005359833780834789	0.00451565996035331	0.004837249987203396	0.0044218628691887005	0.003778682815488526	0.003979676582269831	0.004314666193572006	0.0038858794911052217	0.004488860791449136	0.0044218628691887005	0.004408463284736614	0.004435262453640788	0.004569258298161657	0.005011444585080527	0.005601026300972355	0.005225837936313919	0.005828819236657833	0.007007982668441486	0.007557365630977052	0.00849533654262314	0.010170284599134011	0.011349448030917664	0.013386184867634885	0.015690913393393843	0.017901844827988192	0.021077546343132806	0.02556640713458194	0.030189263770551946	0.034115342015013435	0.042744674402157436	0.0500876466819011	0.05784600607965946	0.07014682460667529	0.08224664936690983	0.0954452400522155	0.11323988820458698	0.1263044830453718	0.14321475862390554	0.1614783922321001	0.1827569323420142	0.21222261855215344	0.24191609769797817	0.2825436377567059	0.3240287512203672	0.36897095747266684	0.4062352018339207	0.4563094489313697	0.4858555326482215	0.5185103199579575	0.5688927574978045	0.6283869124650706	0.66433799755002	0.7323676878132656	0.7839828871227046	0.8342179292335785	0.9162769844181592	0.9697547259664383	0.9886347404594289	1.0217451136405358	1.0488524729871078	1.088649238809806	1.1184633142156997	1.1557275585769533	1.1926970120802614	1.231287815302272	1.2746756697581294	1.3052267223088878	1.3124490983285626	1.3145394335030882	1.2925239162483093	1.355957549044489	1.3534116279985926	1.347020026214947	1.3626707408549847	1.3831453058977734	1.4031776846536437	1.4052948189970733	1.4069965662224884	1.381832146621469	1.386789992868741	1.360419610667034	1.3285955975933275	1.341311803238358	1.3409634140426037	1.3226193829276967	1.333767837191833	1.3268804507834604	1.3179965262917266	1.3093269951512265	1.2945338539161224	1.2667833145158502	1.2413509032257892	1.2333647508923453	1.2204207523116293	1.2140827488657921	1.2142301442947652	1.2025457066525453	1.2139487530212714	1.1992896076306883	1.1622665557895717	1.142729961658429	1.1183829167089872	1.0896944063970688	1.076951401583134	1.0731459195987414	1.052296166191294	1.0619438669967967	1.0515725886308815	1.0349303047413894	1.0254299993648597	0.9825647287026334	0.9634971200273137	0.9387748867132133	0.9279614220603791	0.9174427482654908	0.9095905917765679	0.9192650917509746	0.9076878507843715	0.9011220544028489	0.87942812717492	0.8472155261521029	0.8360536723035146	0.8146813351024358	0.7888469362788121	0.7797218192669408	0.7752061593065876	0.7715212735822636	0.7629857382862842	0.7551737805507176	0.7400590492887634	0.7300763588719587	0.7088782162687571	0.6914051581432357	0.677898377015532	0.6631990328715925	0.661095298112615	0.6547438950823257	0.6539935183530088	0.654797493420134	0.6361050731094727
FGC2634_s_2_1_GTCTAATGGC-AGTGGTCAGG_FGC2634_s_2_2_GTCTAATGGC-AGTGGTCAGG	0.06097972047499006	0.0007943250162072855	0.00018330577297091203	0.00004073461621575823	0	0.00004073461621575823	0	0	0	0	0	0.000020367308107879115	0	0	0	0.000020367308107879115	0	0	0	0.000020367308107879115	0	0.000020367308107879115	0	0	0	0	0	0	0.00004073461621575823	0.000020367308107879115	0.00004073461621575823	0.006660109751276471	0.006049090508040096	0.005641744345882515	0.006089825124255855	0.005458438572911602	0.006069457816147976	0.005254765491832811	0.00551954049723524	0.00551954049723524	0.006476803978305558	0.005723213578314031	0.006150927048579492	0.00551954049723524	0.005926886659392822	0.006802680908031624	0.005845417426961305	0.0071081905296498105	0.008391330940446196	0.007169292453973447	0.008452432864769831	0.009470798270163788	0.010183654053939556	0.011527896389059579	0.013055444497150513	0.013299852194445062	0.01401270797822083	0.015927234940361468	0.019145269621406367	0.01977665617275062	0.021894856215970048	0.027434764021313167	0.0294511275239932	0.03509287186987571	0.038677518096862436	0.042771347026546135	0.04721142019406378	0.053260510702103886	0.056845156929090604	0.06715101483167744	0.07403516497214058	0.08324118823690194	0.09560414425838455	0.11053338110145995	0.12175576786890134	0.13678684125251614	0.15106432423613939	0.16067769366305834	0.17526068626829977	0.19642231939238616	0.2162804447975683	0.2422283953270063	0.27385882481854257	0.30648725240736485	0.3347163414448853	0.36972774408232956	0.4068980813792089	0.4229475201682177	0.44726608604902535	0.4824811617675483	0.5172888913239138	0.5622802749342187	0.6170683337444135	0.6705325175275962	0.7181309165757097	0.7756481946723603	0.8105577607692651	0.8503758481201688	0.8749795563144867	0.9000313452871781	0.9797489892214168	1.021664909307432	1.0682245756420436	1.1270860960738145	1.1892267531109537	1.2301854097158984	1.2563981352507387	1.2835477569585416	1.286725057023371	1.3035077189042632	1.3002285822988946	1.3386413253903546	1.3906186956816622	1.4097435979949609	1.45536636815661	1.480133014815791	1.500703996004749	1.491579441972419	1.487200470729225	1.4739617204591036	1.4757744108807047	1.468971729972673	1.4695420145996938	1.4921293592913318	1.4966916363074967	1.5252262349666352	1.5181384117450933	1.516875638642405	1.4902351996372991	1.450987396913416	1.4138170596165365	1.4086437633571351	1.3947532592275618	1.395221707314043	1.4091122114436165	1.3962400727194368	1.4150594654111173	1.3926554264924502	1.3463605351632408	1.3376636946011766	1.290757784028731	1.2601864545588044	1.2471921119859775	1.238006456029324	1.233994096332072	1.239493269521199	1.2470495408292224	1.2221199557051783	1.2103069170026084	1.180081831770516	1.1329926154250993	1.1106700457388639	1.0790803508635434	1.0732756680527977	1.0735200757500922	1.0741107276852206	1.0614218947340122	1.056574475404337	1.0434579289828627	1.0150047995561555	0.9838224508429926	0.9567339310595134	0.9297472478165737	0.9153679282924109	0.9203986533950572	0.9054694165519817	0.9026994626493102	0.8941859278602168	0.8922102989737524	0.8820673795360285
FGC2634_s_2_1_GTGACACGCA-GCTTACGGAC_FGC2634_s_2_2_GTGACACGCA-GCTTACGGAC	0.045424107063602503	0.0006391093750480811	0.00004734143518874675	0.00007101215278312013	0	0.00007101215278312013	0.000023670717594373377	0.00004734143518874675	0	0	0	0	0.000023670717594373377	0	0	0	0	0	0	0	0.000023670717594373377	0	0.000023670717594373377	0	0.00004734143518874675	0	0.000023670717594373377	0.00004734143518874675	0.00007101215278312013	0.00004734143518874675	0.000023670717594373377	0.0050892042827902755	0.004544777778119688	0.005112875000384649	0.004095034143826594	0.004379082754959074	0.004899838542035289	0.0048051556716577955	0.004994521412412782	0.0044737656253365675	0.005586289352272116	0.005112875000384649	0.005870337963404597	0.006083374421753957	0.006769825231990784	0.006107045139348331	0.006556788773641425	0.0062017280097258235	0.008497787616380042	0.009823347801664951	0.01079384722303426	0.012237760996291034	0.014770527778888985	0.015030905672427092	0.01725595312629819	0.017445318867053177	0.020285804978377984	0.022416169561871587	0.026392850117726314	0.030203835650420428	0.034961649886889476	0.04158945081331402	0.047365105906341125	0.0517441886613002	0.06140184143980453	0.06748521586155849	0.0750361747741636	0.0808118298671907	0.09136896991428123	0.10410381598005411	0.11769080787922441	0.132816396422029	0.15383599364583256	0.1735537014019456	0.19556746876471282	0.21005394793246934	0.23211505673042532	0.25306364180144575	0.2739648854372775	0.30142291784675057	0.3311059977100948	0.36741687849986354	0.4137404728320523	0.45693953244178365	0.4909780243424926	0.5457994062910613	0.5741332552515261	0.6125034884720054	0.6382808999322781	0.6872082731998478	0.724560665563769	0.78307467945706	0.8339430515673685	0.9026591447438344	0.949361470557533	1.0092010446361088	1.0591699294778312	1.09055730100797	1.1063219989258228	1.1190331742740014	1.2141421175681935	1.2466420128252682	1.286503501254193	1.3418693097074323	1.3865832952432036	1.429782354852935	1.4486479167756507	1.4509913178174936	1.4417834086732824	1.4490029775395663	1.439155959020307	1.4500208183961243	1.4776682165463524	1.5148785846047073	1.5218614462950475	1.5560182917837282	1.5378155099536552	1.5126772078684305	1.5071619306689417	1.4846274075190982	1.4507782813591443	1.4489793068219718	1.454447242586272	1.438138118163749	1.4447185776549847	1.4472040030023938	1.4548496447853765	1.4337353646911954	1.4082420018420554	1.3460116852864477	1.31739378771485	1.2805621511380052	1.2647264410673695	1.2720406928040309	1.2646080874793975	1.2586667373632099	1.2463579642141358	1.2434464659500277	1.2118697286791336	1.1657118293701056	1.1360524202243558	1.0993391372354828	1.0608032089918429	1.061750037695618	1.0610162454501921	1.0650876088764245	1.0570632356119318	1.0400439896615774	1.015994540585694	0.9944305168572198	0.9602500006509448	0.9197730735645662	0.9016176331696818	0.8753668073575218	0.8885987384927765	0.878799061408706	0.8775445133762041	0.8565249161524007	0.8447605695079969	0.8186754387189975	0.8031237772594944	0.7667655550345368	0.7452488727412513	0.7340999647543015	0.7319696001708078	0.7171280602391358	0.7151397199612084	0.70280727609454	0.705221689289166	0.6762487309536529
FGC2634_s_2_1_GTGCAGACAG-TACCATCCGT_FGC2634_s_2_2_GTGCAGACAG-TACCATCCGT	0.04403252800997456	0.0005854445706402741	0.00012418521195399756	0.00005322223369457037	0	0.00005322223369457037	0	0.00003548148912971358	0	0	0	0.00001774074456485679	0	0	0	0	0.00001774074456485679	0	0.00001774074456485679	0	0.00005322223369457037	0	0	0	0	0.00001774074456485679	0.00001774074456485679	0.00001774074456485679	0	0	0.00003548148912971358	0.006954371869423863	0.007504334950934423	0.0061915198531350205	0.006120556874875593	0.006085075385745879	0.006333445809653874	0.0056415567716244595	0.0064398902770430155	0.005446408581411035	0.006227001342264733	0.006085075385745879	0.0060495938966161665	0.005606075282494747	0.006014112407486453	0.006102816130310737	0.005517371559670462	0.006564075488997013	0.0066882607009510105	0.006759223679210437	0.00702533484768329	0.007415631228110138	0.009260668662855244	0.009331631641114673	0.010342854081311508	0.01050252078239522	0.011655669179110912	0.013553928847550589	0.01476029947796085	0.01598441085293597	0.017013374037697662	0.022708153043016693	0.025972450042950342	0.028119080135298014	0.031614006814574803	0.034594451901470744	0.03878126761877695	0.042435860999137445	0.04765163990120534	0.05371897454238637	0.06397312490087359	0.07161938580832687	0.0843394996613292	0.09445172406329755	0.10972650513363927	0.12450454535616495	0.13937128930151496	0.14967866189369675	0.16557436902380843	0.1838650766701758	0.209110156185967	0.23142801284855682	0.26077120435883	0.2974768048635187	0.3246378847923144	0.36684311611210874	0.3969314188941059	0.42689553646414896	0.4557774686157358	0.4905138464737255	0.5255872984784473	0.576414531656762	0.6218130969982305	0.6806946282089902	0.7345732694524604	0.7829877613699545	0.8336553278471855	0.8732349289713811	0.9077229364054626	0.9379709058885435	1.0173429970717127	1.053622819706845	1.0989326813254892	1.1537693227754613	1.2097236311330197	1.2511127882028306	1.2937437973921815	1.3235659890057059	1.3285688789729955	1.3539381437007405	1.3596151819614948	1.372956221874267	1.4123406748082492	1.4394662732479153	1.4710447985733601	1.5082648806704297	1.528169996072199	1.51630143795831	1.505887620898739	1.5090277326867187	1.480110319046002	1.4844035792306973	1.4928481736435693	1.5012218050781816	1.5155740674311509	1.512079140751874	1.516549808382218	1.5250121435396546	1.4996428788119096	1.4491172382911972	1.4312877900035164	1.4044637842214527	1.396870745547694	1.3945112265205681	1.3967110788466104	1.3790767787491427	1.3930742262108147	1.3842215946729512	1.3430275857933538	1.3260851747339155	1.2904972411368127	1.2481323431159348	1.2331414139586307	1.22890137600763	1.2230114488120973	1.2190375220295697	1.2185585219263184	1.2028402222418553	1.1903684788127609	1.1709423635142429	1.1141187586730064	1.0875253825702862	1.0671412670652656	1.0523987083318698	1.0542082642774853	1.0506955968536436	1.053587338217715	1.0330790375007406	1.0139899963489547	0.9874498424799291	0.9700816535509342	0.9362855351548819	0.9189173462258872	0.8974155638132808	0.8956592301013601	0.8948786373405062	0.8878000802591284	0.8737316698191969	0.8602841854390355	0.854039443352206
FGC2634_s_2_1_TAAGCATCCA-TCAATCCATT_FGC2634_s_2_2_TAAGCATCCA-TCAATCCATT	0.04667678919004708	0.0006595170760672103	0.00019147269950338361	0.00006382423316779455	0	0.00006382423316779455	0	0	0	0.00002127474438926485	0.00002127474438926485	0	0.00002127474438926485	0	0.0000425494887785297	0	0.00002127474438926485	0	0.00002127474438926485	0	0.00002127474438926485	0.00002127474438926485	0	0	0	0.0000425494887785297	0.00002127474438926485	0.0000425494887785297	0.0000425494887785297	0.00002127474438926485	0.00006382423316779455	0.008233326078645497	0.008637546222041529	0.007786556446470935	0.007446160536242696	0.006956841415289606	0.007403611047464167	0.006999390904068136	0.007233413092350049	0.007233413092350049	0.006531346527504309	0.008105677612309908	0.0071057646260144595	0.007275962581128578	0.006658994993839897	0.007829105935249464	0.007446160536242696	0.008339699800591821	0.009233239064940946	0.008637546222041529	0.010913943871692868	0.011573460947760078	0.012339351745773613	0.01416897976325039	0.015615662381720399	0.016551751134848053	0.01812608221965365	0.021551316066325293	0.02295544919601677	0.027678442450433566	0.03140152271855492	0.03948592558647556	0.04178359798051616	0.046698063934436346	0.0541654992150683	0.06003732866650541	0.06514326731992896	0.07356806609807785	0.08554574718923395	0.09833186856718214	0.1103946486358953	0.12590393729566937	0.14154087442177904	0.1630496409993258	0.18294152700328845	0.20602462466564078	0.22942684349383213	0.249340004242184	0.27161466161774434	0.3057180768737359	0.3389705023541568	0.3652873611636775	0.408304894318771	0.4422593863640377	0.4914891448807966	0.541654992150683	0.5941185118146102	0.6294558622451791	0.6748987162606488	0.7082575154630161	0.7508070042415458	0.798781552839338	0.854606482116769	0.8987728514688829	0.968426364599336	1.0169327818068599	1.0616310197687053	1.1001170323688854	1.1290719594826748	1.1472831406798853	1.233998998810529	1.2595286920776467	1.2790801821713813	1.3233103757566629	1.362923949809474	1.3794331514555436	1.4152810957514548	1.4317264731643564	1.4245781590495636	1.4434275825784522	1.4272162273538325	1.424365411605671	1.457234891687085	1.4725101581585773	1.4691274738006843	1.486551489455492	1.4792117026411957	1.4751695012072354	1.4736802690999868	1.4510864905585876	1.4277055464747854	1.4289394816493628	1.405643636543118	1.4063244283635743	1.4093667168112394	1.403728909548084	1.3832200559568326	1.3769440063619995	1.3574563405014328	1.3316500755572547	1.313587817570769	1.2779526207187502	1.2603584071088283	1.2561247329753646	1.2564651288855926	1.233445855456408	1.223723297270514	1.2211916026881917	1.1991722422453026	1.1775783766901986	1.1377095057047164	1.121136479825479	1.102095583597087	1.0966066995446566	1.0864799212153666	1.0711195557663173	1.06901335607178	1.040803045011615	1.036462997156205	1.0124650854851143	0.980723166856331	0.9637459208336977	0.9455134648920976	0.9243876437135577	0.9221325208082956	0.9135587988194218	0.8920713069862644	0.8821572761008669	0.8790937129088128	0.8453094188186603	0.8400332822101225	0.8133122032572059	0.7928458991547331	0.7836552095785707	0.7649334345160176	0.7495730690669684	0.7599764190733189	0.7455734171217867	0.7274047854133545	0.7121933431750301
FGC2634_s_2_1_TAGCATAACC-GCTATGCGCA_FGC2634_s_2_2_TAGCATAACC-GCTATGCGCA	0.0551720707954354	0.0006124044185164373	0.00011134625791207951	0	0.000018557709652013252	0.00007423083860805301	0	0	0	0.000018557709652013252	0	0.000018557709652013252	0	0	0	0.000018557709652013252	0	0.000018557709652013252	0.000018557709652013252	0	0	0	0	0.000018557709652013252	0	0	0.000037115419304026504	0.000018557709652013252	0	0.000018557709652013252	0	0.006272505862380479	0.006606544636116717	0.00599414021760028	0.005864236250036187	0.005734332282472094	0.005697216863168068	0.005604428314908002	0.005864236250036187	0.005548755185951962	0.005622986024560015	0.005678659153516055	0.00536317808943183	0.005474524347343909	0.006031255636904307	0.005066254734999618	0.006383852120292558	0.006569429216812692	0.007126160506373089	0.006699333184376784	0.007757122634541538	0.00827673850479791	0.008740681246098241	0.010076836341043196	0.011023279533295871	0.0117655879193764	0.012526454015108945	0.013547128045969675	0.015421456720823012	0.01768549729836863	0.02071040397164679	0.0231043485167565	0.026797332737507135	0.030564547796865824	0.03269868440684735	0.038562920656883534	0.04246003968380632	0.04500244590613213	0.051701779090508916	0.05671236069655249	0.06669640848933563	0.07458343509144126	0.08382517449814386	0.09640730164220884	0.10861827459323356	0.12129319028555861	0.13623214655542926	0.1497050437627909	0.16043139994165456	0.17915612898053593	0.1980293196966334	0.21909232015166843	0.24481330572935883	0.27296535127146293	0.3015071087162593	0.3407195492109633	0.3688530370434154	0.3933677714937249	0.4260478981909202	0.4521771533809549	0.4807560262450553	0.5252574139905831	0.5659173558381441	0.6110868211311443	0.6657949491852795	0.7093127783192505	0.7602722490236788	0.8053674834780712	0.8342432796966037	0.8589064758241293	0.9455524221893792	0.9792161074981311	1.0231422062444466	1.070018980825432	1.1257292252007758	1.1732926350388857	1.2257923956444312	1.2656357982673039	1.267417338393897	1.2953281337105251	1.3239255642842773	1.3371015381372067	1.3776501337268556	1.4040206391423666	1.4443465422161914	1.4657435814449626	1.495751397952268	1.50397246332811	1.5160720900212228	1.5246643095901047	1.5056055417774872	1.5197836319516254	1.521899210851955	1.50397246332811	1.5233652699144637	1.5236621932688958	1.536225762703309	1.544632405175671	1.5411992288900487	1.5008733258162237	1.4918542789253453	1.472090318145951	1.439669999383884	1.446610582793737	1.443604233830111	1.4192750764763216	1.4209823857643067	1.4237474845024567	1.3981749606019824	1.3749035926983577	1.3448586607717483	1.31086093668926	1.2905031292010016	1.2862905291099946	1.2565054051185132	1.2563198280219932	1.2648749321715713	1.2358506742758224	1.225402683741739	1.2114101706641212	1.1629745484723664	1.1422270290814156	1.1149843113122602	1.0944780421467855	1.106243630066162	1.0851435141918229	1.0768296602677208	1.0642475331236558	1.0322725993932371	1.0165727770276338	0.9991656453740455	0.9757643735028567	0.9419522265168887	0.9322094289495817	0.9216315344479342	0.9138001809747844	0.9038903640206094	0.8979333392223131	0.8793756295703	0.8729732197403554
FGC2634_s_2_1_TAGTTCGGTA-CCATGTGTAG_FGC2634_s_2_2_TAGTTCGGTA-CCATGTGTAG	0.06952622921807237	0.0006980923964908216	0.0002452757068751535	0.000037734724134639006	0.000037734724134639006	0.000037734724134639006	0.000018867362067319503	0.000018867362067319503	0.000018867362067319503	0.000037734724134639006	0	0	0	0	0.000018867362067319503	0	0	0	0	0.000018867362067319503	0	0	0	0	0	0	0.000037734724134639006	0	0.000018867362067319503	0.000018867362067319503	0	0.007245067033850689	0.0077167510855336765	0.0070186586890428546	0.006452637827023269	0.00605642322360956	0.006962056602840896	0.005433800275388017	0.006301698930484714	0.006018688499474921	0.006282831568417394	0.005905484327071004	0.006546974637359868	0.004886646775435752	0.006377168378753992	0.00566020862019585	0.005980953775340282	0.005867749602936365	0.006188494758080797	0.006301698930484714	0.006679046171831103	0.006565841999427186	0.007301669120052647	0.007301669120052647	0.007924292068274191	0.00949028311986171	0.00945254839572707	0.010527988033564282	0.011565692947266856	0.012509061050632831	0.014282593084960864	0.015075022291788283	0.01703722794678951	0.019263576670733213	0.02120691496366712	0.023829478291024532	0.026301102721843383	0.030414187652519038	0.03398011908324242	0.03781019358290828	0.04414962723752763	0.052055051943734505	0.058639761305229014	0.06611123668388755	0.07475248851071986	0.08531821126841879	0.09061994000933557	0.10639305469761468	0.11595880726574567	0.1324300143505156	0.15116530488336385	0.17063642253683758	0.18988113184550348	0.2136917427744607	0.2396532329790923	0.2670675100629076	0.2884630986472479	0.3131227408692345	0.3494424128488245	0.37898870184624683	0.408289715136794	0.4528544243398027	0.500588850370121	0.5424932615216377	0.5888315027589743	0.6340943043584738	0.6666971060108019	0.7116580298172243	0.7523360624343652	0.7883727239829454	0.8738418741479027	0.9195386250749507	0.9705559721049825	1.028101426410307	1.0693077451653328	1.1169855691094492	1.1575881322783208	1.1933795181200257	1.2142090858423464	1.2495099202703013	1.2838673865948902	1.320941753057173	1.3726949272078304	1.4148068793420876	1.4415607987535466	1.4765408880263569	1.4905027359561733	1.4837670876981404	1.4880877136115567	1.4889556122666532	1.484578384267035	1.5122379370577255	1.5531612453817414	1.5659344495013168	1.5855942407754637	1.5848772810169054	1.5938770127230169	1.5647835404152104	1.5395390099691368	1.5171434511952286	1.5024646435068538	1.5111813647819554	1.510030455695849	1.4935969833352138	1.5008986524552663	1.508181454213252	1.4965402918177158	1.4703901279924108	1.4496548970804266	1.411165478463095	1.3778268496901414	1.3592991001400334	1.3461485487791118	1.35235591089926	1.3466579675549295	1.3491484593478158	1.339431767883146	1.3106401733684165	1.2760940334231545	1.2501702779426576	1.2055300992913796	1.1852665524310784	1.1698896523462132	1.1646822604156328	1.1562108148474064	1.1598899504505338	1.1434564780898984	1.13781513683177	1.0981182070421296	1.071269950820334	1.0508365977014271	1.0266675068931908	0.9966495338440854	0.9911213967583608	0.9934609496547083	0.9751030063632066	0.9753294147080144	0.9570092061406471	0.9442171346590046	0.9258591913675026
FGC2634_s_2_1_TATGCCTTAC-AGACACATTA_FGC2634_s_2_2_TATGCCTTAC-AGACACATTA	0.04886078265052145	0.0007611137213989434	0.0002446436961639461	0.00004077394936065768	0	0.000027182632907105117	0	0.000027182632907105117	0.000013591316453552559	0.000013591316453552559	0	0.000027182632907105117	0	0	0	0.000013591316453552559	0	0.000013591316453552559	0	0.000027182632907105117	0.000027182632907105117	0	0	0	0.000027182632907105117	0.00004077394936065768	0.00004077394936065768	0.000013591316453552559	0.000027182632907105117	0.000013591316453552559	0.000013591316453552559	0.006999527973579568	0.007787824327885617	0.006618971112880096	0.0063199621509019395	0.005341387366246156	0.0065374232141587815	0.0055180744801423395	0.005925813973748916	0.005694761594038523	0.005952996606656021	0.005939405290202469	0.00695875402421891	0.006442283998983913	0.005993770556016679	0.006700519011601412	0.006972345340672462	0.007013119290033121	0.006945162707765358	0.007271354302650619	0.00882076437835561	0.010111939441443105	0.010152713390803762	0.011838036631044279	0.011933175846219148	0.01210986296011533	0.014977630731814922	0.01598338814937781	0.01832109457938885	0.021256818933356205	0.024695421996105	0.028528173236006822	0.033094855564400484	0.03685965022203454	0.04065162751257571	0.04569400591684371	0.05187805490321012	0.057069937788467195	0.06446361393919979	0.07467069259581777	0.08615535499906968	0.10083397676890644	0.11413987557693439	0.12949806316944878	0.14965398547006722	0.16426465065763624	0.17837243713642378	0.19730514095622254	0.21365549464984623	0.24386899112609356	0.2806742760823139	0.3058318028378397	0.34777460541350286	0.38853496345770705	0.4293225041348182	0.46752769468575445	0.5005410023514336	0.5387326015859163	0.56541235578424	0.6126693630932423	0.664316365616742	0.7302206591000184	0.7845043770155072	0.8424169764240947	0.9072747385404475	0.9517319346600179	0.9897740294135116	1.0187235334595786	1.0432422683417872	1.0697861093755754	1.1733791233845532	1.2115843139354894	1.2638021517500382	1.3323295693088502	1.3759712864412075	1.4038063025380834	1.436615740456959	1.432035466812112	1.4137279635491766	1.4252533999017891	1.4348352780015439	1.445640374582118	1.5062712372814158	1.5304094153029253	1.5586249882605006	1.577680013928381	1.556300873146943	1.5334674615049746	1.517239429659433	1.4889015348537757	1.4671282458951846	1.4609985621746324	1.4777974293112233	1.4887792130056938	1.4996250835356286	1.513379495786624	1.4822010158421746	1.4630644422755725	1.4313559009894343	1.3739461802896282	1.3375486348270145	1.3201789323993744	1.3148375450331282	1.314049248678822	1.324990258423932	1.3144705794888822	1.3121328730588713	1.2836862477215856	1.2327188110207636	1.2009559044688112	1.1602770943233285	1.135622446276584	1.1202370760511626	1.1219767645572174	1.1121366514448454	1.1211476942535505	1.1176819085578948	1.0960581240802927	1.0614954063389086	1.0240921034587318	0.9835084325284238	0.9535667623812475	0.9402880462061267	0.919289462285388	0.9305022983595689	0.9314944644606782	0.9206078199813826	0.9132956917293713	0.8828647341898671	0.8589168345987075	0.8319244801219521	0.8018604881266939	0.7752894644599987	0.7684802149167688	0.7658299082083261	0.7610185821837685	0.7579333533488121	0.7585449625892219	0.73879677978221	0.7204620938863676
FGC2634_s_2_1_TATGTAGTCA-CGCACTAATG_FGC2634_s_2_2_TATGTAGTCA-CGCACTAATG	0.04915836116903523	0.0006710551771549973	0.0000999443880869145	0.00001427776972670207	0.00001427776972670207	0.00002855553945340414	0.00005711107890680828	0.00001427776972670207	0	0	0.00001427776972670207	0	0.00001427776972670207	0	0	0.00001427776972670207	0	0	0.00004283330918010621	0.00001427776972670207	0.00001427776972670207	0.00001427776972670207	0	0	0	0	0.00004283330918010621	0.00001427776972670207	0.00001427776972670207	0	0.00005711107890680828	0.00785277334968614	0.0075814957248788	0.006382163067835826	0.006853329468816995	0.006167996521935295	0.006110885443028486	0.006153718752208593	0.00599666328521487	0.0058681633576745515	0.006025218824668274	0.005311330338333171	0.006653440692643165	0.006068052133848379	0.00579677450904104	0.00565399681177402	0.005896718897127956	0.006539218534829548	0.006053774364121678	0.006567774074282953	0.007552940185425395	0.008438161908480924	0.009266272552629644	0.00959466125634379	0.009737438953610813	0.011293715853821338	0.01260727066867793	0.014149269799161753	0.016176713100353447	0.018661045032799604	0.021345265741419595	0.023743931055505544	0.02634248514576532	0.031710926563005296	0.03682236812516464	0.040720199260554306	0.04606008513834088	0.05092880461514628	0.057753578544509875	0.0634075753562839	0.07268812567864025	0.08469573001879668	0.09548972393218345	0.10938199387626457	0.12530170712153738	0.14159264237970445	0.15672707829000862	0.17400317965931814	0.18468295141489127	0.210768436705576	0.23475508984643545	0.2626824074318647	0.2969062214667696	0.3342425893020955	0.3635691283207415	0.4016479401818559	0.4362429762296551	0.4646842935252456	0.5003787178420008	0.5335745324565832	0.5731382323692745	0.6312344773872253	0.6850331137174387	0.734191474886474	0.7919878867401638	0.8469715779576935	0.8932315518722083	0.9229864239826554	0.962393068428353	0.9877932207721561	1.0706899518053883	1.1011587124021707	1.156813458796855	1.2142386486376509	1.259227901046489	1.2992913228996152	1.3426957428687893	1.3589866781269566	1.3553030135374673	1.3836586642146977	1.3880704950602487	1.3981934337964803	1.4423260200217165	1.480262054185564	1.500036765257046	1.5137005908855001	1.541356630846122	1.5323188026091197	1.5191546989211002	1.5032349856758276	1.4777920000228444	1.4672121726553582	1.4804762207314643	1.4866156617139463	1.5081750940012664	1.5245945291869738	1.50296370805102	1.4947539904581664	1.4697536156667113	1.4252212518891274	1.4046612634826765	1.3768196125156074	1.3706373382239454	1.375263335615397	1.375063446839223	1.3595149556068447	1.371322671170827	1.3466649628528127	1.313397759389597	1.2838427760553235	1.244707409234433	1.2086132073653304	1.2004463230816567	1.2005319897000168	1.193236049369672	1.1809428896349818	1.17891544633379	1.160996845326779	1.1382523581521424	1.1047852659127528	1.0653500659276016	1.050629685339372	1.0257292549360035	0.9972736598706863	1.0039271005633295	1.009695319532917	0.9901633305467885	0.9864225548783927	0.9654913444590475	0.9462877441766332	0.9212302583062709	0.8935599405759224	0.8614064031513893	0.8462434117016318	0.8418458586258075	0.8316800865803955	0.8384763049703058	0.8268113671035903	0.8091354881819331	0.8026105474168302
FGC2634_s_2_1_TATTGCGCTC-CTGTGTTAGG_FGC2634_s_2_2_TATTGCGCTC-CTGTGTTAGG	0.05891576722736361	0.0005964266217259207	0.00011182999157361014	0.00003727666385787004	0.00001863833192893502	0.00001863833192893502	0.00001863833192893502	0	0	0	0.00003727666385787004	0	0	0	0	0.00001863833192893502	0	0.00001863833192893502	0.00001863833192893502	0.00001863833192893502	0	0	0	0.00003727666385787004	0.00001863833192893502	0	0.00003727666385787004	0	0.00003727666385787004	0.00001863833192893502	0.00011182999157361014	0.007287587784213593	0.007362141111929335	0.006411586183553648	0.005684691238325182	0.006001542881117077	0.006206564532335363	0.005889712889543468	0.0068589061498480885	0.006038819544974948	0.006113372872690688	0.007939929401726319	0.007175757792639984	0.006765714490203413	0.00805175939329993	0.006747076158274479	0.00805175939329993	0.008200866048731409	0.008815931002386266	0.011388020808579298	0.012562235720102205	0.013755088963554046	0.016010327126955184	0.017165903706549156	0.018060543639138036	0.021135868407412314	0.022421913310508832	0.024434853158833814	0.02864711617477313	0.03349308247629623	0.040333350294215385	0.044862464952946594	0.05494580252650044	0.058636192248429586	0.06715390993995288	0.07347230446386185	0.08113265888665415	0.08856935332629923	0.10215669730249287	0.11374973976229043	0.1223420107815295	0.1456585640246272	0.15987961128640463	0.186737447596	0.2065872711003158	0.23023931431813432	0.250126414486308	0.27148594287686756	0.2905343181082391	0.3191441576191544	0.3574459297331159	0.38298044447575685	0.42597907623581	0.47626529578007665	0.5140079179361701	0.5639027325099291	0.5981227099314538	0.6313175790968871	0.6720423343616101	0.7082006983037441	0.7497641785052691	0.804859087687201	0.8523495574421275	0.9121040496062932	0.9619429491842654	1.009731632250055	1.058713168559296	1.0876025830491454	1.1103599863343752	1.1364722893668129	1.2217240196097618	1.2395049882699658	1.2733149223890539	1.314598827611645	1.3582870776530687	1.382050950862461	1.4131024118560664	1.4213778312325138	1.403186819269873	1.419290338056473	1.4165318649309906	1.4182465914684526	1.4469868993028705	1.4642087180052066	1.4672654044415518	1.4960057122759696	1.4861273963536341	1.4687937476597244	1.4631463330852572	1.4529884421839876	1.4219556195223109	1.4113317703228176	1.4137733918055082	1.4018634977029187	1.4020126043583503	1.3967006797586037	1.3870273854874864	1.3882575153947962	1.3659474320758611	1.3237316102568233	1.2956250057079892	1.2636789047817945	1.2537073971998143	1.2417975030972248	1.249178282541083	1.2343794469895086	1.2435681446304736	1.2248738977057518	1.1910826019185927	1.1730034199475257	1.1333596879346808	1.1070796399148823	1.07999814362214	1.0711076592920379	1.0697656993931546	1.0592723185171642	1.0701198276998043	1.0399443683068585	1.0294137107670103	1.0060039658642679	0.9742256099254337	0.9487656485105084	0.9213859389069028	0.903250841940049	0.906400720036039	0.9023002870116734	0.8968392557564955	0.8893466463210635	0.8644085582001484	0.8478577194472542	0.8287720675520247	0.8077480291361859	0.7732298384037983	0.7756900982184177	0.7583564495245082	0.7483103886148122	0.752093969996386	0.7424765907210555	0.7350026196175526	0.7205579123726279
FGC2634_s_2_1_TCAGAAGGCG-GGCCATCATA_FGC2634_s_2_2_TCAGAAGGCG-GGCCATCATA	0.09559449344029002	0.0006601829657478592	0.00018485123040940058	0.000026407318629914367	0	0.000026407318629914367	0.000026407318629914367	0.000026407318629914367	0	0	0	0	0.000026407318629914367	0	0	0.000026407318629914367	0	0	0	0	0.000026407318629914367	0	0.000026407318629914367	0.000026407318629914367	0.000026407318629914367	0	0	0.000052814637259828734	0.000026407318629914367	0	0.000026407318629914367	0.009216154201840115	0.00924256152047003	0.008001417544864055	0.0076845297213050815	0.007737344358564911	0.007790158995824739	0.007103568711446965	0.008186268775273455	0.006786680887887992	0.007420456535005938	0.008740822466501656	0.008318305368423026	0.009136932245950372	0.009110524927320458	0.007869380951714482	0.010378076221556346	0.010906222594154635	0.010906222594154635	0.014550432565082818	0.016689425374105882	0.01748164493300331	0.019488601148876804	0.021125854903931495	0.023053589163915242	0.025430247840607538	0.02772768456141009	0.03205848481671604	0.03631006311613226	0.043466446464839055	0.05078127372532533	0.05632681063760735	0.06372085985398337	0.072778570144044	0.07816566314454652	0.08180987311547472	0.08864936864062253	0.10206428650461903	0.11157092121138822	0.12044378027103943	0.1374765007873342	0.15139315770529907	0.16449118774573662	0.18421745476228266	0.2011973606413176	0.21347676380422775	0.23127529656079004	0.24315858994425152	0.2615380837106719	0.28041931653106067	0.3021789470821101	0.3240177995890493	0.35552173071453713	0.37957879798638916	0.4086268484792949	0.4351926110209888	0.4608341174106356	0.4766256939513244	0.49471470721281585	0.5187717744846678	0.5389469659179223	0.5734085167299606	0.6125177556208639	0.6473490088937208	0.6663886856258892	0.7169587008021752	0.7346780116028476	0.7511561784279143	0.7703014844346021	0.7929061491818089	0.8620933239921845	0.8757195004052204	0.8993276432603636	0.9355320771019764	0.97445646476247	0.9882938997245452	1.0209597528697494	1.0343218560964862	1.0473142568624039	1.065482492079785	1.1007098551320906	1.1064402432747822	1.1236314077028564	1.1534716777546596	1.1771854498843226	1.209191120063779	1.2124392202552583	1.2266199503595225	1.2417513439344634	1.2416721219785738	1.2503601298078153	1.2740739019374785	1.2862212685072392	1.2799099193546897	1.3093804869456742	1.335919842168738	1.3263603928247092	1.357521028808008	1.3452152183264678	1.3341769591391637	1.3281296831729132	1.3259378757266305	1.324194992697056	1.3333319249430065	1.3613764973279754	1.3354181031147696	1.3635947120928882	1.384350864536001	1.3473806184541208	1.34767109895905	1.32910675396222	1.3084034161563671	1.3005868498419126	1.3066605331267929	1.297391564287693	1.3120212188086655	1.3307704150359045	1.3224257023488517	1.3221880364811824	1.3188607143338134	1.2716444286235264	1.283527722006988	1.2542948202836726	1.2607910206666315	1.27058813587833	1.2630356427501743	1.2657291892504257	1.2540835617346333	1.2498319834352172	1.2265407284036327	1.2302641603304507	1.20583739059778	1.1920263629543346	1.1831799112133132	1.1712966178298518	1.1655662296871605	1.170345954359175	1.167890073726593	1.1626086100006099	1.1710061373249228
FGC2634_s_2_1_TCATAGATTG-GATTAAGGTG_FGC2634_s_2_2_TCATAGATTG-GATTAAGGTG	0.09076316603538662	0.0015807274765174662	0.0002757082807879301	0.00005514165615758603	0.000018380552052528677	0	0.000018380552052528677	0.000018380552052528677	0	0	0	0	0	0	0	0	0	0	0	0.000036761104105057355	0	0	0	0	0	0.000018380552052528677	0.000018380552052528677	0.000018380552052528677	0.000018380552052528677	0	0	0.007407362477169057	0.006782423707383082	0.007352220821011471	0.0069478486758558404	0.006690520947120439	0.006139104385544578	0.006745662603278025	0.006764043155330552	0.006414812666332509	0.006561857082752737	0.006157484937597106	0.006286148801964807	0.0068375653635406675	0.006892707019698255	0.006911087571750782	0.007021370884065955	0.008160965111322733	0.009135134370106752	0.010072542524785715	0.01123051730409502	0.012976669749085245	0.014024361216079381	0.014263308392762252	0.015458044276176617	0.016707921815748566	0.019281199103102584	0.022038281910981884	0.025475445144804744	0.02957430825251864	0.03268062154939599	0.037790415019998955	0.04100701162919148	0.0467233633175279	0.05021566820750835	0.05539898388632143	0.058542058287303834	0.0653796236508445	0.07017694773655449	0.07914665713818848	0.08545118649220582	0.09809700630434555	0.10441991621041541	0.11484168922419917	0.12781835897328442	0.13465592433682508	0.14647461930660102	0.15298133473319617	0.16092173321988856	0.17303451702250497	0.18487159254433344	0.2000539285397221	0.2169640364280485	0.238744990610295	0.2495343746651293	0.2767927333590293	0.28998996973274493	0.3007793537875793	0.31346193470382405	0.32480273532023424	0.340646771189514	0.3565643292670038	0.3770586448055733	0.4029017009914286	0.43583965026956	0.45841096819006516	0.4893270567424184	0.5105014527069315	0.5183499484333612	0.5311428126619212	0.576193545742669	0.5850529718319878	0.6086719812194872	0.6337246736670837	0.6695299890654096	0.7068057486279377	0.7402032117073823	0.769777519959901	0.7870919999933831	0.8064834824088007	0.8222907571739755	0.8241655734833333	0.8642903186140034	0.8924860854625825	0.9190459831784863	0.96784634887795	1.0143675261229002	1.0420118764099031	1.0841952433704565	1.097833612993433	1.1169861482321677	1.1272241157254261	1.1497219114377213	1.1685987383956682	1.2024740958284785	1.2481497676790123	1.2797826977614142	1.3403282362224438	1.3654544508782502	1.3800669897600106	1.3843128972841447	1.3856914386880845	1.3966830088154965	1.3978961252509634	1.436017390207908	1.4546736505412245	1.492721393289959	1.5335262188465726	1.5701586590872623	1.5980970982071057	1.5688720204435853	1.5590016639913773	1.541852608926368	1.5531198873345682	1.559718505521426	1.588649494452106	1.6144925506379613	1.6257965901502667	1.6600395586241274	1.6913416387695839	1.6469526055627273	1.63912249038835	1.6239769154970662	1.5960384763772226	1.6154299587926402	1.58947661929447	1.601166650399878	1.603206891677709	1.6066808160156365	1.6095849432399363	1.6121766010793428	1.5979316732386328	1.546613171907973	1.5254203953914074	1.5092455095851822	1.4870234221536751	1.478715412625932	1.4781456155123036	1.4785132265533543	1.4894128939205038
FGC2634_s_2_1_TCCATTGCCG-GAATGCACGA_FGC2634_s_2_2_TCCATTGCCG-GAATGCACGA	0.05229044891813143	0.0007172583701159621	0.00009254946711173705	0.000046274733555868526	0	0.000023137366777934263	0.000023137366777934263	0	0	0	0	0	0.000023137366777934263	0	0	0	0	0	0.000046274733555868526	0.000023137366777934263	0.000023137366777934263	0	0	0	0	0.000023137366777934263	0	0.000023137366777934263	0	0.000046274733555868526	0.000046274733555868526	0.0058074790612615	0.0061545395629305135	0.005992577995484975	0.005668654860593895	0.005738066960927697	0.006200814296486383	0.0055066932931483546	0.006964347400158214	0.006200814296486383	0.006038852729040843	0.006640424265267134	0.0071494463343816875	0.00689493529982441	0.007751017870607978	0.007519644202828636	0.00814435310583286	0.008537688341057743	0.010481227150404221	0.011753782323190607	0.013211436430200466	0.013859282699982624	0.014946738938545536	0.01601105781033051	0.018856953924016425	0.02133265216925539	0.02387776251482816	0.024664432985277922	0.027510329098963837	0.031073483582765717	0.035677819571574634	0.04194804596839482	0.04738532716120937	0.0506476958768981	0.05960185681995866	0.06573325901611124	0.0729983921843826	0.08030980008620983	0.08732042221992391	0.09715380310054597	0.10828287652073236	0.12332216492638962	0.13671870029081357	0.15386348907326286	0.17808831208976003	0.19025856701495344	0.21112847184865013	0.2281112990636539	0.24426118107465203	0.260804398320875	0.2959037837230013	0.31862467789893273	0.35365465120072526	0.3884763882015163	0.42519538927809797	0.46563950640592705	0.5035153758214055	0.5414143826036617	0.5629089963403627	0.6019648714615158	0.6378277899673139	0.6755185604485687	0.7311639275495007	0.7735978582202321	0.8308628409956195	0.8885905711065654	0.9405108221562498	0.972185877275242	0.9963181508246273	1.0219543532145785	1.111912435247187	1.134378818388561	1.1624213069234173	1.2105470298215206	1.2720461507172698	1.313554586716884	1.351916340834699	1.3787325489303248	1.37901019733166	1.3978902886224545	1.4017310915075913	1.399764415331467	1.4345398775987024	1.4589266621826449	1.477205181937213	1.4911338767375295	1.5171402769959275	1.509990830661546	1.5022860875244939	1.4989774440752492	1.4795189186150064	1.4601760799886534	1.4616800088292192	1.461009025192659	1.4549238977300623	1.4630451134691171	1.4589960742829788	1.4763722367332075	1.4653819875136886	1.4209813806668328	1.3897690728833993	1.3539061543776014	1.3252389569397407	1.3323884032741227	1.3185291205741398	1.2958776384985422	1.3168863675329066	1.290370945205394	1.2730410574887212	1.2559888181733836	1.2281082912059729	1.183962195393674	1.1606165923147385	1.1407184568857152	1.132319592745325	1.123828179137823	1.1195246289171272	1.1117504736797412	1.0961327511046357	1.0823891552385427	1.0366003063850109	1.0112648897631729	0.9842635827333236	0.9721164651749081	0.9648976067401926	0.9518944066109934	0.9330143153201992	0.928155468296833	0.9270448746914921	0.898238853052964	0.8874568401344466	0.8648747701591828	0.8363463969219899	0.8111498045008193	0.7967352249981664	0.7845186953394171	0.7807473045546137	0.7654766424811772	0.7742688418567922	0.7600162239215846
FGC2634_s_2_1_TCTCATGATA-AACACGTGGA_FGC2634_s_2_2_TCTCATGATA-AACACGTGGA	0.06890342548458124	0.001542933848711336	0.00024286921692678436	0.000028572849050209924	0	0.000014286424525104962	0.000028572849050209924	0.000014286424525104962	0	0	0	0	0	0	0	0	0	0	0.000014286424525104962	0	0	0.000014286424525104962	0	0.000014286424525104962	0.000014286424525104962	0	0	0.000028572849050209924	0	0.000014286424525104962	0.000042859273575314885	0.005328836347864151	0.006414604611772129	0.004400218753732328	0.005514559866690515	0.005100253555462471	0.005243117800713521	0.004743092942334847	0.00561456483836625	0.005228831376188416	0.0054717005931152005	0.005057394281887157	0.006528896007972968	0.006071730423169609	0.006443177460822338	0.007057493715401851	0.007357508630429055	0.007214644385178006	0.00901473387534123	0.010443376327851727	0.010843396214554666	0.012243465818014953	0.014029268883653074	0.015529343458789093	0.01684369451509875	0.017258000826326794	0.019429537354142747	0.02067245628782688	0.023886901805975497	0.028158542738981877	0.0322444601531619	0.03750186437840052	0.042187811622634956	0.048016672828877775	0.04930245103613722	0.05408840325204739	0.05778858720404957	0.06444606103274848	0.07293219720066084	0.08461849246219669	0.09163312690402323	0.10574811433482693	0.1203631266240093	0.1315493970271665	0.14627870071254973	0.15433624414470892	0.16619397650054604	0.17513727825326175	0.19132379724020565	0.21362490592389452	0.2398547813519872	0.2755422698156994	0.3029007727812754	0.345717187083015	0.35934643607996514	0.39049084154469393	0.41116329783252076	0.4213495185189206	0.45083669873873733	0.4849812533537381	0.5341694129936746	0.5892435795379541	0.6483893770718887	0.7006062587111473	0.7355794259486043	0.7802245025895573	0.7918536521529927	0.8176549348453324	0.8311841788706068	0.8629714734389652	0.9657480114725704	1.0173505768572495	1.0950830126983455	1.1625720821549415	1.212317412351357	1.234918535950073	1.2531337272195817	1.2419188839673743	1.2394616189490564	1.2621627475194481	1.2945929311914364	1.3469955363495214	1.413227400447908	1.4902598014872739	1.5296189010539383	1.5555344751424787	1.5266616111772415	1.484416653856506	1.470944555529332	1.4616440931634886	1.45364369542943	1.4767448438865247	1.524704371017302	1.5568631126233132	1.590993380813789	1.5965936592276302	1.5800214067785083	1.5301760716104171	1.4745447345096585	1.4270138001146344	1.4071413836002133	1.3857974653597065	1.4039126516575395	1.4231993247664312	1.4607583348429323	1.457072437315455	1.4464004781952018	1.3952265055462758	1.3322948055131885	1.2825923345903483	1.2431475164765333	1.213546044860516	1.2170462188691666	1.241204562741119	1.2593911811615777	1.2594911861332536	1.2720489532908208	1.2258895156502065	1.168372370512134	1.1236844345976058	1.0651243804692005	1.047623510425947	1.0260367229685132	1.0343371356175992	1.055152456150677	1.060552724621167	1.0586240573102776	1.0301226403826933	0.981648801969012	0.9443183746849129	0.9188313933321257	0.8767864459547418	0.864028668853823	0.8613713938921534	0.8661716325325888	0.8649144271743795	0.8717576245219048	0.8541853223560257	0.8430133383773936	0.8058829210366458
FGC2634_s_2_1_TCTGGTATCC-CGTTGCTTAC_FGC2634_s_2_2_TCTGGTATCC-CGTTGCTTAC	0.07516431710196174	0.0007353280792610137	0.00013787401486144006	0.000022979002476906678	0	0.000045958004953813357	0	0	0.000022979002476906678	0	0	0	0	0	0	0	0	0	0	0	0.000022979002476906678	0	0	0	0.000022979002476906678	0.000022979002476906678	0.000045958004953813357	0	0	0	0.000045958004953813357	0.008915852961039791	0.008387335904070937	0.008571167923886189	0.009007768970947417	0.009145642985808857	0.00939841201305483	0.007858818847102085	0.009099684980855043	0.009582244032870085	0.009674160042777711	0.01022565610222347	0.010363530117084912	0.011075879193869018	0.012615472359821765	0.01162737525331478	0.012018018295422192	0.013557611461374939	0.015120183629804593	0.016062322731357766	0.01854405499886369	0.022013884372876595	0.022588359434799265	0.02357645654130625	0.025621587761750945	0.026931390902934622	0.02867779509117953	0.03173400242060812	0.03591618087140514	0.03899536720331063	0.04269498660209261	0.04855463223370381	0.05593089202879085	0.05763133821208194	0.0647318499774461	0.06714464523752131	0.07072936962391875	0.07509538009453103	0.08327590497630981	0.09377730910825614	0.10457744027240229	0.12045593098394479	0.12362703332575792	0.13962041904968497	0.15412016961261307	0.16294410656374525	0.1786387652554725	0.18783036624623517	0.19771133731130505	0.2199550117089507	0.24458850236419466	0.2636840534225041	0.287834985025733	0.3150651029608674	0.33266701885817795	0.35815073260506747	0.3811297350819741	0.40530364568767996	0.42127405240913013	0.46707120434560506	0.4890850887184817	0.5273451278425313	0.5798981065072168	0.6078175945166585	0.6529483553813031	0.6799946412966223	0.7000553104589619	0.7325935779662618	0.7657522785404381	0.7970956379189388	0.8798430258382797	0.9127259783827332	0.9516524085786132	1.0090079987609721	1.0682248881439607	1.055793247803954	1.1086679325033164	1.1079096254215786	1.1197897697021393	1.1608762261308483	1.1890255041650593	1.2246199790017875	1.273289506247876	1.3152951227756613	1.3416060806117194	1.3757528782924027	1.3628156998979042	1.3526819598055886	1.3621952668310278	1.367342563385855	1.3694336526112534	1.4162648596591891	1.4491248332011657	1.4502048463175803	1.45399638172627	1.4952207121698404	1.4651641769300467	1.4612807255114495	1.4351306206927297	1.4066596366238422	1.3873802535457174	1.41091075208207	1.4003863689476468	1.3979046366801406	1.4556278909021303	1.4274096758604888	1.4134844003594835	1.4237560144666608	1.3891955947413932	1.3487985083869911	1.315111290755846	1.3028405034331778	1.2839287843946838	1.3117793353966944	1.2986123669774272	1.3191785741942585	1.3258884429175153	1.300864309220164	1.2906386531179406	1.2758861335277663	1.1901055172814736	1.1905191393260581	1.1746866066194694	1.1603936670788333	1.187325057981768	1.167609073856582	1.1765708848225758	1.1701827221339955	1.1679767378962127	1.124546423214859	1.0855740350140253	1.064755058769948	1.0258286285740679	1.0407649801840573	1.0372032348001368	1.0430628804317479	1.0506229722466502	1.0533115155364483	1.0334806363988778	1.0227034842372087
FGC2634_s_2_1_TGATGTAAGA-GTGCGTCCTT_FGC2634_s_2_2_TGATGTAAGA-GTGCGTCCTT	0.06768401514844419	0.0006602569535805581	0.0000921288772437988	0.000015354812873966467	0	0.00007677406436983235	0	0.000030709625747932935	0	0	0	0.000015354812873966467	0	0.000015354812873966467	0	0.000015354812873966467	0	0.000015354812873966467	0.000015354812873966467	0	0	0.000030709625747932935	0	0	0	0.000015354812873966467	0.000015354812873966467	0.000015354812873966467	0.000030709625747932935	0.000015354812873966467	0.000015354812873966467	0.006111215523838654	0.005097797874156867	0.0048828304939213365	0.004775346803803571	0.0046217986750639066	0.004744637178055638	0.004468250546324242	0.00491354011966927	0.004729282365181672	0.005665925950493626	0.004437540920576309	0.005865538517855191	0.00491354011966927	0.005635216324745693	0.005358829693014297	0.006295473278326252	0.006326182904074185	0.0067407628516712795	0.0068021821031671445	0.008045921945958429	0.008982565531270383	0.010518046818667031	0.01094798157913809	0.011531464468348816	0.012360624363543007	0.014494943353024346	0.016183972769160657	0.017811582933801102	0.020329772245131602	0.023830669580395956	0.026763438839323552	0.031323818262891594	0.034625103030794385	0.03806458111456287	0.04239463834502141	0.0465711474467403	0.0512390105604261	0.05747306458725649	0.06746904776820867	0.07516180901806586	0.08500424407027837	0.09871609196673042	0.10872742996055657	0.12050457143488882	0.12796701049163653	0.14041976373242335	0.1532256776693114	0.168058426905563	0.19265683712965728	0.21662570002591894	0.23569637761538526	0.2626594290220704	0.2919257023598505	0.317322562853391	0.3436560669322435	0.3686537022910609	0.39414269166184523	0.4173284591015346	0.45522413727448385	0.4968663897886809	0.543069021726446	0.579736314869478	0.6367947995091373	0.6771779573676692	0.7175611152262009	0.7493455778753115	0.7855829362578723	0.8078781245508717	0.8478927669004284	0.9394074516292684	0.9802666086868932	1.03483761364097	1.0928788063045634	1.1547894118123962	1.1725088658689535	1.2137058288098055	1.2321469590714391	1.2417130074919203	1.2599391703733185	1.305527609796125	1.3507014692713342	1.3950154592256014	1.442784282076511	1.4719123620984256	1.4912747811324973	1.498230511364404	1.4825378926072104	1.4951288391638629	1.4779314487450206	1.491489748512733	1.5099001691486187	1.5442795951734296	1.5435118545297313	1.558728474087832	1.5754345104947074	1.5638876912134847	1.5502833270071503	1.5079347531007508	1.473110037502595	1.4674441115521013	1.4517822024206555	1.4526420719415976	1.4604269620686985	1.4685803677047748	1.456618968475955	1.466307855399428	1.4333717817847698	1.3799984522348623	1.3474769585678015	1.3150015293393622	1.2898503458518051	1.2776279148041279	1.275769982446378	1.2838619688309583	1.2920460840927823	1.283508808134857	1.2424807481356188	1.2206308494159643	1.1816756891547113	1.1275499737739796	1.106682783078259	1.0901763592387452	1.0799807634904315	1.098068733055964	1.079274442098229	1.0749290300548966	1.0530484217094942	1.0265460146890282	0.9984927715682915	0.9674299851242572	0.9406358366591858	0.9264172799378929	0.9015424830820672	0.9041988657092634	0.8913315325208795	0.8928055945567802	0.8863412183368403	0.8691898923566197	0.8487526364213704
FGC2634_s_2_1_TGATTATACG-GTCGATTACA_FGC2634_s_2_2_TGATTATACG-GTCGATTACA	0.05030761337636378	0.0006476623851515171	0.00014003511030303073	0.00005251316636363652	0	0.00003500877757575768	0.00001750438878787884	0	0	0	0	0.00001750438878787884	0	0.00001750438878787884	0	0.00001750438878787884	0.00001750438878787884	0	0	0	0	0	0	0.00003500877757575768	0	0.00001750438878787884	0	0.00001750438878787884	0.00001750438878787884	0.00003500877757575768	0.00003500877757575768	0.006581650184242444	0.007159295014242445	0.006091527298181836	0.006756694072121232	0.0062665711860606255	0.006441615073939414	0.005968996576666685	0.006231562408484868	0.005723935133636381	0.005478873690606077	0.006861720404848505	0.006354093130000019	0.005793952688787896	0.006354093130000019	0.006441615073939414	0.00708927745909093	0.006109031686969716	0.007456869623636386	0.00817454956393942	0.008839716337878814	0.009399856779090937	0.010590155216666699	0.01178045365424246	0.013618414476969739	0.01328583109000004	0.0160515245184849	0.017259327344848537	0.018134546784242478	0.02132034554363643	0.0253988681312122	0.02893475466636372	0.034291097635454654	0.036339111123636476	0.04229060331151528	0.04668420489727287	0.05247815758606077	0.058517171717878964	0.06506381312454565	0.07252068274818205	0.0846337197893942	0.0966242261090912	0.10934991675787913	0.12835968298151554	0.14451623383272771	0.16119791634757624	0.17684683992393993	0.19617168514575817	0.2074095027475764	0.23205568216090983	0.2540061857009099	0.2803502908266675	0.3160242351763646	0.351943240969092	0.391958273738183	0.4411981193984862	0.47503410292545595	0.5020783836027288	0.5252366899690925	0.5681574512769714	0.5979674253827291	0.6506206268566687	0.6984776258027294	0.7493978927866689	0.8205707375981842	0.87119342997273	0.9167223452100028	0.954689364490912	0.9833790577142454	1.001391073776973	1.0748569935197003	1.1147845043448519	1.1483054088736397	1.2048445846584885	1.2566050623042462	1.2902134887769736	1.3400834924336404	1.374409598846671	1.35890071038061	1.3800810208139436	1.3654123430097012	1.377875467826671	1.4163151056048529	1.4502211066869741	1.4659225434297014	1.489973573624247	1.5111013708912167	1.5083881906290955	1.4885032049660651	1.489360920016671	1.4631743543900044	1.4562426164300044	1.450658716406671	1.4614239155112165	1.4643121396612164	1.4600935819633378	1.4747097466012165	1.474639729046065	1.472644228724247	1.4251373175539437	1.3828117054648525	1.3516013802560647	1.33810549650061	1.326272529680004	1.3507786739830343	1.3168901772897008	1.3352172723506102	1.3242770293581858	1.310658614881216	1.2816013294933373	1.23552977820364	1.2020438824524278	1.161871310184246	1.160558481025155	1.1624839637918218	1.1598583054736398	1.1667550346560642	1.1590881123669732	1.1473426674903067	1.118968053265155	1.0700257822142456	1.0398132071663668	1.0299582362787911	1.0024413371042455	1.0095306145633363	0.9965423580827302	0.9996581392869728	0.9908884405042454	0.9768324163075788	0.9504708067930332	0.928397772531518	0.9047843520566694	0.8679201092693967	0.8615310073618208	0.8486652816027298	0.8381451439412148	0.839545495044245	0.8379876044421237	0.825541984013942	0.8142866620233358
FGC2634_s_2_1_TGGTACCTAA-CATGAGTACT_FGC2634_s_2_2_TGGTACCTAA-CATGAGTACT	0.057279223706312526	0.0010973031361362553	0.0002487220441908845	0.00002926141696363347	0	0.00002926141696363347	0.0000438921254454502	0	0	0	0.000014630708481816736	0.000014630708481816736	0	0	0.000014630708481816736	0	0	0	0.00002926141696363347	0.000014630708481816736	0.00005852283392726694	0	0.000014630708481816736	0.000014630708481816736	0.000014630708481816736	0.00002926141696363347	0	0.000014630708481816736	0.0000438921254454502	0.0000877842508909004	0.00005852283392726694	0.006261943230217563	0.007871321163217404	0.006437511731999364	0.006276573938699379	0.006525295982890264	0.007095893613681117	0.0060132211860266785	0.0069788479458265835	0.006861802277972049	0.007271462115462918	0.00788595187169922	0.007300723532426551	0.008324873126153723	0.007403138491799269	0.008749163672126409	0.010022035310044464	0.010914508527435285	0.011806981744826106	0.012494625043471493	0.01523056752957122	0.01681068404560743	0.017951879307189136	0.020248900538834363	0.02200458555665237	0.021843647763352386	0.025120926463279333	0.028383574454724468	0.03446994918316023	0.0385519168495871	0.04463829157802286	0.05119284897787676	0.05588930640053993	0.062063465379866595	0.07202697785598379	0.07591874631214704	0.08190270608121009	0.09021294849888199	0.09877191296074478	0.11384154269701602	0.12683361182886926	0.14848706038195805	0.16677544598422897	0.18231325839191834	0.20267920459860725	0.22244529175754169	0.23960711280671268	0.25454506616664757	0.2766374359741908	0.30497711830346985	0.33995914228349366	0.37499968909744474	0.4196965035093949	0.46531505255569944	0.5039986457816229	0.5424627783803191	0.5700709252855073	0.5924412785542051	0.6266039828592471	0.669091560290443	0.7243810076432284	0.7741985700238144	0.8419094888776621	0.8907614244984483	0.9659340046780228	1.008875134072155	1.0460078721990058	1.0606532113893044	1.0732648821006303	1.094216056646592	1.1876184995945098	1.2449269847177862	1.2915843140662997	1.3562374148474479	1.4052502882615339	1.4386229343085577	1.4592229718509557	1.4442996491995028	1.418812955024178	1.4318489162814767	1.4311173808573858	1.4499909947989296	1.5000572792237064	1.5465829321958835	1.5617549768915275	1.5881048828672795	1.5750542909014988	1.5278117332137127	1.4966922162728884	1.4799254243527264	1.438857025644267	1.438857025644267	1.4494496585851022	1.4698302355002728	1.473824418915809	1.488908679360562	1.479252411762563	1.441329615377694	1.3955208671211257	1.3339694765381227	1.2900773510926726	1.2684970560819928	1.2757099953635285	1.2854394165039367	1.2884826038681545	1.2797188094875462	1.2621912207263297	1.2508524216529218	1.2082185371369079	1.1563526755688676	1.105540225011518	1.0708361844926488	1.0584586051170317	1.0613262239794679	1.0732795128091122	1.072328516757794	1.0634915688347768	1.0425257635803333	0.9979021027107923	0.9734980809631221	0.9319468688747624	0.895018960666657	0.8710977522988865	0.8678643657244051	0.8627728791727329	0.8665914940864871	0.8690201916944686	0.8658160665369508	0.8407829243245624	0.7994804342803937	0.7660492653994425	0.7343006279939002	0.7138468975363204	0.7048782732369667	0.7062389291257756	0.7081116598114482	0.7029762811343305	0.7033274181378941	0.6892673072868682	0.6617030525071255
FGC2634_s_2_1_TGTAATCGAC-GATCACCGCG_FGC2634_s_2_2_TGTAATCGAC-GATCACCGCG	0.05898252189223218	0.0008501985137619052	0.00009109269790306128	0.00006072846526870751	0	0.000030364232634353756	0.000015182116317176878	0	0	0	0	0.000030364232634353756	0.000015182116317176878	0	0	0.000015182116317176878	0	0.000015182116317176878	0.000015182116317176878	0.000030364232634353756	0.000015182116317176878	0.000015182116317176878	0	0.000015182116317176878	0.000015182116317176878	0.00004554634895153064	0.000015182116317176878	0.000030364232634353756	0.000030364232634353756	0	0.000030364232634353756	0.005921025363698983	0.00617912134109099	0.005602200921038269	0.00573883996789286	0.005313740711011907	0.006133574992139459	0.004858277221496602	0.006103210759505105	0.005571836688403915	0.00573883996789286	0.006543492132703235	0.007985793182835038	0.006862316575363949	0.007621422391222794	0.007666968740174324	0.00841089243971599	0.008896720161865651	0.009853193489847796	0.0107033920036097	0.012707431357477048	0.0135272656386046	0.01663959948362586	0.01726206625263011	0.020070757771307835	0.02111832379719304	0.025688140808663277	0.028329829047852056	0.03247454680244135	0.037924926560307846	0.043390488434491524	0.04937224226345921	0.05843596570481381	0.06578411000232742	0.07472637651314461	0.08429110979296604	0.09013622457507912	0.09992868959965821	0.1120288363044482	0.12557128405936996	0.14331917803414976	0.16474114415768631	0.18909325873043803	0.21177534050830027	0.23825295136545677	0.2589917222547204	0.2852112371344849	0.30711903098017107	0.3280248051489236	0.3579183921774449	0.40161252293828	0.44296860778626984	0.4896839796942231	0.5370825468364493	0.5839041935586228	0.6330638861936415	0.6745110637395344	0.712420808183525	0.7464287487340013	0.7876026481861851	0.8316763318549495	0.9068429897412921	0.9550158448156943	1.0224092591476426	1.0763513184225721	1.1280616065988764	1.1733498595730152	1.1869378536768884	1.2078284457293238	1.2203536916909947	1.3161832098850152	1.3374989011943315	1.3633236810498495	1.425008619646539	1.4550692099545492	1.5018453103277711	1.5179535357402958	1.4997046319270493	1.4888646008765851	1.4976550462242306	1.4537331837186378	1.4708889751570475	1.4992036220885825	1.5141124603120502	1.5226599917986208	1.5435809480836904	1.525240951572541	1.5053827434296734	1.4783889406177328	1.4502109327330526	1.3989864722788978	1.385611027803465	1.3868711434577907	1.4053933253647466	1.4111321653326394	1.406213159645874	1.3806920221166998	1.363202224119312	1.3279341679145102	1.2892653176546607	1.2477422295271818	1.2100146704789971	1.2080713595903987	1.194969193208675	1.2057940421428222	1.1898680021261037	1.1862546584426155	1.1637851262931935	1.134210363707333	1.1006730687626893	1.0482188568868434	1.0208606832832905	1.005010553848158	0.9956431880804597	0.9903446294857651	0.990936732022135	0.9868679248491314	0.9694236732006953	0.9428094232966842	0.9123540979644273	0.8661852822438926	0.8500922389476849	0.8149152754407862	0.8037716020639784	0.8170863180741424	0.8056997308362598	0.8007199966842259	0.7903354291232768	0.7741361110128491	0.7500572745338066	0.7249764183778303	0.6967224999115642	0.6838480652745982	0.6651133337392019	0.6611204371477843	0.6622590958715727	0.6582510171638379	0.654227756339786	0.6420213348207758	0.6287673472758805
FGC2634_s_2_1_TGTCGCTGGT-TCGTCTGACT_FGC2634_s_2_2_TGTCGCTGGT-TCGTCTGACT	0.08946832185565409	0.0008344368761019782	0.00021695358778651435	0.00003337747504407913	0.000016688737522039564	0.00003337747504407913	0	0	0	0	0	0	0	0	0	0	0	0.000016688737522039564	0	0	0	0.00003337747504407913	0.000016688737522039564	0.000016688737522039564	0.000016688737522039564	0.00003337747504407913	0.000016688737522039564	0.00005006621256611869	0.000016688737522039564	0.00003337747504407913	0.00003337747504407913	0.007493243147395764	0.008594699823850376	0.007543309359961883	0.007459865672351685	0.00685907112155826	0.007459865672351685	0.007309667034653329	0.007710196735182279	0.007559998097483922	0.00804397148562307	0.008561322348806296	0.008210858860843466	0.00836105749854182	0.00917880563712176	0.008995229524379325	0.009312315537298077	0.00924556058720992	0.01076423570171552	0.011665427527905654	0.012116023441000724	0.01416873815621159	0.01532026104523232	0.016955757322392198	0.018941717087514905	0.019275491837955697	0.021478405190864917	0.022696683029973807	0.025884231896683364	0.030023038802149175	0.033644494844431765	0.03719919593662619	0.0445422404463236	0.04766303436294499	0.0522190597064618	0.05849402501474867	0.06161481893137007	0.06633773165010727	0.07324686898423165	0.08107388688206821	0.09063653348219687	0.10552288735185616	0.11935785075762696	0.13437771452746256	0.14824605540827746	0.15482141799196103	0.17690061773361937	0.18714750257215168	0.20550511384639522	0.2227612684441841	0.2530012608341198	0.2762486722023209	0.30532045296571386	0.33546031293051726	0.3668351394719516	0.40096360770452255	0.4398817436059188	0.4502120721320614	0.48287193146269275	0.5229082127780657	0.5570533697481587	0.6073532246395859	0.6511611606349398	0.6986239301476203	0.7482228580631218	0.7983057593667625	0.8354382003533006	0.867664152508359	0.9129740748806964	0.9291955277521188	1.0193480878461767	1.06380688460489	1.1011896566542585	1.1610855356208587	1.2067459214811587	1.2313784980636893	1.270530276290394	1.2998857655916618	1.2918417941060385	1.3284401954918712	1.3483665480931866	1.3707795225852857	1.4061596461320096	1.4395704986511328	1.4668232070246234	1.4852976394615212	1.495744789150318	1.478471945815007	1.4758017478114807	1.4777877075766035	1.4773538004010303	1.486883069526115	1.5028208138596626	1.486415784875498	1.5107479641826316	1.5023368404715236	1.4956780342002298	1.4888356518161936	1.4613659898549165	1.4231988471420118	1.413068783466134	1.385665876454945	1.39200759671332	1.3897379284103226	1.3853988566545925	1.367475152555922	1.3748015083280973	1.3474987337420405	1.3187106615165223	1.292893184569927	1.2632706754683067	1.233798365004385	1.216875985157037	1.2121530724382996	1.2080142655328339	1.206846053906291	1.2054275112169177	1.17181639384753	1.158298516454678	1.128792828515712	1.0807292644522382	1.0718508560905131	1.0480193389090406	1.037638944170332	1.0446815914046326	1.0406929831368652	1.0219515308996145	1.0108201429724144	0.9810641239706178	0.9614882348572653	0.9419791006940011	0.9170461268360741	0.8923968615160215	0.8828008374408489	0.8846032210932291	0.8642596500538628	0.8656114377931481	0.8576842874701793	0.8422805827373367	0.8360723723791381
FGC2634_s_2_1_TTCACGAGAC-AGATTGTTAC_FGC2634_s_2_2_TTCACGAGAC-AGATTGTTAC	0.059402539655528296	0.0011204723070892457	0.0001400590383861557	0	0	0.000017507379798269464	0.00003501475959653893	0	0	0	0.000017507379798269464	0	0	0	0	0.000017507379798269464	0.000017507379798269464	0	0	0	0	0	0	0	0.000017507379798269464	0.000017507379798269464	0.000052522139394808396	0	0.000052522139394808396	0.000017507379798269464	0	0.00852609396175723	0.009226389153688008	0.008613630860748577	0.007808291390028182	0.008000872567809146	0.008613630860748577	0.006897907640518169	0.00821096112538838	0.00789582828901953	0.008158438985993572	0.007318084755676637	0.00882371941832781	0.008070902087002224	0.008456064442564151	0.00910383749510012	0.009594044129451668	0.008613630860748577	0.009436477711267242	0.009629058889048206	0.011729944464840542	0.013340623406281333	0.01405842597801038	0.014163470256799997	0.016264355832592333	0.01692963626492657	0.017980079052822742	0.02025603842659777	0.02359994796806724	0.026331099216597275	0.030883017964147337	0.03401683894803757	0.037588344426884544	0.03937409716630803	0.04508150298054388	0.04669218192198467	0.05187436634227243	0.05619868915244498	0.06330668535054239	0.0727606704416079	0.08042890279324992	0.09135350778737007	0.10392380648252754	0.11223981188670555	0.12330447591921184	0.1347367949274818	0.14679937960848946	0.15767146246321478	0.1681758903421765	0.18753905239906252	0.21294226048635148	0.23479147047459178	0.25492495724260167	0.28848660431588424	0.3048384970474679	0.32964645422161576	0.35244106271896264	0.36931817684449436	0.39605194579645187	0.42866819436062786	0.46690431184004844	0.5090095602548864	0.5521652514576206	0.5962488337896632	0.6363757482872968	0.6762225447081581	0.702658688203545	0.7287972062423613	0.7556360194731084	0.7857487127261319	0.9034683344896958	0.9318828119022871	0.9709417762322262	1.0303268085079564	1.0884162946786144	1.118458958412445	1.1569576865888394	1.1674971292273975	1.172661806267887	1.2063460049997576	1.2390848052225214	1.2889108081283964	1.3481032592263453	1.3839058509138065	1.4263612469246099	1.471320198246566	1.4764848752870552	1.463406862577748	1.4480879052542623	1.4480353831148676	1.4447439957127928	1.4710050654101972	1.5035162696955835	1.5331387563142553	1.5635490750238494	1.5787629880685456	1.560537805698547	1.55656363048434	1.5175046661544007	1.4806866464386401	1.454250502943253	1.4523597059250402	1.4649825267595924	1.484573284753856	1.5025008416672838	1.4851335209074006	1.4870768400650083	1.4641946946686701	1.4070856217667151	1.37608005214398	1.3325567059654821	1.3236104348885664	1.308256462805484	1.3124582339570687	1.323768001306751	1.320214003207702	1.3237329865471543	1.2919220774536988	1.2692850353745364	1.2129813019433016	1.1745000811467055	1.1469084505846328	1.1282280763398793	1.1163930875962491	1.1210325432427903	1.1344782109278613	1.130416498814663	1.1092500766385551	1.0815008796582979	1.0425994817465432	1.0064292350833184	0.9840197889415335	0.9531367709773861	0.9421946586034677	0.953311844775369	0.9457311493227183	0.9548875089572131	0.9399011918498946	0.9211332807061496	0.9038534968452577
FGC2634_s_2_1_TTCTACATAC-CTAACTGTAA_FGC2634_s_2_2_TTCTACATAC-CTAACTGTAA	0.0352514217765406	0.00030244308483209285	0.00005040718080534881	0	0	0	0	0	0.000033604787203565875	0.000016802393601782937	0	0.000016802393601782937	0	0	0.000016802393601782937	0.000016802393601782937	0	0	0	0	0	0.000016802393601782937	0.000016802393601782937	0	0.000016802393601782937	0.000016802393601782937	0	0.000016802393601782937	0	0.000016802393601782937	0.000016802393601782937	0.005628801856597284	0.005813628186216896	0.005477580314181237	0.005679209037402632	0.004503041485277827	0.004889496538118834	0.005595197069393718	0.005443975526977671	0.005175137229349144	0.005158334835747362	0.005410370739774105	0.005712813824606198	0.004956706112525966	0.005864035367022244	0.005679209037402632	0.00578002339901333	0.006250490419863252	0.007006598131943484	0.007712298663218368	0.00875404706652891	0.009123699725768136	0.009997424193060846	0.011476034830017745	0.012299352116505109	0.014248429774311929	0.016617567272163323	0.017491291739456034	0.020566129768582315	0.02542202151949758	0.028950524175872	0.032999901033901685	0.04044336139949152	0.045316055544008575	0.0521882345271378	0.058337910585390354	0.06512607760051066	0.07339285525258786	0.08473447093379134	0.09869726001687296	0.10953480389002294	0.1277822033415592	0.14172819003103906	0.16466345729747278	0.1901358859977757	0.21379365618908608	0.23800590536925528	0.26492333991931155	0.28501900266704394	0.3151624967886425	0.3532703254774862	0.3850100469912542	0.42778894110139354	0.4766334993017765	0.5200340819751819	0.5861851055854013	0.6316523826718259	0.6699114329030856	0.7011638850024019	0.7439931862933467	0.787696212051584	0.8389939197178273	0.9000034108859011	0.9382792635107627	1.0074211131820994	1.0546862463839148	1.1026570801170053	1.1467801657152872	1.1663381518677625	1.1743360912222112	1.248031389559631	1.269555255763515	1.2946748341981804	1.3299934655491281	1.3738645152433835	1.3844668256061086	1.4265064143977695	1.4349412159858643	1.4269096718442122	1.4332273718384827	1.4296988691821082	1.4186428941921352	1.442787933797897	1.4548352500103754	1.4503658133123012	1.448920807462548	1.4538775135750739	1.4413597303417456	1.450701861184337	1.4377976228981677	1.4205919718499418	1.4036719614929465	1.3962621059145601	1.3812071612473626	1.3745702157746584	1.3822489096506732	1.357734217385672	1.3599521333411073	1.3461405658004417	1.3184334187511015	1.2939187264861003	1.2731845727815	1.2480145871660293	1.2292967206936432	1.2271796190998183	1.2059749983743684	1.2084953574146358	1.2047988308222437	1.1785870968034622	1.1582393981517032	1.1363122745013765	1.102673882510607	1.0817212976891837	1.0729168434418492	1.062583371376753	1.0481837200600248	1.0510569293659298	1.0258701413568572	1.0269959017281767	1.0039430177065303	0.9682043265155381	0.9565770701431043	0.9319783659100941	0.9161673135308163	0.9257446778838326	0.9113954337479101	0.8896699388208047	0.8782947183523977	0.8658945518742818	0.851024433536704	0.8392291532282523	0.8229980410089299	0.7990378277327875	0.7827227035454563	0.7750104048822379	0.758359232822871	0.7580567897380389	0.7469336051736586	0.7339285525258786	0.723527870886375
FGC2634_s_2_1_TTGGAATTCC-ACGTCAATAC_FGC2634_s_2_2_TTGGAATTCC-ACGTCAATAC	0.03905147411142995	0.0008267914262882756	0.0003653264441738892	0.00009613853794049718	0.00003845541517619887	0.00007691083035239774	0	0	0	0	0	0	0	0	0	0	0	0	0	0	0	0	0	0	0	0	0	0	0	0.00003845541517619887	0.00003845541517619887	0.006037500182663222	0.005941361644722725	0.005402985832255941	0.005460668955020239	0.00476847148184866	0.005249164171551145	0.005056887095670151	0.0069796578544800945	0.005326075001903543	0.006095183305427521	0.006075955597839421	0.007171934930361089	0.006402826626837111	0.0072488457607134855	0.0066912422406586024	0.00817177572494226	0.007864132403532668	0.00915238881193533	0.009709992331990214	0.010979021032804777	0.011767357043916852	0.013651672387550598	0.01430541444554598	0.01430541444554598	0.014997611918717558	0.016958838092703703	0.0203813700433854	0.023669308040950403	0.026322731688108128	0.029687580516025526	0.033917676185407405	0.03872460308243226	0.04249323376969975	0.04576194405967665	0.048357684584070075	0.05458746184261429	0.059721259768636833	0.06577798765888816	0.07185394325672759	0.08119860914454391	0.0952156079762684	0.10407958117438224	0.11661604652182306	0.12947938289826158	0.14080450266765215	0.15412930402620506	0.16043599211510168	0.17116505294926115	0.1936422431197494	0.22204156722737228	0.24530709340897255	0.2743409318670027	0.2966066172540219	0.32535204009823054	0.35411669065002727	0.3817469064541262	0.3982635072723036	0.422528874248485	0.4556774421303685	0.4895951183157759	0.5399140290738321	0.5854452406424515	0.6281307514880323	0.6821798375181798	0.7256921397900488	0.7559950069488935	0.78314453006329	0.8118514974923224	0.8455961243094369	0.9301595822818982	0.9758638432188105	1.0251060023519332	1.083077540730053	1.1421258307331064	1.181888730025296	1.2081345508830517	1.2214978076567806	1.2328036997185832	1.2761621803297474	1.2887947842151288	1.3179632166262758	1.3764539031092742	1.411775201948613	1.4492115486226425	1.4978961042357102	1.5043373862777234	1.4868401723725528	1.491897059468223	1.4818794238148234	1.4759572898776887	1.4834560958370475	1.508529026531929	1.5277567341200287	1.5505223399043384	1.5596170455935092	1.5590594420734543	1.553964099562608	1.5145280712994162	1.4702851161391992	1.4525379420353837	1.4381556167594851	1.4310605926594766	1.4419242474467526	1.4489231330088208	1.4384440323733068	1.455518236711539	1.4231003217180034	1.3865869050082025	1.3604756781035634	1.3152136544411774	1.2856798955858566	1.2790271087603742	1.2749508347516971	1.2603377769847417	1.2723166388121276	1.2766428730194501	1.255377028427012	1.2327075611806428	1.1812157602597124	1.1423181078089875	1.1233403604195331	1.0949794917270865	1.0822122938885885	1.0770015851322134	1.0796550087793713	1.0788859004758473	1.0559472453232446	1.0456796494711995	1.0052437804134264	0.9808630471917164	0.9509639618922218	0.9183729975303933	0.9054327503236024	0.9164694544791715	0.9051058792946046	0.906317224872655	0.8952036098867334	0.8898006240544775	0.8546139191682555
FGC2639_s_1_1_AACATCGCGC-GTCCACTTGT_FGC2639_s_1_2_AACATCGCGC-GTCCACTTGT	0.03532362620114371	0.000873729269992954	0.0003120461678546264	0.00006240923357092529	0.00012481846714185058	0	0	0	0	0	0	0	0	0	0	0.00006240923357092529	0	0.00006240923357092529	0	0	0	0	0	0	0	0.00006240923357092529	0.00006240923357092529	0.00006240923357092529	0	0	0.00012481846714185058	0.0052423756199577246	0.005179966386386799	0.004618283284248471	0.004743101751390322	0.0053671940870995746	0.004555874050677546	0.005117557152815874	0.004680692517819396	0.005741649488525126	0.0054920125542414246	0.007364289561369183	0.007489108028511034	0.007301880327798258	0.007925972663507511	0.007426698794940109	0.008924520400642316	0.009860658904206196	0.012918711349181534	0.015415080692018546	0.0165384468962952	0.018972407005561288	0.02015818244340887	0.02290418872052958	0.026399105800501397	0.02608705963264677	0.030518115216182466	0.03613494623756574	0.04131491262395254	0.04605801437534286	0.05186207309743891	0.06328296284091825	0.07557758185439052	0.0829418714157597	0.09417553345852625	0.10971543261768665	0.11258625736194922	0.12288378090115187	0.1372379046224647	0.1597052287079978	0.17412176166288154	0.2006456859305248	0.22348746541748346	0.2546920822029461	0.28321310194485894	0.31198375862105554	0.33632335971371635	0.36384583171849444	0.3962362239418047	0.42887625309939853	0.474434993606174	0.5036425149173671	0.5560662711169443	0.5953216790330563	0.6586670511075454	0.7119021273435447	0.7522809014639334	0.775934000987314	0.8139412242320075	0.846955708791027	0.8934505878013664	0.9722110405678741	1.0197044673153484	1.0560266412536268	1.1013981540596895	1.1620599290906288	1.2068697587945532	1.2061832572252729	1.2172296915673266	1.2358900524050334	1.3187695145872222	1.3393645616656276	1.357338420934054	1.3910394070623535	1.4110727710386206	1.4180001959649933	1.4503281789547326	1.4648071211431875	1.3871700345809563	1.393223730237336	1.379930563486729	1.3975923765873008	1.4337897320584376	1.4392817446126789	1.4307316796134621	1.4203093376071176	1.4118840910750428	1.4151917804543017	1.383113434398846	1.3457927127234328	1.3509726791098198	1.3542803684890787	1.328879810425712	1.3296287212285631	1.331376179768549	1.313152683565839	1.3118420896608494	1.2984865136766714	1.2832586606853658	1.2071193957288369	1.186898804051857	1.1766012805126544	1.142713066683642	1.1656796646377425	1.160187652083501	1.1648059353677496	1.148517125405738	1.1247392074152156	1.0829250209226955	1.06838366950067	1.0245099783003095	0.9858786627199067	0.9830078379756443	0.9851297519170555	0.973896089874289	0.9891239428655949	0.9863779365884742	0.9667814372472037	0.9435027931252485	0.9106131270333708	0.8933881785677954	0.8531966321481196	0.8542575891188253	0.8511995366738501	0.850325807403857	0.8423998347403495	0.8496393058345769	0.8309789449968701	0.8192460090855361	0.7857322506579494	0.7488483936175325	0.7373650946404823	0.7147729520878072	0.7020414684393386	0.7035392900450408	0.7044130193150336	0.7011053299357747	0.7065349332564452	0.6992954621622178	0.6825697875652098
FGC2639_s_1_1_AACCATAGAA-GGCGAGATGG_FGC2639_s_1_2_AACCATAGAA-GGCGAGATGG	0.05076390641063783	0.0009791257913031035	0.00007531736856177719	0.00007531736856177719	0.00007531736856177719	0	0	0.00007531736856177719	0	0	0	0	0	0	0	0	0	0	0.00007531736856177719	0.00007531736856177719	0	0	0	0.00007531736856177719	0	0	0.00007531736856177719	0	0	0	0	0.006251341590627507	0.0045943594822684085	0.004744994219391963	0.00482031158795374	0.0042177726394595225	0.004067137902335968	0.004519042113706631	0.003615233690965305	0.004067137902335968	0.003841185796650637	0.0035399163224035276	0.005799437379256844	0.0053475331678861805	0.0042177726394595225	0.004443724745144854	0.004895628956515518	0.0053475331678861805	0.006326658959189283	0.005950072116380397	0.007531736856177719	0.010695066335772361	0.01099633581001947	0.009414671070222149	0.011674192127075465	0.013331174235434564	0.013783078446805225	0.014009030552490559	0.019883785300309178	0.021013545828735835	0.023724971096959813	0.02734020478792512	0.03313964216718196	0.037658684280888595	0.04398534324007788	0.044512564820010314	0.051667714833379154	0.05211961904474982	0.0637184938032635	0.06891539223402614	0.07735093751294517	0.09444798017646859	0.10310947756107297	0.1185495381162373	0.13150412550886298	0.1436302218473091	0.15831710871685564	0.1749622471690084	0.20275435616830417	0.20945760197030233	0.23318257306726217	0.2608240473294344	0.2926079768625044	0.3265761100838659	0.3637075727848221	0.4019687960142048	0.4290077313278829	0.4655366550803448	0.49069265617997837	0.5207442862361275	0.5684201805357324	0.6146650448326636	0.669646723882761	0.7097155639576265	0.7625130393194323	0.8118459157273963	0.8489020610597907	0.9139762674971661	0.9372493343827554	0.9639870002221862	1.0811055083357497	1.1086716652293602	1.1259946599985688	1.179997213257363	1.2397238865268525	1.2626956839381946	1.2913916013602316	1.3231002135247398	1.326112908267211	1.3738641199353778	1.3538296998979449	1.3938985399728103	1.435323092681788	1.4627386148382748	1.485710412249617	1.4750153459138444	1.4994934906964221	1.4646968664208808	1.4989662691164896	1.5022802333332077	1.4923383406830533	1.4797603401332364	1.4905307238375707	1.4973092870081306	1.5090587965037678	1.4820951785586516	1.499870077539231	1.4993428559592985	1.4959535743740184	1.4350218232075407	1.4183013673868263	1.4042923368343356	1.3733368983554453	1.3800401441574435	1.3831281562684763	1.3276945730070082	1.3539050172665066	1.3423814598765549	1.305852536124093	1.2968144518966795	1.2512474439168044	1.2434897549549413	1.212157729633242	1.1961151301295836	1.1964917169723925	1.1982240164493132	1.1896378364332707	1.1714110332413206	1.1389492473911946	1.1271244205269957	1.0892397841404218	1.082084634127053	1.0521083214394655	1.0249940687572257	1.0268016856027085	1.0120394813646	1.00187163660876	1.0040558402970519	0.9874107018448989	0.940713933336597	0.9362702085914523	0.9300941843693865	0.8910797874543859	0.8835480505982083	0.8770707569018954	0.8739074274223007	0.8576388758129568	0.8543249115962387	0.842726036837725	0.8336126352417499
FGC2639_s_1_1_ACAGTGTATG-GAACATACGG_FGC2639_s_1_2_ACAGTGTATG-GAACATACGG	0.035994390171966505	0.0007222954549558497	0.00018057386373896241	0.00012038257582597496	0	0.00006019128791298748	0	0	0	0	0	0	0	0	0.00006019128791298748	0	0	0.00006019128791298748	0.00006019128791298748	0	0	0.00006019128791298748	0	0	0	0	0.00006019128791298748	0	0.00006019128791298748	0	0.00012038257582597496	0.009088884474861109	0.009149075762774095	0.007945250004514346	0.008005441292427334	0.005778363639646797	0.00644046780668966	0.006621041670428622	0.00619970265503771	0.006019128791298747	0.007102571973732522	0.007042380685819534	0.006861806822080573	0.006741424246254598	0.006139511367124722	0.008426780307818247	0.006139511367124722	0.006741424246254598	0.007584102277036421	0.008246206444079284	0.009450032202339035	0.00999175379355592	0.010352901521033846	0.012700361749640359	0.011737301143032557	0.01288093561337932	0.017034134479375455	0.01974274243545989	0.023233837134413165	0.02455804546849889	0.02455804546849889	0.03184119130597037	0.03755936365770419	0.03828165911266003	0.044722126919349695	0.05218584662056014	0.060010714049248515	0.06368238261194074	0.0730722235263668	0.08029517807592529	0.09480127846295527	0.10382997164990339	0.12182716673588664	0.13819919704821923	0.15270529743524922	0.17124421411244936	0.18075443760270138	0.20669688269319897	0.2215641308077069	0.2535858959774162	0.27182385621505145	0.3132354622991868	0.3385158032226416	0.3809506612012977	0.41453739985674476	0.46882994155425944	0.4859844586094609	0.5333550021969821	0.5558665438764393	0.5948103071561422	0.6525337522646971	0.6976170269115248	0.7374034682220095	0.7989791557569956	0.8420761179026949	0.8932387126287342	0.9234547391610538	0.9775667069948295	0.9853313831356049	1.023613042248265	1.142972366179719	1.172646671120822	1.2164057374335637	1.2481867374516211	1.292186568916015	1.3276994287846777	1.3529195784202195	1.3564106731191727	1.3572533511499545	1.3857238303327977	1.3709167735062027	1.4037210254187809	1.4344185822544047	1.4550641940085591	1.4820900822814906	1.4931050879695673	1.504782197824687	1.4680655121977646	1.470954694017588	1.4298440443730176	1.436826233770924	1.4568097413580359	1.4559670633272541	1.4489246826414344	1.4576524193888176	1.4615648531031618	1.4418823019556148	1.4437482318809174	1.3853024913174068	1.3713381125215938	1.354905890921348	1.321258960977988	1.3082576427887829	1.307715921197566	1.3142767715800816	1.3112070158965192	1.306692669303045	1.2968814893732281	1.2623918813990862	1.2182716673588665	1.1878148756748947	1.1752348965010806	1.1669886900570012	1.1396016540565919	1.1545290934590127	1.1446577222412828	1.157719231718401	1.1358096029180735	1.105413002522015	1.0880177203151618	1.047388600973895	1.0363134039979052	1.0221082600504403	1.0005597789775909	1.0023655176149804	0.9716077694914439	0.9886419039708192	0.989364199425775	0.9454847505372073	0.9257420081017473	0.9153289152928006	0.8737367353449262	0.8774084039076184	0.8583277656392014	0.8470719947994728	0.8379831103246116	0.845627403889561	0.8275098262277517	0.8310611122146181	0.8066836406098581
FGC2639_s_1_1_ACATATCCAG-TATGTGCAAT_FGC2639_s_1_2_ACATATCCAG-TATGTGCAAT	0.04684499806597906	0.0015055252777694138	0.00005790481837574668	0	0.00005790481837574668	0.00005790481837574668	0	0	0	0	0	0	0	0	0	0	0.00005790481837574668	0	0	0	0	0.00005790481837574668	0.00005790481837574668	0	0	0	0.00011580963675149336	0	0.00011580963675149336	0	0.00005790481837574668	0.00787505529910155	0.00839619866448327	0.0077592456623500556	0.006659054113210869	0.006369530021332135	0.007585531207222815	0.006659054113210869	0.0068906733867138545	0.006774863749962362	0.006601149294835122	0.00822248420935603	0.008917342029864989	0.008859437211489242	0.008859437211489242	0.011117725128143362	0.01082820103626463	0.011580963675149335	0.014070870865306445	0.015286872051197125	0.017660969604602738	0.019513923792626633	0.022409164711413965	0.025072786356698313	0.027215264636600938	0.03040002964726701	0.03196345974341217	0.03873832349337453	0.04035965840789543	0.04985604862151789	0.05859967619625564	0.06566406403809673	0.0749288349782162	0.07718712289487033	0.08795741911275921	0.0950218069546003	0.10411286343959254	0.11007705973229444	0.12339516795871618	0.12721688597151548	0.14678871458251785	0.16132282399483025	0.17805731650542106	0.19409695119550288	0.21262649307574183	0.21824326045818926	0.24030499625934876	0.2516543406609951	0.26016634896222984	0.28859761478472146	0.30052600737012525	0.32229821907940603	0.36103654257278056	0.3861093289294789	0.4108346863759227	0.43718137873688745	0.44858862795690957	0.4712294119418265	0.4982709621233002	0.5062618270591532	0.527802419494931	0.5612714045161126	0.5959563907231848	0.6252562288213127	0.668163699237741	0.6839138098359441	0.7051648781798431	0.7343489066412194	0.7612167423675659	0.7611588375491901	0.8417044399098538	0.860176076971717	0.8780686658498228	0.9176755616188335	0.9540976923771781	0.9717007571634051	1.0033167879965628	1.015129370945215	1.0204566142357838	1.0577473172697647	1.0609899870988064	1.0756399061478703	1.1267698607736547	1.1295492920556907	1.1804476274079718	1.1953870705489145	1.2088209884120877	1.2304194856662412	1.2318671061256348	1.2367311108691976	1.2521337925571463	1.2584454177601025	1.2957940256124594	1.2838077282086797	1.3210984312426606	1.3371380659327425	1.336559017748985	1.3873994482828906	1.3560729415416115	1.3497034115202795	1.3607053270116714	1.3389910201207662	1.3563045608151145	1.3856623037316183	1.397127457770016	1.3668432377595006	1.4030916540627179	1.3935373590307196	1.3654535221184825	1.3708965750458026	1.3543357969903391	1.3275258660823683	1.3297262491806467	1.3307685359114103	1.3352272069263427	1.3623266619261922	1.3575205620010051	1.3508036030694186	1.33308472864644	1.3195350011465152	1.2759326729095781	1.2683471417023553	1.277785627097602	1.2712423826211425	1.273442765719421	1.2669574260613374	1.2523075070122736	1.2670153308797132	1.2347044422260467	1.2200545231769826	1.1967767861899326	1.1919706862647454	1.163944754170884	1.1503950266709595	1.153463982044874	1.1531165531346195	1.1306494836048298	1.1336026293419927	1.126943575228782	1.1129306091818514
FGC2639_s_1_1_ACCACGACAT-TCGTATGCGG_FGC2639_s_1_2_ACCACGACAT-TCGTATGCGG	0.045574253872349695	0.0007674894397107808	0.00014618846470681538	0.000036547116176703844	0	0	0.000036547116176703844	0.000036547116176703844	0	0	0	0	0	0	0.000036547116176703844	0	0	0.000036547116176703844	0.000036547116176703844	0	0	0	0	0.000036547116176703844	0.00014618846470681538	0	0.000036547116176703844	0.000036547116176703844	0.000036547116176703844	0.00014618846470681538	0.000036547116176703844	0.004897313567678315	0.005080049148561834	0.005372426077975465	0.0047511251029714995	0.004385653941204461	0.003983635663260719	0.0034719760367868655	0.004166371244144239	0.0037643529662004962	0.0033988818044334576	0.004495295289734573	0.0044222010573811655	0.003983635663260719	0.005737897239742504	0.004385653941204461	0.004933860683855019	0.004495295289734573	0.005372426077975465	0.006066821285332838	0.006724669376513508	0.008588572301525405	0.008990590579469146	0.010671757923597522	0.010379380994183892	0.011914359873605453	0.013193508939790089	0.01626346669863321	0.018017728275114994	0.020795309104544486	0.024669303419275094	0.028324015036945482	0.031759443957555644	0.035377608459049324	0.04352761536645428	0.05010609627826097	0.051896904970919464	0.061252966712155646	0.07137651789310262	0.07879558247697349	0.09016173560792838	0.10722923886244907	0.12228665072725106	0.13339697404496903	0.15517905528628453	0.17531651629964834	0.20177662841158192	0.21588381525578962	0.23792172631034203	0.26697668367082156	0.2910246861150927	0.32176081081970065	0.3654711617670385	0.4009218644584412	0.4439743673145983	0.5052638811429306	0.5419206386681646	0.5604865736859301	0.6065724871847538	0.6389532321173133	0.6878167264455664	0.7398232727650159	0.7842280189197112	0.8389025047200601	0.8994610762248584	0.9406131290398267	0.9834098020827471	1.0403867562022284	1.0484271217611032	1.079674906092185	1.1744781254545547	1.1824088496648995	1.222574130343097	1.2647495024110131	1.318327574726061	1.3166829544981096	1.3592968919601462	1.3726731364808196	1.3774242615837913	1.3891558858765132	1.3923720321000632	1.3915679955441755	1.4232908923855545	1.4436841832121552	1.4159083749178605	1.4624328538108042	1.4602765739563788	1.4397005475488946	1.4526747737916246	1.4418933745194968	1.4098050065163508	1.435936194582694	1.4179550134237557	1.3976348168295083	1.3961363850662636	1.4121805690678366	1.3905812234074046	1.4111572498148888	1.370151385464627	1.368689500817559	1.330570858645257	1.3072903456406966	1.2942430251656134	1.2836443614743691	1.3014793541686007	1.2708528708125229	1.276371485355205	1.2473165279947256	1.2470606981814887	1.2257537294504703	1.1958947355341032	1.1666570425927403	1.1629292367427162	1.1280267407939641	1.1246644061057074	1.131498716830751	1.1313159812498677	1.0995565372923117	1.0993738017114283	1.0811733378554298	1.0389979657875137	1.0228806875535872	1.0114048930741022	0.9966764052548905	1.0003311168725608	0.9719340076032621	0.9812169751121449	0.9599100063811264	0.9561456534149261	0.9255191700588482	0.9153956188779013	0.9111561534014035	0.8695655351923145	0.8503782991995451	0.8527173146348541	0.8431054230803811	0.8429226874994975	0.8293637073979404	0.8260013727096835	0.8147083138110821
FGC2639_s_1_1_ACCGGCCGTA-TGGCAATATT_FGC2639_s_1_2_ACCGGCCGTA-TGGCAATATT	0.035819628271857716	0.0007143515609772193	0.0004082008919869825	0.00003401674099891521	0.00003401674099891521	0.00003401674099891521	0.00003401674099891521	0	0	0	0	0	0.00003401674099891521	0	0.00003401674099891521	0	0.00003401674099891521	0	0.00003401674099891521	0	0.00003401674099891521	0	0.00006803348199783042	0.00003401674099891521	0	0	0	0.00010205022299674562	0	0	0	0.00653121427179172	0.006088996638805822	0.005136527890836197	0.005374645077828603	0.004660293516851383	0.005204561372834027	0.005374645077828603	0.005476695300825348	0.004830377221845959	0.005272594854831857	0.005680795746818839	0.005578745523822094	0.0058168627108145	0.005306611595830772	0.005952929674810161	0.0059189129338112455	0.006361130566797144	0.007177532350771108	0.007687783465754836	0.008980419623713614	0.010205022299674562	0.011939876090619236	0.011055440824647442	0.012654227651596456	0.014627198629533539	0.01595385152849123	0.017008370499457602	0.02000184370736214	0.023301467584256916	0.02619289056916471	0.02888021310807901	0.03684013050182517	0.04044590504771018	0.046228751017525764	0.05201159698734135	0.056739923986190564	0.0657543603509031	0.0679994652568315	0.07684381791654944	0.09099478217209818	0.10551993057863497	0.11650733792128458	0.13358374190274	0.14885725861125296	0.15841596283194812	0.1843367194731215	0.19430362458580366	0.21617638904810615	0.22981710218867116	0.2566563108368152	0.28631890898786927	0.3190430138288257	0.34989619791484183	0.38462729047473426	0.42558344663742814	0.45575629590346595	0.4815750023216426	0.5076998594088095	0.5535204095343482	0.5808018358154783	0.6254658167470539	0.6903697585729841	0.7441502260922691	0.7964679737486007	0.8459623319020223	0.8903201621646076	0.9347800426501898	0.9517203796676496	0.9701914700300607	1.0663567968339938	1.1041153793427898	1.146500238627438	1.203852463951609	1.258483349995867	1.2837918052990598	1.3456682571760867	1.3512810194409075	1.356281480367748	1.3560093464397567	1.3717590975222547	1.386794497043775	1.438227809434135	1.4537734600706391	1.4821774388047333	1.504798571569012	1.5013628807281214	1.5114998695457982	1.4856811631276217	1.4996960604191747	1.4667338383912258	1.464284633039304	1.471496182131074	1.481088903092768	1.5009546798361346	1.4865315816525944	1.4853750124586313	1.4936750972623667	1.4585017870694883	1.421423539380671	1.3885293508347198	1.3682893899403652	1.3489678810529815	1.3482875462330033	1.3476412281540238	1.3325718118915042	1.3291701377916127	1.3330820630064881	1.2994735228995598	1.2698109247485057	1.238413472806507	1.2027639282396438	1.1853133401072005	1.1809591972593392	1.160140951768003	1.165039362471847	1.1737816649085682	1.1522830845972536	1.1374177687807276	1.113231865930499	1.0709150401278484	1.0459467522346448	1.0240399710313435	1.0113857433797468	1.007745952092863	1.0017249889360549	1.0056709308919292	0.9799202579557502	0.9735931441299521	0.9380796665270845	0.9381136832680835	0.9115466085479309	0.8637871041854539	0.854840701302739	0.8574259736186567	0.850894759346865	0.8496361399299052	0.8274912415396112	0.8394991511122284	0.8144288129960278
FGC2639_s_1_1_ACCGTTACAA-CTCATAGCGA_FGC2639_s_1_2_ACCGTTACAA-CTCATAGCGA	0.03627487041067578	0.000783574074944712	0.00036874074115045264	0	0.00004609259264380658	0	0	0	0	0	0	0	0	0	0	0	0	0	0	0.00004609259264380658	0	0.00004609259264380658	0	0	0	0.00004609259264380658	0	0	0.00009218518528761316	0.00004609259264380658	0.00004609259264380658	0.004978000005531111	0.005853759265763436	0.004102240745298786	0.004839722227599692	0.004563166671736852	0.0036874074115045273	0.00377959259679214	0.004470981486449238	0.004978000005531111	0.004332703708517819	0.004609259264380659	0.005208462968750144	0.00364131481886072	0.00405614815265498	0.005116277783462531	0.004885814820243499	0.005208462968750144	0.005577203709900597	0.005485018524612984	0.007420907415652859	0.008204481490597573	0.008665407417035639	0.009541166677267962	0.01106222223451358	0.011661425938883066	0.01364340742256675	0.0153949259430314	0.015441018535675206	0.017976111131084566	0.02157133335730148	0.02493609262029936	0.029960185218474277	0.0307898518860628	0.03844122226493469	0.04157551856471354	0.04540120375414949	0.051162777834625306	0.057154814878320165	0.06807875933490232	0.07522311119469234	0.08983446306277904	0.09919125936947176	0.11251201864353186	0.13113342607162973	0.13823168533877594	0.15431800017146444	0.16358261129286955	0.18496957427959582	0.2098134817146076	0.23152309284984046	0.25673574102600266	0.29121300032357	0.33324944481472163	0.3654681670727424	0.40261879674365053	0.43483751900167134	0.46369148199669424	0.4881205560979117	0.5239805931747933	0.5680912043349162	0.6130775747552714	0.680372760015229	0.7174772970934933	0.7742172786380193	0.8169451120188279	0.8632681676258535	0.8977915195160646	0.9350804269649041	0.9398740565998601	1.0534922974668433	1.080686927126689	1.113136112347929	1.1719502605614263	1.226754353214912	1.263490149552026	1.287780945875312	1.3092140014546823	1.2881035940238188	1.3076929458974367	1.340741334823046	1.3527715015030795	1.3908439830268637	1.41223094601359	1.4668967608891446	1.458231353472109	1.4708146312638681	1.4850572423908044	1.4580930756941775	1.4604898905116555	1.436521742336876	1.4302531497373183	1.4353233349281371	1.47035370533743	1.454636131245892	1.48464240905701	1.4792495757176847	1.4730731683034146	1.4460168164215002	1.393148612659054	1.377891964493954	1.3713468163385334	1.342585038528798	1.35507613113527	1.3620822052171284	1.3571502978042411	1.3591783718805686	1.3583026126203361	1.3108272421972154	1.2986127051466068	1.2506303162044041	1.2333916865556203	1.2116820754203874	1.2088243346764715	1.2138023346820026	1.221084964319724	1.2245880013606534	1.2094696309734847	1.175315019824424	1.1532827605406846	1.1106471123451633	1.1058073901175638	1.0605905567339895	1.0585163900650183	1.080686927126689	1.0781057419386362	1.0653380937763015	1.0587007604355934	1.0256984641026279	1.0098887048258023	0.9841690381305582	0.9560525566178362	0.9247556862126916	0.9118036676797818	0.9247556862126916	0.9137856491634655	0.9128637973105894	0.9112966491607	0.9009258158158435	0.8971001306264076
FGC2639_s_1_1_ACGCCTTGTT-TAAGGAACGT_FGC2639_s_1_2_ACGCCTTGTT-TAAGGAACGT	0.03388162440647961	0.0005596710511870838	0.00004305161932208337	0.00008610323864416674	0.00004305161932208337	0.00004305161932208337	0.00004305161932208337	0	0	0	0	0	0	0	0	0	0	0.00004305161932208337	0	0	0.00004305161932208337	0	0	0	0	0.00008610323864416674	0.00004305161932208337	0	0	0.00004305161932208337	0.00017220647728833347	0.006414691278990423	0.007060465568821672	0.006414691278990423	0.005682813750515005	0.0052092459379720875	0.0058550202278033385	0.005252297557294171	0.006156381563057922	0.005725865369837088	0.005725865369837088	0.005682813750515005	0.006156381563057922	0.006156381563057922	0.00727572366543209	0.006371639659668339	0.006113329943735838	0.006716052614245006	0.00727572366543209	0.007964549574585424	0.009772717586112926	0.010117130540689592	0.011064266165775426	0.01149478235899626	0.012528021222726261	0.014207034376287512	0.01610130562645918	0.01739285420612168	0.019071867359682936	0.02195632585426252	0.025443507019351275	0.027294726650200857	0.03370941792919128	0.0377993217647892	0.039779696253605036	0.04662490372581629	0.05058565270344796	0.055321330828877135	0.06358724173871713	0.06896869415397756	0.0766318823933084	0.08743783884315133	0.10250590560588049	0.12011401790861259	0.12571072842048345	0.1493891190476293	0.16549042467408848	0.18064459467546184	0.19356008047208684	0.21271805107041394	0.24423183641417898	0.25413370885825814	0.2979172057088169	0.32318850625087986	0.3553911175037982	0.3914683744957041	0.43779191688626584	0.46577546944562	0.4888080857829346	0.5250144976328067	0.5479179591121551	0.5934665723549193	0.6490031612804068	0.6952836520516464	0.7509493958351002	0.7960244412653216	0.8429937579457145	0.8867772547962732	0.9296566676410684	0.950665857870245	1.0493832209757823	1.065226216886309	1.0805095417456485	1.1326020011253692	1.1802601437149156	1.224904672951916	1.2690756343763736	1.2987812517086113	1.2974897031289485	1.3179392223069382	1.34463122628663	1.363186474214448	1.370074733305981	1.3995650925416083	1.423760102600619	1.4399044598464004	1.446448305983357	1.4741304972074567	1.4816214789694993	1.4576847786264209	1.4580291915809975	1.4491175063813262	1.4599234628311692	1.4540684426033659	1.4585027593935405	1.4751637360711867	1.4340494396185972	1.4680171672637208	1.4465774608413233	1.419110527713834	1.4006844346439826	1.3952168789900778	1.3692998041581836	1.3736910693290363	1.366372294044282	1.3521652596679945	1.3780392828805668	1.348936388218838	1.3299936757171216	1.3065735948059083	1.28263689446283	1.2596903813641596	1.2345482356800628	1.22374227923022	1.225894860196324	1.2162082458488552	1.2234839695142874	1.1969211203925618	1.185641596130176	1.1614896376904873	1.127263600329431	1.1064696681968647	1.0860632006381972	1.0830926389049735	1.078701373734121	1.0582088029368093	1.0619112421985084	1.053430073192058	1.02970863094559	0.998194845601825	0.9901441927885954	0.9738276290655259	0.9347367587210742	0.9355547394881937	0.9396446433237917	0.9132540006793546	0.9028355088034105	0.9055908124400236	0.8837636414437274	0.8788127052216879
FGC2639_s_1_1_ACGGTCAGGA-CGGCCTCGTT_FGC2639_s_1_2_ACGGTCAGGA-CGGCCTCGTT	0.04132380389774993	0.0009984274767241594	0.00022187277260536875	0.00005546819315134219	0	0.00016640457945402658	0.00005546819315134219	0	0.00005546819315134219	0	0	0	0	0	0	0	0	0	0	0	0	0.00011093638630268438	0.00005546819315134219	0	0	0	0.00005546819315134219	0	0	0	0.00005546819315134219	0.004992137383620797	0.006434310405555694	0.004603860031561402	0.004492923645258717	0.004770264611015428	0.0047147964178640865	0.003938241713745295	0.004825732804166771	0.0039937099068966374	0.0047147964178640865	0.0041046462931993224	0.004215582679502007	0.0041046462931993224	0.005103073769923482	0.004492923645258717	0.004160114486350664	0.00504760557677214	0.005158541963074824	0.006212437632950325	0.008042888006944618	0.006933524143917774	0.007543674268582538	0.009318656449425488	0.008930379097366093	0.010705361278209043	0.012535811652203334	0.013201429970019442	0.014754539378257023	0.018581844705699634	0.021133381590661374	0.024406004986590565	0.026957541871552308	0.02912080140445465	0.03217155202777847	0.03566604819631303	0.040547249193631146	0.046704218633430127	0.05297212445953179	0.05835253919521199	0.06700557732682137	0.07377269689128511	0.08431165359004013	0.09390765100522233	0.10161772985325888	0.11537384175479175	0.1264674803850602	0.14416183400033836	0.15508906805115277	0.17372638095000376	0.19380586687078963	0.21737984896011003	0.2430616223891815	0.2656926451949291	0.2952571921445945	0.32626391211619477	0.34162860161911657	0.37080487121672256	0.3857258151744336	0.4210035860186872	0.46288207184795055	0.49788250172644755	0.5640560561559987	0.5990010178413443	0.6331139566294197	0.6819814347957522	0.7153732870728602	0.7569189637432155	0.7918639254285611	0.8091700016917799	0.9178321920752592	0.966588733855289	1.0012008863817266	1.072754855546958	1.1074224762665468	1.139205750942266	1.1817498550893453	1.2161956030363288	1.2125901704814916	1.2446507861229674	1.2505304145970098	1.3178688010827393	1.3643511469435639	1.3840423555122903	1.4306356377594178	1.4691860319996006	1.465192322092704	1.4820546528107121	1.4669118360803957	1.4792812431531448	1.444280813274648	1.4832749530600415	1.514115268452188	1.5203831742782896	1.5660334972418442	1.5638147695157905	1.555771881508846	1.5371900368031461	1.5020232023451952	1.4697961821242655	1.4528229150199548	1.4635837444913151	1.4612540803789587	1.462918126173499	1.4895428588861432	1.45759317963097	1.4823874619696202	1.4293044011237857	1.4153264164496475	1.3892008974753651	1.3255234117376244	1.3002299156606123	1.306497821486714	1.3138750911758426	1.2999525746948557	1.3235820249773274	1.312654790926513	1.2903565772796732	1.2605701575574026	1.236330557150266	1.1796975319427458	1.1625023920658295	1.1269472802558194	1.138762005397055	1.133215186081921	1.1175731556132424	1.129998030879143	1.10176472056511	1.0817407028374755	1.0475168276630973	1.0254959549820144	1.005139128095472	0.9721910213635746	0.9554950952250205	0.9784589271896762	0.9523334082153941	0.9493381257852216	0.9698058890580669	0.9376898052234397	0.9137830139752112
FGC2639_s_1_1_ACTCGGCAAT-GACAACTGAA_FGC2639_s_1_2_ACTCGGCAAT-GACAACTGAA	0.03216285757529892	0.0006148781595277736	0.00023649159981837446	0.00004729831996367489	0	0	0.00004729831996367489	0.00004729831996367489	0	0.00004729831996367489	0	0.00004729831996367489	0	0	0.00009459663992734979	0	0	0.00004729831996367489	0.00009459663992734979	0.00004729831996367489	0.00004729831996367489	0	0.00004729831996367489	0.00004729831996367489	0	0	0.00004729831996367489	0.00009459663992734979	0.00009459663992734979	0	0.00004729831996367489	0.007662327834115332	0.006669063114878159	0.005864991675495687	0.0064325715150597845	0.005723096715604661	0.0064325715150597845	0.005723096715604661	0.006196079915241411	0.005013621916149538	0.00629067655516876	0.006385273195096111	0.0064325715150597845	0.006148781595277735	0.005864991675495687	0.006385273195096111	0.0070001513546238845	0.006952853034660209	0.008560995913425155	0.008088012713788407	0.008655592553352505	0.009979945512335402	0.012628651430301197	0.01267594975026487	0.011966474950809746	0.01489897078855759	0.01537195398819434	0.018588239745724232	0.01962880278492508	0.0224194036627819	0.02866278189798698	0.028710080217950656	0.03623051309217497	0.03883192069017709	0.04422392916603602	0.0500889208415317	0.055433630997426965	0.06058914787346754	0.065177084909944	0.07359618586347813	0.08286665657635842	0.09899538368397154	0.11403624943242016	0.12552974118359314	0.14080709853186013	0.15528038444074466	0.16483464507340698	0.18753783865597093	0.201207053125473	0.21927501135159677	0.2439174360526714	0.26851256243378235	0.31240540336007266	0.33752081126078404	0.3714810049947026	0.39952890873316177	0.4438474345391252	0.4571382624489178	0.48835515362494325	0.5232140154381716	0.5774651884365067	0.609722642651733	0.6725348115634933	0.7124545936128349	0.7614556530952021	0.8103148176176782	0.8582280157408809	0.902735734826699	0.9131413652187075	0.9555206599061601	1.0676176782200695	1.0937736491599819	1.1263621916149538	1.1993434993189043	1.2327361132132586	1.2855683366126835	1.3101634629937944	1.319812320266384	1.334522097775087	1.3549549719993945	1.3569887997578327	1.3824352958982897	1.4124697290752233	1.4723494021492356	1.4657276373543213	1.4977958982896928	1.5290127894657182	1.5169044195550174	1.508816406841229	1.4775049190252763	1.4723021038292718	1.4701263811109428	1.5146341001967611	1.4827077342212804	1.5056001210836991	1.5214923565914937	1.5038027849250795	1.507492053882246	1.4772211291054942	1.4301593007416376	1.3942598758892084	1.375718934463448	1.3778473588618132	1.3598266989556531	1.3874489178144391	1.3617186317542	1.3753878462237021	1.351407598002119	1.3138054336309974	1.2863251097321025	1.2593650673528076	1.2211480248221582	1.1825525957317995	1.1971677766005753	1.189032465566823	1.1831201755713636	1.2087558649916756	1.1592818223096717	1.152518162554866	1.1127875737853792	1.0814760859694263	1.0529551990313304	1.0450563795973966	1.0310087785681852	1.0196571817769033	1.0139340850612986	1.0192787952171938	1.0062244589072198	0.9781292568487967	0.9528246556682307	0.9314458150446496	0.8947423187528379	0.8858029362797034	0.8655119570152868	0.8456466626305434	0.8522684274254578	0.8508967761465113	0.8585591039806266	0.831740956561223	0.8069566369002573
FGC2639_s_1_1_ACTCTATTGT-ATCGCATATG_FGC2639_s_1_2_ACTCTATTGT-ATCGCATATG	0.028612163108927093	0.0006859080197345537	0.00009798685996207909	0.00009798685996207909	0	0.000048993429981039547	0	0	0	0	0	0	0	0	0	0	0	0	0	0.000048993429981039547	0	0.00009798685996207909	0	0.00014698028994311862	0	0	0	0	0	0.000048993429981039547	0.000048993429981039547	0.007838948796966326	0.006663106477421378	0.007104047347250733	0.008279889666795683	0.006810086767364496	0.007006060487288655	0.006026191887667864	0.0057322313077816265	0.0063691458975351405	0.00646713275749722	0.006810086767364496	0.007642975077042168	0.0052912904379522705	0.006957067057307615	0.0065651196174592984	0.009259758266416474	0.00646713275749722	0.009455731986340633	0.008818817396587117	0.010925534885771818	0.010484594015942462	0.011905403485392608	0.014649035564330823	0.014649035564330823	0.015481923874008496	0.017343674213288	0.017588641363193193	0.023075905521069622	0.02356583982088002	0.025133629580273285	0.0323356637874861	0.03542224987629159	0.040272599444414504	0.045269929302480534	0.048552489111210184	0.05227598978976919	0.06040889916662176	0.06996261801292447	0.07491095444100945	0.08211298864822228	0.0944103395734632	0.1011224394808656	0.1166043633548741	0.1371816039469107	0.14987090231199995	0.16951726773439682	0.17965890774047202	0.18578308648810193	0.21493417732682046	0.23507047704902773	0.2567255731006472	0.2696108451856606	0.310961300089658	0.33805466686917285	0.382834661871843	0.416346167978874	0.44324356103846474	0.4701899475280365	0.4966953931477789	0.5257484971265354	0.5782204606362287	0.6192279615303588	0.6628811076434651	0.7241718885497456	0.7699317521520364	0.8227956631015781	0.8666937763645894	0.8951099657535924	0.9051536188997055	1.02224791655439	1.040865419947185	1.0687916750363777	1.1148944926485358	1.1594785139312818	1.1998001068056774	1.2633935789210666	1.2968070981681357	1.2962681704383443	1.3123870089021061	1.3374226516224175	1.3448696529795354	1.3637811169522167	1.4141463629727253	1.416302073891891	1.4496176062789978	1.5011586946190516	1.4903801400232228	1.4895962451435263	1.5211970074812968	1.4999828522995067	1.4885673831139246	1.4875875145143036	1.4902821531632608	1.4889103371237917	1.5057640770372693	1.5247735278699126	1.502726484378445	1.511496308345051	1.4677451753719826	1.4454531647306095	1.417428922781455	1.4009671303078257	1.4032208280869536	1.3712281183093347	1.359028754244056	1.3862201078835328	1.3729428883586712	1.3500629565575257	1.337030704182569	1.303225237495652	1.260062025682356	1.2532029454850104	1.2357612844117605	1.2102357073916388	1.2145961226599513	1.1997511133756962	1.2190545247882258	1.185738992401119	1.1678073970280585	1.1203817568064123	1.1033320431730105	1.0760916961035525	1.0552204949316297	1.066684957547193	1.0504681322234688	1.0365050046788726	1.0140660137475566	1.0173485735562862	0.9984861030135859	0.9810934353703168	0.947973876703134	0.9412617767957318	0.9105428961976199	0.9231342077027471	0.8775703178203803	0.8844293980177258	0.8671837106643999	0.8761005149209491	0.85728703780823
FGC2639_s_1_1_ACTGGATCTA-TCGCCGCTAG_FGC2639_s_1_2_ACTGGATCTA-TCGCCGCTAG	0.0604571571881319	0.0013826952353752564	0.0002860748762845358	0.00004767914604742263	0	0	0.00009535829209484526	0	0	0	0.00004767914604742263	0	0	0	0	0	0	0	0.00004767914604742263	0	0	0	0.00004767914604742263	0	0	0.00004767914604742263	0.00004767914604742263	0	0	0	0.00004767914604742263	0.006865797030828859	0.006150609840117519	0.006484363862449477	0.006484363862449477	0.006007572401975252	0.006198288986164942	0.006436684716402055	0.006293647278259787	0.005959893255927828	0.006436684716402055	0.007676342513635043	0.0062459681322123645	0.007580984221540198	0.006198288986164942	0.006436684716402055	0.007437946783397931	0.008010096535967001	0.009535829209484526	0.010107978962053598	0.012444257118377308	0.011442995051381431	0.014780535274701016	0.017069134284977305	0.016544663678455654	0.017879679767783485	0.020645070238534	0.02426868533813812	0.02593745544979791	0.030610011762445332	0.03528256807509275	0.04043191584821439	0.04453232240829274	0.048966482990703046	0.054878697100583455	0.05778712500947623	0.06193521071560199	0.07004066554366384	0.08134062315690302	0.08811106189563703	0.1008890730363463	0.11609872062547412	0.1299733521252741	0.15204879674523078	0.1607740804719091	0.17040526797348848	0.18418454118119362	0.2029224455778307	0.2296227673643874	0.24964800870430492	0.28202214887050486	0.3139194975762306	0.3562585792663419	0.38834664455625734	0.4129967630627749	0.4353106034129687	0.44842236857600987	0.4714037169708676	0.5096423921009006	0.5592763831362675	0.6161099252247952	0.6975459066737931	0.7529967535269456	0.8152657182648796	0.855363880090762	0.8618959230992589	0.8770578915423393	0.8851156672243538	0.9207319893217785	0.9667423652575413	1.1072051295132483	1.1534539011792484	1.2183452189497905	1.2883858844934544	1.3050735856100524	1.3145617356734893	1.3074575429124233	1.280900258564009	1.2853344191464193	1.2943934568954296	1.332441415441273	1.3802159197807904	1.4548814624910542	1.5103323093442067	1.5403224922080354	1.5274491227752314	1.4860636240060687	1.4373355367456027	1.3917542731242667	1.3796437700282211	1.392135706292646	1.4434861465857203	1.4738577626179286	1.506517977660413	1.5332182994469696	1.530119154953887	1.4807712387948047	1.4240330549983717	1.364720197315378	1.3208077038057018	1.3167549763916708	1.3172794469981925	1.3378291589446316	1.3817416524543078	1.3867002836432398	1.395854679684345	1.3756864009062852	1.3138465484827782	1.252483487519745	1.1971279989586874	1.1562192916499987	1.1627036555124484	1.1752432709229206	1.1956499454312173	1.2236376041610546	1.2034693253829947	1.2131481920306215	1.1506885107084979	1.0872752464654256	1.0466526140330217	1.0122282705867824	0.9885794141472608	0.982381125161096	1.018617276157137	1.0393100255417185	1.0449361647753144	1.0416939828440896	1.0003084840749268	0.9526770171735517	0.9111484809662465	0.8671406291644754	0.8625157519978754	0.8380563500755476	0.8447791096682342	0.88592621270716	0.8784882659237621	0.8839713677192156	0.860322511279694	0.8382947458057847	0.8003898246980837
FGC2639_s_1_1_ACTTCAAGCG-GAACCATGAA_FGC2639_s_1_2_ACTTCAAGCG-GAACCATGAA	0.040699702642988854	0.001057135133584126	0.00022652895719659844	0.00007550965239886614	0	0	0	0	0	0	0.00007550965239886614	0	0	0	0.00007550965239886614	0	0	0	0	0	0	0.00007550965239886614	0	0.00007550965239886614	0	0	0.00007550965239886614	0.00007550965239886614	0.00007550965239886614	0.00007550965239886614	0.00007550965239886614	0.009665235507054866	0.008985648635465072	0.007550965239886615	0.007173416977892284	0.008532590721071875	0.009061158287863937	0.008759119678268474	0.009363196897459403	0.009061158287863937	0.0077019845446843465	0.01019380307384693	0.009967274116650332	0.01094889959783559	0.010722370640638993	0.010873389945436724	0.011326447859829922	0.014950911174975497	0.015857027003761893	0.02076515440968819	0.020236586842896125	0.023407992243648503	0.028391629301973673	0.03020386095954646	0.030052841654748724	0.03684871037064668	0.0388119613330172	0.047118023096892475	0.05368736285559383	0.057462845475537136	0.0687137836829682	0.07369742074129336	0.08223001146236524	0.09106464079303257	0.09408502688898722	0.11009307319754685	0.11583180677986067	0.12353379132454502	0.13372759439839194	0.14762137043978332	0.16740489936828626	0.17654156730854906	0.18945371786875517	0.20923724679725808	0.2237351000578404	0.24412270620553425	0.24850226604466852	0.26126339730007686	0.2804428490093889	0.2907876713880335	0.3154038180700639	0.32831596863027	0.3530831346170981	0.37354625041719086	0.4079031422586749	0.42836625805876766	0.4480742773348717	0.4675557676537792	0.471633288883318	0.502063678800061	0.547218450934583	0.5518245397309137	0.572589694140602	0.5924487327215038	0.6398687944279917	0.6552727635173604	0.6950663503315629	0.7137172344740829	0.7076009526297747	0.7331232151405914	0.8219225663616581	0.8167124003461362	0.8346081879646675	0.8733446396452859	0.8979607863273162	0.9129116975022918	0.9569338248508306	0.9559521993696455	0.9856274927623998	0.981021403966069	0.997331488884224	1.0004273846325775	1.029423091153742	1.0638554926476251	1.0846206470573132	1.120412222294376	1.1525793342162929	1.1561282878790395	1.1770444615935256	1.1541650369166692	1.1689649287868469	1.1992442993987922	1.230882843753917	1.2200094538084805	1.247721496238864	1.2607846661038682	1.2897048629726338	1.300880291527666	1.299672137089284	1.2792845309415903	1.3069965733719742	1.2913660753254088	1.3174169054030178	1.324061754814118	1.3361432991979365	1.3293474304820385	1.3612880134467589	1.3495085076725357	1.3457330250525925	1.3825062257708403	1.3466391408813787	1.3468656698385755	1.3483758628865528	1.3328963841447852	1.3609859748371633	1.366271650505084	1.3820531678564472	1.3772205501029195	1.3874143531767666	1.3711797779110104	1.351169720025311	1.348753411148547	1.330178036658426	1.3220229941993484	1.3165862992266302	1.3183985308842028	1.315529164093046	1.30994144981553	1.3214189169801576	1.311074094601513	1.3217964652421519	1.30593943823839	1.2847967355667076	1.277170260674422	1.2662968707289854	1.2776233185888153	1.2883456892294542	1.2859293803526906	1.2857028513954938	1.2797375888559834
FGC2639_s_1_1_AGAGGCAACC-CTAATGATGG_FGC2639_s_1_2_AGAGGCAACC-CTAATGATGG	0.01198120076785596	0.0007943337525650362	0.00013238895876083935	0	0	0	0	0	0	0	0	0	0	0	0	0	0	0	0	0	0	0	0	0	0	0	0	0	0	0	0	0.000595750314423777	0.0007943337525650362	0.0012576951082279738	0.001191500628847554	0.001456278546369233	0.00198583438141259	0.00198583438141259	0.0027801681339776263	0.0027139736545972065	0.0029787515721188852	0.004633613556629377	0.006288475541139869	0.005825114185476932	0.006156086582379029	0.008803865757595817	0.0124445621235189	0.011915006288475541	0.014364202025551068	0.019461176937843383	0.019328787979082544	0.025551069040841992	0.025418680082081157	0.029390348844906336	0.035149268551002845	0.034354934798437806	0.04282782815913153	0.05222744423115112	0.05732441914344344	0.07056331501952738	0.0740054279473092	0.08055868140597074	0.08717812934401271	0.09896074667372741	0.0986297742768253	0.10928708545707287	0.12252598133315681	0.14470113192559741	0.1534388032038128	0.181703845899252	0.2042099688885947	0.23432845700668564	0.2402859601509234	0.2644469451247766	0.28807837426358646	0.2971470179387039	0.3229628648970676	0.3425564307936718	0.37340305818494735	0.4072946316277222	0.4560137684517111	0.4906996756470511	0.5289600847289336	0.5606010458727743	0.6033626795525253	0.6361951413252135	0.6520818163765142	0.7213874362878135	0.758985900575892	0.7933408353743298	0.8605944264248362	0.952207585887337	0.9776262659694182	1.083272655060568	1.1080955848282255	1.145892632554445	1.1647580591778646	1.2181770040378632	1.2841067055007613	1.2234725623882967	1.3553319653140927	1.3431521811080955	1.4306612828490104	1.4546898788641027	1.507115906533395	1.4852055338584762	1.4759383067452174	1.4171576090554048	1.4704441649566424	1.5345204209968888	1.5237307208578803	1.5494141788574833	1.6429469782220163	1.7347587211226583	1.628516581717085	1.6487720924074931	1.5633812140067518	1.5652346594294035	1.4737538889256636	1.4759383067452174	1.5063877672602106	1.4799099755080427	1.5057920169457866	1.5708611901767395	1.5059244059045476	1.4543589064672007	1.4032567683855166	1.4519759052095056	1.4121930231018733	1.3356722049381082	1.305553716820017	1.2686833918051235	1.3068114119282452	1.2708678096246773	1.3142913880982325	1.2585556364599193	1.2371748196200436	1.1691930892963527	1.113391143178659	1.0619580327000728	1.0080757264844111	1.01105447805653	0.9533990865161845	0.9498245846296419	0.9522737803667174	0.9139471768054545	0.9075925067849341	0.9126232872178461	0.868934930826769	0.8166412921162375	0.7432978089627326	0.7138412656384457	0.6966968954789171	0.6678361024690541	0.6745217448864764	0.6917323095253856	0.6921294764016681	0.6365923082014959	0.6332163897530946	0.5779439994704442	0.5739061362282386	0.5131396041570133	0.5063877672602105	0.5057258224664063	0.49745151254385384	0.49407559409545243	0.4771960018534454	0.458198186271265	0.4501224597868537	0.42993314357582574
FGC2639_s_1_1_AGGTCAGATA-CTACAAGATA_FGC2639_s_1_2_AGGTCAGATA-CTACAAGATA	0.02760045492653321	0.0005919668616950823	0.00007399585771188529	0	0	0.00007399585771188529	0.00007399585771188529	0	0	0	0	0	0	0	0	0	0	0	0	0	0	0	0	0	0.0002219875731356559	0	0.00014799171542377059	0	0	0.00007399585771188529	0	0.005697681043815167	0.0057716769015270526	0.006141656190086479	0.0053277017552557406	0.003995776316441805	0.005253705897543855	0.0053277017552557406	0.005253705897543855	0.006141656190086479	0.0053277017552557406	0.0064376396209340206	0.00799155263288361	0.0071036023403409886	0.008139544348307381	0.006807618909493447	0.008065548490595497	0.009397473929409431	0.011839337233901646	0.010211428364240169	0.014651179826953287	0.014059212965258206	0.01946091057822583	0.02057084844390411	0.021902773882718045	0.021088819447887305	0.023974657898650834	0.028636396934499608	0.03352012354348404	0.03810786672162092	0.045655444208233226	0.048023311655013556	0.063858425205357	0.06496836307103529	0.07029606482629103	0.08006351804425989	0.089017016827398	0.10307622979265621	0.11528554631511727	0.11883734748528776	0.14310798881478615	0.16589871299004683	0.18898542059615503	0.2071884015932788	0.24070852513676283	0.263203265881176	0.27593055340762024	0.31100458996305386	0.3357192064388235	0.35488413358620186	0.4059412754074027	0.4395353948085986	0.4769033029531007	0.5208568424339606	0.5815334457577065	0.631554645570941	0.6670726572726459	0.6923792406101107	0.7338909167864783	0.7839861124574247	0.8210580371710791	0.8911321144242346	0.9359736041976371	0.983108965560108	1.0118193583523194	1.0509631670819066	1.0987644911637846	1.1245890455052325	1.1558892933173601	1.185487636402114	1.2768725206762925	1.2928556259420596	1.3242298696118993	1.3658155416459787	1.3718832019783533	1.399779640335734	1.3941559551496308	1.3923060587068337	1.3732151274171671	1.4153927663129418	1.397115789458106	1.431523863294133	1.4609742146634632	1.470075705162025	1.4434371963857464	1.4543885833271053	1.4335957473100656	1.422422372795571	1.3909741332680197	1.4027394746442094	1.3730671357017434	1.4096950852691268	1.4015555409208191	1.3857944232281876	1.3792087918918299	1.373363119132591	1.3064708637610467	1.3072848181958774	1.271470823063325	1.2665131005966286	1.240392562824333	1.2048745511226282	1.234620885922806	1.221079643961531	1.2227075528311926	1.219821714380429	1.1853396446866904	1.1710584441482965	1.1194093354654007	1.115265567433535	1.0827073900403055	1.0770837048542024	1.0531830428132634	1.0545889641097892	1.054662959967501	1.0615445747347063	1.020550869562322	1.0032358388577407	0.9617241626813732	0.9407833349489094	0.9275380764184821	0.9011955510730508	0.896681803752626	0.8912061102819464	0.9375275172095866	0.8934259860133029	0.8847684706610124	0.8780348476092308	0.8517663181215116	0.8289755939462509	0.8004871887271751	0.7817662367260682	0.7651171687408939	0.7613433799975877	0.7692609367727594	0.7647471894523344	0.7640812267329276	0.7537218066532635	0.7252334014341878	0.7170938570858802
FGC2639_s_1_1_AGTCAGACGA-ACCAGCGACA_FGC2639_s_1_2_AGTCAGACGA-ACCAGCGACA	0.03186927999312115	0.0003412128478920894	0.00013648513915683576	0.00013648513915683576	0	0.00006824256957841788	0	0	0	0.00006824256957841788	0	0	0	0	0	0	0	0	0	0	0	0	0	0	0	0.00006824256957841788	0	0	0	0	0.00006824256957841788	0.005595890705430266	0.005322920427116594	0.004708737300910834	0.004708737300910834	0.004435767022597162	0.005049950148802923	0.00450400959217558	0.005049950148802923	0.00354861361807773	0.004299281883440326	0.005391162996695013	0.004708737300910834	0.004981707579224505	0.00580061841416552	0.004299281883440326	0.005049950148802923	0.005527648135851848	0.00709722723615546	0.006210073831636027	0.007847895501518057	0.008393836058145398	0.010850568562968442	0.01160123682833104	0.012078934815379964	0.013784999054840413	0.01733361267291814	0.018425493786172826	0.02054101344310378	0.02579569130064196	0.029412547488298104	0.028252423805465002	0.03555437875035571	0.045108338491334214	0.048793437248568786	0.05657309018050843	0.060258188937742985	0.0668094756172711	0.07834246987602372	0.08564442482091443	0.10018009214111745	0.11273672494354633	0.13000209504688606	0.1526586281469208	0.16917332998489792	0.19039676912378586	0.21817149494220198	0.23113758316210134	0.26280213544648723	0.289212009873335	0.3198529236140446	0.33309198211225766	0.3930089582021085	0.4244687827777592	0.47278452203927906	0.5249218451971903	0.5762402575201606	0.6247607244904156	0.6496692623865382	0.6830398789103845	0.727534034275513	0.7820598473686688	0.8055352913036447	0.8485963527076263	0.9411332770559608	0.9858321601298247	1.040903913779608	1.0573503730480067	1.106553265714046	1.1187004430990042	1.2158778621786712	1.2205865994795821	1.232460806586227	1.2833697634917267	1.3164674097372593	1.3583683474584078	1.3920801768301463	1.425519035923571	1.4004057703187132	1.4077077252636039	1.3999963149012429	1.4049780224804673	1.4257920062018847	1.433639901703403	1.4363696044865395	1.4689895527450232	1.4908954175796953	1.4567741327904864	1.4782022996381097	1.4561599496642808	1.4364378470561179	1.4274298278717668	1.4045003244934182	1.3880538652250196	1.3817755488238053	1.3842322813286283	1.375360747283434	1.3950146073220184	1.3829356725066382	1.3613710205198584	1.3170815928634652	1.2939473617763815	1.272177982080866	1.280162362721541	1.2605085026829566	1.2287757078289923	1.2441985285537147	1.2446762265407636	1.2151271939133088	1.1898092005997156	1.1922659331045389	1.1300287096490216	1.1182227451119553	1.124023363526121	1.0793244804522573	1.0986371276429494	1.1040282906396444	1.065744209106152	1.053801759429929	1.0632192340317506	1.0083522080907026	1.0058272330163012	0.9762099578192678	0.9405873364993336	0.9557371869457423	0.9411332770559608	0.9246185752179839	0.9381988465640889	0.9081721159495851	0.8969803345387247	0.886607463962805	0.866680633645907	0.8414308829018924	0.8339924428178449	0.8333782596916391	0.803624499355449	0.7841753670255999	0.7922962328054315	0.7796031148638458	0.781923362229512
FGC2639_s_1_1_AGTGTTGCAC-CTGGTACACG_FGC2639_s_1_2_AGTGTTGCAC-CTGGTACACG	0.0502900861444202	0.000832455174737238	0.00009793590291026328	0.00014690385436539493	0	0	0.00004896795145513164	0	0	0	0	0	0	0	0	0	0.00009793590291026328	0	0	0	0	0.00004896795145513164	0	0	0	0.00004896795145513164	0	0	0	0	0	0.008471455601737775	0.007492096572635142	0.005925122126070929	0.005435442611519613	0.006023058028981192	0.00626789778625685	0.006072025980436324	0.006218929834801719	0.005778218271705535	0.005337506708609349	0.005827186223160666	0.005631314417340139	0.006953449106628693	0.006708609349353035	0.005778218271705535	0.00685551320371843	0.00626789778625685	0.006953449106628693	0.006414801640622246	0.009352878727930145	0.009401846679385276	0.011458500640500805	0.00984255824248146	0.010332237757032778	0.011752308349231595	0.01459244953362923	0.013808962310347122	0.016844975300565286	0.01811814203839871	0.020958283222796345	0.022868033329546476	0.027128245106142933	0.02947870677598925	0.03329820698948952	0.0366769956398936	0.04079030356212466	0.04260211776596453	0.04700923339692638	0.05107357336770231	0.057439407056869424	0.06679228578479957	0.07785904281365931	0.08701604973576893	0.09259839620165394	0.10807226886147554	0.11414429484191188	0.129814039307554	0.13706129612291346	0.1462183030450231	0.16766626578237076	0.1765784329472047	0.1988588508592896	0.22819065378091347	0.2516952704793767	0.2811739772553659	0.31065268403135515	0.3379768009433186	0.35932682777775604	0.376808386447238	0.3962976311263804	0.4259722097081902	0.46828051976542395	0.5079445604440805	0.5547579220351864	0.6140091432958957	0.6520082736250778	0.7012700327889403	0.717527392672044	0.7406402657588662	0.8404859187758795	0.865557509920907	0.8827942288331133	0.9416047385307263	1.002373966286545	1.0413524556448295	1.1161754854682708	1.1426181792540417	1.1681304819621654	1.202897727495309	1.2149928115047264	1.2365387101449843	1.2625896603191145	1.3177275736575926	1.327961875511715	1.3784478334619559	1.4241839001210488	1.4167407714998688	1.4462684462273132	1.471535909178161	1.4663942742753722	1.4682550564306673	1.4706544860519688	1.472662172061629	1.4827495700613862	1.5342638549921845	1.5202590208760172	1.5532634201567757	1.5434698298657494	1.5215321876138503	1.5139911230897602	1.4717317809839816	1.4615954150327692	1.4753064414402062	1.4767265120324051	1.4583145622852756	1.470409646294693	1.4918576090320408	1.474473986265469	1.468499896187943	1.4218334384512024	1.4016586424516884	1.35949723624882	1.37257167928734	1.3436805879288123	1.350585069083986	1.3570488386760633	1.3541107615887555	1.3196373237643426	1.3304102730844716	1.2663112246297044	1.2639607629598582	1.2295852610383555	1.2271858314170543	1.2154824910192776	1.20892078552429	1.173223148913499	1.1932020731071928	1.1715092706125694	1.1402187496327403	1.165045501020492	1.1162244534197259	1.0847380606340762	1.0616741554987092	1.0640735851200107	1.0364556604993163	1.0499708151009328	1.0393447696351692	1.0319016410139892	1.0184844223152831
FGC2639_s_1_1_ATGGTTGACT-GGCCTGTCCT_FGC2639_s_1_2_ATGGTTGACT-GGCCTGTCCT	0.03655559278810377	0.0008703712568596135	0.00012433875097994478	0	0	0.00024867750195988955	0	0.00006216937548997239	0	0.00006216937548997239	0	0	0	0	0	0	0.00006216937548997239	0	0	0	0	0	0	0	0.00006216937548997239	0.00012433875097994478	0.00012433875097994478	0	0.00012433875097994478	0	0	0.008765881944086106	0.006589953801937073	0.004600533786257958	0.005222227541157681	0.005595243794097515	0.004849211288217847	0.005346566292137625	0.006154768173507266	0.0047248725372379015	0.006154768173507266	0.0055330744186075425	0.006092598798017294	0.005595243794097515	0.0047248725372379015	0.006030429422527322	0.005222227541157681	0.005906090671547378	0.005346566292137625	0.0066521231774270455	0.00677646192840699	0.007335986307816742	0.007398155683306714	0.0083306963156563	0.008144188189186384	0.011003979461725114	0.01094181008623514	0.013428585105834036	0.013117738228384175	0.014734141991123459	0.01759393326366219	0.02051589391169089	0.021510603919530448	0.02710584771362796	0.03033865523910653	0.03406881776850487	0.03860718217927285	0.04364290159396062	0.04563232160963974	0.052533122289026665	0.057568841703714436	0.06770244990857993	0.07528711371835656	0.09213501447613909	0.10239296143198452	0.11619456279075839	0.1324207697936412	0.13901072359557828	0.16307027191019757	0.1805398664228798	0.21094069103747634	0.22107429924234182	0.25762989203044556	0.28579261912740306	0.317436831251799	0.3587172965771407	0.3999977619024824	0.4179647114190844	0.45644755484737726	0.49057854199137213	0.5401275342568801	0.5792942408155627	0.6321382099820393	0.6745377240662005	0.7276925401101269	0.7902349318530391	0.8379810122293379	0.8748474518948914	0.9184903534888522	0.9529321875102967	1.05843361771678	1.0791981891304308	1.1107802318793367	1.164494572302673	1.2177115577220892	1.2461851316964967	1.301951061511002	1.3363928955324464	1.3535516431676788	1.382522572146006	1.3655503326372436	1.3763678039724987	1.4218757868311587	1.438972365090901	1.4665755678084487	1.488272679854449	1.5208494326111945	1.5096589450229996	1.5072965087543806	1.5170571007063063	1.48603458233681	1.5040015318534121	1.495049141782856	1.4962925292926554	1.4999605224465637	1.513389107552398	1.482055742305452	1.5135134463033777	1.4962303599171656	1.4494789895487061	1.4606073077614115	1.4113691623733533	1.389174695323433	1.402851957931227	1.3924075028489116	1.370772560178401	1.375683940842109	1.3715807620597709	1.355292385681398	1.3261349485766012	1.2941177201992653	1.2736018262875743	1.2338134259739921	1.2270369640455852	1.2067075782603642	1.211183773295642	1.200677148837837	1.197444341312358	1.1873107331074928	1.1602670547693548	1.110034199373457	1.0997762524176116	1.071675694696144	1.0407153457021379	1.0893939667107861	1.0371716912992095	1.0420209025874272	1.0224997186835758	1.0124282798542004	0.9889282559189909	0.979789357721965	0.9552324544034257	0.9237125810300099	0.9091649471653562	0.8976014433242214	0.8717389831203929	0.8802561875625191	0.8590564305204385	0.860113309903768	0.8494823466949828
FGC2639_s_1_1_ATTCCATAAG-TGCCTGGTGG_FGC2639_s_1_2_ATTCCATAAG-TGCCTGGTGG	0.05051242660599319	0.0012079058536215764	0.0001647144345847604	0.00021961924611301384	0.00010980962305650692	0.00005490481152825346	0	0.00005490481152825346	0	0	0.00005490481152825346	0	0	0	0	0	0.00005490481152825346	0	0	0	0.00005490481152825346	0.00005490481152825346	0	0.00010980962305650692	0.00005490481152825346	0	0.0001647144345847604	0.00005490481152825346	0.00005490481152825346	0.00005490481152825346	0.00005490481152825346	0.007082720687144697	0.006149338891164389	0.00538067152976884	0.005051242660599318	0.004392384922260278	0.0055453859643536	0.004996337849071065	0.004886528226014559	0.005051242660599318	0.005270861906712333	0.005929719645051374	0.005655195587410107	0.006423862948805656	0.00521595709518408	0.0060395292681078815	0.00713762549867295	0.007027815875616443	0.008455340975351035	0.009278913148274837	0.012518297028441792	0.012573201839970044	0.014714489489571929	0.015592966474023985	0.018722540731134434	0.018722540731134434	0.02124816206143409	0.023005116030338203	0.03135064738263273	0.03316250616306509	0.04403365884565928	0.04584551762609164	0.05358709605157539	0.06264638995373721	0.06786234704892129	0.08021592964277831	0.08411417126128432	0.10355047454228604	0.1132686261827869	0.12600654245734172	0.14214855704664822	0.16191428919681947	0.18645673994994877	0.2202781038513529	0.23949478788624162	0.2673864321425944	0.29489374271824936	0.3222363388593196	0.34738274253925966	0.38285125078651144	0.423920049809645	0.4499998352855654	0.49655911546152437	0.558656457299979	0.6090041694713875	0.6687406044141272	0.7065151147455656	0.7321556617292599	0.7795385140781428	0.8018298675586135	0.8715589781994956	0.9343700825878175	0.9790076943602877	1.0346811732499366	1.085468123913571	1.1285134961517218	1.1687587230019316	1.1992308934001124	1.2150983839317775	1.2344248775897226	1.351701555014072	1.3611451825969318	1.3582352275859344	1.3845895371194958	1.4110536562761142	1.4230229051892733	1.4509145494456261	1.4547578862526038	1.4386158716632973	1.4335097241911696	1.418575615455485	1.4314782461646243	1.439219824590108	1.4411963978051252	1.4340587723064524	1.4514086927493806	1.4513537879378522	1.4212659512203691	1.4352117733485457	1.4124262765643203	1.386950444015211	1.3604314200470644	1.3788794367205575	1.3583999420205188	1.3501093154797528	1.3377557328858958	1.3277630571877534	1.3290258678529034	1.290592499783126	1.2749446284975736	1.2234988200956003	1.211749190428554	1.1909951716708742	1.1902265043094786	1.1904461235555917	1.1585464280576763	1.171613773201401	1.1540991383238879	1.111877338258661	1.1019944721835753	1.0647141051558913	1.0314417893697696	1.0266101659552833	1.0106877706120898	1.0006401901024193	1.0003656660447782	0.9749447383071967	0.9709366870656343	0.9614381546712465	0.9529828136958953	0.9016468149169784	0.898297621413755	0.8907756622343842	0.8652449248737464	0.84784009961929	0.8480597188654031	0.8330158005066616	0.8275802241653646	0.8157756896867899	0.7979316259401077	0.7676241699765117	0.7602120204201975	0.7250729410421153	0.7238101303769655	0.7241944640576633	0.7126095488252018	0.6972362015972908	0.7003657758544012	0.6885063365642985	0.6819177591809081
FGC2639_s_1_1_CAATCGGCTG-GCTGTAGGAA_FGC2639_s_1_2_CAATCGGCTG-GCTGTAGGAA	0.05364335589091893	0.0006237599522199876	0.00020791998407332924	0.00005197999601833231	0	0.00005197999601833231	0.00010395999203666462	0.00005197999601833231	0	0.00005197999601833231	0	0	0	0	0	0	0	0	0	0	0.00005197999601833231	0	0.00005197999601833231	0	0.00005197999601833231	0.00005197999601833231	0.00005197999601833231	0	0.00005197999601833231	0	0.00005197999601833231	0.005925719546089883	0.0064974995022915386	0.005769779558034886	0.005665819565998221	0.005717799562016553	0.005717799562016553	0.005717799562016553	0.00519799960183323	0.00519799960183323	0.005042059613778234	0.004418299661558245	0.005925719546089883	0.004938099621741568	0.006289579518218209	0.00540591958590656	0.0054578995819248915	0.005509879577943224	0.00608165953414488	0.0070692794584931926	0.008212839370896504	0.008940559315153158	0.009564319267373144	0.010967779159868116	0.012319259056344756	0.014034598924949723	0.015905878781609685	0.01668557872188467	0.019648438494929612	0.019284578522801285	0.022299418291864558	0.029212757762302758	0.03222759753136603	0.037165697153107594	0.039296876989859224	0.047925556328902386	0.05120029607805732	0.05748987559627553	0.0587373955007155	0.07142051452918859	0.0825442336771117	0.09013331309578822	0.10577929189730624	0.11643519108106436	0.13873460937292892	0.15438058817444694	0.17267754677289993	0.1817740460761081	0.19783586484577276	0.2175362833367207	0.2397837216325669	0.2675410395063564	0.30065229697003404	0.33152841460492344	0.36547135200489445	0.41661966808693346	0.45077052547097773	0.4737976637070989	0.4982802418317335	0.5411637385468576	0.5772898357795986	0.6050991336494064	0.6665914689390935	0.7172719650569674	0.7727346208085281	0.8216997770577972	0.900501451021589	0.9266473890188099	0.9443725676610613	0.9760803652322441	1.0516072994468808	1.0795205573087254	1.1134634947086963	1.1933047685928546	1.2334853055150257	1.2776683021306081	1.3346903577627185	1.3575615560107848	1.3620838156643797	1.3761703945853476	1.352935336365153	1.3820961141314376	1.3890614335978941	1.427682570639515	1.4537765286407178	1.5042491047745186	1.5100188843325535	1.5275361429907315	1.5200510235640916	1.507887704495802	1.4883432259929088	1.4472270491424082	1.4676551875776127	1.4773754468330407	1.4578309683301478	1.477895246793224	1.4959323054115854	1.4889150059491105	1.498063485248337	1.4574151283620012	1.4259672307709101	1.3873980737253075	1.3501284165801632	1.3496605966159985	1.325697818451547	1.3425393371614869	1.3478412967553568	1.3476853567673017	1.3269973183520054	1.293626160908236	1.2488194043404337	1.2140447870041693	1.186755289094545	1.1782305697475384	1.1610771710614887	1.1508890918418957	1.1872750890547281	1.1660672506792487	1.1592058912048289	1.1474584121046856	1.1020798755806815	1.0581047989491725	1.0417311002033978	1.0228623616487431	1.0166767421225615	1.0083599427596284	1.0128822024132234	0.9834615246668472	0.993129803926257	0.9823699447504621	0.9522735270558478	0.9312216286684232	0.8832960723395209	0.875187192960661	0.8635956538485728	0.874251553032331	0.8477937350589999	0.8469100751266883	0.8697292933787361	0.8282492565561069
FGC2639_s_1_1_CACAATAGGA-TCCATCCGAG_FGC2639_s_1_2_CACAATAGGA-TCCATCCGAG	0.0417358725891164	0.0006066260550743663	0.000060662605507436633	0.000060662605507436633	0	0	0.000060662605507436633	0	0	0	0	0	0	0	0	0	0	0	0	0	0	0	0.000060662605507436633	0	0	0	0.000060662605507436633	0.00024265042202974653	0.000060662605507436633	0.000060662605507436633	0.000060662605507436633	0.008310776954518819	0.008856740404085748	0.008917403009593185	0.007522163082922142	0.0069155370278477755	0.007340175266399832	0.006248248367265973	0.006854874422340338	0.0072188500553849585	0.007461500477414705	0.009038728220608057	0.009463366459160114	0.007400837871907269	0.007946801321474198	0.008553427376548565	0.009402703853652678	0.008614089982056001	0.011101256807860903	0.012678484551054256	0.013891736661202988	0.01801679383570868	0.018502094679768172	0.022141851010214368	0.023658416147900284	0.02511431868007876	0.028208111560958034	0.030513290570240624	0.03773214062562558	0.046952856662755955	0.051502552075813696	0.058539414314676345	0.06484832528744976	0.07910403758169736	0.07952867582024943	0.09178252213275162	0.10646287266555128	0.11671485299630809	0.1256929186114087	0.1429210985755207	0.16130186804427402	0.17895468624693806	0.1975781061377211	0.23057856353376666	0.26509558606749806	0.2907558681971437	0.32205777263898105	0.34759672955761184	0.37853465836640454	0.4143255956157922	0.44053184119500477	0.4908818037661772	0.5172700371619121	0.5808444477337057	0.6221556820842701	0.6791178686557531	0.7400837871907269	0.7798784564036053	0.816943308368649	0.8530982212510814	0.8876152437848127	0.9536161585769038	0.9699343994584043	1.0242880939930674	1.083798109995863	1.138273129741541	1.1920201982211296	1.2132521101487326	1.251226901196388	1.2548059949213268	1.341978159035513	1.3387630409436189	1.3382777400995594	1.3657579003944282	1.3846239707072412	1.4097382893873198	1.4323047786360863	1.4319408030030416	1.4466818161413488	1.437400437498711	1.4301209248378184	1.4011241994052637	1.4287256849111476	1.4053705817907844	1.4161078629656008	1.4346099576453688	1.4302422500488334	1.4113761797360207	1.4249646033696863	1.3977877561023548	1.3576897738619391	1.3652119369448612	1.3286930484293846	1.333910032503024	1.3258419059705349	1.3065511974191701	1.3052166200980064	1.3054592705200363	1.2796776631793758	1.25874906427931	1.223564753084997	1.2028181420014534	1.1895330313953247	1.1614462450453817	1.1469478823291044	1.118011819502057	1.1303263284200666	1.119953022878295	1.102300204675631	1.0929581634274856	1.0759726338854034	1.0204056872405916	1.0258653217362608	1.0034808203040166	0.977820538174371	0.9921975756796335	0.9718756028346422	0.9676898830546291	0.9652633788343317	0.9286231651078398	0.9058140254370437	0.9168546196393972	0.8804570563349353	0.8554640628658714	0.845272745140622	0.8447874442965625	0.8159120440750227	0.8125149381666061	0.8120296373225467	0.7894024854682729	0.780667070275202	0.7678065979076254	0.7324402988967899	0.7136348911894845	0.7230375950431371	0.6913110523627478	0.7033222482532203	0.6931915931334784	0.6922209914453594	0.6707464290957268
FGC2639_s_1_1_CAGCCGCGTA-ACTAGCCGTG_FGC2639_s_1_2_CAGCCGCGTA-ACTAGCCGTG	0.05580104250446431	0.000686641212113999	0.00027465648484559956	0.00009155216161519985	0	0	0	0	0	0	0	0	0.00004577608080759993	0	0	0	0	0	0	0	0	0	0	0	0	0	0	0.00004577608080759993	0	0.00004577608080759993	0.00004577608080759993	0.00636287523225639	0.007095292525177989	0.0047149363231827925	0.005447353616104391	0.005538905777719591	0.004760712403990393	0.004623384161567593	0.004302951595914393	0.0045318319999523935	0.0038451907878383935	0.0036620864646079946	0.005355801454489191	0.005218473212066392	0.005035368888835992	0.004211399434299193	0.0044860559191447925	0.004760712403990393	0.005447353616104391	0.0058135622625651905	0.005905114424180391	0.00636287523225639	0.007461501171638789	0.008697455353443987	0.007644605494869189	0.010162289939287184	0.010208066020094783	0.011169363717054383	0.01300040694935838	0.015151882747315576	0.018356208403847572	0.020416132040189567	0.02535994876741036	0.02741987240375236	0.03012066117140075	0.03446938884812275	0.03909277300969034	0.04389926149448833	0.048385317413633125	0.054061551433775515	0.06413228921144751	0.07658338319111468	0.08871404460512866	0.09558045672626865	0.11187674149377423	0.1247398202007098	0.13668737729149338	0.15408228799838136	0.16447345834170654	0.18035775838194373	0.19788999733125448	0.22517254149258406	0.2600996911487828	0.28573429640103876	0.32409465211780747	0.3622261274305382	0.3896459998342906	0.4083226408037914	0.44956688961143887	0.4790466856515333	0.5130125376107724	0.5534328169638831	0.593715768074571	0.6489217215285367	0.7040361228208869	0.7480269364769904	0.7949474193047803	0.8331246706983187	0.8655341359100994	0.8773443647584602	0.9794708010402156	1.014443726777222	1.0466243115849647	1.1105734964731817	1.1538318928363638	1.1945726047551277	1.2540357337242	1.285255020834983	1.2739941049563135	1.304526750854983	1.3076395243498995	1.3167947405114195	1.36046512160187	1.397635299217641	1.4171816857224862	1.45334478956049	1.4860289112571166	1.4786131861662852	1.4613098276210126	1.464239496792699	1.447393899055502	1.436316087500063	1.4518341788938394	1.4667114051563093	1.4635070794997773	1.5094662646306076	1.4897367738025322	1.5103817862467597	1.4879515066510358	1.4499573595807276	1.4321046880657637	1.4135653753386859	1.3825749686319406	1.393057691136881	1.4056003372781634	1.3907231110156935	1.4005649683893273	1.399329014207522	1.3810643579652897	1.3570776916221075	1.3051676159862893	1.2815929343703751	1.263877591097834	1.246482680390946	1.2799449954613016	1.2616345631382615	1.2510602884717061	1.261588787057454	1.2413099832596872	1.2049179990176453	1.1583637248363163	1.1576770836242023	1.117073699947861	1.118675862776127	1.0916221990188355	1.1053092471803079	1.0765160923523274	1.0974357612814007	1.0683679499685748	1.0417262709385515	1.025658866575084	0.9986052028177924	0.9895873148986952	0.9588715646767956	0.9571778496869144	0.9427583842325206	0.9344271375255373	0.9493959159496225	0.9502198854041592	0.9327334225356562
FGC2639_s_1_1_CAGTGGCACT-TAACAATAGG_FGC2639_s_1_2_CAGTGGCACT-TAACAATAGG	0.04831002992435526	0.0007375577087687826	0.00020487714132466184	0	0.00004097542826493237	0	0.00004097542826493237	0	0.00004097542826493237	0	0.00004097542826493237	0	0	0.00004097542826493237	0	0	0	0.00004097542826493237	0.00004097542826493237	0.00004097542826493237	0	0	0	0	0	0	0.00008195085652986473	0.00004097542826493237	0.00004097542826493237	0	0.00008195085652986473	0.0059414370984151935	0.007252650802893029	0.006678994807183976	0.005039977676586682	0.006310215952799584	0.00553168281576587	0.0048760759635269515	0.00520387938964641	0.0056136336722957345	0.005326805674441208	0.004138518254758169	0.0045482725374074925	0.005244854817911343	0.005039977676586682	0.004630223393937358	0.005736559957090531	0.004712174250467223	0.005900461670150261	0.006597043950654111	0.004507297109142561	0.0064741176658593145	0.006965822805038503	0.007375577087687827	0.007621429657277421	0.008031183939926745	0.008113134796456608	0.010325807922762956	0.011104341059796671	0.012620431905599168	0.013439940470897816	0.014669203318845787	0.018397967290954633	0.01884869700186889	0.021389173554294694	0.02372477296539584	0.027453536937504686	0.03216571118797191	0.03372277746203934	0.04072957569534277	0.042122740256350474	0.05294025331829262	0.0625285035322868	0.07154309775057191	0.07715673142286765	0.08346694737566723	0.09186691016997837	0.10338100551242438	0.11374778886345226	0.12829406589750325	0.14751154175375653	0.16656511589695008	0.18549576375534882	0.21065467671001734	0.2318799485512523	0.24814719357243042	0.27019197397896405	0.29625234635546105	0.3124376405201093	0.350176009952112	0.38512805026209934	0.42126837799176964	0.4633501428198552	0.49313927916846106	0.5417361370906708	0.5781632928181957	0.612459726275944	0.6379464426567321	0.6699482521316442	0.7061705307178445	0.8034461974187939	0.8486830702232792	0.8979355349977279	0.9538260191510957	1.0055370096214404	1.035490047683106	1.063845044042439	1.0910527284103542	1.1000673226286393	1.1320691321035514	1.1933683727878903	1.2404081644360327	1.3011337491246624	1.348624270483719	1.3647685892201025	1.3726768468752342	1.38427289307421	1.3954591849905367	1.3939430941447344	1.4094727814571435	1.4363526623989393	1.4690100787260902	1.5051913818840257	1.5284654251385072	1.5445687684466256	1.5592379717654714	1.5475189992817007	1.5423151198920544	1.5062567430189138	1.492243146552307	1.492284121980572	1.4793768620771182	1.5208439954812298	1.517074256080856	1.5264166537252606	1.5143698778153705	1.5214176514769389	1.5094528264235785	1.447457003458736	1.430370249872259	1.406194747195949	1.3829616793697324	1.4026708603651648	1.3997616049583546	1.407424010043897	1.4006630643801832	1.3971801529776637	1.362023235526352	1.3625149406655312	1.314122959884646	1.279539698429043	1.2562246797462964	1.2591749105813717	1.2472920363845412	1.2742948436111319	1.2573310163094498	1.2599124682901406	1.2404491398642976	1.2039400332802428	1.1836981717173662	1.145631998859244	1.1350603383668916	1.119120896771833	1.0961746569434707	1.1257998915790168	1.1283403681314426	1.0896185884210814	1.0800303382070875	1.0720401296954256	1.047004143025552
FGC2639_s_1_1_CATTAGTGCG-TGACTACATA_FGC2639_s_1_2_CATTAGTGCG-TGACTACATA	0.03927741548609549	0.0008566502832299999	0.00017133005664599998	0.00008566502832299999	0	0.0001284975424845	0	0	0	0	0.000042832514161499996	0	0	0.000042832514161499996	0	0	0	0	0	0	0	0	0	0	0.00008566502832299999	0	0.00008566502832299999	0	0	0	0	0.0053540642701874995	0.0063820446100635	0.005439729298510499	0.00513990169938	0.005439729298510499	0.006296379581740499	0.004925739128572499	0.0047544090719265	0.005054236671057	0.00513990169938	0.004625911529441999	0.005696724383479499	0.004925739128572499	0.004411748958634499	0.005011404156895499	0.00513990169938	0.005611059355156499	0.005311231756025999	0.006082217010932999	0.006167882039256	0.006853202265839999	0.0072386948932934994	0.0081810102048465	0.0091233255163995	0.008737832888946	0.011436281281120498	0.011307783738636	0.013449409446710997	0.013963399616648999	0.015376872583978499	0.019317463886836497	0.021544754623234498	0.025956503581869	0.025613843468576994	0.030368252540503494	0.031267735337894995	0.0346515039566535	0.03876342531615749	0.04111921359504	0.0492145587715635	0.0573527364622485	0.0698598305974065	0.07452857464101	0.08283808238834099	0.08951995459753498	0.10108473342114	0.11042222150834699	0.11804640902909398	0.13170998104661247	0.15188409521667898	0.16070759313394797	0.19445961429321	0.21476222600576098	0.23489350766166595	0.2557529420583165	0.27704070159658195	0.2935312195487595	0.3182027477057835	0.35388223200231295	0.378039769989399	0.41568954993735746	0.46863053744097144	0.49480120359364793	0.5387045306091854	0.5821795324831079	0.6064227354985169	0.6308801010847335	0.6609485260261064	0.6917022711940635	0.7954426204932163	0.8201141486502405	0.867701071883667	0.9289515671346119	0.972212406437727	1.0420722370351334	1.0638311542291754	1.0864467217064473	1.1059355156499298	1.1391307141250924	1.1703984494629873	1.209504534892437	1.2757664343002775	1.332348185507619	1.371154443337938	1.4169424009765814	1.4225106278175763	1.4157430905800592	1.4205831646803089	1.4402432886804373	1.4379303329157163	1.4534785355563409	1.4886440296829322	1.5390578988510177	1.5744803880625782	1.5910565710430788	1.6036921627207212	1.5791919646203432	1.5440264704937519	1.4933127737265357	1.4873590542580872	1.4913853105892683	1.5143435381798322	1.5305342285328793	1.5447117907203358	1.5492948697356164	1.5510510028162379	1.5247946716352383	1.4917708032167218	1.4625590285585788	1.421696810048508	1.4013085333076338	1.3954404788675083	1.3973679420047758	1.4129161446454004	1.4285500123143478	1.4174135586323577	1.3882874490025379	1.3685416599740863	1.3296069046012828	1.275980596871085	1.2508379110582843	1.2331909152237464	1.227151530726975	1.2464689946138114	1.246340497071327	1.2268945356420058	1.2294216539775342	1.1991390664653538	1.1494105175238525	1.1250388169659589	1.0973690128176299	1.0726974846606059	1.0573206120766274	1.049139601871781	1.0712840116932763	1.0772805636758864	1.0587769175581183	1.0386884684163749	1.0270808570786085
FGC2639_s_1_1_CCACCAGGCA-CTTATGGAAT_FGC2639_s_1_2_CCACCAGGCA-CTTATGGAAT	0.040480477147301595	0.0007617294086857829	0.000054409243477555914	0	0	0	0	0	0	0	0.00010881848695511183	0	0	0.000054409243477555914	0.000054409243477555914	0.000054409243477555914	0	0	0	0	0	0	0	0	0	0.000054409243477555914	0	0.00010881848695511183	0	0.000054409243477555914	0	0.005821789052098483	0.004951241156457588	0.0053865151042780356	0.0053865151042780356	0.00533210586080048	0.004842422669502477	0.005168878130367812	0.005604152078188259	0.004896831912980032	0.00533210586080048	0.005223287373845368	0.006637927704261821	0.007399657112947604	0.006529109217306709	0.006637927704261821	0.007073201652082269	0.00799815879120072	0.009140752904229395	0.009521617608572286	0.009684845339004954	0.010555393234645848	0.011970033565062302	0.015506634391103438	0.016812456234564777	0.019369690678009907	0.018988825973667016	0.021219604956246807	0.02366802091273682	0.029108945260492416	0.033896958686517334	0.03422341414738267	0.03933788303427292	0.0482609989645921	0.052559329199319015	0.06148244512963818	0.0713305181990758	0.07497593751207206	0.0873812450249548	0.09336626180748596	0.10027623572913555	0.1178504213723861	0.13297619105914665	0.14831959771981743	0.16556732790220266	0.1862428404236739	0.200933336162614	0.21986775289280347	0.23385092846653532	0.2660612006052484	0.29663919543963485	0.3193822592132532	0.34353996331728803	0.38772026902106344	0.4312476638031082	0.47069436532433623	0.5087264265151479	0.5428954314190529	0.5569874254797399	0.5998075000965765	0.6473611788959603	0.6898003888084538	0.7364835197121969	0.7882811195028301	0.8360524352761242	0.9050977652491428	0.9518353053963633	0.9836103035872559	1.0175616715172506	1.0355711311083216	1.1372620071678738	1.1514628197155157	1.1877537851150457	1.229485674862331	1.2742644822443594	1.3321015080610015	1.3732893053735113	1.407023036329596	1.38912239522548	1.403976118694853	1.3929854515123865	1.409471452286086	1.4137153732773353	1.4617043260245397	1.4847738452590233	1.4961453771458326	1.5245470022411167	1.5354832601801054	1.513610744302128	1.4940778258936855	1.471334762120067	1.4314527866510185	1.460942596615854	1.4527268008507428	1.4562089924333066	1.4642071512245072	1.4720964915287527	1.477591825119986	1.446469737850824	1.4188298421642256	1.375411265869136	1.3475537332086274	1.3208387946611473	1.2977692754266636	1.2994015527309903	1.308651124122175	1.3093040350439056	1.2813920931399194	1.2706190629313634	1.2405307512882748	1.1995605909496754	1.1764910717151915	1.1409074264808698	1.1274139340984362	1.1226803299158887	1.1308961256809997	1.1251831551158564	1.0997740384118377	1.1206127786637416	1.0818189880642444	1.0386180487430647	1.013861842960777	0.9827941649350925	0.9529778995093918	0.9540116751354654	0.9459591071007871	0.928711376918402	0.9345331659705004	0.9129326963099107	0.9004729795535503	0.8819738367711814	0.8646716973453187	0.8275101840501479	0.8174444740068001	0.7878458455550097	0.8113506387373138	0.7888252119376056	0.7935044068766754	0.7904030799984548	0.775059673337784
FGC2639_s_1_1_CCATCATTAG-GGTTGCCTCT_FGC2639_s_1_2_CCATCATTAG-GGTTGCCTCT	0.050322749874549516	0.0012830162857533872	0.00035639341270927424	0.00007127868254185484	0	0	0	0	0	0	0.00007127868254185484	0.00007127868254185484	0	0	0	0	0	0	0	0	0	0	0	0.00007127868254185484	0.00007127868254185484	0	0.00014255736508370968	0	0.00007127868254185484	0.00014255736508370968	0.00007127868254185484	0.008054491127229597	0.007698097714520322	0.007056589571643629	0.005987409333515807	0.0055597372382646774	0.005987409333515807	0.0049182290953879845	0.0055597372382646774	0.004989507777929839	0.005274622508097258	0.006842753524018065	0.00648636011130879	0.00691403220655992	0.005773573285890243	0.005916130650973951	0.0067001961589343555	0.0067714748414762094	0.00719914693672734	0.008197048492313307	0.008482163222480726	0.009480064778066694	0.01119075315907121	0.012259933397199031	0.012616326809908308	0.01575258884174992	0.015538752794124356	0.01853245746088226	0.021383604762556453	0.021597440810182018	0.02558904703252589	0.03136262031841613	0.03221796450891839	0.03970222617581315	0.04347999635053145	0.04476301263628484	0.04960996304913097	0.0552409789699375	0.061798617763788144	0.0729180922403175	0.07968956708179371	0.08503546827243283	0.10028910633638975	0.11069579398750057	0.13093893982938734	0.13585716892477534	0.1593078554810456	0.16166005200492678	0.18489690251357146	0.2022176223712422	0.22645237443547286	0.24626784818210845	0.2670812234843301	0.3016513845171297	0.3264563660416952	0.3657309201222572	0.3970222617581315	0.4307370786004288	0.4552569453948269	0.47229255052233016	0.5093574654440947	0.555902445143926	0.598099425208704	0.6325983075589617	0.6868413849733133	0.7271138406094613	0.7725896400711646	0.809797112358013	0.8582666164864741	0.882358811185621	0.9800818849505041	1.0006814242051	1.0374612243966972	1.0788028602709732	1.1513645590985813	1.1865049495917157	1.2318381916883354	1.2604209433876192	1.287007891975731	1.3089617261986224	1.3126682176907987	1.3388274941836595	1.397561128598148	1.4202990283289996	1.4247895853291364	1.4612842707905662	1.4696951553305049	1.4818125313626203	1.5071877423475206	1.4984204643948724	1.4875861046485106	1.4890116782993477	1.4871584325532594	1.482454039505497	1.5200891838875963	1.5294266913005794	1.496709776013868	1.5185923315542174	1.5314224944117514	1.4845211212992109	1.4528733862506273	1.4400432233930933	1.408751881757219	1.4287099128689384	1.4253598147894713	1.3853724738834907	1.4320600109484056	1.382877719994526	1.3563620500889557	1.3497331326125632	1.3182992336116053	1.2773139911500389	1.2647689430226723	1.2495865836412574	1.2423161580219881	1.2548612061493545	1.2259220610373613	1.2270625199580312	1.2062491446558095	1.169611901829296	1.1422408877332237	1.1304086264312758	1.1124463984307287	1.0775198439852196	1.0883542037315816	1.0770208932074266	1.0614108617307605	1.0481530267779755	1.02719709411067	1.0163627343643082	0.9850001140458922	0.9646144108389216	0.9311134300442497	0.9395955932667306	0.921704643948725	0.9086606450435655	0.9156459559326672	0.8849248437571279	0.8991805802654987	0.8570548788832627
FGC2639_s_1_1_CCATCTCGCC-TTCTATGGTT_FGC2639_s_1_2_CCATCTCGCC-TTCTATGGTT	0.0420692388136134	0.00017032080491341458	0.00011354720327560971	0	0.000056773601637804856	0.000056773601637804856	0	0	0	0	0	0	0	0	0	0	0	0	0	0	0	0.000056773601637804856	0	0	0	0	0.000056773601637804856	0	0	0.000056773601637804856	0.000056773601637804856	0.005450265757229266	0.0059612281719695105	0.0055070393588670715	0.005336718553953657	0.004712208935937803	0.005279944952315852	0.00573413376541829	0.004541888131024389	0.004939303342489023	0.004882529740851218	0.00431479372447317	0.0042012465211975596	0.0041444729195597545	0.004087699317921949	0.004541888131024389	0.004087699317921949	0.005223171350678047	0.006131548976882924	0.004939303342489023	0.0055070393588670715	0.006528964188347559	0.006415416985071949	0.00806185143256829	0.008743134652221948	0.008175398635843899	0.009537965075151216	0.011411493929198777	0.012433418758679265	0.012376645157041458	0.01459081562091585	0.01691853328806585	0.020608817394523166	0.022028157435468286	0.025888762346839015	0.0280461592090756	0.03281514174665121	0.03542672742199023	0.03747057708095121	0.0466679005462756	0.0514368830838512	0.05507039358867072	0.0631890186228768	0.0757927581864695	0.09140549863686583	0.09889961405305607	0.11411493929198778	0.11581814734112192	0.13137411418988046	0.14664621303044995	0.1683337288560914	0.17929103397218776	0.200751455391278	0.22953567142164505	0.26365660600596574	0.289204726742978	0.32065730205032184	0.3468299324053499	0.36988001467029863	0.40507964768573773	0.4292652019834426	0.4656003070316377	0.5071585834305109	0.552463917537479	0.615312294550529	0.6672033664474828	0.7041062075120559	0.7404413125602509	0.773597095916729	0.806752879273207	0.8837946566957083	0.9091156830261692	0.9671383039000057	1.0225493390985032	1.0729075237512362	1.1293972573808522	1.1889527654989094	1.2157499054719534	1.222222096058663	1.2485650472186045	1.2544127281872983	1.2788253768915545	1.3329306192523827	1.3693224979022154	1.3899880888983762	1.4383591974937862	1.4522687298950483	1.4649292430602787	1.4828697011778251	1.4594222037014117	1.4606712229374434	1.4687898479716495	1.4714582072486264	1.5083042747115618	1.4934863646840946	1.5214757502915324	1.5458316253941506	1.55826504415283	1.493940553497197	1.499220498449513	1.4620905629783885	1.443014632828086	1.4368263102495653	1.4560157876031434	1.4574919012457264	1.4540287115458204	1.4644750542471763	1.4474997473574729	1.4179207009041763	1.4115620575207422	1.3579677775746546	1.3515523605895825	1.321746219729735	1.3112998770283788	1.325550051039468	1.3086882913530398	1.332533204040918	1.328445504722996	1.3044870448318422	1.289953002812564	1.250154708064463	1.2236982097012459	1.1773709507647974	1.1718071378042922	1.1789606116106557	1.1657323624290472	1.1627233615422436	1.1718071378042922	1.1424551857575471	1.1105484216371009	1.103224627025824	1.0694443340513302	1.0408304388258767	1.0252744719771179	0.999328936028641	1.014828129275762	1.0164745637232582	1.0052333905989728	0.9989882944188143	0.9975689543778692
FGC2639_s_1_1_CCGTATGTTC-CATACACTGT_FGC2639_s_1_2_CCGTATGTTC-CATACACTGT	0.030801820916366764	0.0010071440081645807	0.00016785733469409678	0.00016785733469409678	0	0.00008392866734704839	0	0	0	0	0	0	0	0	0	0	0	0.00008392866734704839	0	0	0	0	0	0	0	0	0	0	0.00008392866734704839	0.00008392866734704839	0.00008392866734704839	0.0051196487081699524	0.005539292044905194	0.004783934038781758	0.005287506042864049	0.004028576032658323	0.004951791373475855	0.003021432024493742	0.00629465005102863	0.004783934038781758	0.004951791373475855	0.005203577375517001	0.005203577375517001	0.004364290702046516	0.00579107804694634	0.0051196487081699524	0.00679822205511092	0.00839286673470484	0.00679822205511092	0.008225009400010743	0.010826798087769244	0.012169656765322017	0.013512515442874792	0.013764301444915939	0.01569466079389805	0.017541091475533115	0.021821453510232583	0.02299645485309126	0.024255384863296987	0.031137535585754956	0.03634111296127195	0.03944647365311275	0.047167911049041195	0.05446970510823441	0.06084828382661009	0.06999650856743836	0.0764590159531611	0.09274117741848847	0.09332867808991782	0.11036619756136863	0.1205215663103615	0.1413358758124295	0.15845732395122736	0.1795234194553365	0.2013448729655691	0.22677525917172478	0.25245743137992155	0.2736074555513778	0.31145928452489663	0.3180057205779664	0.3629914862759843	0.3921986625127572	0.4420522909169039	0.46756660579040665	0.5232113122414997	0.5702952946231938	0.6230024977171402	0.6524614599559543	0.7008043723478541	0.7537633614438416	0.8014348444969651	0.8157027179459634	0.8689134930439921	0.8997153139603589	0.9845671966482247	1.024852956974808	1.0642994306279208	1.1180977063973787	1.1440316646076167	1.1573763227157974	1.229638905301606	1.2667353762690015	1.272946097652683	1.2825139657302465	1.3222122253854005	1.3462158242466562	1.3965730246548853	1.4187301928345062	1.3812140785303755	1.4161284041467477	1.4040426760487728	1.3969087393242736	1.4293052049202342	1.3808783638609874	1.3985033840038674	1.4476016544018908	1.4596873824998657	1.4505391577590374	1.4617855991835418	1.4404677176773917	1.3911176612773273	1.3817176505344577	1.3769337164956759	1.3605676263630015	1.3709747811140356	1.3536015469731966	1.3636729870548423	1.3917890906161035	1.373156926465059	1.3258211580813235	1.3307729494547993	1.2803318203792233	1.263881801579202	1.2440746360852983	1.2152031745179137	1.2084888811301497	1.2020263737444272	1.203704947091368	1.1905281463178814	1.1894370736423698	1.1696299081484665	1.122294139764731	1.0947655368748992	1.0862048128055004	1.0669851479830263	1.0757976580544664	1.041974405113606	1.038701187087071	1.0466744104850405	1.0199011656013321	0.9828886233012838	0.9687886071869797	0.9567868077563516	0.9414278616318418	0.9126403287318042	0.9213689101358972	0.8918260192297363	0.8770545737766557	0.8909867325562658	0.8693331363807273	0.8646331310092925	0.839538459472525	0.8026098458398239	0.8008473438255358	0.7741580276091744	0.7727312402642745	0.7569526508030295	0.7440276360315841	0.7511615727560831	0.743943707364237
FGC2639_s_1_1_CCTCCGTCCA-CACATCGGTG_FGC2639_s_1_2_CCTCCGTCCA-CACATCGGTG	0.06720134556999627	0.0008486966719517323	0.0003857712145235147	0	0	0	0.00007715424290470294	0	0	0	0	0	0	0	0	0	0	0	0	0	0	0	0.00007715424290470294	0	0	0	0	0	0.00007715424290470294	0	0	0.009104200662754946	0.010030051577611382	0.008718429448231431	0.006095185189471532	0.0070981903472326704	0.008641275205326728	0.007175344590137373	0.007252498833042076	0.007483961561756184	0.006712419132709156	0.00763827004756559	0.0077925785333749975	0.008255503990803215	0.007483961561756184	0.00763827004756559	0.008486966719517323	0.01026151430632549	0.009644280363087867	0.01288475856508539	0.015585157066749995	0.014736460394798262	0.017282550410653456	0.015045077366417072	0.01944286921198514	0.018362709811319298	0.0236863525717438	0.02445789500079083	0.03117031413349999	0.03294486172030815	0.037728424780399734	0.04174044541144429	0.049147252730295764	0.05107610880291334	0.05763421944981309	0.06388371312509403	0.0628035537244282	0.06750996254161507	0.07916025322022521	0.07993179564927223	0.08849591661169427	0.09999189880449501	0.11063918432534402	0.11688867800062495	0.12329248016171529	0.1286932771650445	0.14620729030441207	0.15376840610907297	0.16657601043125364	0.17668321625176972	0.19311706999047146	0.19581746849213605	0.21958097530678455	0.22876233021244421	0.23917815300457912	0.26633644650703453	0.2817672950879751	0.28215306630249865	0.3039877170445296	0.31478931105118796	0.33739550422226594	0.3491229491437808	0.3694916692706223	0.389860389397464	0.4183303050292993	0.4331439196670023	0.4543613364657956	0.4795907738956335	0.498416409164381	0.512921406830465	0.5849834697034577	0.5734874875106569	0.606200886502251	0.623869208127428	0.6644523398953017	0.6847439057792386	0.7128280501965505	0.7447699067590975	0.7391376470270541	0.7897508303725393	0.8068019180544787	0.8066476095686692	0.8455333479926395	0.8958379143665058	0.8925202819216036	0.9576384629331729	0.9891173940382917	1.007943029307039	1.0361814822101605	1.0632626214697112	1.0847886552401234	1.1226713885063324	1.1384880083017965	1.1482094429077891	1.189332654375996	1.230841637058726	1.262474876649654	1.2922564144108695	1.296808514742247	1.3111592039225217	1.3484247032454932	1.388467755313034	1.3823725701235625	1.3968775677896468	1.4306711261819065	1.4286651158663843	1.5029646517836133	1.5094456081876084	1.5252622279830723	1.539612917163347	1.5231790634246454	1.5392271459488236	1.548485655097388	1.5776499589153656	1.588991632622357	1.581199054088982	1.6104405121498644	1.6239425046581875	1.6402992041539843	1.6637540939970143	1.6094375069921032	1.669232045243248	1.6428452941698395	1.6016449284587282	1.6429224484127443	1.6371358801948916	1.629188993175707	1.6448513044853619	1.6332010138067516	1.63628718352294	1.614221070052195	1.6364414920087493	1.6038824015029647	1.611829288522149	1.631812237434467	1.5987902214712542	1.5994074554144917	1.5839766068335512	1.6090517357775798	1.601413465730014
FGC2639_s_1_1_CCTCTACATG-GATACCTCCT_FGC2639_s_1_2_CCTCTACATG-GATACCTCCT	0.05067373879721998	0.0007397626101783937	0.00010568037288262768	0	0	0.00005284018644131384	0	0.00005284018644131384	0	0	0	0	0.00005284018644131384	0	0	0	0	0.00005284018644131384	0	0	0	0.00005284018644131384	0	0	0	0	0	0	0	0	0	0.00892999150858204	0.009458393372995177	0.009828274678084373	0.008190228898403646	0.007820347593314448	0.008718630762816783	0.008084548525521018	0.009511233559436491	0.007873187779755762	0.007080584983136054	0.007820347593314448	0.007926027966197076	0.00729194572890131	0.008084548525521018	0.00892999150858204	0.007344785915342623	0.00813738871196233	0.008612950389934156	0.009194192440788609	0.01114927933911722	0.011572000830647732	0.011572000830647732	0.01236460362726744	0.015112293322215756	0.015693535373070208	0.01664465872901386	0.022668439983323636	0.021030394203642905	0.024042284830797796	0.0301717464579902	0.03249671466140801	0.03492736323770845	0.04195510803440319	0.04375167437340786	0.047926049102271655	0.05373846961081618	0.057701483593914714	0.06631443398384887	0.07233821523815864	0.0828005721535388	0.0954293767130128	0.10372528598429906	0.11899609986583877	0.13352715113720007	0.14140033891695583	0.15529730795102137	0.1709908433240916	0.1859446160869834	0.20628808786688924	0.22848096617224103	0.25257609118948016	0.2915721487831698	0.3120213009359582	0.34700150436010796	0.37416136019094326	0.39778092353021055	0.4257862223441069	0.45389720153088586	0.49442562453137356	0.527503581243636	0.5798682060069781	0.6371998082958036	0.6724970528386012	0.7241219149917649	0.7650202192973418	0.8060242039758013	0.8267375570607964	0.8499343989085331	0.8912554247056405	1.0201854796224463	1.042695399046446	1.0735540679281734	1.1577284849291862	1.2057073742178992	1.2312820244554952	1.2507272130658986	1.26325033725249	1.2528936607099925	1.301136750930912	1.3135541947446208	1.3613745634740098	1.3976757715591923	1.4364076282206755	1.4668964157973134	1.491572782865407	1.4824842707975012	1.4881381707467216	1.4847035586280362	1.4579664242887316	1.4441222954411073	1.470331027915999	1.4943733127467969	1.5015595781028153	1.5335278908998102	1.5108594509164865	1.494743194051886	1.497807924865482	1.4726031559329753	1.437887153441032	1.4174908414746852	1.3766453773555496	1.3819293959996808	1.4074512060508355	1.4198158096781028	1.3989967762202251	1.4015859453558497	1.372048281135155	1.3461565897789114	1.3059452078970717	1.2619293325914571	1.2556413504049406	1.2330257506080584	1.2479795233709503	1.2374114860826875	1.247081240201448	1.2399478150318706	1.2167509731841337	1.1817179295735427	1.1598420923868389	1.1136597694371304	1.1118632030981257	1.0644655558602671	1.0612951446737886	1.0672132455552157	1.0583889344195163	1.0548486419279481	1.055641244724568	1.0340296084700706	0.9905949752153106	0.9786002528931322	0.9516517578080622	0.9301986421128888	0.906314877841415	0.9101193712651896	0.917094275875443	0.8951655985022977	0.8947957171972085	0.8752448482139223	0.8756147295190116
FGC2639_s_1_1_CCTGTCTGTC-ACTGTTGTGA_FGC2639_s_1_2_CCTGTCTGTC-ACTGTTGTGA	0.049266513726571884	0.0004140043170300159	0.00015525161888625593	0	0	0.000051750539628751986	0	0	0	0	0	0	0	0	0	0	0	0	0	0.000051750539628751986	0	0.000051750539628751986	0	0	0.000051750539628751986	0	0.000051750539628751986	0	0.00020700215851500794	0	0	0.0064688174535939965	0.006779320691366509	0.006365316374336493	0.006624069072480254	0.00522680450250395	0.0063135658347077414	0.00496805180436019	0.00522680450250395	0.004502296947701422	0.005123303423246446	0.004347045328815167	0.005278555042132702	0.005071552883617694	0.004812800185473934	0.005330305581761454	0.0060548131365639815	0.0061583142158214855	0.0061583142158214855	0.005640808819533966	0.0078660820235703	0.007710830404684045	0.007814331483941549	0.008849342276516589	0.011126366020181676	0.01019485630686414	0.010091355227606636	0.01283413382793049	0.014334899477164298	0.016094417824541865	0.018423192107835704	0.02038971261372828	0.024426254704770934	0.02582351927474724	0.03079157107910743	0.03239583780759874	0.0366393820571564	0.03896815634045024	0.045747477031816745	0.04833500401325434	0.061376139999699854	0.06468817453593997	0.07488303084280412	0.08771716467073461	0.09527274345653239	0.10298357386121645	0.11747372495726699	0.12699582424895736	0.14164122696389417	0.15038706816115324	0.16777524947641392	0.1912699944678673	0.20886517794164297	0.24131276628887047	0.27122457819428913	0.29032052731729857	0.32194010703046605	0.3385002797116667	0.3668595754282228	0.3870940364230648	0.41788560750217224	0.46213231888475514	0.505137017316248	0.5384643648371643	0.5811585600308847	0.6245772627794076	0.671256249524542	0.712760182306801	0.745518273891801	0.7835549205189337	0.8777926531828911	0.902011905729147	0.94625861711173	0.9856407777692102	1.0306637472462243	1.0922986399440682	1.140685394496951	1.1596260920010744	1.183069086452899	1.215620175879384	1.2682504746818246	1.2614194034508295	1.3090298999092813	1.3478428046308453	1.381894659706564	1.416981525574858	1.4256756162324884	1.4456513245291867	1.4635570112407348	1.460348477783752	1.4604519788630095	1.4961081006672197	1.5067169612911138	1.5260199125726384	1.5238981404478595	1.5430458401104976	1.5411828206838627	1.5301082052033097	1.5315572203129149	1.5197063467379306	1.4876727627077333	1.483118715220403	1.4917093047987757	1.464954275810711	1.488759524039937	1.4600897250856084	1.4714748438039338	1.464954275810711	1.4425462921514614	1.4291946529272435	1.4102539554231202	1.369371029116406	1.342926503366114	1.3630574632816983	1.3515170929444866	1.3424089979698264	1.340804731241335	1.3167407303139653	1.3052521105163826	1.2707862511236336	1.2552093386953793	1.232542602337986	1.1888133963516905	1.171373464496801	1.1944024546315957	1.182862084294384	1.1761345141426462	1.1594190898425594	1.1350445856774172	1.104615268375711	1.0910048764533493	1.0713396713944234	1.048465932878515	1.0242984308718879	1.0240914287133729	1.0020456988315245	0.9945936211249843	0.9782404506022987	0.9692876072465245	0.9688736029294944
FGC2639_s_1_1_CGACATCCGA-TACGTTCATT_FGC2639_s_1_2_CGACATCCGA-TACGTTCATT	0.03708109842601722	0.0009320204272248492	0.0001997186629767534	0	0	0	0	0	0	0	0	0	0	0	0	0	0	0	0.0000665728876589178	0.0000665728876589178	0.0000665728876589178	0.0002662915506356712	0.0001331457753178356	0	0	0.0000665728876589178	0	0.0000665728876589178	0	0	0.0000665728876589178	0.006923580316527452	0.007189871867163123	0.004726675023783164	0.006790434541209616	0.005858414113984766	0.004992966574418836	0.006191278552279356	0.005192685237395588	0.005592122563349096	0.006923580316527452	0.006390997215256109	0.007056726091845288	0.008454756732682561	0.007655882080775547	0.007389590530139875	0.008587902508000397	0.008654475395659316	0.012582275767535466	0.013847160633054904	0.01764181522961322	0.021236751163194782	0.022235344478078546	0.02649600928824929	0.029225497682264918	0.030357236772466517	0.034617901582637264	0.038345983291536656	0.045336136495723024	0.05898357846580118	0.06863664717634425	0.08168493315749215	0.09679697865606648	0.11710170939203642	0.12815280874341675	0.14299856269135544	0.1569788690997282	0.17415467411572896	0.19386024886276865	0.23007589974921994	0.25617247171151575	0.2924546954856259	0.33719167599241867	0.38306039558941307	0.41674627674482545	0.47546356365999093	0.5047556342299148	0.5519558115800874	0.5698639183603365	0.612270847799067	0.6715207178155039	0.7249787466056149	0.766986238718392	0.8416144457840389	0.88521968720063	0.9649740066160135	1.0187648998444192	1.0473912415377538	1.0799453836029647	1.1105689119260667	1.1408595758108744	1.1618966083110924	1.1940513130503496	1.213290877583777	1.2815280874341677	1.3237352982099218	1.361615271287846	1.383318032664653	1.3743306928306993	1.3583531997925589	1.4437662146589505	1.4243935043502054	1.3813874189225444	1.4010264207819252	1.431916240655663	1.433513989959477	1.4345791561620198	1.4297859082505777	1.4127432490098948	1.3836508971029478	1.4014924309955374	1.3570217420393806	1.3437737373952559	1.3281956816830691	1.3199406436133634	1.3255993390643712	1.3239350168728985	1.3210723827035649	1.3140156566117196	1.2823935349737337	1.2592261700684302	1.2228108005190022	1.2086973483353116	1.2000428729396524	1.1879931802733883	1.1802041524172948	1.164692669592767	1.1652252526940383	1.1294090391335405	1.1191568144340671	1.0856706519416317	1.0599735173052893	1.0350752573208541	1.0202960762605744	1.0257550530486055	1.0032534170198912	1.0136387874946826	0.9924686092191467	0.9691015256508664	0.9621113724466801	0.9353490716077951	0.9034606584191736	0.8774306593445367	0.8674447261956989	0.8733031403096838	0.8559276166307063	0.8605877187668304	0.8413481542334033	0.8253706611952629	0.8269684104990769	0.7913519156015559	0.7601292312895235	0.7699820186630433	0.7417551142956622	0.7327677744617083	0.733766367776592	0.714393657467847	0.7139942201418934	0.7084686704662032	0.685234732673241	0.6737841959959071	0.6620007948802786	0.6399651690651769	0.639898596177518	0.624453686240649	0.6158657837326487	0.6158657837326487	0.606612152348059	0.6026843519761829	0.6010200297847099
FGC2639_s_1_1_CGAGGCCAAG-GTGTTACCGG_FGC2639_s_1_2_CGAGGCCAAG-GTGTTACCGG	0.05302126254873063	0.0009737605610418849	0.00009737605610418849	0.00004868802805209424	0.00004868802805209424	0.00009737605610418849	0	0	0	0	0	0.00009737605610418849	0	0	0.00004868802805209424	0	0	0	0.00004868802805209424	0	0	0	0	0.00004868802805209424	0	0.00004868802805209424	0	0	0	0.00004868802805209424	0	0.004625362664948953	0.006280755618720157	0.004771426749105236	0.004917490833261519	0.0044792985807926705	0.005453059141834555	0.0039437302722196334	0.004089794356375916	0.004041106328323822	0.004625362664948953	0.005063554917417801	0.005306995057678272	0.005550435197938744	0.004527986608844765	0.005306995057678272	0.00516093097352199	0.005550435197938744	0.005112242945469895	0.007838772516387173	0.008374340824960209	0.010419238003148167	0.011052182367825394	0.01032186194704398	0.012172007013023562	0.013291831658221728	0.014216904191211518	0.017722442210962305	0.020010779529410733	0.02225042881980707	0.025902030923714136	0.028969376690996078	0.03315654710347618	0.03695421329153953	0.037879285824529325	0.04576674636896859	0.04961310058508404	0.054968783670814404	0.059886274504075916	0.07259384982567252	0.08174719909946623	0.08875827513896781	0.0989827610299076	0.11227459268812931	0.1275139454684348	0.13471977362014478	0.14835242147473116	0.1600375482072338	0.1742544523984453	0.19830633825617983	0.2240136170676856	0.24066492266150183	0.2703159317452272	0.3037159189889639	0.33833310693400287	0.3600479674452369	0.38122725964789794	0.40917418774979997	0.43434589825273273	0.4627797066351557	0.5086925170882806	0.5474481874177477	0.6036828598179165	0.6553895456092406	0.7054895264748456	0.7474586066557508	0.7745778382807673	0.8015996938496797	0.8412804367121364	0.865867890878444	0.9658244124693935	1.0094001975760178	1.0613990115356546	1.1217721663202513	1.1646176310060943	1.1951937126228096	1.2319531738021405	1.2365785364670896	1.2542036026219479	1.2794240011529325	1.2922289525306334	1.3312280630003608	1.4050391135273355	1.4447685444178446	1.4704271352012983	1.5030481139962015	1.4926775640211052	1.4943816450029286	1.489512842197719	1.4655583323960888	1.4670676612657036	1.4898049703660317	1.5268078716856233	1.5264183674612066	1.560840803294037	1.5735970666436858	1.5512005737397225	1.5470620913552946	1.4897075943099276	1.4492478429986373	1.4318662169840397	1.4139003346328167	1.4209114106723184	1.4508545479243562	1.4556259746734614	1.4318175289559876	1.4251959571409025	1.3908708973641761	1.366429507282025	1.3188126158470768	1.2805925138261829	1.271877356804858	1.2436383005346432	1.2702219638510865	1.2549826110707814	1.2488479195362172	1.2569788202209171	1.2204141111537943	1.189302461228506	1.1775199584398992	1.1237196874423352	1.0989861691918712	1.0776121248770019	1.0639307889943632	1.081847983317534	1.075567227698814	1.0646124213870927	1.057017089010966	1.020793196140208	1.0064789158928922	0.9788241159593026	0.9518996364464947	0.9071553386666199	0.9144098548463819	0.911293821051048	0.9277990625607078	0.917525888641716	0.9157244316037885	0.8892868323715013	0.8660139549626004
FGC2639_s_1_1_CGGTTACGGC-AAGACTATAG_FGC2639_s_1_2_CGGTTACGGC-AAGACTATAG	0.04010010807121324	0.00042659689437460894	0.00021329844718730447	0	0	0.00007109948239576817	0	0.00007109948239576817	0	0	0	0	0	0	0	0	0	0.00007109948239576817	0.00007109948239576817	0	0.00007109948239576817	0	0	0.00007109948239576817	0	0.00007109948239576817	0.00021329844718730447	0.00007109948239576817	0.00007109948239576817	0.00007109948239576817	0.00007109948239576817	0.004763665320516466	0.0066122518628064396	0.005048063250099539	0.005261361697286844	0.004905864285308003	0.004337068426141857	0.004834764802912235	0.004621466355724931	0.0051191627324953075	0.005545759626869916	0.005972356521244525	0.004194869461350322	0.00540356066207838	0.005545759626869916	0.005545759626869916	0.005901257038848757	0.004834764802912235	0.007820943063534497	0.006825550309993743	0.009029634264262556	0.009811728570616006	0.009811728570616006	0.01002502701780331	0.012655707866446732	0.013011205278425574	0.014717592855924009	0.01507309026790285	0.018130368010920883	0.01777487059894204	0.024102724532165408	0.027657698651953815	0.03071497639497184	0.03306125931403219	0.04074000341277516	0.04201979409589898	0.04905864285308002	0.05538649678630339	0.06413173312098287	0.06647801604004323	0.07842272908253228	0.08930094988908481	0.10032136966042887	0.11262158011489676	0.12172231386155508	0.14255446220351517	0.15812524884818838	0.17533132358796427	0.18884022524316021	0.20704169273647685	0.2265940503953131	0.24380012513508903	0.27792787668505775	0.30601217223138616	0.34660997667936977	0.38429270234912694	0.414296683920141	0.45212160855468975	0.4693987827768614	0.5142625561685911	0.5459018258347079	0.5886326147545645	0.6325720948751493	0.6746629884534441	0.7267078095671463	0.78259200273022	0.8364854103862124	0.8787896024116945	0.9012570388487571	0.9410727489903873	1.032862180763324	1.065639042147773	1.1076588362436721	1.1713639724702805	1.1946846026960924	1.247227120186565	1.2967834594164154	1.325720948751493	1.3224503725612877	1.3634036744212503	1.3717934133439509	1.3828138331152948	1.4142398043342246	1.4623741539161594	1.475029861782606	1.4746032648882317	1.5219555201638133	1.520178033103919	1.5184005460440249	1.5042517490472669	1.4890364598145724	1.4854103862123884	1.5147033729594448	1.4933024287583185	1.504465047494454	1.5169074569137135	1.4959331096069621	1.5211734258574596	1.5147744724418406	1.4690575052613617	1.4722569819691713	1.4313036801092087	1.405778965929128	1.4018684943973607	1.38188953984415	1.3707269211080144	1.3699448268016607	1.3696604288720777	1.3339684887094023	1.313207439849838	1.2952903702861043	1.2519907855070815	1.2374153916159492	1.2235509925487742	1.207340310562539	1.2079091064217051	1.2020789488652524	1.1903475342699505	1.1633297309595587	1.1385160116034356	1.0995534952505546	1.1063790455605482	1.0546186223764291	1.0540498265172629	1.020917467720835	1.0088305557135544	1.0109635401854273	1.002787099709914	0.9741340083044195	0.9695125419486946	0.9488936920539217	0.933180706444457	0.8849041578977306	0.8740259370911779	0.8698310676298276	0.8507053068653659	0.8678402821227461	0.8297309595586144	0.8312240486889255	0.8348501222911097
FGC2639_s_1_1_CGTTATTCTA-CCATAAGGTT_FGC2639_s_1_2_CGTTATTCTA-CCATAAGGTT	0.03757274874891016	0.0008269105639375001	0	0.00005168191024609376	0	0	0	0	0	0	0	0	0	0	0	0.00005168191024609376	0	0	0	0	0	0	0	0	0	0.00005168191024609376	0.00005168191024609376	0.00010336382049218752	0	0	0	0.006201829229531251	0.006563602601253907	0.004599690011902344	0.005478282486085938	0.004806417652886719	0.0052198729348554695	0.004186234729933594	0.004134552819687501	0.004806417652886719	0.004134552819687501	0.004186234729933594	0.004496326191410156	0.004599690011902344	0.003462687986488281	0.004341280460671875	0.0034110060762421878	0.003979507088949219	0.004651371922148438	0.00454800810165625	0.004806417652886719	0.0069770578832226565	0.006770330242238281	0.005064827204117188	0.007028739793468751	0.008734242831589845	0.00852751519060547	0.008475833280359375	0.010026290587742187	0.011835157446355469	0.013540660484476563	0.015194481612351563	0.01669325700948828	0.01912230679105469	0.023721996802957033	0.0239804063541875	0.028166641084121095	0.032301193903808596	0.03385165121119141	0.03907152414604688	0.045273353375578126	0.05126845496412501	0.05473114295061328	0.06558434410229297	0.07798800256135548	0.08336292122694923	0.09612835305773439	0.10574118836350782	0.10987574118319532	0.12853291078203516	0.1462598059964453	0.16000719412190625	0.17825090843877736	0.20481541030526954	0.22631508496764452	0.24445543546402346	0.27846213240595313	0.2931914768260898	0.3200143882438125	0.34120397144471093	0.3749005769251641	0.4207424313134493	0.458625271523836	0.4748017094308633	0.5325304031757501	0.5735141580009023	0.6309844421945586	0.653207663600379	0.6971889692198048	0.7262342027781094	0.8116127185046562	0.8506842426507032	0.8871199893741993	0.9422129056965353	0.9876929867130978	1.0210795007320743	1.0839763855015703	1.1157090783926717	1.126769007185336	1.1671325790875353	1.2003123654655274	1.2424331223160938	1.2768532745399923	1.3248140872483671	1.362180108356293	1.3959283957469921	1.4208907583958554	1.4323124605602422	1.4533469980304023	1.4809451381018164	1.4554142744402463	1.4788778616919729	1.5063726379428946	1.5341258237450468	1.551749355138965	1.5594499597656328	1.5439970686020508	1.5762982625058592	1.5585196853812033	1.5437386590508204	1.532523684527418	1.5034267690588672	1.508284868622	1.5127811948134102	1.5237377597855821	1.5070445027760937	1.5279756764257617	1.5201200260683556	1.4676628871685704	1.4758803108976992	1.4367571048414063	1.4160326588327226	1.3973238073236367	1.404662638578582	1.3847134212235899	1.3874008805563867	1.3944813022601017	1.3694672577009923	1.3372177457074297	1.3337550577209414	1.2737523599252267	1.2841404238846916	1.2534930511087579	1.2250680004734065	1.2288407799213712	1.2338539252152423	1.2346291538689336	1.1889940271216328	1.1835674265457932	1.15436714725675	1.1266656433648439	1.11467544018775	1.0962249982298946	1.0797901507716368	1.0697638601838946	1.064492305338793	1.0612880269035352	1.0510033267645624	1.0273330118718516	1.0096577985676876
FGC2639_s_1_1_CTAGTGCTCT-TGGAACAGTA_FGC2639_s_1_2_CTAGTGCTCT-TGGAACAGTA	0.0418833097778155	0.0010609208423895996	0.0003228889520316173	0.00013838097944212169	0.000046126993147373895	0.000046126993147373895	0	0	0.000046126993147373895	0	0	0.000046126993147373895	0	0.00009225398629474779	0	0.000046126993147373895	0	0	0	0.00009225398629474779	0.000046126993147373895	0	0	0	0.000046126993147373895	0.000046126993147373895	0	0	0	0.000046126993147373895	0.000046126993147373895	0.005027842253063755	0.005858128129716485	0.005350731205095372	0.0038285404312320337	0.004335937355853146	0.004566572321590016	0.004566572321590016	0.0042436833695583985	0.0042436833695583985	0.004105302390116277	0.005304604211947998	0.004889461273621633	0.005027842253063755	0.005396858198242746	0.006503906033779721	0.007241937924137702	0.006503906033779721	0.008256731773379928	0.009133144643180033	0.011070478355369735	0.011347240314253978	0.013284574026443683	0.016605717533054603	0.016190574594728238	0.016513463546759855	0.01988073404651815	0.023017369580539574	0.02716879896380323	0.03325756205925658	0.04017661103136266	0.04954039064027956	0.057012963530154136	0.06402426648855497	0.07504861785077734	0.07920004723404098	0.09077792251403183	0.09917303526685388	0.11600938776564534	0.12961685074412066	0.1473757431058596	0.16781000107014624	0.19627035584207594	0.22823636209320605	0.25808052665955694	0.2763929429390644	0.3121413626282792	0.3341900653527239	0.3674937544051278	0.4026886501765741	0.44434132498865275	0.4883926034443948	0.5361801683450742	0.5886265595536383	0.6370137753652335	0.7074958208944209	0.7420910657549512	0.7812067559439243	0.807314634065338	0.8486444199253851	0.8988305884697277	0.9637312678280829	0.9984648936680555	1.0467137285002086	1.0975456749486145	1.1519293998693683	1.1714872449638547	1.2001321077083742	1.2022539493931532	1.2002704886878162	1.3109752722415136	1.3207541947887569	1.3118055581181665	1.3582093132244244	1.405673989173072	1.3892066526194595	1.4338114549929704	1.4154990387134627	1.381595698750143	1.3905443354207336	1.3789203331475952	1.3803963969283113	1.4213571668431795	1.4118088792616728	1.4030447505636718	1.424032532445727	1.3976940193585765	1.3819185877021747	1.3728776970452894	1.3394817540065906	1.3077925097143446	1.3372676583355165	1.3410500717736014	1.3202467978641357	1.319785527932662	1.3177559402341774	1.2941850467358695	1.2997664129067017	1.2729205028949302	1.2175681111180814	1.2203357307069238	1.1833880091958773	1.1692270222996337	1.1790520718400244	1.160001623670159	1.1689963873338967	1.146855430623157	1.139198349760693	1.101189707407257	1.0996675166333938	1.042239410164913	1.0364274090283443	1.017054071906447	1.0244805178031744	1.0197294375089947	1.0022011801129926	1.0124413725917096	1.0014170212294873	0.9641925377595567	0.9449575816171016	0.92267824392692	0.9084250030443817	0.8825477598887047	0.8650195024927027	0.8742449011221775	0.8793188703683886	0.8787192194574727	0.8583772154794809	0.8485521659390902	0.8295017177692248	0.8171396836057286	0.7915853294020834	0.7655697052669646	0.7589274182537427	0.7717507223487127	0.7509935754323944	0.757359100486732	0.7319892542556764	0.7363251916115295	0.7392773191729615
FGC2639_s_1_1_CTATTACTAC-GAGTCTCTCC_FGC2639_s_1_2_CTATTACTAC-GAGTCTCTCC	0.03956006973715955	0.00011143681616101283	0.00039002885656354487	0	0	0	0.000055718408080506416	0	0	0	0	0	0	0	0	0	0	0	0	0	0	0.000055718408080506416	0.000055718408080506416	0	0	0.000055718408080506416	0	0	0	0	0	0.00590615125653368	0.006351898521177731	0.004903219911084564	0.005683277624211654	0.006519053745419251	0.005850432848453173	0.005794714440372667	0.0052932487676481095	0.0041788806060379805	0.004568909462601526	0.0043460358302795	0.004791783094923552	0.004513191054521019	0.006073306480775199	0.004958938319165071	0.006407616929258238	0.005683277624211654	0.005850432848453173	0.0066304905615802625	0.008914945292881025	0.008803508476720012	0.00947212937368609	0.011143681616101284	0.011756584104986853	0.012982389082757994	0.014319630876690147	0.016659804016071415	0.018387074666567117	0.019780034868579776	0.023346012985732186	0.025741904533193964	0.027970640856414222	0.03370963688870638	0.03850141998362993	0.03978294336948158	0.04663630756338387	0.04847501503004058	0.05800286281180718	0.06346326680369681	0.07271252254506087	0.07861867380159454	0.09109959721162798	0.10826086690042397	0.12347199230640221	0.12664794156699108	0.14921389683959618	0.15924321029408733	0.169328242156659	0.195293020322175	0.21234285319480994	0.23145426716642364	0.25429881447943126	0.2856682782287564	0.3161462474487934	0.3495772922970973	0.37899661176360466	0.4049613899291206	0.43521648551683556	0.4654715811045506	0.49372081400136736	0.5206328051042519	0.5637031345504834	0.6257734411521675	0.6616560959560137	0.721441947826397	0.7662395479231242	0.8143802525046817	0.8481456078014686	0.8734417650700186	0.9638727413846804	0.9956879523986497	1.0335207514853135	1.0723564819174265	1.1415587447534152	1.1745997607451557	1.240737511136717	1.254834268381085	1.2857022664576854	1.3184646904090234	1.3379661332372004	1.3567432367603312	1.397417674659101	1.4157490309175875	1.4472299314830734	1.4787665504566403	1.5176579992968338	1.5137019923231176	1.5252357027957826	1.528801680912935	1.516710786359465	1.5412826043229684	1.5373265973492525	1.5301946411149476	1.5402239545694387	1.5532620620602773	1.5551564879350146	1.5762737645975264	1.533983492864422	1.5139805843635203	1.497877964428254	1.4660070350062042	1.455420537470908	1.420095066747867	1.4185906697296933	1.4218780558064432	1.4263912468609643	1.412628800065079	1.390508592057118	1.3701713731077332	1.337018920299832	1.2942829013020836	1.2803532992819568	1.273667090312296	1.2318782842519163	1.2355556991852297	1.2324354683327214	1.2215703787570225	1.1973328712420022	1.20257040160157	1.142283084058462	1.1328666730928563	1.0780397595416382	1.0704620560426892	1.0699048719618842	1.064611623194236	1.05073773958219	1.0150222400025852	1.023992903703547	1.0071102260551534	0.9844885523744679	0.963928459792761	0.9281572418050759	0.9070956835506443	0.8859784068881325	0.8828581760356242	0.8653625958983452	0.8594007262337309	0.8616294625569512	0.8412365251994859
FGC2639_s_1_1_CTGCGAGCCA-AATCCGGCCA_FGC2639_s_1_2_CTGCGAGCCA-AATCCGGCCA	0.047142934496159264	0.0009935286511308591	0.00034773502789580074	0.000049676432556542956	0.000049676432556542956	0.00019870573022617182	0.00019870573022617182	0	0.00009935286511308591	0.000049676432556542956	0.000049676432556542956	0	0	0	0.000049676432556542956	0	0	0	0	0	0	0	0	0	0	0	0	0.000049676432556542956	0	0	0.000049676432556542956	0.006457936232350584	0.007550817748594529	0.006358583367237498	0.005613436878889354	0.005663113311445897	0.0049179668230977525	0.005166348985880467	0.0049179668230977525	0.006060524771898241	0.0044212024975323234	0.005514084013776268	0.005613436878889354	0.00571278974400244	0.0063089069346809554	0.004222496767306151	0.005017319688210839	0.005563760446332812	0.005464407581219725	0.005166348985880467	0.006408259799794042	0.009190140022960447	0.00824628780438613	0.008643699264838475	0.008643699264838475	0.011524932353117967	0.010730109432213279	0.012617813869361911	0.015051959064632517	0.0141081068460582	0.019373808697051752	0.01996992588773027	0.020118955185399898	0.02608012709218505	0.03139550537573515	0.031047770347839346	0.03536961998025859	0.04247334983584423	0.04525523005901064	0.0528557242401617	0.058816896146946865	0.06790768330479421	0.07764426408587664	0.0920504295272741	0.10263150966181775	0.11301388406613523	0.13079804692137761	0.13755404174906746	0.16120002364598188	0.1802757737476944	0.1999476410400854	0.21862597968134553	0.25066727868031574	0.2741145548470041	0.3002443583717456	0.33248436310094204	0.3614953997139631	0.38499235231320794	0.42423673403287687	0.45647673876207323	0.5017816452536403	0.5541902816007933	0.5906031066647393	0.6421175672258743	0.6923901169730957	0.7250275331627445	0.760397153143003	0.7999395934580112	0.851056642558694	0.8839921173436819	0.9970060014098172	1.031382092738945	1.059946041458957	1.1221906114523055	1.167445841511316	1.211161102161074	1.2518461004248824	1.2342606432998664	1.2665503244616192	1.2714186148521605	1.3328186854920476	1.3609852227516075	1.380607413611442	1.4215407940380331	1.4392752804607192	1.4661502304738088	1.4597419706740147	1.4689321106969753	1.4839840697616078	1.4629212623576335	1.464063820306434	1.4803576901849802	1.4903923295614019	1.4815996009988937	1.4987876466634575	1.52059560055578	1.5150815165420037	1.49372065054269	1.481351218836111	1.4404178384095196	1.427750348107601	1.4240246156658605	1.412996447638308	1.4229317341496164	1.4341586079073951	1.4049985419967044	1.4170699151079444	1.3974974006806664	1.3619290749701818	1.3195550779994505	1.3030625023906783	1.281800989256478	1.2914382171724474	1.284731898777314	1.2612349461780692	1.277131404596163	1.2572608315735458	1.2594465946060336	1.2109127199982912	1.1905453826501085	1.1565170263488764	1.1372922469494946	1.1204022598802699	1.1244260509173498	1.1126527364014491	1.123631227996445	1.1135469121874668	1.0837907290860977	1.0930802219741713	1.0331704443109804	1.018217838111461	0.987567479224074	0.9660079074945344	0.9759928704383994	0.9614376756993325	0.9525455942717111	0.9526946235693808	0.9309860225421716	0.9360033422303824	0.9122083310357983
FGC2639_s_1_1_CTTGCCATTA-ATCACGAAGG_FGC2639_s_1_2_CTTGCCATTA-ATCACGAAGG	0.03161271647365317	0.0003264652303647487	0	0.00005441087172745812	0.00005441087172745812	0	0	0	0	0	0	0	0	0	0	0	0	0	0.00005441087172745812	0	0	0	0.00005441087172745812	0	0	0.00010882174345491624	0	0.00010882174345491624	0.00005441087172745812	0.00005441087172745812	0.00005441087172745812	0.0052778545575634375	0.004896978455471231	0.0038087610209220687	0.0051690328141085215	0.004135226251286817	0.004461691481651566	0.0034822957905573195	0.004244047994741733	0.004189637123014275	0.004080815379559359	0.004026404507831901	0.0051146219423810636	0.0038631718926495262	0.005060211070653605	0.005005800198926148	0.005386676301018354	0.005441087172745811	0.004461691481651566	0.0063660719921126005	0.006964591581114639	0.008161630759118719	0.008651328604665841	0.009739546039215003	0.010610119986854334	0.011752748293130954	0.012242446138678077	0.014799757109868607	0.01588797454441777	0.01828205290042593	0.0237775509448992	0.02492017925117582	0.029708335963192133	0.032809755651657245	0.04015522333486409	0.041841960358415295	0.04929624978507706	0.054410871727458114	0.06273573510175921	0.07024443540014844	0.07862370964617699	0.09456609506232222	0.1062644324837257	0.12052008087631973	0.1352654271144609	0.15947826503317974	0.1678575392792083	0.19000276407228375	0.2042584124648778	0.23385792668461503	0.2677558997708214	0.2808145089854113	0.31487571468680015	0.34942661823373605	0.3775570389168319	0.4341987563851158	0.47179666874878934	0.509993100701465	0.5496042153190545	0.5866580189654534	0.627466172761047	0.6707772266561037	0.7122383109124268	0.7494009363022807	0.8090896625873022	0.8702474824089652	0.906702766466362	0.966554725366566	1.0138377728977273	1.0383770760468107	1.1263050447583831	1.1300593949075777	1.1427915388918028	1.1746763097240933	1.2170079679280557	1.2349091447263896	1.3055344562286302	1.3267546962023389	1.3410103445949328	1.3768126981916002	1.3442205860268528	1.3610879562623648	1.4024402187752332	1.4170223323981919	1.4052695841050609	1.4181649607044684	1.4463497922592918	1.4424866203666422	1.4587010601414248	1.4804654088324078	1.4383513941153554	1.4391675571912672	1.4345970439661608	1.4271971654112265	1.4449895204661052	1.4103842060474419	1.420014930343202	1.4294280111520523	1.4326382525839723	1.3959653250396655	1.397815294678399	1.3656584694874714	1.3411191663383877	1.3202253915950437	1.336167777011189	1.3122269934511075	1.3128255130401094	1.3019433386946178	1.283878929281102	1.2724526462183356	1.2548235237786391	1.225822529147904	1.2205446745903406	1.1954612627239825	1.1867011123758617	1.186265825402042	1.1844158557633084	1.1514428674964687	1.159930963485952	1.1417577323289811	1.0978481588449225	1.089958582444441	1.0609575878137059	1.0376153238426264	1.0434372871174644	1.0397917587117247	1.0086687400836185	1.012640733719723	0.9978409766098545	0.9752604648429593	0.9728663864869511	0.947782974620593	0.9105659383590117	0.9077909839009113	0.912143853639108	0.8842310764429219	0.8615417429325719	0.8675269388225924	0.8621946733933014	0.8669828301053176
FGC2639_s_1_1_GAACTGAGCG-TCGTGGAGCG_FGC2639_s_1_2_GAACTGAGCG-TCGTGGAGCG	0.035619793369339604	0.0010160008175818345	0.0002988237698770101	0	0	0.00011952950795080405	0	0	0	0.00005976475397540202	0.00005976475397540202	0.00005976475397540202	0.00005976475397540202	0.00011952950795080405	0	0	0	0	0	0	0	0	0.00011952950795080405	0	0	0.00005976475397540202	0.00011952950795080405	0.00005976475397540202	0.00005976475397540202	0.00017929426192620607	0.00005976475397540202	0.004542121302130554	0.006275299167417213	0.006693652445245027	0.00561788687368779	0.0050202393339337705	0.0053788278577861824	0.005498357365736986	0.006454593429343419	0.0074705942469252525	0.0072315352310236445	0.008486595064507088	0.01123577374737558	0.008665889326433293	0.01033930243774455	0.011654127025203395	0.014881423739875103	0.014582599969998092	0.016435307343235554	0.018825897502251637	0.021933664708972542	0.027850375352537343	0.03203390813081548	0.03591861713921661	0.036994382710773856	0.037711559758478674	0.04368803515601888	0.05121839415691954	0.05839016463396778	0.06849040805581072	0.07231535231023645	0.08426830310531686	0.09669937193220048	0.10763632190969905	0.12048574401441046	0.1301078694044502	0.13943117102461292	0.15688247918543033	0.16363589638465076	0.18640626764927892	0.20762275531054664	0.2428241954020584	0.25603220603062227	0.29063599858238004	0.3221917886813923	0.3439461591284386	0.37783277463249154	0.3983320852460545	0.4302464638689192	0.455048836768711	0.509614057148253	0.5336992530003402	0.6024884848260278	0.6586673535629057	0.6807803125338044	0.7699493254651042	0.8107686524303038	0.8493766834984136	0.8648557547780427	0.9004157833934068	0.9620930094960218	1.0063189274378193	1.0577763806106404	1.0826385182644076	1.1294940853811228	1.1932630778728768	1.2245200442020119	1.2366522892590188	1.2501591236574594	1.2582871301981142	1.3733940463547385	1.3854067619037944	1.3641305094885512	1.4074001913667422	1.4479804593160401	1.456108465856695	1.4706313010727177	1.4614872937144812	1.4463668109587042	1.4507296379989087	1.4310670339410014	1.4222816151066173	1.4533592871738266	1.443318808505959	1.4184566708521915	1.4414661011327214	1.4091931339860042	1.3984952430244073	1.381342758633467	1.370764397179821	1.3361008398740877	1.3430933160892098	1.30747352271987	1.3316184833259324	1.307772346489747	1.287990212923889	1.2673713728023752	1.2524899490625	1.2379671138464774	1.2113717983274235	1.1877049557531645	1.1498738664867347	1.1389966812632117	1.1331995001275976	1.11939384195928	1.1018230042905117	1.096802764956578	1.0808455756451456	1.0548479076658457	1.0468394306331417	0.9877918537054445	0.9690854857111438	0.9439245242874995	0.9562360636064323	0.9371113423343036	0.9312543964447143	0.9205565054831173	0.9002962538854562	0.9152374423793066	0.8797969432718931	0.838439733520915	0.8304312564882111	0.8009672327783379	0.7945126393489944	0.798158289341494	0.7614627304005972	0.755785078772934	0.7680966180918668	0.7499281328833446	0.7218386985149057	0.6970363256151137	0.6979327969247449	0.6803021945020012	0.6714570109136417	0.6641657109286426	0.6451007544104894	0.6586673535629057	0.6427101642514733	0.6379887486874166	0.6247807380588527
FGC2639_s_1_1_GAAGCGGCAC-CGGCTCTACT_FGC2639_s_1_2_GAAGCGGCAC-CGGCTCTACT	0.041074293456508704	0.0005251507839188327	0.0001500430811196665	0.00011253231083974987	0	0.000037510770279916625	0.00007502154055983325	0.000037510770279916625	0	0	0.000037510770279916625	0	0	0	0	0	0	0.000037510770279916625	0	0.000037510770279916625	0.000037510770279916625	0.000037510770279916625	0	0.000037510770279916625	0	0.000037510770279916625	0.000037510770279916625	0	0.000037510770279916625	0	0	0.0075021540559833235	0.007689707907382907	0.006489363258425576	0.007127046353184159	0.006639406339545242	0.006151766325906326	0.0058141693933870765	0.005364040150028077	0.006414341717865742	0.0050639539877887435	0.005364040150028077	0.005926701704226826	0.006189277096186242	0.005889190933946909	0.006189277096186242	0.006301809407025992	0.005964212474506743	0.005851680163666993	0.006601895569265325	0.008064815610182074	0.009377692569979156	0.008477434083261156	0.010165418745857404	0.011253231083974987	0.013128769597970817	0.012341043422092569	0.014029028084688817	0.01654224969344323	0.019468089775276726	0.021681225221791806	0.025582345330903134	0.030946385480931215	0.035110080982001954	0.038561071847754286	0.044187687389741784	0.050039367553408765	0.059004441650308846	0.06455603565173651	0.07145801738324116	0.08053562379098098	0.09317675337531288	0.11005660000127536	0.1270489789380776	0.14231586244200367	0.15694506285117116	0.18151461738451655	0.19786931322656018	0.21583697219064024	0.24652078227961205	0.2681644967311239	0.30113646380717063	0.33969753565492494	0.37356976121768964	0.4162195070259549	0.46768428385000044	0.5053075864407568	0.5341158580157328	0.5717016498362092	0.6226787866466159	0.6465356365446429	0.7008137211396822	0.7541540364777236	0.7981541700160658	0.8580963809233726	0.9032968591106721	0.952848586650442	1.005476197353165	1.0406237891054468	1.051426890946063	1.1534186753371563	1.1725491681799138	1.176375266748465	1.2287778128295088	1.2768666203283616	1.2928837192378861	1.342022828304577	1.3522257578207142	1.3499751116039194	1.3794585770439338	1.3903742111953894	1.3803963463009317	1.4260094429613104	1.4121304579577412	1.4183572458242073	1.441914009559995	1.464457982498225	1.4439395911551105	1.46209480397059	1.4545176283740469	1.4287852399620242	1.4344493662742914	1.4215081505277203	1.418019648891688	1.416706771931891	1.4105925163762645	1.39911422067061	1.4352370924501696	1.406803928577993	1.3686554752033178	1.3647168443239266	1.3210543077181036	1.3236800616376978	1.3161028860411546	1.3007609809966687	1.2775043034231204	1.2996731686585512	1.2858692051955418	1.2553729489579695	1.2496713118754224	1.2181247540700122	1.1898416332789552	1.1830146730880104	1.1574698385273872	1.1413026965367432	1.1401023518877857	1.1396897334147067	1.1303120408447276	1.1282114377090522	1.10675527710894	1.0744585038979317	1.0512768478649432	1.0299332195756707	1.0156041053287426	1.0118905390710307	1.0146288253014648	0.989309055362521	0.9941104339583503	0.9574249006245918	0.9540114205291195	0.9612885099634233	0.927191219778979	0.9048348006921487	0.8813530584969208	0.8810904831049616	0.8664987934660741	0.8550580085306995	0.85025662993487	0.8573836762880541	0.8461679559743591
FGC2639_s_1_1_GACACCATGT-TCAACGTGTA_FGC2639_s_1_2_GACACCATGT-TCAACGTGTA	0.040920434733309904	0.000673587403017447	0.00016839685075436175	0	0	0	0	0	0	0	0	0	0	0	0	0	0	0	0	0	0	0	0	0	0	0.000056132283584787255	0.000056132283584787255	0	0.00011226456716957451	0.000056132283584787255	0	0.006455212612250534	0.00550096379130915	0.005164170089800427	0.00550096379130915	0.004939640955461278	0.005051905522630852	0.0038169952837655333	0.005051905522630852	0.004883508671876491	0.004209921268859044	0.0057254929256483	0.0038169952837655333	0.004097656701689469	0.0046028472539525545	0.003985392134519895	0.004322185836028619	0.004153788985274257	0.004546714970367767	0.005950022059987449	0.006792006313759258	0.006567477179420108	0.008251445686963725	0.0066236094630048965	0.008644371672057238	0.008756636239226812	0.010103811045261705	0.009935414194507344	0.013359483493179366	0.012517499239407558	0.01678355279185139	0.0171764787769449	0.020095357523353837	0.022452913433914902	0.026045379583341285	0.030704359120878627	0.03328644416577884	0.03732796858388352	0.042211477255760015	0.044961959151414585	0.05203462688309778	0.05950022059987448	0.06792006313759258	0.0740384820483344	0.08829608207887035	0.09520035295979919	0.11546410733390738	0.11967402860276642	0.12916038452859546	0.14515808535025984	0.15750718773891303	0.1792303814862257	0.1933195846660073	0.2122922965176654	0.24512968241476593	0.2707821360130137	0.3096818085372713	0.33931965427003896	0.3538017834349141	0.38029622128693363	0.4099340670197013	0.4479917552901871	0.4845338719038836	0.5247245869505913	0.570696927206532	0.6156588863579466	0.6772360014504583	0.7067054503324715	0.7450438000208812	0.7655320835293286	0.8478220112646268	0.8898089593860476	0.9157420744022192	0.9640719705687211	1.0224495454968998	1.0774591834099911	1.1274730480840367	1.1783850292954388	1.2012308687144473	1.2252554860887361	1.2332824026413607	1.2719014137476943	1.297834528763866	1.342740355631696	1.3549210611695945	1.4111094770379666	1.4420944975767693	1.4658384535331344	1.4843621071161142	1.4821729480563075	1.4982267811615566	1.4985635748630652	1.5087235181919119	1.5194447843566061	1.4972164000570305	1.537182585969399	1.5563798269553961	1.5634524946870794	1.5438061954324038	1.5373509828201533	1.5143928788339753	1.497889987460048	1.473023385831987	1.504232935505129	1.5021560410124917	1.4878423086983708	1.488852689802897	1.4725181952797242	1.454611996816177	1.445911492860535	1.4203713038294568	1.385457023439719	1.3804612502006728	1.3592432470056233	1.3536861509307294	1.345883763512444	1.3480729225722508	1.3303351209594578	1.2996307618385792	1.3063666358687538	1.2721259428820335	1.237436191626635	1.2245818986857187	1.1810793789075087	1.1874784592361745	1.1767010607878952	1.15963684657812	1.1536868245181324	1.1527325756971911	1.1099036433219984	1.0997436999931518	1.063819038498888	1.0428816967217625	1.0304764620495244	1.029522213228583	1.0081358131827791	0.9819220367486834	0.9889385721967817	1.0019051297048676	0.9777682477634091
FGC2639_s_1_1_GACTGAGTAG-GTTGATAGTG_FGC2639_s_1_2_GACTGAGTAG-GTTGATAGTG	0.042021227374769765	0.0008239456347994073	0.00019014130033832475	0.00006338043344610825	0	0.00006338043344610825	0	0	0	0	0	0	0	0	0.00006338043344610825	0	0	0	0	0.00006338043344610825	0	0	0	0	0	0.0001267608668922165	0.0001267608668922165	0	0.0001267608668922165	0	0	0.007288749846302449	0.007415510713194665	0.006845086812179691	0.007415510713194665	0.004753532508458119	0.005323956409473093	0.005007054242242552	0.005007054242242552	0.004943673808796444	0.004373249907781469	0.005387336842919201	0.005577478143257526	0.006021141177380284	0.00507043467568866	0.004373249907781469	0.004373249907781469	0.006464804211503041	0.007035228112518016	0.008492978081778506	0.007098608545964124	0.008366217214886288	0.008936641115901263	0.011725380187530027	0.011661999754083918	0.013626793190913273	0.01375355405780549	0.015147923593619871	0.016098630095311494	0.02129582563789237	0.023831042975736703	0.02788739071628763	0.033528249292991266	0.03498599926225175	0.0415141839072009	0.044429683845721886	0.046204335982212914	0.058056477036635155	0.0645212812481382	0.06933819419004243	0.08239456347994073	0.09640163927153066	0.10742983469115348	0.1290425624962764	0.14323977958820464	0.1657398334615731	0.1836131156933756	0.2044652782971452	0.21606389761778302	0.2396414188597353	0.27931757019699904	0.30682467831261007	0.32393739534305926	0.36678256835262846	0.41615592600714674	0.45507151214305724	0.49050117443943175	0.5385435429915818	0.5564802056568304	0.6003394656015374	0.650473388457409	0.6890720724260889	0.7435792451897419	0.7676004294658171	0.8375724279903206	0.8942979159245874	0.9389811215040937	0.9900023704282109	1.0152911633732082	1.026319358792831	1.1345097586853377	1.145918236705637	1.172284497019218	1.201439496404428	1.267608668922165	1.2827565925157849	1.316158080941884	1.322179222119264	1.347784917231492	1.3574821235487466	1.3453764607605398	1.3503835150027823	1.395320242316073	1.4060315355684654	1.4176935353225495	1.4137005680154446	1.4364541436225973	1.4389893609604418	1.423968198233714	1.4404471109297023	1.4077428072715104	1.4179470570563337	1.3974751770532408	1.4266301764384506	1.4271372199060195	1.4224470678310075	1.4231442525989146	1.4206724156945163	1.381186405657591	1.3683835581014772	1.3399257434841745	1.323129928620956	1.3126087766689019	1.3134961027371475	1.3057003094232762	1.305066505088815	1.27876362520868	1.284594625085722	1.2795875708434794	1.2594325930076171	1.2219747568409671	1.199601463834491	1.2162071373973713	1.203784572441934	1.1868619967118232	1.1561224864904607	1.16639011670873	1.141671747664748	1.1485802149103739	1.1266505849380204	1.1044040527984362	1.073220879542951	1.046917999662816	1.0272066848610766	1.0355095216425165	1.0154813046735465	1.0086995982948128	1.0031221201515552	0.9938051964349773	0.9712417621281628	0.9661713274524742	0.9567276428690041	0.9162275458969409	0.9038683613749497	0.9077979482486084	0.8964528506617551	0.8894176225492372	0.8779457640954915	0.8695795468806052	0.8747767424231861
FGC2639_s_1_1_GAGAATGGTT-TCGGCAGCAA_FGC2639_s_1_2_GAGAATGGTT-TCGGCAGCAA	0.04083194643802366	0.0011325649376970066	0.00023843472372568562	0	0	0	0.000059608680931421406	0.000059608680931421406	0	0	0	0	0	0	0	0	0	0	0	0	0.000059608680931421406	0	0.000059608680931421406	0	0	0.000059608680931421406	0	0	0	0	0	0.005841650731279298	0.005901259412210719	0.0054839986456907686	0.005424389964759348	0.005245563921965083	0.004709085793582291	0.004411042388925184	0.00637812885966209	0.003874564260542391	0.005126346560102241	0.004351433707993763	0.0046494771126508695	0.005364781283827926	0.004530259750788026	0.004112998984268076	0.0051859552410336626	0.006020476774073562	0.005603216007553612	0.006139694135936404	0.006139694135936404	0.0067357809452506185	0.005901259412210719	0.009060519501576053	0.009656606310890268	0.009060519501576053	0.012040953548147123	0.011087214653244382	0.012279388271872808	0.016392387256140884	0.015498257042169564	0.021876385901831656	0.022532081392077293	0.026764297738208213	0.028969818932670803	0.030281209913162074	0.040533903033366556	0.03999742490498376	0.04750811870234286	0.0517999437294052	0.05555529062808475	0.06556954902456354	0.06682133132412339	0.08208115364256727	0.09120128182507474	0.10067906209317076	0.11707144934931164	0.12929122894025302	0.13709996614226924	0.14717383321967947	0.16940787120709963	0.18985364876657718	0.20213303703845	0.23867315844941128	0.25256198110643246	0.28981740668857087	0.3106208363336369	0.33672943858159954	0.3578309116313227	0.3870391652877192	0.41225363732171044	0.4540989313355683	0.48968531385162684	0.5224700883639086	0.5791579439296903	0.6218377594765881	0.6750683115483473	0.7060648256326865	0.7330675580946204	0.77163437465725	0.8550865279612401	0.8785127395672887	0.9162450345968784	0.9709658036919233	1.0195468786510318	1.0633592591356265	1.1031182493168845	1.1531895412992785	1.1810864039751836	1.2009360947253471	1.2227528719462473	1.229369435529635	1.2914220723792447	1.3349960181401137	1.3508519272678718	1.3786891812628457	1.434184863209999	1.4317409072918108	1.454988292855065	1.456240075154625	1.4465834688437345	1.4847926333207757	1.4775203742471423	1.5056556716467733	1.5020195421099565	1.5342678384938555	1.5340294037701299	1.557813267461767	1.5320027086184616	1.5048807587946647	1.506609410541676	1.497250847635443	1.4580879442634989	1.4748379836052283	1.486402067705924	1.4570149880067333	1.4657178554227208	1.4840773291495988	1.4468815122483918	1.4453912952251062	1.402651870997277	1.386080657698342	1.3569320127228768	1.3631313155397446	1.3481099279450266	1.3356517136303594	1.3524017529720889	1.328260237194863	1.3111525457675453	1.304178330098569	1.2581604284195116	1.2409931283112623	1.2332439997901774	1.2151825694679568	1.213394309040014	1.2045126155812322	1.1962270089317648	1.1933657922470566	1.1663034511041912	1.1307766772690642	1.1310151119927896	1.0795132116680417	1.0773672991545105	1.0581136952136614	1.0463111763892399	1.0161491838379408	1.023957921039957	1.0145397494527923	1.0203814001840716	1.005300403908422
FGC2639_s_1_1_GAGTCATAGG-GTGTGGCGCT_FGC2639_s_1_2_GAGTCATAGG-GTGTGGCGCT	0.04664062404770046	0.0012830983231829564	0.00012830983231829565	0.00012830983231829565	0	0	0.00012830983231829565	0	0	0	0	0	0	0	0	0	0	0.00006415491615914782	0.00006415491615914782	0	0	0	0	0.00012830983231829565	0	0.00012830983231829565	0	0	0	0	0	0.008660913681484955	0.008660913681484955	0.0068645760290288165	0.007121195693665408	0.0061588719512781906	0.0065438014482330775	0.006287181783596486	0.007762744855256886	0.0074419702744611465	0.0064154916159147824	0.005966407202800747	0.007570280106779443	0.00705704077750626	0.0059022522866415995	0.0066079563643922255	0.005260703125050121	0.0063513366997556345	0.005517322789686713	0.00789105468757518	0.00763443502293859	0.008275984184530068	0.010136476753145355	0.00943077267539473	0.010649716082418539	0.01148372999248746	0.01238189881871553	0.013472532393421041	0.016616123285219286	0.01898985518310775	0.020529573170927302	0.022518375571860885	0.027329994283796972	0.03169252858261902	0.03554182355216789	0.03470780964209897	0.042983793826629035	0.04503675114372177	0.05042576410109018	0.0531202705797744	0.06563047923080821	0.07679343464249994	0.0866732917310087	0.09507758574785706	0.10675378048882198	0.12593610042040715	0.14370701219649112	0.1545491930273871	0.17116531631260637	0.1851510880353006	0.20337108422449857	0.22659516387411008	0.2537968483255888	0.28273071551336443	0.32109535537653483	0.3652339376940285	0.3958999876181012	0.43233997999649715	0.4605681431065222	0.49399285442543817	0.519077426643665	0.5671936137630259	0.6005541701657827	0.6482854277881888	0.7027529516073052	0.7594017425758327	0.8071971551143978	0.8465241187199555	0.8976555868987962	0.9183134699020419	1.0053075362138464	1.0357811213894417	1.032958305078439	1.0906977296216722	1.1356061709330754	1.149656097571929	1.2445412185713085	1.26475001716144	1.286434378823232	1.302024023449905	1.316843809082668	1.3070281069103185	1.3626504192202995	1.3715037976502622	1.3958826657907382	1.3882482307677995	1.4574072303873609	1.449644485532104	1.4675437071405064	1.4814011690308821	1.4649133555779812	1.4394438538627996	1.4644001162487081	1.430462165600519	1.4648492006618221	1.4792199018814713	1.459973427033727	1.48383905584493	1.4802463805400174	1.4569581459742469	1.4557392025672231	1.40101505908347	1.4121780144951617	1.391455976575757	1.4094835080164776	1.3700282345786017	1.3767645007753122	1.3967166797008073	1.3587369693345916	1.3507817597308573	1.3244140891894474	1.2914384622836454	1.2879740968110516	1.2576288214677747	1.2570514272223423	1.230940376345569	1.2563457231445916	1.234340586902004	1.231261150926365	1.2120788309947796	1.1785258098435454	1.1446520141115155	1.1395196208187834	1.1085969512300742	1.1060949094998676	1.095060263920494	1.0835765339280066	1.0707455506961772	1.0645866787448988	1.0531671036685706	1.052525554506979	1.0295580945220042	1.0035111985613903	0.9838156393005318	0.9701506421586332	0.9417941692162899	0.9365334660912399	0.9389713529052875	0.9183776248182011	0.927936707325914
FGC2639_s_1_1_GATAGGCCGA-CGCACATGGC_FGC2639_s_1_2_GATAGGCCGA-CGCACATGGC	0.03142918904159461	0.000568854100300355	0.00021332028761263312	0.00007110676253754437	0	0.00021332028761263312	0	0	0	0	0	0	0	0	0	0	0	0	0	0.00007110676253754437	0	0	0	0	0	0	0	0	0.00007110676253754437	0.00007110676253754437	0	0.006399608628378993	0.005617434240466006	0.003342017839264585	0.005190793665240739	0.00504858014016565	0.00668403567852917	0.004479726039865296	0.00455083280240284	0.004195298989715118	0.00391087193956494	0.005617434240466006	0.004195298989715118	0.005404113952853372	0.00455083280240284	0.003981978702102484	0.004835259852553017	0.005190793665240739	0.005190793665240739	0.005830754528078638	0.005901861290616183	0.00846170474196778	0.007750637116592337	0.00959941294256849	0.00959941294256849	0.010666014380631656	0.013225857831983254	0.013154751069445709	0.015074633657959406	0.01998100027304997	0.01919882588513698	0.023820765450077365	0.02872713206516793	0.03334907163010831	0.034415673068171476	0.03775769090743606	0.04522390097387822	0.04280627104760171	0.05944525348138709	0.06115181578228816	0.07302664512605807	0.07757747792846091	0.08995005460999364	0.1078689587694548	0.11782390552471103	0.14064917629926277	0.15252400564303267	0.1712961909529444	0.18274437972148902	0.2096227359606808	0.22313302084281425	0.2565531992354601	0.27859629562209887	0.30696789387457907	0.3511963001729317	0.3826965959770638	0.4272094293255666	0.4511013015381815	0.48900120597069263	0.5242701601893146	0.5666497906616911	0.609740488759443	0.6593019022481114	0.7030325612087012	0.7666731136798034	0.8098349185400928	0.8771019159006098	0.9189126922726859	0.9500574542641302	0.9790690133794484	1.0775518794939474	1.0956129971784836	1.1295309229088923	1.1847097706380267	1.2154989988167835	1.2711044871211432	1.3245767725493767	1.3434200646218257	1.3479708974242286	1.3739248657504322	1.4185088058614725	1.3827421043050878	1.4431828524620005	1.4541332938927822	1.4677146855374534	1.4987883407663602	1.5099521024847546	1.512085305360881	1.5371859925366342	1.521115864203149	1.4965129243651587	1.481651610994812	1.4675724720123784	1.49416640120142	1.5152851096750706	1.4842114544461638	1.5006371165923365	1.4916065577500681	1.4776696322927096	1.4247662009647766	1.436285496495859	1.4016565031400747	1.403149745153363	1.3738537589878947	1.3735693319377447	1.3552237872030581	1.3658186948211521	1.3499618867752798	1.3285587512514792	1.3035291708382635	1.282054928551925	1.247425935196141	1.213223582415582	1.2112325930645307	1.1819366068990624	1.1911093792664058	1.1663642259033402	1.1583291617365978	1.1571203467734597	1.1392014426139982	1.0872223991990533	1.0754897833803587	1.0508157367798305	1.0345322881587329	1.0269949713297533	1.0101426686083552	0.9887395330845544	0.99755677163921	0.9893794939473923	0.9616478565577501	0.9411691089469373	0.9152151406207336	0.8858480476927277	0.8844259124419768	0.873191043961045	0.8591830117411486	0.8461704741967779	0.8561254209520343	0.8286071038500046	0.8241273778101392
FGC2639_s_1_1_GATCAAGGCA-CCTTGTTAAT_FGC2639_s_1_2_GATCAAGGCA-CCTTGTTAAT	0.03640438122758749	0.0010773882294768883	0.000170113930970035	0.000056704643656678335	0	0.000170113930970035	0	0.000056704643656678335	0	0	0.000056704643656678335	0	0	0	0.000056704643656678335	0	0.000056704643656678335	0	0	0.000056704643656678335	0	0	0.000056704643656678335	0	0.00011340928731335667	0.00011340928731335667	0.000056704643656678335	0.000056704643656678335	0.000056704643656678335	0	0.000170113930970035	0.005840578296637869	0.006350920089547973	0.007428308319024862	0.007031375813428113	0.00544364579104112	0.00714478510074147	0.006861261882458078	0.008052059399248324	0.009356266203351924	0.009412970847008604	0.01394934233954287	0.014062751626856227	0.013665819121259477	0.014743207350736365	0.016104118798496648	0.01740832560260025	0.021320946014911052	0.023362313186551475	0.030166870425352876	0.03413619548132036	0.03935302269773476	0.04281200596079214	0.04848247032645997	0.053245660393620955	0.05273531860071085	0.055116913634291345	0.06226169873503281	0.07377274139733851	0.07893286397009625	0.0931657295279225	0.10365608860440799	0.1219716885055151	0.13155477328349374	0.1489063942424373	0.15469026789541848	0.16393312481145705	0.1753874628301061	0.1889398726640522	0.2153642366080643	0.234984043313275	0.25783601470691636	0.28851322692517933	0.32644863353149717	0.3684100698374391	0.37924065677586466	0.4113354850855446	0.4382134861788101	0.44314679017694114	0.4906085769175809	0.5421530980015016	0.5765728167011053	0.6312360931861433	0.6960495008857265	0.7585947228390427	0.8104794717849034	0.8676377525908352	0.8586217142494234	0.8791487952531408	0.9144190836075948	0.9632417817959948	1.0133119821448417	1.088048702484344	1.128082180905959	1.1759409001521952	1.2505075065607272	1.281581651284587	1.2888965503162986	1.2715449293573549	1.2548170594786348	1.3495705190289442	1.353653253372225	1.4070690276968163	1.4134766524300209	1.4644541270773745	1.4923528117564604	1.4864555288161658	1.486398824172509	1.431452024469188	1.4110950573964403	1.3804178451781774	1.382062279844221	1.4105847156035303	1.4194873446576286	1.4201110957378522	1.4474994386240276	1.4586135487807368	1.421358597898299	1.386655355980412	1.3309713959095537	1.2932061032342062	1.262358777084973	1.2774989169413062	1.2747770940457857	1.2755142544133224	1.2837931323871974	1.2820352884338404	1.2661579882099705	1.244383405045806	1.190627402859275	1.1304637759395393	1.1010907705253798	1.0902034789432977	1.0840793774283763	1.0877651792660603	1.0970647408257557	1.079372892004872	1.0958739433089655	1.053855802359367	1.0057702645385036	0.9684019043687526	0.940843447551607	0.9067072520702866	0.9179347715143088	0.9076145263687934	0.9065371381393165	0.9325078649340752	0.9128880582288645	0.9031915641635725	0.8680346850964318	0.7999891127084179	0.785189200714025	0.7539449420591952	0.7436814015573364	0.7491250473483775	0.7584246089080727	0.7449289037177832	0.7357427514454014	0.7443051526375598	0.725762734161826	0.6815898167532736	0.6702488880219378	0.6171166369156303	0.6234675570051783	0.6099718518148888	0.6122967422048127	0.6170032276283169	0.6247717638092819	0.6069665057010848	0.5966462605555694
FGC2639_s_1_1_GCAACATGGA-CTTGTCTTAA_FGC2639_s_1_2_GCAACATGGA-CTTGTCTTAA	0.04285342169167383	0.0008402631704249771	0.00021006579260624428	0	0	0	0	0	0.00007002193086874809	0	0	0	0	0	0.00007002193086874809	0	0	0	0	0	0	0	0	0.00007002193086874809	0	0	0	0	0	0	0	0.009733048390755984	0.010993443146393451	0.008472653635118519	0.00959300452901849	0.00840263170424977	0.008262587842512275	0.006862149225137313	0.007422324672087297	0.007142236948612305	0.0064420176399248245	0.006231951847318579	0.007142236948612305	0.007422324672087297	0.0056017544694998474	0.005951864123843588	0.0064420176399248245	0.005391688676893603	0.006932171156006061	0.005321666746024855	0.0072822808103498015	0.006371995709056077	0.008122543980774779	0.006231951847318579	0.006862149225137313	0.007702412395562291	0.007912478188168533	0.00805252204990603	0.008612697496856015	0.008962807151199756	0.011203508938999695	0.009943114183362228	0.013374188795930886	0.013654276519405878	0.016035022168943314	0.015474846721993328	0.017085351131974534	0.021566754707574413	0.02065646960628069	0.02093655732975568	0.024297610011455587	0.024927807389274317	0.031299803098330393	0.03599127246653652	0.03907223742476144	0.040752763765611384	0.03942234707910518	0.049855614778548635	0.0492254174007299	0.055107259593704744	0.06575059308575446	0.06470026412272324	0.06932171156006062	0.07968495732863533	0.08668715041551014	0.09656024266800362	0.1045427427870409	0.11077469463435947	0.1231685763981279	0.12877033086762774	0.15502855494340828	0.16357123050939554	0.174284585932314	0.1941007923681697	0.2089454417123443	0.22750125339256252	0.24920805196187445	0.26307239427388657	0.27119493825466134	0.2920614736535483	0.3783284924838459	0.37965890917035217	0.40171581739400786	0.4209718483829135	0.44737011632043155	0.4760090860457495	0.5178121787743921	0.5377684290719853	0.5598953592265098	0.5862236052331591	0.6433615008220575	0.6630376633961756	0.7047007122630808	0.7601580815111293	0.8001406040371843	0.8422938064201708	0.8762544428915137	0.9135061101136877	0.9364733034386371	0.9763858040338235	1.0216199713750345	1.0513792919942526	1.1146090955687322	1.1801496228618802	1.2289549086773977	1.3038083527760895	1.3277558531332012	1.3630469062910504	1.3874845601642434	1.3771913363265376	1.4575765129638603	1.4558259646921416	1.529629079827802	1.5645000014004387	1.5945394097431316	1.6514672395394236	1.6935504199915414	1.683117152292098	1.7305920214211092	1.74676708745179	1.7102156395383035	1.7485876576543773	1.753979346331271	1.820920312241794	1.8361150712403125	1.8520100495475182	1.897384260750467	1.8908021992488047	1.8955636905478797	1.873436760393355	1.8486489968658184	1.8483689091423432	1.8555111460909557	1.8341544571759876	1.8829597429915048	1.894653405446586	1.9180407303567477	1.9108284714772668	1.8738568919785674	1.8135680095005755	1.814618338463607	1.806775882206307	1.7660231184406956	1.7924914083090822	1.792911539894295	1.777856824757514	1.7797474168909704	1.769804302707608	1.7800275046144454	1.735703622374528
FGC2639_s_1_1_GCCGCACTCT-TCCGACCTCG_FGC2639_s_1_2_GCCGCACTCT-TCCGACCTCG	0.039178306852348944	0.0009812098317225138	0.00014017283310321628	0	0	0	0.00007008641655160814	0	0	0	0	0	0.00007008641655160814	0	0	0.00007008641655160814	0.00007008641655160814	0	0.00007008641655160814	0.00007008641655160814	0	0	0	0.00028034566620643256	0.00007008641655160814	0	0	0	0	0.00014017283310321628	0.0002102592496548244	0.004415444242751312	0.005887258990335083	0.005046221991715785	0.004485530659302921	0.0035043208275804066	0.004205184993096488	0.0035043208275804066	0.005536826907577042	0.004485530659302921	0.003994925743441664	0.006097518239989908	0.004906049158612569	0.005747086157231867	0.005466740491025434	0.00784967865378011	0.00784967865378011	0.009251406984812274	0.009181320568260666	0.010583048899292829	0.013666851227563587	0.016680567139282735	0.01801220905376329	0.02375929521099516	0.022357566879962994	0.03174914669787848	0.03146880103167205	0.03378165277787512	0.041911677097861665	0.0508827384164675	0.05634947890749294	0.06539062664265038	0.08108998395021061	0.09027130451847128	0.10274668666465751	0.12152984630048849	0.13302401861495222	0.15650296815974096	0.18012209053763292	0.19771378109208654	0.21803884189205291	0.24432124809890596	0.27340711096782333	0.32646252829739064	0.3680237733124943	0.39059159944211214	0.4404230416103055	0.4827552372074768	0.5144342974888038	0.5696623937314709	0.615779255822429	0.6546772170085715	0.7049291776760747	0.7521674224318584	0.8166469256593379	0.9050258969309157	0.9565394130963477	0.9729396345694242	1.0241728050686496	1.0620895564230697	1.096011382034048	1.1372922813829451	1.1740876500725395	1.2018418710269763	1.2302268697303775	1.2808292624806386	1.3547003455260336	1.3392112474681281	1.3717313447480743	1.3511259382819016	1.413643021845936	1.3965419362073437	1.3940889116280375	1.4260483175755705	1.4110498244335266	1.4252773669935028	1.454433316278972	1.4350193788941765	1.4471443289576047	1.4027095408638852	1.3950000350432084	1.3627602834294685	1.374324542160484	1.3615688143480913	1.3393514203012313	1.3528780986956919	1.3529481851122434	1.3460797162901859	1.3054996811068047	1.326035001156426	1.3014346689468115	1.2568597080199886	1.2434031160420798	1.231908943727616	1.2190130430821202	1.211373623677995	1.189156229631135	1.1906981307952706	1.1754893784035716	1.1527813794408506	1.1370119357167388	1.0948899993692223	1.0719717411568463	1.0573236800975603	1.041974754872758	1.0235420273196854	1.0317421380562233	1.033424212053462	0.9983109173611062	0.9950869421997321	0.9754627455652819	0.9479888702770516	0.9137866989998668	0.9083199585088414	0.8849811817971559	0.8889761075405976	0.8803554783047498	0.8813366881364723	0.8780426265585468	0.8645159481640864	0.8188896909889893	0.7968124697752328	0.7791506928042276	0.7607179652511546	0.7720018783159636	0.7579145085890904	0.7574239036732291	0.7272867445560376	0.7233619052291476	0.7169139549063996	0.7120779921643386	0.6863562772898985	0.6855152402912792	0.6679235497368256	0.6661013029064837	0.6403795880320435	0.618302366818287	0.6192835766500095	0.6108732066638165	0.6265725639713767
FGC2639_s_1_1_GCGTGGATGG-TTGACCAATG_FGC2639_s_1_2_GCGTGGATGG-TTGACCAATG	0.037590281690695816	0.0007486534089341933	0.00019701405498268244	0.00011820843298960949	0	0	0	0	0	0	0	0	0	0.000039402810996536494	0	0.000039402810996536494	0	0	0.000039402810996536494	0.000039402810996536494	0	0	0	0.000039402810996536494	0	0.000039402810996536494	0	0	0	0	0	0.005240573862539354	0.0067378806804077405	0.005201171051542817	0.005476990728518573	0.00461012888659477	0.004767740130580916	0.004294906398622478	0.005516393539515109	0.005910421649480474	0.005910421649480474	0.005516393539515109	0.00606803289346662	0.005476990728518573	0.0059892272714735465	0.006304449759445838	0.007053103168380033	0.0065408666254250574	0.007604742522331544	0.009496077450165294	0.009299063395182612	0.009968911182123733	0.013672775415798161	0.014106206336760066	0.015367096288649231	0.016312763752566108	0.017573653704455273	0.01966200268727171	0.023996311896890724	0.027660773319568618	0.029591511058398908	0.0336894034020387	0.037432670446709664	0.040584895326432585	0.047637998494812615	0.05031738964257711	0.05575497756009914	0.05930123054978743	0.07001879514084534	0.07967248383499678	0.08759244884530062	0.09834941624735508	0.10914578646040607	0.1261283979999133	0.13850088065282576	0.1500853070858075	0.16868343387617274	0.17731264948441422	0.19409824696893876	0.21588800145002346	0.2323583764465757	0.2525326156768024	0.2868524640547857	0.31455264018535084	0.3354755328245117	0.3771243040478508	0.4011206159447415	0.41534503071449114	0.4489162256835402	0.4738188022333513	0.5164132409206073	0.5651151153123264	0.6104283479583433	0.6466395312641604	0.7109449188105079	0.741876125442789	0.7696945100063438	0.8105552250097523	0.8420380709959848	0.8683197459306747	0.9779383661230392	1.0066236125285177	1.047838952830895	1.1170696917518095	1.1545023621985193	1.1983576908376643	1.2357509584733775	1.2393366142740623	1.2450894246795567	1.2832707485352006	1.2876838633668126	1.315029414198409	1.3822112069475037	1.431661734748157	1.458849674335767	1.477487203937129	1.4906083399989756	1.4584950490367983	1.472877075050534	1.4675970983769981	1.4561702831880026	1.4701188782807766	1.4808364428718346	1.5069211037515418	1.5337150152291863	1.5513674745556347	1.5309962212704256	1.522879242205139	1.4790239135659937	1.4591648968237394	1.4228749078959293	1.405301254191474	1.4115663011399233	1.428509509868434	1.4342623202739284	1.4255937018546903	1.4103054111880342	1.401912612445772	1.3794136073667496	1.3324060538478815	1.2877626689888055	1.2554129611606493	1.2236148926864443	1.2584469776073826	1.2623872587070362	1.253403417799826	1.250921040707044	1.233150372947606	1.1965845643428201	1.1788927022053755	1.1189610266796433	1.1056822793738106	1.0761301711264082	1.0723080984597442	1.0946100894837838	1.0686436370370662	1.0741206277655848	1.07758807513328	1.0462628403910335	0.9948421720405535	0.972855403504486	0.9513808715113736	0.9245475572227322	0.9252962106316663	0.9104807536969687	0.901457509978762	0.922025777318954	0.9012210931127828	0.8902277088447489	0.8690289965286124
FGC2639_s_1_1_GCGTTGGTAT-ACATACTTCC_FGC2639_s_1_2_GCGTTGGTAT-ACATACTTCC	0.03220715193967921	0.0011153992013741719	0.00020913735025765722	0.00020913735025765722	0	0	0	0	0	0	0	0	0	0	0	0	0	0	0	0.00006971245008588574	0	0	0.00006971245008588574	0	0	0	0	0	0.00006971245008588574	0	0	0.006343832957815603	0.0077380819595333165	0.007598657059361546	0.006413545407901487	0.0059952707073861735	0.005019296406183773	0.005507283556784973	0.00655297030807326	0.006692395208245031	0.006343832957815603	0.007598657059361546	0.008714056260735717	0.00948089321168046	0.007389519709103888	0.008783768710821604	0.010038592812367545	0.011223704463827604	0.011084279563655833	0.017079550271042007	0.01540645146898075	0.019240636223704463	0.021889709326968123	0.02272625872799875	0.02405079527963058	0.027675842684096636	0.0327648515403663	0.035135074843286415	0.04064235840007138	0.051238650813126015	0.05402714881656144	0.06336861712807014	0.07131583643786112	0.07849621879670733	0.08442177705400762	0.0870011377071854	0.09676088071920941	0.1090302719343253	0.11788375309523277	0.12373959890244718	0.14360764717692462	0.15838668659513241	0.17867300957012514	0.18752649073103264	0.2073248265554242	0.21792111896847882	0.23012079773350883	0.24357530060008475	0.2571692283668325	0.27926807504405826	0.30317944542351705	0.31266033863519754	0.3505141990318335	0.37066109710665446	0.3891348963794142	0.4146496531108484	0.43249604033283506	0.44197693354451556	0.4801793561915809	0.4879871506012001	0.5188000535391616	0.5335790929573694	0.5774979365114775	0.5994573582885314	0.6279697503736587	0.6660327481205524	0.6721674437281103	0.7091150422736298	0.7176199611841078	0.7445289669172597	0.8136837174024584	0.82246748611328	0.8296478684721262	0.8900188502465033	0.903543065563165	0.9341468311508689	0.9685847814932964	0.9862220313650255	0.9772988377540321	1.0198931447565083	1.0306985745198207	1.0369726950275504	1.0665307738639658	1.0922546679456577	1.1179088495772638	1.1620368304816295	1.1763975951993217	1.1937559952707073	1.1986358667767194	1.1998209784281795	1.2103475583911483	1.2446460838334041	1.2362108773730118	1.2667449305106298	1.2949784727954134	1.3055747652084682	1.3293467106877552	1.3545129051687599	1.3186109933745287	1.3299044102884423	1.32146920382805	1.3213297789278784	1.3335991701429941	1.3356905436455708	1.3741718160929797	1.353815780667901	1.3787728377986481	1.371592455439802	1.3824675976532002	1.3736838289423785	1.3662943092332747	1.3425223637539876	1.3287192986369822	1.3512364200147233	1.34468344970665	1.3830252972538872	1.391181653913936	1.3670611461842195	1.3743112409931515	1.3460079862582819	1.3316472215405895	1.326488500234234	1.3155436455707497	1.312336872866799	1.329416423137841	1.3218874785285655	1.312406585316885	1.325721663283289	1.3165196198719522	1.3103152118143084	1.3039713788564926	1.2782474847748009	1.2587977112008386	1.254266401945256	1.2597736855020412	1.2365594396234412	1.2381628259754167	1.2340497914203492	1.2371868516742142	1.2235232114573806
FGC2639_s_1_1_GGAGCGTGTA-ATCCGTAAGT_FGC2639_s_1_2_GGAGCGTGTA-ATCCGTAAGT	0.036474493731562516	0.0004436087075460305	0.000246449281970017	0.000049289856394003396	0	0	0	0	0	0	0	0	0	0	0	0	0	0	0	0	0	0	0	0	0	0.000049289856394003396	0	0	0.00009857971278800679	0.000049289856394003396	0	0.004041768224308279	0.0034010000911862343	0.004238927649884292	0.0033024203783982276	0.0036967392295502548	0.0034502899475802374	0.003351710234792231	0.0038938986551262686	0.004583956644642316	0.00522472477776436	0.005569753772522384	0.0040910580807022815	0.004633246501036319	0.005471174059734377	0.00552046391612838	0.005816203054492401	0.006111942192856421	0.008034246592222554	0.009512942284042656	0.01074518869389274	0.01133666697062078	0.01335755108277492	0.013554710508350932	0.01641352217920313	0.01897659471169131	0.018680855573327288	0.021243928105815463	0.025334986186517746	0.03366497191710432	0.037016682151896546	0.043769392477875015	0.04549453745166514	0.05116287093697553	0.061710900205292255	0.06599911771157055	0.06984372651030282	0.07891306008679944	0.08546861098720189	0.09922048092112883	0.11775346692527412	0.130618119444109	0.15265068525222852	0.16443096093039533	0.19134322252152117	0.20406000547117403	0.21909341167134508	0.24432981814507485	0.26172913745215803	0.2838109931166716	0.31589868962916773	0.3524224732171243	0.3937273728752991	0.44829124390346087	0.479097404149713	0.5156704775940635	0.5554966815604183	0.5762477111022937	0.6153838570791323	0.6406202635528622	0.7016411057686384	0.7606410638722605	0.8126911522243281	0.898948400913834	0.9446400977910752	0.9952114904513226	1.015518911285652	1.01635683884435	1.0357770422635872	1.0633300719878354	1.1803934809235934	1.205974916392081	1.2612781352661528	1.322397557194717	1.379918819606519	1.378538703627487	1.4137809509491994	1.3999797911588785	1.363899616278468	1.3813482254419451	1.39273418226896	1.42289957438209	1.4733723873295497	1.5291685047675614	1.5439554616857623	1.539026476046362	1.524732417692101	1.5028477214531635	1.4420733285193574	1.4276314005959143	1.420730820700754	1.4048101970854907	1.4470023141587578	1.4491217779836998	1.467605474131451	1.4913138950569667	1.4645495030350228	1.4253147773453962	1.4048101970854907	1.3257985572859032	1.2849372663352745	1.2751285849128677	1.2871553098730049	1.2735513095082596	1.318700817965167	1.3108144409421263	1.2977526289977155	1.2749314254872919	1.21790306163943	1.175415205427799	1.1271111461616756	1.0949248699363914	1.090193043722567	1.0979808410328196	1.1087260297267123	1.117401044452057	1.1149858414887508	1.0796943043106444	1.0539157094165805	1.0103434763642816	0.9604128518371561	0.9349299960814563	0.9352750250762144	0.9148690245290971	0.9432106919556489	0.9323176336925741	0.9261564016433238	0.9257127929357779	0.8922449804442494	0.8640018927304856	0.8193452828375185	0.7891306008679942	0.7811456441321658	0.7582258609089543	0.7783854121741016	0.7640420639634466	0.7662108176447827	0.753395454982342	0.7524096578544619	0.7493043969016396
FGC2639_s_1_1_GGCAAGCCAG-CAAGCATCCG_FGC2639_s_1_2_GGCAAGCCAG-CAAGCATCCG	0.03995945641863704	0.0006637783458245355	0.00006637783458245355	0	0	0	0	0	0	0	0	0	0	0	0.00006637783458245355	0	0	0	0	0	0	0	0.00006637783458245355	0	0.00006637783458245355	0	0	0	0.00006637783458245355	0	0	0.006770539127410263	0.0049119597591015625	0.0052438489320138304	0.0037835365711998527	0.004181803578694574	0.005974005112420819	0.004447314917024388	0.005509360270343645	0.004779204089936656	0.004712826255354202	0.004845581924519109	0.005376604601178738	0.0052438489320138304	0.005774871608673459	0.0049119597591015625	0.006637783458245355	0.007168806134904983	0.005774871608673459	0.007898962315311972	0.007766206646147065	0.008761874164883868	0.008496362826554055	0.00989029735278558	0.008297229322806694	0.01174887672109428	0.01440399010439242	0.01387296742773279	0.014536745773557328	0.018253904510174727	0.02044437305139569	0.02522357714133235	0.02993640339668655	0.031662227095830345	0.03265789461456715	0.041287013110286104	0.03949481157655986	0.047991174403113915	0.049783375936840166	0.060669340808362546	0.06498390005622202	0.07513970874733741	0.08788425298716851	0.09757541683620673	0.10414682245986963	0.1197456135867462	0.12206883779713208	0.13965896396148225	0.15718271229125	0.16601096429071635	0.18778289403376108	0.21028497995721285	0.22860526230197004	0.26086488990904244	0.2844290211858135	0.3130378678908509	0.3328848404310046	0.3565817273769405	0.3674676922484629	0.40045747603594223	0.4457935370557581	0.4856866156398127	0.5175479762393903	0.5726415789428267	0.6059632519032185	0.6404797258860944	0.6877407441088013	0.6952414394166184	0.7375241200456414	0.7697173698181314	0.8658324742935242	0.9152175832228696	0.9581640421977171	1.025471166464325	1.0723339176795372	1.0972919834825396	1.1276930317213032	1.1437564676902572	1.1442211125323343	1.199181959566606	1.2376811036244288	1.2812913409451008	1.315409547920482	1.3962577504419105	1.4044886019301346	1.444182547010442	1.4424567233112982	1.4284510002144004	1.4321017811164354	1.4378766527251088	1.4520815093257537	1.4690078571442795	1.50770613470585	1.536846004087547	1.5522456617106761	1.5564274652893708	1.5350538025538207	1.5242342155168809	1.5122198274574568	1.455599534558624	1.454869378378217	1.4439834135066947	1.45413922219781	1.4906470312181594	1.4796283106774721	1.4816196457149458	1.492040965744391	1.4319690254472706	1.4145780327866677	1.381256359826276	1.3364513214831197	1.311758767018447	1.3422261930917934	1.3326014070773375	1.3405003693926494	1.3475364198583897	1.3428235936030355	1.3103648324922157	1.286004167200455	1.2386767711431657	1.190287329732557	1.1850434808005432	1.1989828260628586	1.1793349870264522	1.1722989365607122	1.201106916769497	1.181459077733091	1.169643823177414	1.1359238832095275	1.1012082757229045	1.0621781089884217	1.0645013331988076	1.0157800026152866	1.010270642344943	1.037950199365826	1.0386803555462332	1.0252720329605776	0.9992519218042558	0.9933442945264173	0.9778118812341233
FGC2639_s_1_1_GGTAACTCGC-AAGTTGGTGA_FGC2639_s_1_2_GGTAACTCGC-AAGTTGGTGA	0.03836405355487266	0.0007852291663278029	0.00039261458316390145	0.00005608779759484307	0	0	0	0	0	0	0.00005608779759484307	0.00005608779759484307	0	0	0	0	0	0.00005608779759484307	0	0	0	0.00005608779759484307	0	0	0	0.00005608779759484307	0	0	0	0.00011217559518968614	0.00005608779759484307	0.004374848212397759	0.0057770431522688355	0.005440516366699778	0.005272252973915248	0.004150497022018387	0.005272252973915248	0.0030287410701215255	0.003533531248475113	0.0030848288677163683	0.00493572618834619	0.004991813985941033	0.006394008925812109	0.00476746279556166	0.005552691961889463	0.0050479017835358755	0.0057770431522688355	0.006898799104165697	0.00622574553302758	0.0074035892825192835	0.008917959817580047	0.009478837793528478	0.010824944935804711	0.013517159220357178	0.014134124993900451	0.014975441957823098	0.01918202677743633	0.017275041659211662	0.02030378272933319	0.027202581833498888	0.026866055047929827	0.02983870832045651	0.03875666813803656	0.04251455057689104	0.051712949382445306	0.0578265193202832	0.06102352378318925	0.0678662350897601	0.07633549252658141	0.09069396871086123	0.09764885561262178	0.1094272931075388	0.12563666661244846	0.15182966808924017	0.16798295379655498	0.18581887343171508	0.20982445080230788	0.23332523799454713	0.24095317846744582	0.2711284135734714	0.3044445653448081	0.3296840742624875	0.3668141962702736	0.4042808450636288	0.4470758346284941	0.5052388807343463	0.5574566202951452	0.5880805577819295	0.6080478137256936	0.6531984907895423	0.6921234223203634	0.7370497481938327	0.7911183850752614	0.8405317347563181	0.90065785377799	0.9623544311323173	1.0158621900377975	1.0487857272259704	1.0699308269192263	1.100049974227657	1.1729080233033582	1.2192365441166986	1.219741334295052	1.2949550708697366	1.324457252404624	1.3696079294684729	1.432370174977102	1.4537396258607374	1.453122660087194	1.4408955202115183	1.4308558044420414	1.427434448788756	1.449589128838719	1.4629941124638863	1.4649571853797059	1.5111174428002618	1.4987220395318015	1.526429411543654	1.5125757255377277	1.4850366169186597	1.4848122657282805	1.441736837175441	1.4428025053297429	1.4307436288468518	1.4290049071214115	1.443082944317717	1.4118981288549846	1.4407272568187337	1.4275466243839456	1.399166198800955	1.3733658119073273	1.3110522687794566	1.286990603611269	1.2812696482565948	1.2734734443909117	1.2500848327938623	1.259451494992201	1.2557497003509415	1.2566471051124588	1.2209191780445439	1.188612606629914	1.125401658740526	1.1316274042735537	1.110426216782703	1.0876545709591967	1.0724547778109943	1.0772783284041507	1.0893932926846368	1.0690334221577087	1.0473835322860994	1.0207418284285488	0.9858552183245566	0.9797416483867185	0.9234294996014962	0.9118754132969584	0.908846672226837	0.908510145441268	0.9014991707419125	0.9000969758020415	0.8717726380166457	0.8670612630186789	0.8336329356521524	0.7939788627525984	0.7900527169209594	0.76481320800328	0.7726094118689633	0.7782742794260423	0.7584752868750627	0.7586996380654422	0.7459116202138178
FGC2639_s_1_1_GGTTGCGAGG-AATAGAGCAA_FGC2639_s_1_2_GGTTGCGAGG-AATAGAGCAA	0.04360638347747352	0.0006213344796013066	0.00022593981076411148	0	0	0.00016945485807308362	0.00005648495269102787	0	0	0	0.00005648495269102787	0	0	0	0	0	0	0.00005648495269102787	0	0	0	0.00005648495269102787	0	0	0	0	0	0.00005648495269102787	0	0.00005648495269102787	0.00005648495269102787	0.007456013755215679	0.006721709370232316	0.0076254686132887625	0.005704980221793815	0.0064957695594682055	0.007343043849833624	0.0064957695594682055	0.005874435079866899	0.005704980221793815	0.007399528802524652	0.006043889937939983	0.006326314701395122	0.005761465174484844	0.004575281167973258	0.005704980221793815	0.005761465174484844	0.005027160789501481	0.006439284606777178	0.006326314701395122	0.007343043849833624	0.008359772998272124	0.009376502146710626	0.009150562335946516	0.009884866720929877	0.01327396388239155	0.0127655993081723	0.013951783314683884	0.014855542557740332	0.018470579529966117	0.019826218394550784	0.024062589846377876	0.027338717102457492	0.031349148743520475	0.0338344866619257	0.033665031803852614	0.041121045559068294	0.043098018903254265	0.05354773515109443	0.04869002921966603	0.0682903078034527	0.07326098364026315	0.08116887701700706	0.08964161992066123	0.10596577124836828	0.11726276178657387	0.13398230778311812	0.14533578327401472	0.15386501113035994	0.17340880476145556	0.1945341770679	0.20741274628145434	0.22752138943946026	0.26039563190563847	0.29411714866218214	0.3174454341235766	0.35986563359453855	0.3805391262794548	0.4178756800082242	0.44335039367187784	0.46972886657858776	0.5206218089532039	0.5689729284567238	0.6003785621529353	0.6537003574932656	0.7041979051990446	0.7480302284872821	0.7993185655307355	0.8393099120359833	0.863203047024288	0.9775285912709283	0.992948983355579	1.0079739807713923	1.0776199274394298	1.1269877760913882	1.1643808147728485	1.2187758242143085	1.252497340970852	1.2704595559265988	1.3005095507582256	1.324967535273441	1.3514024931328419	1.3764818121276583	1.410033874026129	1.4360734372166926	1.4647677931837348	1.4800187304103125	1.4862320752063254	1.528087425150377	1.5229472944554936	1.4912027510431358	1.5050415644524378	1.5082047218031354	1.5065666581750954	1.5256020872319718	1.5147004913626034	1.5144180665991482	1.544524546383466	1.517581223949846	1.4944223933465244	1.4938575438196142	1.451098434632506	1.440818173242739	1.4229124432396831	1.4309897914745002	1.4080004157292518	1.420201165510514	1.4268663899280551	1.402860285034368	1.3752391431684556	1.3581242025030742	1.3235554114561652	1.2960472394956346	1.2863318276327778	1.268539067535104	1.256451287659224	1.2497295782889917	1.240070651378826	1.2313154837117166	1.1964077829486612	1.1760731999798915	1.1458537502901913	1.1313936024012883	1.1051280993999604	1.0891428577883995	1.0955821423951768	1.0868269747280672	1.0829859979450775	1.0531054579715238	1.0364423969276706	1.023281402950661	1.0019300908334523	0.9713717314276064	0.9487212653985042	0.9540873359041518	0.9262967391801661	0.9304766256793021	0.9120625311020271	0.9025730590499345	0.903815728009137
FGC2639_s_1_1_GTATTCCACC-ATGTAGACAA_FGC2639_s_1_2_GTATTCCACC-ATGTAGACAA	0.045760915936137014	0.0004894215608142996	0.00016314052027143318	0.00008157026013571659	0	0	0	0	0	0	0	0	0	0	0	0.00008157026013571659	0.00008157026013571659	0	0	0	0	0	0	0	0	0	0	0.00008157026013571659	0	0	0	0.008564877314250242	0.00766760445275736	0.00815702601357166	0.005791488469635878	0.006362480290585894	0.006933472111535911	0.00766760445275736	0.00668876133112876	0.007993885493300226	0.00742289367235021	0.007993885493300226	0.007830744973028794	0.007341323412214494	0.00938057991560741	0.00938057991560741	0.008320166533843093	0.01150140667913604	0.013132811881850373	0.015743060206193305	0.01745603566904335	0.017048184368364767	0.020474135294064867	0.02349223491908638	0.021779259456236332	0.024307937520443548	0.02732603714546506	0.031975541973200905	0.03662504680093675	0.040050997726636846	0.050818272064551445	0.050818272064551445	0.05652819027405161	0.06068827354097315	0.06770331591264478	0.07545249062553785	0.07210810995997348	0.08042827649381656	0.0820596816965309	0.09323480733512407	0.10033141996693143	0.0992710065851671	0.11982671213936769	0.1268417545110393	0.13891415301112536	0.1469080385044256	0.15490192399772582	0.15261795671392575	0.17423407564989066	0.18002556411952653	0.1896508548155411	0.20131540201494855	0.21167482505218457	0.23378036554896375	0.24503706144769266	0.25727260046805017	0.2703238420897648	0.2774204547215722	0.2845170673533795	0.3076014509717873	0.3141270717826446	0.32644418106313783	0.3352537691577952	0.36527162488773895	0.3867246033034324	0.4290595683138694	0.43803229692879814	0.4321592381990266	0.4638900693918203	0.45883271326340586	0.5241704916321149	0.5307776827031079	0.5262097481355078	0.5694419860074376	0.5833905004906451	0.6400818312849682	0.6658580334878546	0.6590061316364544	0.694815475836034	0.7202653969983775	0.7574614356202644	0.7437576319174639	0.7864188779684438	0.8244306191916876	0.8425392169418168	0.8772881477596319	0.944338901591191	0.9548614651486984	0.9824322130745707	1.0049456048720284	1.0259907319870434	1.0308849475951862	1.064084043470423	1.1056848761396385	1.1317873593830678	1.195901583849741	1.2436201860291354	1.2813872164719722	1.3364471420635806	1.3439516059960668	1.3480301190028525	1.3366102825838522	1.3840026037227036	1.3897125219322037	1.426174428212869	1.4295188088784334	1.489228239297778	1.533520890551472	1.5639465975820943	1.5858074272984664	1.596248420595838	1.5858074272984664	1.5394755195413794	1.5793633767477449	1.6015504875046598	1.625042722423746	1.6664804145726901	1.6982112457654839	1.7380991029718493	1.7369571193299491	1.7036764531945767	1.725537282910949	1.704247445015527	1.6782265320322332	1.686057277005262	1.652450329829347	1.71428058701222	1.726923977333256	1.7072655446405485	1.7168908353365628	1.7161567029953413	1.6971508323837197	1.6761057052687045	1.6668066956132328	1.639480658467768	1.6179461097919388	1.6097075135182313	1.6234928874811674	1.682060334258612	1.6262662763257818
FGC2639_s_1_1_GTCCGTAAGC-CGTGTATCTT_FGC2639_s_1_2_GTCCGTAAGC-CGTGTATCTT	0.06530014950083916	0.0010545365757899492	0.0000811181981376884	0	0.0000811181981376884	0	0	0	0	0.0000811181981376884	0	0	0	0	0	0	0	0	0	0	0	0	0	0	0	0	0.0000811181981376884	0	0	0.0000811181981376884	0.0001622363962753768	0.012492202513204013	0.012086611522515573	0.010545365757899492	0.011032074946725623	0.008355174408181905	0.009571947380247232	0.009328592785834167	0.011356547739276378	0.011599902333689443	0.011924375126240196	0.011843256928102508	0.013060029900167835	0.012492202513204013	0.015006866655472356	0.015006866655472356	0.017602648995878385	0.016791467014501498	0.02190191349717587	0.024659932233857273	0.027336832772400996	0.02960814232025627	0.034312997812242195	0.035610888982445216	0.04283040861669948	0.04656184573103315	0.0524834741950844	0.05556596572431656	0.0643267311231869	0.07219519634254269	0.08411957146878288	0.094502700830407	0.10204669325721202	0.10707602154174871	0.1259765617078301	0.1300324716147145	0.135629627286215	0.14520157466646225	0.15972173213310847	0.1721328164481748	0.1884375742738502	0.20360667732559792	0.21853242578293258	0.23548612919370945	0.2507363504435949	0.2658243352972049	0.27669417384765516	0.2932422862677436	0.3202546462475938	0.32796087507067423	0.338425122630436	0.3683577377432431	0.3852303229558823	0.39747917087467316	0.4460689715591486	0.4535318457878159	0.4793274327956008	0.49498324503617463	0.5095034025028209	0.5307563704148952	0.5314864341981345	0.5602833945370139	0.595650928925046	0.6024648575686118	0.649513412488471	0.6770124816571474	0.6869900200280831	0.7148946801874478	0.7217897270291515	0.7270624099081012	0.812804345339638	0.8124798725470872	0.8111008631787464	0.8540935081917213	0.8889743333909272	0.9007364721208921	0.9348061153387213	0.9481906180314397	0.9581681564023755	0.9833959160231966	0.9993762010563212	0.986397289354291	1.0136530039285543	1.016573259061511	1.0672721328975665	1.0602148496595873	1.12259474402747	1.1437665937414065	1.1429554117600298	1.1556098506695092	1.1576378056229513	1.1705355991268438	1.1669663984087855	1.1629916067000388	1.2057408971186006	1.2229379551237904	1.2402972495252558	1.2784228026499693	1.2752591929225994	1.2773682660741792	1.263902645183323	1.2634159359944968	1.2733934743654327	1.2771249114797663	1.2987834703825292	1.2767193204890777	1.3373957326960688	1.3117623820845592	1.3298517402692638	1.3202797928890164	1.3598654735802085	1.3036505622707906	1.3099777817255303	1.3292839128823	1.3145204008212408	1.3323664044115322	1.3299328584674015	1.3587298188062809	1.3839575784271019	1.3528081903422295	1.3458320253023883	1.3303384494580899	1.3474543892651423	1.3113567910938708	1.320685383879705	1.3358544869314526	1.3468054436800407	1.3232811662201112	1.3413705244048155	1.3519158901627149	1.343560715754533	1.316223882982132	1.2970799882216377	1.289130404804144	1.2818297669717522	1.291807305342688	1.2983778793918406	1.3047050988465803	1.3317985770245682	1.2991079431750798
FGC2639_s_1_1_GTCCTGGATA-CGGTGGCGAA_FGC2639_s_1_2_GTCCTGGATA-CGGTGGCGAA	0.03373617821471068	0.00044656794267366724	0.00028417959988324276	0.00008119417139521223	0	0.000040597085697606114	0	0	0	0.000040597085697606114	0	0.000040597085697606114	0	0	0	0	0	0	0	0	0	0	0.000040597085697606114	0	0	0	0	0	0	0	0.000040597085697606114	0.00491224736941034	0.004871650283712734	0.004425082341039066	0.0034101551985989136	0.003085378513018065	0.003937917312667793	0.0034913493699941255	0.0041814998268534295	0.003897320226970187	0.003369558112901307	0.004262693998248641	0.004425082341039066	0.004628067769527096	0.004628067769527096	0.004749859026619915	0.004993441540805552	0.005683591997664856	0.0065767278830121895	0.009053150110566162	0.009174941367658982	0.010636436452772801	0.012260319880677046	0.014371368336952564	0.01636062553613526	0.01940540696345572	0.022450188390776178	0.025616761075189454	0.030975576387273464	0.04010992066923484	0.04563112432410927	0.056105172434091646	0.06836549231476868	0.08058521510974813	0.09272374373333235	0.10685152955609929	0.11732557766608166	0.13608143125837568	0.15232026553741812	0.17200985210075712	0.20002184123210529	0.23582847081739391	0.268387333546874	0.31377487535679766	0.35291046596928993	0.39578098846596194	0.4319123947368314	0.4778276986608239	0.4978826589954414	0.5373430262935145	0.6001873149534088	0.6307975175694038	0.6848728357186151	0.7446317458654913	0.7985852727576098	0.8932170795187296	0.9329616264166861	0.9491192665243333	0.9858190319949692	1.012125943527018	1.0508149661968365	1.082318304698179	1.10959954628697	1.1527948454692232	1.1916868535675298	1.229807517037582	1.2615544380531099	1.2667508650224035	1.2882673204421347	1.2635436952522927	1.3294327653395075	1.328133658597184	1.306373620663267	1.348026230589011	1.3485539927030799	1.3651582007534007	1.3735617974928052	1.3906937676571949	1.363574914411194	1.3730340353787363	1.3280930615114863	1.3025980916933897	1.3369838232792621	1.3280930615114863	1.307835115748381	1.3154267707738332	1.3236679791704473	1.3179031930013871	1.3046685430639675	1.2875365728995778	1.2651675786801968	1.2341108081215282	1.2373585749773366	1.212472561444704	1.2124319643590065	1.212188381844821	1.2065453869328537	1.2125537556160992	1.221566308640968	1.1960713388228712	1.1567733598675884	1.127462263993917	1.1084222308017397	1.090681304351886	1.0908030956089787	1.077974416528535	1.090153542237817	1.0847135327543378	1.0696926110462235	1.0511803399681152	1.0165916229537546	0.9874835125085711	0.9523264362944441	0.9481043393818932	0.9315407284172699	0.9362093932724946	0.9576446545208306	0.9387264125857461	0.9242738500773984	0.9133126369390447	0.8833113906085137	0.8834737789513042	0.8447035621100903	0.8181936651495535	0.8236742717187304	0.8166509758930445	0.8123476848090982	0.8191273981205985	0.8054461802405053	0.7808849433934536	0.774348812596139	0.7629410315151117	0.7274185815297063	0.726728431072847	0.7084597425089242	0.7192179702187899	0.6892167238882589	0.6908000102304657	0.7045218251962564	0.6708262440672433
FGC2639_s_1_1_GTCTAATGGC-AGTGGTCAGG_FGC2639_s_1_2_GTCTAATGGC-AGTGGTCAGG	0.04701785271065917	0.0010874877497703483	0.0000639698676335499	0.0000639698676335499	0	0	0	0.0000639698676335499	0	0	0	0	0	0	0	0	0	0	0	0	0.0000639698676335499	0.0000639698676335499	0	0	0	0	0	0.0000639698676335499	0.0000639698676335499	0	0	0.005757288087019491	0.005757288087019491	0.005181559278317541	0.00562934835175239	0.004541860601982042	0.005501408616485291	0.003518342719845244	0.004477890734348493	0.004861709940149792	0.005309499013584641	0.00569331821938594	0.004413920866714943	0.0053734688812181915	0.005309499013584641	0.005309499013584641	0.00562934835175239	0.005053619543050441	0.007036685439690488	0.0062690470280878895	0.007420504645491787	0.007612414248392437	0.009595480145032484	0.009083721203964085	0.010427088424268633	0.01279397352670998	0.012857943394343528	0.013497642070679026	0.01707995465815782	0.018487291746095917	0.020470357642735967	0.0274430732147929	0.027315133479525806	0.033264331169445945	0.034223879183949195	0.03761428216852734	0.04650609376959077	0.045674485490354626	0.056741272590958756	0.060835344119505946	0.06998303519110358	0.08367258686468326	0.09288424780391444	0.10465470344848762	0.1132266657113833	0.12525300082649068	0.13951828130877234	0.15186446576204746	0.16772899293516783	0.17662080453623125	0.2139792072342244	0.22939594533390992	0.2580544460337402	0.28588133845433444	0.3158192365068358	0.35420115708696576	0.3912397104467912	0.41068655020739026	0.4241202224104358	0.4582801317267514	0.49672602217451495	0.5420166884590683	0.5867316259349196	0.6228746011478753	0.6902348717660034	0.7302800089046056	0.7732037900867176	0.8132489272253197	0.8432507951454548	0.8648086405379609	0.974389023794232	1.0042629519790998	1.0142422513299336	1.0965075011066787	1.1451246005081765	1.1837624005588407	1.2449815638841482	1.265579861262151	1.2562402605876528	1.2745996125984815	1.2835553940671787	1.3053051490625855	1.3510436044205738	1.415269351524658	1.4194273929208385	1.4451432797095256	1.465997456558063	1.471370925439281	1.4562100668101299	1.4529476035608189	1.4309419690948777	1.4531395131637193	1.4646540893377584	1.5002853056096455	1.4790473095553072	1.5016286728299502	1.509624906284144	1.5087293281372742	1.4741855996151572	1.427167746904498	1.4216023684203791	1.4035628657477182	1.3968460296461953	1.3984452763370343	1.4205788505382424	1.4046503534974886	1.4361874982408287	1.4268478975663303	1.3579523501249973	1.353410489523015	1.3067124861505237	1.2861141887725205	1.2798451417444325	1.27114523974627	1.2760069496864197	1.2768385579656558	1.2829156953908432	1.2556645317789508	1.2281574886965245	1.222656080080039	1.1641876210629745	1.1370004273187158	1.1113485103976624	1.1183851958373527	1.1270211279678821	1.1170418286170483	1.099322175282555	1.1142911243088056	1.0805790040659247	1.051728593763194	1.0442441192500684	1.0034953135674973	0.9777794267788101	0.9618509297380562	0.9742610840589648	0.9606994721206522	0.9631942969583607	0.9482253479321101	0.9536627866809618	0.9216138829965532
FGC2639_s_1_1_GTGACACGCA-GCTTACGGAC_FGC2639_s_1_2_GTGACACGCA-GCTTACGGAC	0.031578990820764805	0.00048159680990273124	0	0.00006879954427181875	0	0	0	0	0	0	0	0	0	0	0	0	0	0	0	0	0	0	0	0	0	0	0	0	0	0	0	0.003439977213590937	0.003577576302134575	0.0039215740234936685	0.0039215740234936685	0.00385277447922185	0.004127972656309125	0.0037839749349500304	0.004196772200580944	0.003577576302134575	0.0044031708333964	0.004609569466211856	0.005572763086017318	0.006191958984463687	0.004953567187570949	0.005641562630289137	0.005228765364658224	0.005779161718832774	0.007430350781356424	0.007843148046987337	0.010044733463685538	0.012108719791840099	0.010595129817860085	0.015686296093974674	0.016855888346595592	0.018919874674750155	0.0176126833335856	0.022635050065428364	0.023323045508146553	0.02772621634154295	0.032060587630667534	0.03962853750056759	0.04389410924542036	0.04994846914134041	0.06233238711026778	0.06343317981861687	0.0734091137380306	0.08324744856890068	0.08916420937627709	0.10065373326967081	0.11138646217607455	0.13181992682480473	0.1489510133484876	0.16009653952052222	0.18156199733332967	0.19724829342730432	0.21885135032865544	0.23990401087583194	0.25779189238650485	0.286206104170766	0.3118683341841543	0.3531480607472456	0.39153820645092047	0.44410105827458995	0.46508491927749473	0.5223949396559198	0.5499147573646472	0.5767465796306566	0.6199526934333588	0.6540772673921809	0.7042321351663366	0.7510846248154452	0.8097706360793067	0.8579991166138514	0.9167539274219847	0.975852735951477	1.019884444285441	1.0639849521636768	1.0746488815258086	1.090472776708327	1.188099330030038	1.2218111067232291	1.253734095265353	1.2938442295758235	1.3323719743680418	1.398694735046075	1.411285051647818	1.4167890151895635	1.423393771439658	1.416169819291117	1.4110098534707305	1.4168578147338353	1.4468544160363481	1.4905421266489531	1.4926061129771078	1.520469928407194	1.5168235525607878	1.5092556026908879	1.4893037348520604	1.4890285366749731	1.4492624000858618	1.4467856164920765	1.4417632497602335	1.43708488074975	1.444308832898291	1.433576103991887	1.46054552534644	1.4366032839398473	1.4017219149940352	1.356176616686091	1.3408343183134754	1.3118697101750398	1.2804283184428187	1.2859322819845642	1.2829739015808759	1.2645356237160283	1.2689387945494248	1.260958047413894	1.224150291228471	1.2176143345226482	1.1450308153158795	1.132990895068311	1.1039574873856035	1.0926743621250254	1.094256751643277	1.0820792323071653	1.075749674234158	1.0699705125153252	1.0487802528796049	1.0247004123844683	1.0060557358868054	0.953836881784495	0.9289314467580967	0.9221202918751866	0.921982692786643	0.9032004172004365	0.9283810504039222	0.899966838619661	0.8855877338668507	0.872653419543749	0.8313048934363859	0.8058490620558129	0.7850715996857237	0.7684909095162153	0.764087738682819	0.7719308867298063	0.749639834385737	0.7600973651150535	0.7486766407659315	0.7121440827575958
FGC2639_s_1_1_GTGCAGACAG-TACCATCCGT_FGC2639_s_1_2_GTGCAGACAG-TACCATCCGT	0.030445077517430762	0.0008198853909541499	0.00021863610425443993	0	0.00005465902606360998	0	0	0	0	0	0	0.00005465902606360998	0	0	0	0	0	0	0	0.00010931805212721997	0.00005465902606360998	0	0	0	0	0.00005465902606360998	0	0	0.00005465902606360998	0.00016397707819082997	0	0.006012492866997099	0.007488286570714568	0.006121810919124318	0.005301925528170169	0.0060671518930607085	0.004700676241470459	0.004044767928707139	0.004646017215406849	0.0044273811111524095	0.00431806305902519	0.0045366991632796285	0.005629879684551829	0.0037714727983890893	0.0049739713717885095	0.004700676241470459	0.005301925528170169	0.0050286303978521185	0.005301925528170169	0.006668401179760418	0.007706922674969008	0.005903174814869879	0.007542945596778179	0.008253512935605108	0.008034876831350669	0.00978396566538619	0.011751690603676148	0.010221237873895067	0.014539300932920256	0.014211346776538597	0.017873501522800466	0.019294636200454324	0.023448722181288684	0.025580424197769475	0.02880530673552246	0.031483599012639356	0.03875324947909948	0.03968245292218085	0.04482040137216019	0.04738937559714986	0.057719931523172154	0.06526287711995032	0.08198853909541498	0.08958614371825677	0.10806089452775694	0.11533054499421709	0.13025245910958258	0.14462778296431203	0.15577822428128846	0.17059082034452677	0.19890419584547675	0.21295156554382452	0.2561321961340764	0.27837841974196564	0.302428391209954	0.3454450447220151	0.38561942887876843	0.39808168682127154	0.4362336870136713	0.4595184321167692	0.49739713717885087	0.5556636589626591	0.598570994422593	0.6427354874819898	0.6950441754248646	0.7566995568246168	0.8004814367015682	0.8454658151519193	0.8652523825869461	0.9052627896655085	1.0056714205443602	1.0134330022453928	1.0770014495573712	1.111217999873191	1.1883418856489447	1.2263845677892173	1.26579372558108	1.278693255732092	1.29607482602032	1.325372063990415	1.3326417144568752	1.34149647667918	1.387901989807185	1.4144662764740994	1.4427249929489856	1.4754110905350244	1.485413692304665	1.4678681449382462	1.4740992739094978	1.4730607524142891	1.4900597095200718	1.4935032281620793	1.4771055203429964	1.5026859445407659	1.4819701736626576	1.5178264947603857	1.5059108270785186	1.5138910448838059	1.4890211880248634	1.4535474801095805	1.4456765803564207	1.4064860586688122	1.4052835600954128	1.3950076631954542	1.4074152621118936	1.391782780657701	1.4018400414534053	1.3992164082023522	1.3633054280785604	1.3579488435243265	1.2906635824400225	1.2630607742778996	1.2514184017263505	1.2473736337976435	1.258250779984302	1.2423450033997914	1.2462804532763712	1.2380269403407662	1.223760934538164	1.1993283498877305	1.1558197651410969	1.1384928538789325	1.1083210714918197	1.1024725557030135	1.1073918680487385	1.0861841659360576	1.081647466772778	1.0778213349483252	1.067490779022303	1.033438205784674	1.0284642344128856	1.0028291511890526	0.9537453457839308	0.9432508127797177	0.944453311353117	0.9390967267988832	0.9371836608866568	0.9247760619702174	0.9138442567574954	0.9085969902553889
FGC2639_s_1_1_TAAGCATCCA-TCAATCCATT_FGC2639_s_1_2_TAAGCATCCA-TCAATCCATT	0.03376329813537923	0.0006820868310177622	0.0005456694648142098	0.00006820868310177623	0	0.00006820868310177623	0	0	0	0	0	0	0	0	0.00006820868310177623	0	0	0	0	0	0	0	0	0	0	0	0.00006820868310177623	0.00006820868310177623	0	0	0	0.009139963535638014	0.00777578987360249	0.007093703042584727	0.008048624606009594	0.005934155429854531	0.006889076993279398	0.005388485965040322	0.0064116162115669655	0.006002364112956307	0.006479824894668741	0.007639372507398937	0.006820868310177621	0.004979233866429664	0.005797738063650979	0.0058659467467527555	0.006889076993279398	0.0066844509439740706	0.008457876704620252	0.010299511148368209	0.00811683328911137	0.009276380901841566	0.011459058761098406	0.012004728225912614	0.012891441106235704	0.01732500550785116	0.01889380521919201	0.020599022296736418	0.023941247768723455	0.025714673529369635	0.027624516656219372	0.03628701941014495	0.04112983591037106	0.04297147035411902	0.051361138375637494	0.05927334561544354	0.06602600524251938	0.07066419569344017	0.08150937630662258	0.09296843506772098	0.10381361568090341	0.12168429065356878	0.1265271071537949	0.15728922323269598	0.17768361948012706	0.195690711818996	0.2163579427988342	0.2400945645182523	0.26990175903372854	0.2911828681614827	0.32146752345867136	0.35352560451650616	0.38333279903198236	0.4271227735833227	0.4850319455367307	0.5076772283265204	0.5679054955053888	0.6055566885775693	0.6347500049451296	0.6844741349263244	0.7150998336390219	0.7847408990859355	0.8359656200953693	0.8655681885615403	0.918088874549908	0.9766801333343338	1.0435928514571762	1.0742867588529756	1.0829492616069012	1.1021159015585	1.2431032495298717	1.2431714582129736	1.239283563276172	1.281095486017561	1.3265906776464458	1.346030152330452	1.3926848915720669	1.4056445413614043	1.4021658985232137	1.4204458255944898	1.4035982808683511	1.4098052710306128	1.4035982808683511	1.4494345159127449	1.455164045293294	1.4604161138921308	1.4486842203986252	1.4623941657020822	1.4439096125815007	1.4537316629481565	1.4297222064963315	1.4058491674107099	1.4031890287697404	1.388660579269062	1.3795888244165257	1.3980733775371073	1.3803391199306454	1.4000514293470587	1.3795888244165257	1.3186784704066397	1.3315699115128754	1.2905082842856062	1.2670444972985953	1.2759798347849278	1.2559946906361075	1.2373055114662206	1.2486281528611154	1.2422847453326504	1.203951465429452	1.2063387693380143	1.1748263577449938	1.138471129651747	1.1364248691586936	1.1148027166154306	1.0970002503258671	1.0836313484379188	1.077219732226352	1.1109148216786293	1.0686254381555282	1.0495270068870308	0.9959831906521364	0.9834327929614096	0.9736789512778555	0.9675401697986956	0.969927473707258	0.9579227454813454	0.9199305089936559	0.9196576742612489	0.9236137778811518	0.8918967402388258	0.860452537328907	0.8522674953566938	0.8331690640881965	0.8400581410814759	0.8118879549604423	0.8026115740586007	0.7788749523391827	0.7920392281778256	0.7889016287551438	0.7822853864942714
FGC2639_s_1_1_TAGCATAACC-GCTATGCGCA_FGC2639_s_1_2_TAGCATAACC-GCTATGCGCA	0.04288130110501372	0.0006907055211545834	0.00011511758685909721	0	0	0	0.000057558793429548605	0	0	0	0	0	0	0	0	0	0	0	0	0.000057558793429548605	0	0.000057558793429548605	0	0	0.000057558793429548605	0.000057558793429548605	0	0	0	0	0.000057558793429548605	0.006158790896961702	0.006504143657538994	0.005870996929813958	0.005352967788948021	0.0051802914086593755	0.003971556746638854	0.004950056234941181	0.006331467277250348	0.004086674333497951	0.005065173821800278	0.005583202962666216	0.005295408995518472	0.004834938648082084	0.004834938648082084	0.004201791920357048	0.005986114516673056	0.0051802914086593755	0.005525644169236667	0.006273908483820799	0.006273908483820799	0.008633819014432291	0.008173348666995902	0.009094289361868681	0.010590817991036944	0.011914670239916563	0.011511758685909722	0.01237514058735295	0.015425756639119027	0.0164618149208509	0.018418813897455557	0.022563047024383054	0.024692722381276355	0.02866427912791521	0.030966630865097152	0.03770100969635434	0.040463831780972674	0.04311153627873191	0.04627726991735708	0.050076150283707294	0.06383270191336941	0.07016416919061977	0.0813305751159522	0.09111556999897545	0.10136103522943511	0.11523270444595633	0.12288802397208629	0.1395800740666554	0.15466047794519713	0.16899261750915473	0.18850504848177171	0.20151333579684969	0.23829340479833125	0.258093629738096	0.28900270180976356	0.3271066230601248	0.3549650790800263	0.3786793019730003	0.4080918454154997	0.4314607155478964	0.453448174637984	0.5068627349406051	0.5466934199938527	0.5812862548450115	0.6304990232272755	0.698015487920136	0.7308815589684082	0.7757198590500267	0.8060533431873987	0.8404735016582688	0.9247971340325576	0.9585841457757026	0.9787297234760446	1.0427351017697026	1.0914873998045302	1.131433202444637	1.1876105848318765	1.2316430618054812	1.2396437340921884	1.2738912161827698	1.2962240280334347	1.3056636701558808	1.348199618500317	1.3831378061120532	1.3909658020184716	1.4449559502553884	1.4660224686506031	1.4911181025858862	1.4761528162942037	1.5015362441966347	1.493593130703357	1.4938233658770752	1.5111485626993693	1.5143142963379943	1.5245022027750246	1.5220847334509835	1.5406762237287277	1.5556415100204104	1.5268621133056361	1.5099973868307783	1.4815633428765813	1.4734475530030149	1.4598061189602118	1.4450135090488179	1.4509420647720614	1.4250406077287645	1.4574462084296005	1.4210114921886963	1.4065642350378795	1.394131535657097	1.357524143035904	1.3376088005092803	1.3065846108507535	1.3005984963340804	1.2850576221081025	1.2688836011543991	1.2822948000234842	1.26876848356754	1.2502345520832254	1.2295709452420174	1.188071055179313	1.190718759677072	1.149161310820938	1.1336779953883895	1.1484706052997835	1.1154318578712226	1.0951136037905917	1.110424242842852	1.0759465255785523	1.040778102793098	1.0464764233426234	1.023568023557663	1.0112504417637396	0.977405871227165	0.9768302832928695	0.9500078855546998	0.9643400251186575	0.9342943349484332	0.9395897439439517	0.9157604034641184
FGC2639_s_1_1_TAGTTCGGTA-CCATGTGTAG_FGC2639_s_1_2_TAGTTCGGTA-CCATGTGTAG	0.04753560282231949	0.001099795438048523	0.0002443989862330051	0.00006109974655825127	0.00006109974655825127	0.0002443989862330051	0	0	0	0	0	0	0.00006109974655825127	0	0.00006109974655825127	0	0	0	0.00006109974655825127	0	0	0	0	0	0.00006109974655825127	0	0.00006109974655825127	0.00006109974655825127	0	0	0	0.0076985680663396614	0.006476573135174636	0.006293273895499881	0.005926675416150374	0.005865575669592123	0.006293273895499881	0.004826879978101851	0.0051934784574513585	0.0048879797246601025	0.0058044759230338715	0.0048879797246601025	0.005437877443684363	0.004032583272844584	0.004643580738427097	0.004765780231543599	0.005071278964334856	0.004949079471218354	0.004704680484985348	0.005010179217776605	0.0051934784574513585	0.004826879978101851	0.005621176683359118	0.006476573135174636	0.007576368573223157	0.006537672881732887	0.009531560463087198	0.008492864771596928	0.010875754887368727	0.011120153873601733	0.012892046523791018	0.014480639934305551	0.01723012852942686	0.016008133598261833	0.02187370926785396	0.021812609521295705	0.026639489499397557	0.026395090513164552	0.03207736694308192	0.03439915731229547	0.041303428673377864	0.04771890206199425	0.05578406860768341	0.06873721487803268	0.07270869840431902	0.08083496469656644	0.08560074492811004	0.10362517016279417	0.11101823949634256	0.12678197410837141	0.14443980086370603	0.16246422609839015	0.18323813992819557	0.20315665730618548	0.22313627443073364	0.24904256697143218	0.2810588341679559	0.3019549474908778	0.3224844623344503	0.3620159983576388	0.3908550787331334	0.44486725469062754	0.48274909755674333	0.5236859277507717	0.5769649067495668	0.5923009431356879	0.6422805358203374	0.6887163432046084	0.7224434033047631	0.7564759621377091	0.8650502117717216	0.8996937680702501	0.9517507521378801	1.0012415468500635	1.0408341826198104	1.0897750796129697	1.1208137508645613	1.1437261558239056	1.183685390073002	1.2187566445974383	1.2530947021631755	1.288715854406636	1.3528705882927998	1.3839703592909496	1.4123206416939782	1.441709619788497	1.464988623227191	1.460589441474997	1.4792859639218217	1.4741535852109287	1.4682269097947782	1.4933389056302193	1.5453347899512913	1.5394081145351408	1.576678959935674	1.5799783462498198	1.570507885533291	1.573196274381854	1.5047034584900543	1.5021372691346075	1.5152126148980734	1.485701437310438	1.5115466301045783	1.5202227941158502	1.4990822818066951	1.4971881896633894	1.4981657856083213	1.4558236612434532	1.4612004389405793	1.4296729697165216	1.3603247573729065	1.3855589527014642	1.3594693609210908	1.3917300271038475	1.37627179122461	1.3617300515437463	1.3651516373510082	1.3369846541876544	1.3204266228703683	1.2790009947038739	1.2494287173696803	1.2277994070880593	1.2047648026355986	1.1932780502826474	1.2014043165748949	1.207025493258254	1.1814246994503466	1.1827688938746281	1.1414654652012504	1.128267919944668	1.0801824194033243	1.0712618564058196	1.0456610625979124	1.0292252307737428	1.0304472257049078	1.0401009856611114	1.0276366373632282	1.0135225959082723	0.9791845383425349	0.9732578629263846
FGC2639_s_1_1_TATGCCTTAC-AGACACATTA_FGC2639_s_1_2_TATGCCTTAC-AGACACATTA	0.034185782613951526	0.000823231773973484	0.00017331195241547035	0.00012998396431160276	0	0.00004332798810386759	0	0	0	0	0	0	0	0	0	0	0	0	0	0	0	0	0.00004332798810386759	0	0	0	0.00004332798810386759	0.00004332798810386759	0.00004332798810386759	0.00004332798810386759	0	0.005762622417814389	0.005545982477295051	0.005979262358333727	0.005459326501087316	0.00502604662004864	0.005762622417814389	0.004982718631944773	0.004376126798490626	0.005979262358333727	0.004809406679529302	0.004636094727113831	0.005762622417814389	0.005632638453502786	0.005459326501087316	0.004592766739009964	0.004679422715217699	0.005545982477295051	0.005849278394022124	0.006889150108514946	0.007799037858696165	0.008882237561292855	0.00879558158508512	0.009358845430435398	0.011178620930797837	0.01113529294269397	0.012001852704771322	0.01616133956274261	0.017287867253443168	0.018241082991728254	0.022617209790218883	0.028379832208033272	0.033665846756705115	0.03518232634034048	0.039515125150727234	0.04137822863919355	0.04644760324734605	0.05147364986739469	0.06109246322645329	0.06975806084722681	0.081803241540102	0.09467165400695068	0.10857993818829217	0.1219249585242834	0.13912616980151882	0.1531644379471719	0.17543502383255985	0.18271412583400962	0.20823431082718763	0.23275795209397668	0.26061784844476354	0.29930974182151726	0.32920605361318594	0.37019433035944466	0.41139924704622277	0.4468848693032903	0.48410361108451255	0.5180727537579447	0.5473191457280553	0.5904738218795075	0.6366614571982303	0.6776930619325929	0.7465845630177423	0.813482976650114	0.8799914383895506	0.9307285124591795	0.9577218490478892	0.9903478240901015	1.0089788589747646	1.0424713937790542	1.16028019343347	1.1772647647701862	1.2379239481156008	1.285281439113128	1.3355419053136146	1.3587223789491838	1.4078563174589693	1.3917816338724347	1.37895654939369	1.3954211848731595	1.3983241600761187	1.424710904831374	1.4618863186244924	1.504564386906802	1.527138268708917	1.5498421344753437	1.5345906826627822	1.513359968491887	1.5011848038347002	1.4825104409619334	1.4512276335509409	1.4533940329561343	1.4608031189218957	1.4689054526973189	1.501661411703843	1.5007515239536615	1.484850152319542	1.45547377638512	1.4391391248699619	1.3833760041802843	1.3456373265418158	1.323583380596947	1.3208103893582994	1.3398747041240011	1.3322923062058245	1.3015727626401823	1.3333755059084211	1.2949869084483943	1.2679935718596849	1.2285651026851654	1.1941626801306944	1.1657828479226613	1.1427756862395075	1.141692486536911	1.140652614822418	1.1590670097665619	1.1384428874291208	1.1242746353191562	1.0874891734189727	1.057939485532135	1.0257034623828574	0.9956338386387733	0.9614047280367178	0.9586750647861741	0.9768728197897986	0.9530857543207754	0.9578518330122008	0.9668640545378052	0.9287354250064017	0.8929465068326071	0.8858407167835728	0.8469321834662997	0.8202421427943172	0.8158226880077227	0.823578397878315	0.8041241312196785	0.8184656952820587	0.807547042279884	0.7863596560970928	0.7763075628569955
FGC2639_s_1_1_TATGTAGTCA-CGCACTAATG_FGC2639_s_1_2_TATGTAGTCA-CGCACTAATG	0.03329274335239719	0.0006502488936015075	0.000173399704960402	0.000086699852480201	0	0	0	0.000086699852480201	0	0	0	0	0.000086699852480201	0	0	0	0	0	0	0	0	0	0.000086699852480201	0.0000433499262401005	0.0000433499262401005	0	0	0	0	0.0000433499262401005	0.000086699852480201	0.006849288345935879	0.006155689526094271	0.006589188788495276	0.005982289821133869	0.005765540189933366	0.00515864122257196	0.00515864122257196	0.0046384421076907534	0.005678840337453166	0.0045517422552105525	0.005288691001292261	0.005548790558732864	0.004421692476490251	0.004898541665131356	0.005505440632492764	0.005722190263693266	0.005028591443851658	0.005548790558732864	0.006849288345935879	0.007109387903376482	0.006285739304814573	0.008149786133138893	0.009623683625302313	0.01031728244514392	0.010664081855064723	0.011357680674906332	0.013438477134431156	0.013525176986911358	0.01625622234003769	0.019334067103084825	0.02466610803061719	0.025533106555419197	0.028004052351104924	0.03368289268855809	0.041095730075615275	0.04057553096073407	0.05011251473355618	0.05544455566108854	0.06008299776877929	0.06992343102528212	0.08253825956115136	0.09285554200629528	0.10581716995208533	0.1211196939148408	0.13438477134431157	0.15016414449570814	0.15640653387428263	0.17903519537161508	0.20214070605758866	0.22832406150660933	0.24709457956857286	0.282077970044334	0.314026865683288	0.35169795158593536	0.3859010433893747	0.42114453342257635	0.4488451362900006	0.47797628672334813	0.5191153667252035	0.5525381598563209	0.6154389028307068	0.6670686649826665	0.7014018065648262	0.7534650679791868	0.8158022619124513	0.8602359363085543	0.896346424866558	0.9321534639408812	0.9563860727090973	1.0542268562330042	1.0878230490690821	1.1186014966995534	1.1873978296425929	1.2295339579479707	1.274184381975274	1.3143697635998473	1.324600346192511	1.3434142141807146	1.3611009840866755	1.3650891773007647	1.3869375401257755	1.41481154269816	1.4617595128161889	1.466094505440199	1.510138030500141	1.5011645957684403	1.5044158402364478	1.5081872838193364	1.4687822008670852	1.4604156651027458	1.4615861131112284	1.4765851875903033	1.488983266494972	1.5009478461372399	1.5068000861796533	1.4942719574962644	1.4780590850824666	1.459678716356664	1.4374402041954926	1.4089159527295063	1.3895385357001815	1.3628349811362797	1.3605374350455544	1.3989888196205236	1.378527654435196	1.3813020497145623	1.3428073152133533	1.3326200825469294	1.3098180213446367	1.2718001360320685	1.2361231467364657	1.2079890446066406	1.2181762772730642	1.2176127282319429	1.2069486463768782	1.197411662604056	1.1887850272822762	1.174089402286882	1.1509405416746683	1.1109285597550556	1.0759451692792945	1.0495017142728331	1.0348060892774391	1.0482445664118702	1.0373203849993649	1.022711459856451	1.0259627043244586	1.0067586870000942	0.9783211353865882	0.9654462072932782	0.9297692179976755	0.9018085155728108	0.8796133533378794	0.8790498042967579	0.8744113621890672	0.8815207500924438	0.8690359713352948	0.8530398485526977	0.8459304606493212
FGC2639_s_1_1_TATTGCGCTC-CTGTGTTAGG_FGC2639_s_1_2_TATTGCGCTC-CTGTGTTAGG	0.04927953907600271	0.00041561057052050477	0.00035623763187471837	0.00005937293864578639	0.00005937293864578639	0.00011874587729157278	0	0	0	0	0	0	0	0	0	0	0	0	0	0	0	0.00011874587729157278	0.00011874587729157278	0.00005937293864578639	0	0	0	0	0.00005937293864578639	0	0	0.007184125576140154	0.006056039741870212	0.004868580968954484	0.006293531496453357	0.005640429171349707	0.004631089214371339	0.004571716275725553	0.005284191539474989	0.005284191539474989	0.005224818600829202	0.007124752637494366	0.006352904435099144	0.007124752637494366	0.006293531496453357	0.007718482023952231	0.007362244392077512	0.007777854962598018	0.009262178428742678	0.009737161937908969	0.010627756017595764	0.013893267643114016	0.0139526405817598	0.017218152207278053	0.01911808624394322	0.017396271023215414	0.022086733176232536	0.024580396599355566	0.02998333401612213	0.030161452832059486	0.03633623845122127	0.04084858178830104	0.04957640376923164	0.054623103554123476	0.06180722913026363	0.07397868155264985	0.0732662062889004	0.08585326928180712	0.08929689972326274	0.10663379780783235	0.1230207288740694	0.1397045246335354	0.16024756140497748	0.17972188528079538	0.19789000450640606	0.20774591232160655	0.24123224971783014	0.2579160454772961	0.2788746928192587	0.31420159131350156	0.33706017269212935	0.37891809443740876	0.4106232436742587	0.45610291467693104	0.48887677680940517	0.5471216296209216	0.5841703433358922	0.6032290566411898	0.6570209390542722	0.67875143459863	0.7343838781097319	0.7752324598980329	0.8293212070043443	0.8720697228293104	0.9398142458241528	0.9822065240172442	1.0272112115107503	1.0677629286058226	1.085396691383621	1.1124707514060996	1.2108517107421677	1.2165515128521631	1.2380445166419378	1.288867752122731	1.3354161360210275	1.3556623080992407	1.3863581173791122	1.3811926717169287	1.3862393715018206	1.3776302953981816	1.37863963535516	1.407257391782429	1.4355189105778234	1.4185976230637742	1.4437123761109418	1.46318669998676	1.4744081853908135	1.4591493401588465	1.4503621452392699	1.4212694053028347	1.3988264344947274	1.3957984146237923	1.4113541245489885	1.3957984146237923	1.4098104281441979	1.4094541905123232	1.3817864011033867	1.3928891406301487	1.3567310209948649	1.3225322083348918	1.3034734950295943	1.2766962997003448	1.2778837584732605	1.2655341872349368	1.2651185766644164	1.2369758037463137	1.250453460818907	1.2398257048013113	1.2114454401286257	1.1861525682655205	1.1551005213537742	1.1236922368101532	1.1014273848179834	1.103149200038711	1.075659529445712	1.0900277805979923	1.0941245133645516	1.0829030279604979	1.049238571748337	1.0240050728238779	1.0053025971504552	0.9612478766752817	0.9562605498290357	0.9508576124122691	0.9505607477190401	0.9265147075674965	0.9316207802910342	0.9236648065124988	0.9069216378143872	0.8956407794716877	0.8645887325599415	0.8461831215797476	0.815784176993105	0.7950036484670797	0.8065219985643625	0.792984968553123	0.7945880378965592	0.8066407444416539	0.7710763541928279	0.7672764861194975
FGC2639_s_1_1_TCAGAAGGCG-GGCCATCATA_FGC2639_s_1_2_TCAGAAGGCG-GGCCATCATA	0.06563984050219539	0.0013236978511712001	0.0005450520563646118	0.00007786457948065882	0	0.00007786457948065882	0	0	0	0	0	0.00007786457948065882	0	0	0	0	0	0	0	0	0	0	0	0	0	0	0	0	0	0.00007786457948065882	0.00015572915896131765	0.009110155799237083	0.008798697481314448	0.008798697481314448	0.007708593368585224	0.0063070309379333655	0.007630728789104565	0.006384895517414024	0.007552864209623906	0.006229166358452706	0.007085676732739954	0.007552864209623906	0.008253645424949834	0.008798697481314448	0.007397135050662588	0.009110155799237083	0.007864322527546543	0.011290364024695531	0.011212499445214871	0.012925520193789364	0.015884374214054402	0.019154686552242072	0.01806458243951285	0.0172080720652256	0.022113540572507105	0.02452734253640753	0.028887758987324427	0.028732029828363106	0.03161301926914748	0.03916588347877139	0.05014478918554428	0.05107916413931219	0.0639268197536209	0.06408254891258221	0.06875442368142175	0.07443853798350983	0.08456093331599548	0.08806483939262513	0.10830963005759643	0.12069009819502118	0.12543983754334137	0.13922186811141798	0.15635207559716294	0.17885493906707334	0.1978538964603541	0.2010463442190611	0.21708644759207682	0.23818774863133535	0.24371613377446216	0.26980076790048285	0.29074633978078007	0.3030489433387241	0.34128045186372763	0.35615258654453347	0.38215935609107354	0.4200794062981543	0.43339424938934706	0.44655336332157836	0.46383929996628465	0.49467367344062557	0.5241843490637953	0.5481666395438382	0.587021064704687	0.6272770522961875	0.6439400723050486	0.6801471017635549	0.7220382455241493	0.724374182908569	0.7521718377831643	0.7612041290029207	0.8569775617641311	0.8600142803638768	0.8762879774753344	0.9114827674005923	0.9364772974138837	0.9823395347279917	0.9897366697786544	1.0232963035348184	1.016522085120001	1.045721302425248	1.0599705204702086	1.0683020304746391	1.1212499445214872	1.1293478607874756	1.1337861418178732	1.1663335360407887	1.1955327533460356	1.203630669612024	1.2318955119635033	1.2224738978463436	1.2126629608317805	1.2608611355303085	1.2361780638349396	1.2888923841433455	1.2850770197487933	1.299326237793754	1.2955108733992016	1.3564009745530767	1.3560116516556735	1.3275132155657523	1.3438647772566907	1.3303163404270562	1.332340819493553	1.3348324860369343	1.3250215490223713	1.3335866527652438	1.357724672404248	1.3744655569925897	1.3601384743681484	1.3509504539894306	1.3614621722193196	1.3357668609907023	1.3402830066005804	1.3303163404270562	1.3336645173447244	1.33670123594447	1.3441762355746134	1.342463214826039	1.3449548813694199	1.355933787076193	1.3245543615454873	1.299559831532196	1.2991705086347924	1.3094486331262396	1.2969903004093342	1.3110837892953333	1.29769108162466	1.3155220703257309	1.3062561853675325	1.2828968115233348	1.2831304052617767	1.259381708520176	1.2468455112237897	1.2314283244866193	1.241317126080663	1.244042386362486	1.2273793663536252	1.232206970281426	1.2274572309331058	1.2274572309331058
FGC2639_s_1_1_TCATAGATTG-GATTAAGGTG_FGC2639_s_1_2_TCATAGATTG-GATTAAGGTG	0.0620268853507712	0.001665896652214088	0.00033317933044281755	0.00016658966522140877	0	0	0	0	0	0	0	0.00005552988840713626	0	0	0	0	0	0	0	0.00005552988840713626	0	0	0	0	0	0	0	0	0	0	0	0.006885706162484896	0.007218885492927713	0.006719116497263486	0.0064969969436349416	0.0050532198450494	0.005275339398677944	0.004942160068235127	0.004997689956642263	0.005830638282749307	0.005386399175492216	0.005330869287085081	0.006052757836377852	0.006108287724784988	0.005830638282749307	0.005386399175492216	0.00638593716682067	0.006774646385670623	0.007663124600184803	0.009162431587177482	0.010994917904612978	0.010939388016205844	0.010772798350984433	0.01482648020470538	0.013271643329305565	0.016714496410548015	0.0196020506077191	0.02060158859904755	0.022767254246925866	0.027931533868789535	0.03131885706162485	0.03631654701826711	0.039481750657473884	0.040092579429952376	0.04758911436491577	0.053364222759257944	0.06063863814059279	0.05880615182315729	0.06796858341033478	0.07640912644821948	0.07974091975264766	0.08512731892813989	0.10178628545028075	0.10539572819674463	0.11894502096808587	0.12610837657260646	0.1364924657047409	0.1364369358163338	0.15304037245006752	0.16292469258653777	0.17930600966664298	0.18613618594072073	0.1983527613902907	0.22661747458952308	0.23555778662307203	0.2597688179685834	0.26809830122965383	0.28631210462719453	0.2948081775534864	0.3026378918188926	0.325627265619447	0.3397318572748596	0.3657198450493994	0.3815458632454332	0.4149748560665293	0.4313006432582273	0.4622307911010022	0.4877745397682849	0.4961040230293553	0.5050443350629042	0.5694590056151823	0.5666269813064183	0.5881170481199801	0.6167704705380624	0.6342623853863103	0.6876821380339755	0.7117265797142655	0.7503753820456323	0.7615924195038737	0.7822495379913286	0.7888020648233706	0.8096257729760467	0.8375573068448362	0.8725966664297391	0.8918100078186083	0.9295703319354609	0.9832677340251617	1.0063681676025302	1.0493483012296538	1.085609318359514	1.0916620761958917	1.0871641552349136	1.1197601997299027	1.1376408237970004	1.1821202644111166	1.1998898287014002	1.2504775570403015	1.3185572002274504	1.357094942782003	1.365257836377852	1.3946331473452271	1.3745313277418438	1.3773078221622006	1.4052393560309901	1.437391161418722	1.4360029142085435	1.516410192622077	1.5352903546805032	1.566609211742128	1.595984522709503	1.6053135439619022	1.5703852441538133	1.5761603525481556	1.558446318146279	1.571940081029213	1.6151978640983722	1.6406305529888408	1.6545130250906248	1.6691173857417017	1.7180947473167958	1.6734487170374581	1.6862761212595068	1.652513949107968	1.6669517200938233	1.6596217748240814	1.6407416127656549	1.6531803077688534	1.647793908593361	1.6445176451773402	1.6685620868576303	1.6812229014144573	1.6616208508067383	1.6150868043215578	1.5827684092686047	1.560834103347786	1.5443417264908663	1.5458965633662662	1.5406212239675883	1.5395661560878526	1.5663315623000926
FGC2639_s_1_1_TCCATTGCCG-GAATGCACGA_FGC2639_s_1_2_TCCATTGCCG-GAATGCACGA	0.03722095758859047	0.000776908033158435	0.0002118840090432095	0.00014125600602880634	0.00007062800301440317	0	0.00007062800301440317	0.00007062800301440317	0.00007062800301440317	0	0	0.00007062800301440317	0	0	0	0	0	0	0	0	0	0.00007062800301440317	0.00007062800301440317	0	0	0.00014125600602880634	0	0	0	0	0.00014125600602880634	0.00579149624718106	0.005720868244166656	0.004590820195936205	0.0042376801808641906	0.005297100226080238	0.00579149624718106	0.004520192192921803	0.005862124250195463	0.0048733322079938185	0.0070628003014403164	0.006144636262253075	0.006497776277325092	0.00713342830445472	0.006356520271296285	0.00579149624718106	0.006992172298425914	0.0074865683195267365	0.010311688440102863	0.009958548425030847	0.01094734046723249	0.012854296548621375	0.013984344596851828	0.016950720723456762	0.01871642079881684	0.017021348726471163	0.023589753006810658	0.02069400488322013	0.027333037166574023	0.030370041296193365	0.034042697452942326	0.0379272376187345	0.04484878191414601	0.04958085811611103	0.055866750384392906	0.061940758643631584	0.06921544295411511	0.0757132192314402	0.08150471547862126	0.09181640391872412	0.1001505082744237	0.11929069709132696	0.1360295338057405	0.1409028660137343	0.16286817495121372	0.18186710776208814	0.2005129005578906	0.2094120289377054	0.24098274628514363	0.25009375867400163	0.27707365582550364	0.30631364907346653	0.3291264940471188	0.3722095758859047	0.3957993288927154	0.4435438589304519	0.4842962166697625	0.5092985297368613	0.5371965909275505	0.5876956130828488	0.6042225657882192	0.6506957917716963	0.7053618661048444	0.7406052396090317	0.793223101854762	0.8433689839949882	0.9008601784487125	0.947898428456305	0.9631540771074161	1.0029882708075393	1.0837867062560167	1.112744187491922	1.1378171285620349	1.1647263977105227	1.2299160444928168	1.2659363260301624	1.3201080043422095	1.3340923489390615	1.3328916728878166	1.3711014225186087	1.3576114739428577	1.3980813196701107	1.4132663403182075	1.428451360966304	1.4257674968517569	1.4603752183288143	1.4804335711849048	1.491875307673238	1.5016219720892259	1.49816119994152	1.4543012100695756	1.4512642059399563	1.4648247825187217	1.4381980253822917	1.449286621855553	1.4583270062413967	1.4460377337168906	1.478879755118588	1.4716756988111188	1.4165858564598843	1.3810599709436395	1.3648861582533411	1.3378356330988248	1.3358580490144216	1.3204611443572818	1.3393894491651417	1.3328916728878166	1.3112088759623948	1.2802031826390718	1.2771661785094524	1.253082029481541	1.210140203648784	1.1825952824731667	1.157804853415111	1.1709416619757902	1.148693841026253	1.1629606976351625	1.149400121056397	1.1390884326162942	1.1229852479290103	1.0718505737465824	1.0622451653366236	1.0319457520434445	1.0219165756153994	1.0118873991873543	1.002917642804525	0.984342478011737	0.9791160057886711	0.9637191011315314	0.936527319970986	0.9304533117117474	0.9107480988707289	0.8663230849746693	0.8692894611012741	0.8432983559919739	0.8351761356453176	0.8339754595940727	0.8104563345902763	0.8175897628947311	0.8079137264817577
FGC2639_s_1_1_TCTCATGATA-AACACGTGGA_FGC2639_s_1_2_TCTCATGATA-AACACGTGGA	0.0437726898645889	0.001617971553436353	0.0004810185699405374	0.00013118688271105563	0.00004372896090368521	0.00008745792180737043	0	0	0	0	0.00004372896090368521	0	0	0	0	0	0	0	0	0.00004372896090368521	0	0	0	0	0.00004372896090368521	0	0.00004372896090368521	0	0	0.00004372896090368521	0	0.004810185699405374	0.004154251285850096	0.004547811933983262	0.004591540894886947	0.0035857747941021876	0.00402306440313904	0.0033671299895837617	0.005291204269345911	0.004285438168561151	0.004154251285850096	0.004547811933983262	0.00511628842573117	0.005597306995671707	0.006559344135552782	0.005947138682901189	0.005859680761093819	0.0074776523145301714	0.00839596049350756	0.008527147376218618	0.010844782304113934	0.011500716717669212	0.014124454371890324	0.01158817463947658	0.013206146192912936	0.01526140735538614	0.016966836830629863	0.017491584361474084	0.022782788630819995	0.024794320832389517	0.03021671198444648	0.03231570210782338	0.040536746757716194	0.04381641882549259	0.046746259206039496	0.051425258022733816	0.05369916398972544	0.06100190046064087	0.06909175822782264	0.0760009340506049	0.0863646977847783	0.09839016203329173	0.11129020549987888	0.12283465117845177	0.13730893723757157	0.1472791403236118	0.1582988384713405	0.1685751442837065	0.1858043548797585	0.20814985390154161	0.22826517591723683	0.2586130747843944	0.29079759000950667	0.3179095457697915	0.3441906512729063	0.36929107483162166	0.387569780489362	0.4002949081123345	0.4344472265781126	0.46794361063033546	0.5101857868632954	0.5608239235897629	0.609975275645505	0.675831090766455	0.7060915317118052	0.7340780666901637	0.7547618651976068	0.7836667083549428	0.8104725613889018	0.8303255096391747	0.9449828451286375	0.9942653840670908	1.0660246089100383	1.1300875366339371	1.176352777270036	1.2082749187297261	1.2072691526289414	1.2039457516002614	1.200928453297907	1.229264819963495	1.2679649503632566	1.3284858322539568	1.3927674047823742	1.4720480109007554	1.4949619864142865	1.504888460539423	1.4982853874429665	1.4570489773107913	1.4591042384732644	1.4406943459328132	1.4320360116738835	1.4679812175367126	1.513065776228412	1.5363733123900765	1.5896351867707648	1.591165700402394	1.5912531583242013	1.5240854743761407	1.4935189307044647	1.4068918591542645	1.4279692183098407	1.388613153496524	1.3988457303479864	1.4300682084332175	1.485997549429031	1.4531570997903633	1.4483031851300543	1.414850530038735	1.341210959876929	1.3026420163598789	1.2668717263406644	1.2340312767019967	1.2355617903336258	1.273431070476217	1.2741307338506762	1.298444036113125	1.2883863751052775	1.2556333833884172	1.2091494979478	1.1539198203264454	1.1030630387954594	1.0733273453809538	1.0693042809778146	1.0778314283540333	1.0975969186824988	1.09440470453653	1.098121666213343	1.0915623220777904	1.0297295713599794	0.9971952244476376	0.9769487155492314	0.9270539711581266	0.9037464349964623	0.907813228360505	0.920888187670707	0.9187017396255227	0.9229871777940837	0.9059328830416467	0.8925518210051189	0.8759348158617185
FGC2639_s_1_1_TCTGGTATCC-CGTTGCTTAC_FGC2639_s_1_2_TCTGGTATCC-CGTTGCTTAC	0.041571101892743836	0.00054430247977406	0.0000680378099717575	0.0000680378099717575	0	0.0000680378099717575	0	0	0	0	0	0	0	0	0	0	0.0000680378099717575	0	0	0.0000680378099717575	0	0	0	0.0000680378099717575	0	0.0002041134299152725	0	0.0000680378099717575	0	0	0	0.007756310336780355	0.008232575006582659	0.008096499386639143	0.007756310336780355	0.008232575006582659	0.007824348146752112	0.008300612816554417	0.0081645371966109	0.007212007857006295	0.007688272526808599	0.009661369015989565	0.010205671495763626	0.010477822735650654	0.009797444635933081	0.00952529339604605	0.010749973975537687	0.013267372944492713	0.014560091333956107	0.017621792782685195	0.016873376872995862	0.019594889271866162	0.02068349423141428	0.020343305181555492	0.025446140929437307	0.024085384730002157	0.026058481219183128	0.03082112791720615	0.031705619446839	0.03592396366508796	0.03708060643460784	0.04055053474316748	0.05048405499904407	0.05334164301785788	0.06347927670364975	0.06674509158229411	0.06817388559170103	0.07103147361051484	0.08191752320599603	0.08770073705359542	0.10076399656817286	0.11226238645339988	0.1196104699303497	0.12621013749761018	0.14451230838001294	0.1567591141749293	0.16465150013165317	0.1817289904345643	0.1862194858927003	0.2073792447939169	0.22969564646465332	0.2496307247863783	0.2755531303856179	0.3059660314429935	0.3224311814561588	0.3438630915972624	0.36338994305915684	0.377950034393113	0.4077505951607427	0.45251947412215915	0.4702773425247879	0.5042962475106666	0.5467518409330433	0.5820634643083854	0.6232263393412987	0.6475158375012162	0.6705126172716702	0.7144650425134256	0.7527703295275251	0.7684870636310009	0.8504045868369972	0.8880294957513789	0.9241575728463822	0.9879770385998907	1.0544499789422979	1.0231525863552895	1.0788755527221587	1.0836381994201818	1.09867455542394	1.1263659440824456	1.169978180274342	1.200595194761633	1.2565903123683893	1.2776820334596342	1.3018354559996081	1.3380315709045831	1.3677640938622413	1.3238797064304575	1.3293907690381699	1.358510951706082	1.338371759954442	1.405048813726764	1.4168873926618502	1.445803461899847	1.4341689963946764	1.4720660565489454	1.472202132168889	1.4517907891773616	1.4319237486656085	1.4063415321162276	1.4029396416176396	1.4179079598114264	1.4036880575273292	1.4189965647709746	1.474991682377731	1.4394079077625017	1.4421974579713437	1.4077022883156627	1.399197562069193	1.3498701498396688	1.3583068382761667	1.3202056646919826	1.2738719161012158	1.3239477442404293	1.3297989958980005	1.3348337938359105	1.3402768186336511	1.3242879332902882	1.3222467989911355	1.3042848171585912	1.2259052600711267	1.2212786889930474	1.216584080104996	1.1922265441351068	1.2360428937569186	1.1937233759544854	1.2237280501520305	1.20590214393943	1.226381524740929	1.170522482754116	1.1337140275593953	1.1027568240222456	1.0774467587127519	1.073772716974277	1.1075194707202687	1.0971777236045615	1.1103090209291107	1.0908502072771882	1.0811888382611985	1.1002394250532905
FGC2639_s_1_1_TGATGTAAGA-GTGCGTCCTT_FGC2639_s_1_2_TGATGTAAGA-GTGCGTCCTT	0.037662703115529265	0.0006189824785105949	0.0002380701840425365	0.0001428421104255219	0.000047614036808507294	0	0	0.000047614036808507294	0	0	0	0	0	0	0.000047614036808507294	0	0.00019045614723402918	0	0	0	0	0	0	0.000047614036808507294	0	0	0	0.000047614036808507294	0	0	0	0.005237544048935803	0.005428000196169832	0.003999579091914613	0.004285263312765656	0.004428105423191178	0.004237649275957149	0.0037615089078720763	0.004856631754467744	0.0043328773495741645	0.004761403680850729	0.004713789644042223	0.0046661756072337145	0.004237649275957149	0.003809122944680584	0.0041424212023401345	0.005428000196169832	0.004713789644042223	0.006332666895531471	0.006189824785105948	0.008142000294254749	0.008665754699148329	0.009046666993616385	0.01037986002425459	0.010475088097871605	0.011189298649999214	0.013760456637658609	0.012617719754254433	0.017712421692764713	0.020712106011700673	0.02133108849021127	0.024235544735530214	0.028949334379572436	0.03209186080893391	0.033472667876380625	0.03923396633021001	0.041328983949784334	0.04823301928701789	0.055708423065953534	0.061469721519782916	0.0698021779612717	0.07827747651318599	0.08894302075829164	0.10032277555552488	0.1141784602668005	0.12108249560403406	0.13265270654850134	0.1441753034561601	0.16079260230232914	0.18274267327105098	0.20397853368764526	0.22173856941721848	0.24787867562508897	0.2766375538574274	0.3037775548382765	0.33267927518104046	0.35524832862827294	0.37367496087316526	0.39900562845529114	0.4381919807486926	0.48185405250209384	0.5115652114706023	0.5567985464386843	0.6028413200325109	0.659263953650592	0.6838804106805904	0.7317325176731401	0.7617293608624998	0.7844888704569662	0.8135334329101556	0.9199031911403609	0.948614455335891	1.0121315804384396	1.0609835822039682	1.1111211629633264	1.1441653045084303	1.1772094460535343	1.1938267448997035	1.2051112716233197	1.2265375881871479	1.2897690290688455	1.312528538663312	1.3589046105147984	1.4333729640833035	1.451323455960111	1.4707975970147902	1.4712737373828755	1.4583227193709616	1.458275105334153	1.4537041578005363	1.4986994225845758	1.491128790732023	1.5179354934552125	1.5319340202769138	1.5642163372330815	1.5657876004477624	1.5404569328656366	1.5375524766203175	1.4876053520081933	1.4762732112477688	1.4638459476407482	1.4562753157881958	1.4518948244018128	1.4596559124015995	1.485224650167768	1.4580846491869188	1.4643697020456419	1.4524661928435152	1.3944246819739448	1.3632374878643723	1.3525719436192667	1.3114334158167162	1.303958012037781	1.3064339419518232	1.2948637310073559	1.3261937672273536	1.302005836528632	1.271151940676719	1.2504398346650185	1.2254424653405522	1.155687901416089	1.149974216999068	1.1528786732443872	1.123215128312687	1.120501128214602	1.1228342160182192	1.1107878647056666	1.083505021614392	1.0733156177373715	1.045032879873118	1.0195117561437583	0.9799444915558887	0.973326140439506	0.9667554033599322	0.9520426659861034	0.9462813675322739	0.9409485954097211	0.9360919636552534	0.9118088048829147	0.9012384887114261
FGC2639_s_1_1_TGATTATACG-GTCGATTACA_FGC2639_s_1_2_TGATTATACG-GTCGATTACA	0.03749580929190267	0.0004962680641575353	0.00011028179203500786	0.00005514089601750393	0.00005514089601750393	0.00005514089601750393	0	0.00005514089601750393	0	0	0	0	0	0	0	0	0	0	0	0.00005514089601750393	0.00005514089601750393	0.00005514089601750393	0.00011028179203500786	0	0	0	0.00005514089601750393	0.00011028179203500786	0.00005514089601750393	0.00005514089601750393	0.00005514089601750393	0.006341203042012952	0.005955216769890424	0.005017821537592857	0.005403807809715384	0.005514089601750392	0.005679512289802904	0.004300989889365306	0.005183244225645369	0.004742117057505338	0.005458948705732889	0.0047972579535228415	0.006010357665907928	0.005403807809715384	0.006561766626082968	0.004962680641575353	0.005238385121662872	0.005955216769890424	0.006782330210152983	0.007995429922538069	0.007333739170328022	0.007995429922538069	0.008657120674748116	0.011359024579605808	0.01207585622783336	0.012130997123850863	0.013454378628270959	0.014998323716761068	0.01786565030967127	0.018196495685776297	0.02376572618354419	0.0309340426658197	0.029831224745469623	0.034187355530852434	0.040804263052952906	0.04786229774319341	0.04935110193566601	0.05795308171439663	0.06578308894888218	0.06942238808603744	0.0814982443138708	0.09522832742222928	0.10724904275404513	0.12428757962345384	0.13856907169198737	0.15136175956804826	0.1698891006299296	0.18604538316305824	0.2009334250877843	0.22166640199036577	0.24901628641504775	0.27118292661408433	0.3005730241914139	0.3353117886824414	0.38526944047429995	0.41824369629276725	0.4556843646886524	0.4832548126974044	0.5089504702415613	0.541428457995871	0.5800270852081237	0.6210519118451466	0.6754759762144231	0.7271981366788418	0.7832212870326257	0.8370939424417271	0.9082808392003248	0.9173790870432128	0.9534963739346779	0.9682741340673688	1.0729315547085914	1.0937196725071903	1.1212901205159422	1.1748870714449562	1.2316270534469678	1.249492703756639	1.3201281915550616	1.3433425087784308	1.3423499726501156	1.3475883577717784	1.3440041995306407	1.3715195066433752	1.389109452472959	1.4014610131808798	1.4359792140878374	1.4563813456143138	1.490348137561096	1.4837312300389955	1.489465883224816	1.4580907133908563	1.454120568877596	1.453238314541316	1.4368063275280998	1.4582009951828911	1.4412727401055174	1.43746801828031	1.4696151606585146	1.4790993947735254	1.452907469165211	1.420650044994971	1.368872743634535	1.353874419917774	1.356190337550509	1.335733065128015	1.353653856333704	1.3597744957916469	1.3554183650062641	1.3395929278492404	1.3256974220528293	1.289635276057382	1.2553927796305118	1.2129342896970339	1.1916499038342774	1.2063173821749333	1.1882863091772096	1.1756039030931835	1.1919807492103824	1.1794086249183915	1.1676636140666632	1.134248231080056	1.103093624830166	1.072325004852399	1.0670314788347184	1.0357665907927938	1.031300178215376	1.0413358212905617	1.0413909621865791	1.0253449614454855	1.0108980466888995	0.9965062728283309	0.9658479346425988	0.9335353695763415	0.9186473276516154	0.8986311823972615	0.9053583717113969	0.8933927972755986	0.8905806115787059	0.8768505284703474	0.8611905140013764	0.8508791664461032
FGC2639_s_1_1_TGGTACCTAA-CATGAGTACT_FGC2639_s_1_2_TGGTACCTAA-CATGAGTACT	0.042864238297949546	0.001360769469776176	0.0003175128762811077	0.00009071796465174507	0	0.000045358982325872536	0.000045358982325872536	0	0	0	0	0	0	0	0	0	0.000045358982325872536	0.000045358982325872536	0	0.000045358982325872536	0.000045358982325872536	0	0	0	0.000045358982325872536	0.000045358982325872536	0.00009071796465174507	0.000045358982325872536	0.00022679491162936268	0	0	0.006304898543296282	0.006531693454925646	0.0043544623032837635	0.005760590755385812	0.005805949737711685	0.005715231773059939	0.005080206020497724	0.005488436861430577	0.0055337958437564495	0.005397718896778832	0.007484232083768968	0.006350257525622155	0.0064863344725997725	0.007076001242836116	0.008300693765634675	0.009434668323781486	0.008209975800982929	0.009343950359129743	0.010614001864254173	0.014061284521020486	0.014605592308930958	0.0170096183722022	0.018733259700585356	0.020184747135013278	0.022135183375025798	0.02186302948107056	0.02789577413041161	0.0327038262569541	0.03474498046161836	0.040823084093285285	0.048080521265424885	0.05742447162455463	0.05905739498828605	0.06554372946088582	0.07243829477441845	0.07842568044143361	0.0873613999596305	0.09724965810667072	0.10777294200627315	0.1250093552901047	0.14233648653858802	0.15884715610520564	0.1749042358485645	0.19572400873614001	0.21114606272693665	0.2272938604349473	0.2442127608424977	0.2675726367403221	0.29592200069399244	0.3250424673472026	0.36255434573069917	0.40292384000072573	0.4351287174520952	0.48461536716962217	0.5136451158581806	0.5494787118956199	0.5710242285004095	0.6054970550680725	0.6449593696915816	0.6898647621941955	0.7392153349647448	0.8029900641149215	0.8723439480911807	0.9353929335241434	0.9711358115969311	1.0119135367078904	1.034865181764782	1.0400361057499314	1.0605837247435517	1.1927597992411443	1.2133074182347645	1.2597096571541322	1.305658306250241	1.366121829690629	1.4090767859532303	1.4304862256110422	1.4251338656965893	1.3726081641632288	1.410981863210917	1.399233886788516	1.4004585793113147	1.4659569497898746	1.5251504217251384	1.5453351688601515	1.5532729907671792	1.5581717608583734	1.5228824726088446	1.4804264651518277	1.4676352321359318	1.4205072494993503	1.428807943264985	1.440918791545993	1.4628725389917152	1.4726247201917777	1.4863684918365172	1.4770699004597134	1.453347152703282	1.3998235535587524	1.3331912085220454	1.304977921515353	1.2843849435394068	1.2720926593290953	1.2901455342947927	1.306746921826062	1.3080623323135123	1.2790779426072798	1.2664227865383613	1.234490062980947	1.1737090266642778	1.1356981994751965	1.0897041913967618	1.0922896533893365	1.0884341398916375	1.0873908832981423	1.1133815801708673	1.0906567300256051	1.069383367314771	1.0407164904848194	1.0066065357757634	0.9563487833586966	0.9306755993622527	0.8987428758048385	0.9088125698811822	0.9094022366514185	0.8991964656280972	0.8909411308447884	0.9075878773583836	0.8808714367684446	0.8333352232909301	0.8264406579773975	0.773279930691475	0.7689708273705171	0.7367659499191476	0.7556806455490365	0.7520972859452926	0.7484685673592227	0.7660224935193355	0.7360402062019336	0.697122199366335
FGC2639_s_1_1_TGTAATCGAC-GATCACCGCG_FGC2639_s_1_2_TGTAATCGAC-GATCACCGCG	0.04685637181963532	0.0008317699139580234	0.00023104719832167314	0.00004620943966433463	0	0	0	0	0	0	0	0	0	0.00004620943966433463	0.00004620943966433463	0	0	0	0	0.00004620943966433463	0	0.00004620943966433463	0	0.00004620943966433463	0	0.00004620943966433463	0.00013862831899300387	0	0	0	0	0.00568376107871316	0.006469321553006848	0.00508303836307681	0.005545132759720156	0.005175457242405478	0.004528525087104794	0.004759572285426466	0.005776179958041828	0.004528525087104794	0.004805781725090802	0.005729970518377494	0.007208672587636203	0.0065155309926711825	0.006099646035692172	0.006330693234013845	0.007532138665286545	0.009057050174209588	0.007716976423943883	0.009750191769174606	0.010535752243468297	0.011922035433398336	0.014186297976950731	0.018945870262377196	0.017744424831104496	0.020701828969621913	0.0249530974187407	0.0273559882812861	0.029574041385174162	0.03447224198959363	0.03669029509348169	0.04768814173359334	0.05549753703686589	0.0619206491502084	0.07056181436743898	0.07915677014500522	0.08516399730136873	0.09754812713141041	0.10831492657320037	0.12143840743787142	0.13719582636340952	0.1595611951609475	0.17813738990601	0.19980961710858294	0.2281822130624844	0.24772880604049793	0.2750385848821197	0.29745016311932204	0.3120985554929161	0.34338234614567065	0.38644954391283054	0.41814921952256406	0.47563376246499633	0.5177767714388696	0.5641248394221972	0.6035877008955389	0.6515993087067826	0.6914318456974391	0.7262737632043474	0.7583893237710599	0.8102363150744434	0.8788111235363161	0.9210003419498535	0.9786235132112788	1.0455347818452354	1.0962727465966748	1.1340258588024363	1.1676201214384074	1.1691450329473305	1.1843479385968965	1.3208968328050055	1.313919207415691	1.3504708741901796	1.3976969215271295	1.420385756402318	1.4600796650739813	1.483230594345813	1.4853562285703723	1.4480652107612542	1.4705692078777854	1.4519005942533942	1.4404406532166392	1.4787482786983726	1.5030544439618125	1.5248652994833785	1.524403205086735	1.5116031902997145	1.4785172315000508	1.4598486178756598	1.4264391929983458	1.4184449599364157	1.3712189125994658	1.3646571721671301	1.3924752548450599	1.4122066855817306	1.3921517887674093	1.39279872092271	1.3643799155291443	1.3318484700054527	1.3026441041375931	1.248902525807972	1.2205299298540706	1.231758823692504	1.2119349740765042	1.2340230862360564	1.1999205197637772	1.202785505022966	1.1630453869116384	1.1557905048843378	1.1198857702651497	1.0714582774969272	1.026173026625879	1.0207665221851518	1.0277441475744666	1.0219679676164246	1.0294076874023825	1.0246481151169562	0.9886971710581038	0.9705830707096845	0.9371274363927062	0.8981728787556722	0.8819071559938264	0.8655028049129876	0.8387013299076737	0.8482204744785264	0.8375460939160652	0.838470282709352	0.8235908431374361	0.8094969640398141	0.787131595242276	0.7587589992883746	0.7338983207489626	0.7208672587636202	0.7068657985453268	0.7032614622515088	0.7006275241906417	0.699287450440376	0.6905538663438168	0.690600075783481	0.6674029370719851
FGC2639_s_1_1_TGTCGCTGGT-TCGTCTGACT_FGC2639_s_1_2_TGTCGCTGGT-TCGTCTGACT	0.055518062606634486	0.000694643709226418	0.0002671706573947762	0.0001603023944368657	0	0.00010686826295791046	0	0	0	0	0	0	0	0	0	0	0	0	0	0	0	0.00005343413147895523	0	0	0	0.00005343413147895523	0.00005343413147895523	0.00005343413147895523	0	0.0001603023944368657	0.0001603023944368657	0.007534212538532687	0.008656329299590747	0.006465529908953584	0.006518964040432538	0.005770886199727166	0.007106739486701046	0.005450281410853434	0.005503715542332389	0.006893002960785225	0.00817542211628015	0.005931188594164031	0.007801383195927464	0.007908251458885374	0.00785481732740642	0.008121987984801196	0.00817542211628015	0.008549461036632839	0.00951127540325403	0.011595206530933285	0.012717323291991345	0.013946308316007317	0.014213478973402091	0.015869937049249706	0.01763326338805523	0.01672488315291299	0.021427086723061047	0.022228598695245377	0.02452626634884045	0.028640694472720007	0.03152613757258359	0.03387723935765762	0.04012903274069538	0.04253356865724837	0.04760981114774911	0.05578523326402927	0.05883097875832972	0.06353318232847778	0.07117426312996837	0.0806855385332224	0.09041055046239226	0.10237979591367823	0.11418873897052734	0.11766195751665944	0.1378600592157045	0.15223384058354347	0.16628701716250868	0.1760654632231575	0.1913476248261387	0.21191976544553648	0.23970551381459318	0.2632165316653335	0.2879031004086108	0.3157957170406255	0.34919204921497243	0.38392423467629333	0.40957261778619186	0.4401369409921542	0.4710218689869904	0.49597560838766247	0.5337001052118049	0.5775160930245482	0.6213855149687704	0.6739112662125835	0.7136662600329261	0.7548639754032006	0.8082446727506768	0.8454882623915086	0.8765869269122607	0.909609220166255	1.0008747167323104	1.0326680249622888	1.0708199948382628	1.130185314911382	1.1798790571868105	1.1977260571007815	1.2480075748224784	1.249770901161284	1.2621141855329228	1.2971135416516384	1.313090346963846	1.334677736081344	1.3994399034338376	1.3939896220229842	1.4411719601189017	1.4590189600328727	1.4727515318229643	1.4695989180657059	1.4541030199368088	1.4552251366978668	1.4572556336940672	1.4676752893324634	1.470346995906411	1.494338920940462	1.4857894599038293	1.4913466095776406	1.488674903003693	1.4835452263817133	1.4541030199368088	1.4389277265967855	1.4405307505411542	1.4017375710874327	1.3886462088750886	1.4044092776613804	1.4093786518889233	1.3850126879345197	1.3862951070900145	1.3693564874111859	1.3335021851888067	1.285304598594789	1.2838618770448573	1.265213365158702	1.2397252844432403	1.228236946175265	1.2420763862283144	1.2297331018566757	1.2162142665925002	1.2069167277151618	1.1978329253637394	1.150704021399301	1.1206206053766492	1.0887738630151917	1.085086907943144	1.083697620524691	1.0781939049823588	1.0707665607067838	1.067026171503257	1.0585835787295823	1.0167980879130392	1.0077677196930959	0.9805697467703075	0.9874093155996139	0.9347232619613639	0.9411353577388386	0.9323187260448109	0.9209372560397935	0.9201891781990881	0.9076321573015337	0.9015406663129327	0.8911210106745365
FGC2639_s_1_1_TTCACGAGAC-AGATTGTTAC_FGC2639_s_1_2_TTCACGAGAC-AGATTGTTAC	0.045493475952850124	0.0008899759392387251	0.00020940610335028827	0.00010470305167514413	0	0.00010470305167514413	0.00005235152583757207	0	0.00005235152583757207	0	0	0.00005235152583757207	0.00005235152583757207	0	0	0	0	0	0	0	0.00005235152583757207	0	0	0	0	0.00005235152583757207	0	0	0.00005235152583757207	0	0	0.007381565143097661	0.008376244134011529	0.008585650237361818	0.007381565143097661	0.00685804988472194	0.007852728875635808	0.007172159039747372	0.007015104462234656	0.00633453462634622	0.007015104462234656	0.006386886152183791	0.006543940729696509	0.00659629225553408	0.006962752936397085	0.0072768620914225165	0.007172159039747372	0.007433916668935232	0.007852728875635808	0.010313250590001696	0.01120322652924042	0.010208547538326552	0.011569687210103426	0.010889117374214989	0.01319258451106816	0.014239615027819601	0.01596721538045948	0.017694815733099358	0.020469446602490678	0.022720562213506275	0.027798660219750766	0.029683315149903355	0.035389631466198716	0.035965498250412	0.040258323369092915	0.044917609168636824	0.04601699121122584	0.053660313983511364	0.05805784215386742	0.06434002525437607	0.07617147009366736	0.08334362913341473	0.09533212855021872	0.10889117374214988	0.11370751411920652	0.12187435214986776	0.13302522715327061	0.15448935274667516	0.15941039617540692	0.1763199390209427	0.20029693785455072	0.22422158516232113	0.24694214737582743	0.27102384926111056	0.28562992496979317	0.310968063475178	0.3314898616035063	0.3561997817988403	0.3770880406080315	0.41399586632351987	0.44603500013611397	0.4866074326602323	0.518698917998664	0.567752297708469	0.6024090078129417	0.645180204422238	0.6802557267334114	0.683606224387016	0.7303037854341302	0.7679968840371821	0.8679882983869448	0.9052102332574585	0.9511225214170093	1.0002282526526518	1.0546214879978892	1.0840953970444422	1.1216314410699815	1.1228355261642458	1.1484354222988185	1.1836156476616666	1.2049227186775586	1.2427205203322855	1.3030818296230062	1.3741752017104292	1.3987280673282503	1.4225480115843456	1.4434886219193743	1.438148766283942	1.4431221612385114	1.4324424499676467	1.4291443038398797	1.4488284775548068	1.5041640403651204	1.5243717293384231	1.5472493461294423	1.5560444024701545	1.556096753995992	1.54923870411127	1.5042687434167956	1.474009561482679	1.4643245292027283	1.4709208214582623	1.4577805884730317	1.504844610201009	1.5116503085598931	1.5125926360249695	1.5015464640732419	1.4760512709903444	1.4153758525445983	1.4069996084105867	1.3584697439591575	1.351925803229461	1.3295717016968178	1.3557998161414413	1.336743860736565	1.341036685855246	1.338733218718393	1.3093640127235149	1.2885804569659987	1.2453904481500018	1.205132124780909	1.1798986893271992	1.1677007838070448	1.1601621640864346	1.16780548685872	1.180265150008062	1.172203015029076	1.1512100531682097	1.127808921118815	1.1134122515134828	1.0520039117060107	1.0275557491398646	1.0312203559484945	0.9993382767134131	1.0011705801177282	0.9814864064028009	1.0109079639235166	1.0000711980751391	0.9737383805788403	0.9414374891370585
FGC2639_s_1_1_TTCTACATAC-CTAACTGTAA_FGC2639_s_1_2_TTCTACATAC-CTAACTGTAA	0.02887455504784025	0.00036816372556444757	0.00021037927175111292	0	0	0	0	0	0	0	0	0	0	0	0	0	0	0.00005259481793777823	0	0	0.00010518963587555646	0	0.00005259481793777823	0	0	0	0	0	0.00005259481793777823	0	0.00005259481793777823	0.005259481793777823	0.004628343978524484	0.004838723250275597	0.00473353361440004	0.0046809387964622615	0.005154292157902266	0.003471257983893363	0.005154292157902266	0.004365369888835593	0.004207585435022258	0.004102395799146701	0.004786128432337818	0.004575749160586706	0.004786128432337818	0.004312775070897814	0.005785429973155605	0.004207585435022258	0.005522455883466714	0.0071528952395378395	0.006942515967786726	0.008099601962417846	0.009677446500551194	0.009677446500551194	0.01214940294362677	0.013832437117635673	0.016094014288960137	0.015831040199271246	0.020932737539235736	0.02308912507468464	0.02577146078951133	0.03082056331153804	0.03713194146407143	0.04133952689909369	0.04875539622832042	0.056171265557547145	0.062377454074204974	0.0688466166805517	0.07678843418915621	0.090357897217103	0.10923943685676538	0.11823315072412545	0.1396392416248012	0.157942238267148	0.18234623379027712	0.1954949382747217	0.22868226839345973	0.25082468674526437	0.27691171644240237	0.3086789864768204	0.3353971539892117	0.36679626029806534	0.4097662265532302	0.454629606254155	0.4909200306312219	0.5424629522102447	0.6068390093660851	0.6350824265986721	0.6797880218457836	0.7181822389403617	0.7520533016922909	0.811801014869607	0.8680774700630296	0.9005284727306387	0.9638000387097859	1.0162896670116888	1.080034586352276	1.1102766066664984	1.1346806021896274	1.1458307035924364	1.2118372001043483	1.2324543687359573	1.2601718377891664	1.2806838167848997	1.3301229456464114	1.326178334301078	1.3791939107823585	1.390712175910732	1.3867675645653985	1.4045972078463052	1.421743118494021	1.4038082855772387	1.4131175683522255	1.41632585224643	1.42673962619811	1.4396253565928656	1.4620833438522969	1.4378897276009188	1.4148006025262343	1.4311575909048833	1.3946567872560651	1.3965502007018251	1.3954983043430698	1.3744603771679584	1.3680964041974872	1.3708313347302516	1.3645199565777182	1.3398003921469626	1.3689905161024296	1.31192513863994	1.3009854165088823	1.2760554728063753	1.2554383041747663	1.2482328141172905	1.2632223372295575	1.2174122508057525	1.2134676394604191	1.232927722097397	1.1804380937954944	1.1847508688663924	1.16776274267249	1.129789284121414	1.0994946689892537	1.124109043784134	1.0846629303308004	1.078824905539707	1.0893964639452005	1.0707253035772892	1.0603115296256092	1.0384320853634932	1.0203920628108354	0.9826289835315105	0.985363914064275	0.9643259868891638	0.9550692989321149	0.9456022317033148	0.9391856639149057	0.9333476391238124	0.9184107108294833	0.8919029225888432	0.8876427423358831	0.8754407445743186	0.8370991222976782	0.8244237711746738	0.8211102976445936	0.7983367414775356	0.7928142855940691	0.7929194752299445	0.7962855435779623	0.7785084951149933
FGC2639_s_1_1_TTGGAATTCC-ACGTCAATAC_FGC2639_s_1_2_TTGGAATTCC-ACGTCAATAC	0.028794996367142903	0.0007254553348311195	0.00011160851305094147	0.00011160851305094147	0.00011160851305094147	0.000055804256525470736	0	0	0.000055804256525470736	0	0	0.000055804256525470736	0	0	0	0	0	0	0	0	0	0	0.000055804256525470736	0	0	0.000055804256525470736	0	0.000055804256525470736	0	0.000055804256525470736	0	0.005803642678648956	0.00530140436991972	0.004910774574241425	0.00530140436991972	0.005189795856868779	0.0054688171394961325	0.003906297956782951	0.004296927752461247	0.004073710726359364	0.0036272766741555977	0.004799166061190484	0.005915251191699898	0.006250076730852722	0.005357208626445191	0.00530140436991972	0.006361685243903664	0.0068639235526329005	0.007031336322209312	0.00909609381365173	0.00982154914848285	0.010323787457212087	0.013393021566112976	0.01361623859221486	0.013058196026960152	0.014453302440096922	0.01752253654899781	0.01880603444908364	0.021484638762306236	0.02181946430145906	0.028906604880193844	0.029855277241126847	0.03850493700257481	0.03978843490266064	0.04497823075952941	0.05044704789902555	0.04832648615105766	0.053237260725299086	0.05976635873877916	0.06813699721759978	0.07795854636608261	0.08839394233634565	0.09536947440202949	0.10892990873771888	0.12846139852163366	0.13264671776104395	0.1395664455702023	0.15312687990589172	0.1676359866025141	0.17840620811192995	0.2076476385312766	0.23499172422875728	0.26317287377412	0.28778255090185256	0.31183418546433045	0.3355509944876556	0.3650156419331041	0.3882302126476999	0.41172380464492314	0.44135586485994804	0.4837670998193058	0.5218256027696768	0.5707659357425147	0.6099405238233951	0.6621175036747102	0.7022407641165238	0.7470515821064768	0.762844186703185	0.7917507915833788	0.8047531833538134	0.9333819946450236	0.9607818845990298	0.9894652724531217	1.057323248388094	1.0961072066732962	1.1294223478190024	1.164858050712676	1.1992892769888917	1.2199368519033158	1.2540890568969039	1.2691562061587809	1.3076053389048303	1.342315586463673	1.3908652896408327	1.415809792307718	1.4430980737486732	1.459783546449789	1.4717256573462396	1.4821052490599773	1.4759667808421755	1.4528638186406306	1.4542589250537674	1.509337726244407	1.5208892073451794	1.5469497951425741	1.5545949782865638	1.549628399455797	1.5524744165385957	1.5083890538834739	1.4643594954848775	1.4575513761887702	1.4423726184138421	1.4351738693220564	1.4489017164273221	1.4686006189808134	1.4562678782886842	1.447674022783762	1.4358435204003621	1.3920371790278674	1.3619028805041133	1.3162549986662784	1.308888836804916	1.3011878494044011	1.2795916021290439	1.2832746830597253	1.298788266373806	1.3042012792567765	1.2670914486673386	1.2552051420274133	1.22518245201671	1.1833292596226068	1.1611191655254696	1.1086073601350017	1.1240093349360316	1.1177034539486534	1.1190427561052647	1.0995670705778755	1.0997344833474518	1.083997683007269	1.055314295153177	1.0208830688769617	0.993538983179481	0.9558711100247882	0.9511835524766487	0.9557595015117373	0.9489513822156299	0.9616189484469116	0.9376231181409592	0.9201563858484869	0.9129576367567012
FGC2639_s_2_1_AACATCGCGC-GTCCACTTGT_FGC2639_s_2_2_AACATCGCGC-GTCCACTTGT	0.03462207224301751	0.0007039608034624632	0.000255985746713623	0.00006399643667840574	0	0	0	0	0	0	0	0	0	0	0	0	0	0	0	0	0.00006399643667840574	0	0.00006399643667840574	0	0	0	0	0	0	0	0.00019198931003521725	0.004543747004166808	0.006527636541197386	0.006335647231162169	0.005503693554342894	0.005183711370950865	0.004159768384096374	0.005183711370950865	0.004991722060915648	0.007103604471303037	0.0052477078076292715	0.007679572401408689	0.007615575964730285	0.007295593781338256	0.007999554584800719	0.008639518951584777	0.009407476191725645	0.012223319405575497	0.013311258829108396	0.014463194689319697	0.01772701295991839	0.020542856173768245	0.02284672789419085	0.025214596051291865	0.026814506968252008	0.028350421448533746	0.0322542040859165	0.03647796890669128	0.04172567671432055	0.04799732750880431	0.05490894267007213	0.06502037966526024	0.06994810528949748	0.09407476191725644	0.09548268352418138	0.10405820603908773	0.11276172142735093	0.11698548624812571	0.13503248139143612	0.15416741595827946	0.17195842535487624	0.19518913186913753	0.2218116495273543	0.24715423845200296	0.28318423230194545	0.29534355527084255	0.33892512864883684	0.35543620931186554	0.38583451673410823	0.42749619701175035	0.45751052581392265	0.4987882274714944	0.5640645928834682	0.6231333039376367	0.6617231552547154	0.7101684578202686	0.7545179884384037	0.7819724597734399	0.8172984928199197	0.857232269307245	0.9220606596624701	0.9564907425954523	1.0005842874668738	1.0601649700144695	1.134528829434777	1.1578875288223953	1.1939175226723375	1.2048609133443449	1.2035809846107768	1.2062688349512698	1.2963118213577869	1.314166827191062	1.3560204967787393	1.4116973966889523	1.4047857815276845	1.4376159535437067	1.4539350448967001	1.4389598787139533	1.4111214287588467	1.3913465298252194	1.3845629075373083	1.3903865832750433	1.4399198252641294	1.4358880497533897	1.4325602350461126	1.4239207160945277	1.4262245878149504	1.3999220523401257	1.4011379846370153	1.3598602829794437	1.3503248139143613	1.3264541430333159	1.3366935729018607	1.3391894339323187	1.3153827594879517	1.3240222784395363	1.317174659714947	1.2859443986158852	1.2747450221971641	1.2195160973437	1.1761265132757408	1.1699828553546139	1.1751025702888864	1.169534880297865	1.165119126167055	1.1608313649096018	1.1459201951635334	1.1319689719676407	1.098562832021513	1.0635567811584252	1.0080078741215688	0.9872730286377653	0.9877850001311926	0.9834972388737395	0.9807453920965681	0.9924567400087163	0.976009655782366	0.9769696023325422	0.9474032485871188	0.9186048520818361	0.8839187834021403	0.8808469544415767	0.8407851850808947	0.8411051672642867	0.8487847396656953	0.8333615984261996	0.8374573703736177	0.8292658264787817	0.8114748170821849	0.7793486058696252	0.767957240140869	0.732631207094389	0.7177840337849989	0.7035768248423928	0.7081205718465596	0.716376112178074	0.7060086894361722	0.6975611597946226	0.6954492773842352	0.6820740221184485
FGC2639_s_2_1_AACCATAGAA-GGCGAGATGG_FGC2639_s_2_2_AACCATAGAA-GGCGAGATGG	0.04424768456524321	0.0006210201342490275	0	0.00007762751678112844	0	0	0	0	0	0	0	0	0	0	0	0	0	0	0	0	0	0	0	0	0.00007762751678112844	0	0	0	0	0	0	0.005666808725022376	0.0050457885907733485	0.0046576510068677066	0.00395900335583755	0.004580023490086578	0.003881375839056422	0.004347140939743193	0.004269513422962064	0.004191885906180936	0.0050457885907733485	0.003337983221588523	0.00551155369146012	0.004347140939743193	0.00496816107399222	0.005356298657897862	0.005356298657897862	0.0059773187921468894	0.007141731543863817	0.007762751678112844	0.0072193590606449455	0.008228516778799615	0.010557342282233468	0.010712597315795724	0.011255989933263624	0.012420402684980549	0.014205835570946505	0.014749228188414404	0.01925162416171985	0.02235672483296499	0.02290011745043289	0.02709200335661383	0.03578628523610021	0.034466617450821024	0.040443936242967916	0.046654137585458194	0.0475080402700506	0.05573655704885022	0.061248110740310335	0.07188308053932493	0.07925769463353213	0.09004791946610899	0.10052763423156134	0.12133180872890374	0.12862879530632984	0.15269332550847964	0.155332661079038	0.18405484228805552	0.19042029866410806	0.21898722483956334	0.24227547987390186	0.26626238255927054	0.2983225469898766	0.3278210033667054	0.34839229531370447	0.3920965872614797	0.4374310570616588	0.4567603087401597	0.503492073842399	0.5412190469980275	0.5728134463279468	0.6180702886113446	0.669071567136546	0.7006659664664653	0.7715398892876355	0.8047644664699585	0.8460623053975189	0.8924835604326337	0.9451150168102388	0.9661520738579246	1.086785234935798	1.0838353892981152	1.1248227181585513	1.1988793691677477	1.2381588926589986	1.2611366376262125	1.3009595537349314	1.3275857919908585	1.3426455302463975	1.3595683289046836	1.3854182919927993	1.3985373423288099	1.4302869966922915	1.4636668289081767	1.4845486309223004	1.5038002550840202	1.5123392819299442	1.4847038859558626	1.4814435302510551	1.4715072081030707	1.4979005638086544	1.5096999463593859	1.4990649765603712	1.480744882600025	1.4882747517277943	1.5100880839432915	1.4803567450161192	1.4871879664928587	1.4631234362907088	1.4448033423303626	1.4332368423299744	1.395509869174346	1.3820803087712108	1.3700480436701359	1.3794409732006523	1.357394758434812	1.353202872528631	1.3316224228634772	1.290246956419136	1.2938178221910677	1.2557027114515336	1.2349761644709725	1.206952630912985	1.203459392657834	1.2185191309133732	1.188244399368733	1.1371654933267505	1.1778423121200619	1.151293701380916	1.1257542483599245	1.0853103121169567	1.0754516174857534	1.0645837651363954	1.0356287013770344	1.0384232919811551	1.024916104061239	0.9928559396306328	0.9857142080867689	0.9721293926500716	0.9640561309048341	0.9457360369444877	0.9181006409704061	0.8801407852644343	0.8773461946603136	0.8750949966736609	0.871524130901729	0.8711359933178233	0.8549118423105675	0.8263449161351123	0.8150112986850675
FGC2639_s_2_1_ACAGTGTATG-GAACATACGG_FGC2639_s_2_2_ACAGTGTATG-GAACATACGG	0.033829222274369485	0.0005669702057156896	0.00025198675809586207	0	0	0.00006299668952396552	0.00006299668952396552	0	0	0.00006299668952396552	0	0	0	0	0	0	0.00006299668952396552	0	0	0	0	0.00006299668952396552	0	0	0.00006299668952396552	0	0.00012599337904793103	0.00006299668952396552	0	0	0.00006299668952396552	0.00982748356573862	0.009575496807642758	0.008252566327639483	0.009386506739070863	0.007559602742875862	0.006551655710492414	0.006488659020968448	0.006551655710492414	0.0061106788838246546	0.004976738472393276	0.007937582880019655	0.007433609363827931	0.006992632537160173	0.006425662331444482	0.006929635847636206	0.0057956954362048275	0.007622599432399827	0.00856754977525931	0.008756539843831207	0.008630546464783275	0.010646440529550173	0.01108741735621793	0.01291432135241293	0.013040314731460861	0.016190149207659137	0.01587516576003931	0.021103890990528448	0.020473924095288795	0.024946689051490348	0.028033526838164655	0.03193932158865052	0.040380877984861896	0.042270778670580864	0.046743543626782416	0.04812947079630965	0.054366143059182234	0.06350066304015724	0.07301316315827604	0.08428957058306587	0.09569197138690362	0.10690538212216948	0.12152061409172948	0.14079760108606293	0.1510660614784693	0.1705950352308986	0.18773013478141723	0.20196738661383343	0.22937094655675846	0.2524277349225298	0.2773744239740201	0.3011241759245552	0.3348904015094007	0.3832088623742822	0.4167860978905559	0.4583009162868491	0.49672889689646815	0.5201636653993833	0.5546858512585163	0.5972716133767171	0.6428812165920681	0.6998302239217329	0.7500385854723335	0.802073851019129	0.8461085369963808	0.8982697959222243	0.9283822135146799	0.9578646642118956	0.9982455421967575	1.0378704599073318	1.1496265871228466	1.1640528290238348	1.2007169023267827	1.2376329623878266	1.3001886750851244	1.3180797349099305	1.3457982783004754	1.3660202156376682	1.3543028313862107	1.3797534939538927	1.4095509280987284	1.397896540536795	1.4268120210282949	1.4671928990131569	1.4864698860074903	1.5100936445789774	1.464988014879818	1.468326839424588	1.459696292959805	1.4602002664759968	1.446466988159772	1.4496798193254945	1.4433801503730979	1.4464039914702482	1.4816821376036688	1.4701537434207832	1.4382774185216567	1.4480419053978713	1.411818808921591	1.3617364407500385	1.3604135102700354	1.3413255133442739	1.3241274171042312	1.3129140063689653	1.3071183109327604	1.3049134267994218	1.2982357777098814	1.2959049001974947	1.252878161252626	1.2380739392144944	1.2211908264220714	1.171108458250519	1.1591390872409655	1.1462877625780765	1.154540328905716	1.1321135074351845	1.1469807261628402	1.1265697987570753	1.1094976958960805	1.0697467848064584	1.0285469498577848	1.0154436384368002	1.0216173140101488	0.9980565521281857	0.9872841182195875	0.9884810553205429	0.9831263367110059	0.9661802272290592	0.9392176441128018	0.9294531572365872	0.9213895809775197	0.871496202874539	0.8650075438535705	0.856817974215455	0.8469274939601925	0.8397458713544603	0.8415097786611314	0.8233037353887054	0.8270835367601432	0.8064206225962826
FGC2639_s_2_1_ACATATCCAG-TATGTGCAAT_FGC2639_s_2_2_ACATATCCAG-TATGTGCAAT	0.04908746287088803	0.0010749079460778401	0.00023886843246174222	0.000059717108115435554	0	0.00011943421623087111	0	0	0	0	0	0.000059717108115435554	0	0	0	0	0	0	0.000059717108115435554	0	0	0.000059717108115435554	0	0.00011943421623087111	0	0	0.000059717108115435554	0	0	0.00011943421623087111	0	0.007285487190083138	0.00818124381181467	0.007703506946891188	0.005732842379081814	0.006688316108928782	0.007285487190083138	0.006688316108928782	0.006210579244005298	0.007106335865736831	0.006748033217044218	0.007285487190083138	0.008240960919930108	0.00818124381181467	0.009077000433546204	0.009435303082238817	0.011107382109471015	0.011405967650048192	0.013496066434088436	0.015884750758705858	0.018631737732015895	0.023349389273135304	0.022632783975750078	0.02370769192182792	0.02746986973310036	0.030157139598294955	0.034158185842029135	0.038398100518225065	0.042578298086305554	0.04974435106015782	0.06132947003455232	0.0678386348191348	0.07470610225240988	0.08240960919930107	0.086649523875497	0.0948904847954271	0.10223568909362567	0.10772966304024574	0.12570451258299187	0.13597585517884678	0.1472623886126641	0.1716269687237618	0.18016651518426907	0.1962901343754367	0.21295120753964322	0.22441689229780684	0.24107796546201332	0.2500355316793287	0.26520367714064935	0.29213609290071074	0.31793388360657887	0.32354729176942987	0.3597358592873838	0.3919233805616036	0.40977879588811883	0.4379652709186044	0.46006060092131557	0.471765154111941	0.493979918330883	0.5184042155500961	0.5308253740381067	0.5726273497189116	0.5910799361265812	0.6247603851036868	0.6601129131080247	0.6946294015987464	0.7166052973852267	0.7371479825769366	0.7684397472294248	0.7714256026351966	0.8430861323737193	0.8599263568622721	0.8860824502168327	0.9199420505182848	0.9532641968466978	0.9788828362282197	0.9831227509044156	1.0200279237197547	1.0283286017478002	1.0522154449939747	1.073653886807416	1.0759231369158024	1.1129477439473725	1.1474642324380941	1.1595868053855276	1.1943421623087112	1.215840321230268	1.2095700248781471	1.2444448160175616	1.2489833162343347	1.254118987532262	1.2943683184020658	1.2693468501016982	1.3037439043761891	1.3156873259992763	1.3412462482726828	1.3511592882198449	1.3855563424943358	1.3505024000305752	1.3423808733268758	1.3656705454918958	1.333781609758253	1.3696715917356301	1.370209045708669	1.3749864143579038	1.3955290995496135	1.376121039412097	1.3903337111435705	1.3466805051111874	1.3662079994649348	1.3522939132740381	1.3199869577835877	1.3220770565676279	1.3377229388938718	1.3283473529197485	1.3542048607337323	1.327989050271056	1.347337393300457	1.3171205365940468	1.3039230557005355	1.2663012775878109	1.30111635161911	1.2758560148862808	1.2741839358590485	1.2613447576142298	1.2611656062898835	1.2489235991262193	1.2317250719889739	1.2400257500170193	1.2082562484996076	1.1929686688220562	1.1887884712539756	1.1666931412512647	1.1746952337387329	1.164841910899686	1.1488974430328647	1.133729297571544	1.1250105997866906	1.1060802765140976	1.1144406716502584
FGC2639_s_2_1_ACCACGACAT-TCGTATGCGG_FGC2639_s_2_2_ACCACGACAT-TCGTATGCGG	0.04662154496210451	0.0011229441892865704	0.00015488885369469935	0.00007744442684734967	0	0.00007744442684734967	0.00003872221342367484	0	0	0	0	0	0	0	0	0	0	0	0.00003872221342367484	0	0	0	0	0	0.00007744442684734967	0	0	0.00003872221342367484	0	0	0	0.005111332171925079	0.005885776440398576	0.005150054385348754	0.00480155446453568	0.003833499128943809	0.004259443476604232	0.00480155446453568	0.003291388141012361	0.005111332171925079	0.004298165690027908	0.004336887903451582	0.00480155446453568	0.00472411003768833	0.0044530545437226066	0.004685387824264656	0.005266221025619778	0.005692165373280202	0.006118109720940625	0.006234276361211649	0.006621498495448398	0.006853831775990446	0.008867386874021539	0.010222664343850158	0.011151997466018353	0.012971941496931072	0.013552774698286193	0.01506294102180951	0.01637949627821446	0.019864495486345193	0.023891605682407377	0.02919654892145083	0.030551826391279447	0.03399810338598651	0.04205232377811087	0.04592454512047836	0.051035877292403435	0.0655567073262815	0.07090037277874862	0.07829631554267052	0.08851897988652069	0.10629247584798744	0.11775425102139518	0.13688302445269057	0.1578704641283223	0.1749856824615866	0.1903584011907855	0.21386278473895615	0.23601189081729812	0.2630399957870232	0.2971542658132807	0.32294325995344814	0.3614718623100046	0.4052666856921809	0.4453441765856843	0.498974442177474	0.5467189313288651	0.5704556481575777	0.6063124177879007	0.6581614615622012	0.6881324547521255	0.74834549662594	0.792876042063166	0.8398073647326599	0.903621572454876	0.9506303395512172	0.9912886636460758	1.0259837668736886	1.0727602006894879	1.0743090892264349	1.1731669000970766	1.1980265611150758	1.2217245557303646	1.2760518211637806	1.305054759018113	1.335451696555698	1.3481138603452396	1.3738254100585596	1.3723152437350363	1.3955485717892413	1.38974023977569	1.4036415143947891	1.4325670078222743	1.456071391370445	1.4410858947754828	1.4591304462309151	1.4487528930333704	1.4343482296397634	1.4528961698697036	1.4417054501902615	1.426177842607368	1.4238932320153712	1.4248225651375395	1.4058486805599388	1.4116957347869135	1.4083269022190539	1.3938060721851757	1.403796403248484	1.3882687956655904	1.3637189123549804	1.3296046423287229	1.3118311463672563	1.2995174824985276	1.29564526115616	1.2872425408432226	1.264938545911186	1.2681137674119274	1.2582008807754665	1.23136638687286	1.2319084978607913	1.189081729814207	1.1428474069863392	1.1449771287246413	1.1359161307835013	1.1164388574313928	1.1247641333174832	1.1271261883363273	1.1004078610739916	1.0925085295355619	1.0731087006103008	1.031753376673816	1.0368647088457412	1.012702047669368	0.9880747199319109	0.9989169396905399	0.9888104419869606	0.9697591129825126	0.9543863942533138	0.958181171168834	0.9348316764743579	0.912682570396016	0.8920436306411973	0.865402747805709	0.8502236401436285	0.8548703057544694	0.8323726997553142	0.827532423077355	0.8175033698006232	0.8114239822931062	0.8063513723346047
FGC2639_s_2_1_ACCGGCCGTA-TGGCAATATT_FGC2639_s_2_2_ACCGGCCGTA-TGGCAATATT	0.03259624364102487	0.000663803461071246	0.0002445591698683538	0.00006987404853381537	0	0.00006987404853381537	0.000034937024266907685	0	0	0.00006987404853381537	0	0.000034937024266907685	0.000034937024266907685	0.000034937024266907685	0	0.000034937024266907685	0	0	0	0	0.000034937024266907685	0	0	0.000034937024266907685	0.00006987404853381537	0	0	0	0	0	0	0.005624860906972138	0.006009168173908122	0.004995994470167799	0.0050309314944347065	0.005240553640036153	0.005554986858438323	0.004751435300299445	0.004926120421633984	0.005345364712836876	0.004891183397367076	0.005554986858438323	0.005100805542968522	0.004926120421633984	0.005554986858438323	0.006568160562178646	0.007022341877648445	0.005485112809904507	0.0070572789019153525	0.006812719732046999	0.008664382018193105	0.010236548110203952	0.011109973716876645	0.011738840153680982	0.013660376488360904	0.013835061609695443	0.015756597944375367	0.01781788237612292	0.02068271836600935	0.024630602108169915	0.02651720141858293	0.032631180665291776	0.03539120558237749	0.04164493292615396	0.045173572377111636	0.048632337779535496	0.052230851279026984	0.0631661398745691	0.07165583677142766	0.07661689421732856	0.08891472675928007	0.10295941051457695	0.11689928319707313	0.13097890397663692	0.14897147147409437	0.15850927909896018	0.1799256749745746	0.1954726507733485	0.21472295114441461	0.23292514078747353	0.2563678840705686	0.2857848585033049	0.31677399902805203	0.3509074717368208	0.3875913472170739	0.4288869099005587	0.4608542871047793	0.4830742345385326	0.5197581100187856	0.541593750185603	0.5951871454110393	0.6351551011723817	0.6951419718386622	0.7490498002825008	0.7998482335665845	0.8455458613076998	0.8976719015139261	0.9285562309658725	0.9655196026402609	0.9886828497292206	1.0879039986472385	1.1048484554166886	1.1461090810759067	1.2064103849605892	1.2521429497259715	1.2818743573771099	1.33938069932044	1.3542289346338756	1.3357821858209484	1.367714626000902	1.3733045498836072	1.3769380004073657	1.4319638136277453	1.4572931562212534	1.4844392240766406	1.486954689823858	1.5104673071554868	1.500999373579155	1.4841946649067723	1.483565798469968	1.5000910109482153	1.4724558247530912	1.4655382939482435	1.4794432296064728	1.4799672849704764	1.5029907839623686	1.4939420946772395	1.5089999521362767	1.4533452724790927	1.4217272655175412	1.3827026094114054	1.371522761645995	1.345424804518615	1.3469620335863588	1.3518881540079928	1.339765006587376	1.3462982301252877	1.34762583704743	1.2997970508260337	1.2917964722689117	1.2308313649231577	1.2012397053690869	1.179648624372138	1.1631583489181576	1.1690976430435318	1.1790197579353336	1.1716131087907493	1.1538301634388932	1.1309114755198018	1.110403442275127	1.067954957790834	1.0402848345714433	1.0087367016584257	0.993818592296456	1.010099245604835	1.0023432262175815	0.9937836552721891	0.9819050670214405	0.9719480151053719	0.9425310406726355	0.927612931310666	0.9016197852560865	0.862909562368353	0.8630493104654204	0.8588219305291247	0.8455807983319668	0.8286363415625164	0.826575057130769	0.8309421851641324	0.797786949134837
FGC2639_s_2_1_ACCGTTACAA-CTCATAGCGA_FGC2639_s_2_2_ACCGTTACAA-CTCATAGCGA	0.03468514238178987	0.0005756870104861389	0.00014392175262153474	0.00004797391754051158	0	0	0	0	0	0	0	0	0.00004797391754051158	0	0	0	0	0	0	0.00004797391754051158	0	0	0	0	0	0	0	0	0	0	0	0.0045575221663485994	0.005660922269780366	0.004941313506672693	0.004989287424213204	0.004749417836510646	0.004365626496186554	0.004125756908483996	0.004653470001429623	0.004077782990943484	0.0046054960838891115	0.0046054960838891115	0.004461574331267577	0.004749417836510646	0.0038858873207814376	0.005085235259294227	0.005037261341753715	0.0054690265996183195	0.005996739692563947	0.006188635362725993	0.007435957218779294	0.007483931136319806	0.0075319050538603174	0.008971122580075664	0.01065020969399357	0.01156171412726329	0.012041453302668405	0.012665114230695057	0.01554354928312575	0.018757801758340027	0.02283558474928351	0.025761993719254715	0.028016767843658762	0.033102003102952984	0.03545272506243806	0.04120959516729945	0.04523940424070241	0.047638100117728	0.05531392692420985	0.06519655393755523	0.0758467636315488	0.08635305157292084	0.1019445747735871	0.11513740209722778	0.12506800302811366	0.13499860395899957	0.15466791015060932	0.1695398245881679	0.18508337387129367	0.21161295027119653	0.2354559872888308	0.26203353760627424	0.28909082709912276	0.32895715257528785	0.3651294864008336	0.39530508053381536	0.4242813267282844	0.4544089469437257	0.4872710804589761	0.5267536145948171	0.5610549656362829	0.6134424835905216	0.6654462102044361	0.7145715017659199	0.7849012648803099	0.8196343811796403	0.8752841255266337	0.9042123978035622	0.9226823560566592	0.9568877592630439	1.0552342902210927	1.0787415098159432	1.1173125395185146	1.1785272583002073	1.2200726708902905	1.2532706218283243	1.2833502681262252	1.316260375559016	1.2963032258621632	1.3341066728840862	1.3292613072124946	1.3430298215466214	1.397576165790183	1.450827214260151	1.4571597713754987	1.4713120770499495	1.4873353655084802	1.469968807358815	1.4606138934384154	1.44228785693794	1.432261308171973	1.4193083504360349	1.4478528313726393	1.4763493383917032	1.4774047645775945	1.4806190170528086	1.4719837118955166	1.4769250254021893	1.4494839445690169	1.4005025747601545	1.3888449127978102	1.3581416055718827	1.3526725789722642	1.3599166405208816	1.3740689461953326	1.3633707625837983	1.3731574417620627	1.361931545057583	1.3183232540132581	1.282294841940334	1.2487610735795163	1.2141239051152668	1.1995398341829513	1.2191131925394803	1.199971599440816	1.2307708545018246	1.228851897800204	1.1948383902639814	1.1957978686147916	1.152045655817845	1.0921742067272864	1.0888640064169912	1.0748076485776212	1.046359115476098	1.080516544764942	1.073944118061892	1.0782137967229977	1.0453996371252878	1.0177186867044126	0.998625067523289	0.9972338239146141	0.9584229246243402	0.9088658678049918	0.9039725282158595	0.9238337300776315	0.9279115130685748	0.9076185459489384	0.9109767201767742	0.9109767201767742	0.874564516763526
FGC2639_s_2_1_ACGCCTTGTT-TAAGGAACGT_FGC2639_s_2_2_ACGCCTTGTT-TAAGGAACGT	0.03394683889850423	0.0008354791956885756	0.00021986294623383565	0.000043972589246767135	0.000043972589246767135	0.000043972589246767135	0	0.00008794517849353427	0	0	0	0	0	0.000043972589246767135	0	0.000043972589246767135	0.000043972589246767135	0	0	0	0.000043972589246767135	0.00008794517849353427	0	0.00008794517849353427	0	0	0.000043972589246767135	0	0.000043972589246767135	0	0	0.00598027213756033	0.006639860976261838	0.007299449814963344	0.005100820352624988	0.005760409191326495	0.006903696511742441	0.005716436602079727	0.006156162494547399	0.006200135083794166	0.006112189905300632	0.006024244726807097	0.005584518834339427	0.006156162494547399	0.006112189905300632	0.006288080262287701	0.0069476691009892075	0.007695203118184248	0.007299449814963344	0.008178901599898687	0.008970408206340496	0.009586024455795237	0.010421503651483812	0.011696708739640058	0.012488215346081867	0.013411639720263976	0.014071228558965481	0.016973419449252115	0.018072734180421293	0.022162184980370637	0.028010539350190662	0.028450265242658337	0.030648894704996692	0.03887176889414215	0.04300519228333826	0.04463217808546864	0.05056847763378221	0.05892326959066796	0.06239710414116256	0.07026819761633388	0.08086559162480476	0.08944024652792434	0.10755695329759242	0.1189458539125051	0.13583132818326368	0.14497762674659126	0.16599652440654591	0.1774293976107054	0.198272404913673	0.2259311635498895	0.23525335247020418	0.2599659476268873	0.28758073367385706	0.31840551873584083	0.358596465307386	0.3988313844681779	0.4352406883645011	0.4638668439641465	0.4941199853659223	0.5250327156063996	0.5555057199544092	0.5969718716141106	0.6555433604908045	0.7021982776816243	0.748149633444496	0.7958598927772385	0.8541675461184516	0.8885980834986703	0.9246995792702661	0.9530618993344309	1.0541109094235017	1.0678743298577398	1.1005459636680879	1.1415723894353216	1.179256898419801	1.23285948471161	1.2745894719067923	1.2951246710850324	1.311086720981609	1.3224316490072747	1.3447697243446326	1.354883419871389	1.389797655733322	1.4061114863438726	1.4127513473201345	1.4535579101411344	1.4625283183474749	1.456855854334642	1.4615169487947994	1.4499961304121463	1.4622205102227475	1.4510954451433153	1.446258460326171	1.461956674687267	1.4654744818270082	1.4580870868335514	1.4674972209323596	1.4648148929883067	1.475895985478492	1.4134549087480828	1.414949976782473	1.3931395725160765	1.3659645123615742	1.369438346912069	1.3722086200346153	1.349210955858556	1.3640736910239633	1.356774241209	1.3332489059619794	1.3084923382160496	1.2832520719884053	1.2598146819198786	1.2231415424880745	1.2226138714171135	1.2128079840150843	1.1962303178690532	1.2097738753570575	1.1807079938649443	1.1781575836886318	1.1502349895169346	1.120553491775367	1.1194981496334446	1.0934663767993584	1.06352104352231	1.077856107616756	1.0578046069202303	1.052352005853631	1.0425461184516018	1.0330920117635471	1.0053892805380837	0.9855136701985451	0.9665614842331884	0.9290088930164493	0.9415850535410247	0.9038565719672984	0.8989316419716606	0.9083857486597154	0.9050438318769612	0.88996123376532	0.8735154853870291
FGC2639_s_2_1_ACGGTCAGGA-CGGCCTCGTT_FGC2639_s_2_2_ACGGTCAGGA-CGGCCTCGTT	0.04078605858361142	0.0007415647015202076	0.00022817375431391005	0	0	0	0	0	0	0	0	0	0	0	0.00005704343857847751	0	0	0	0	0	0	0	0.00005704343857847751	0	0.00011408687715695503	0	0	0	0	0.00011408687715695503	0	0.0048486922791705885	0.006046604489318616	0.004962779156327543	0.005133909472062976	0.003993040700493426	0.005019822594906021	0.0038789538233364707	0.004962779156327543	0.004164171016228858	0.004962779156327543	0.004449388209121246	0.005533213542112319	0.0048486922791705885	0.0047346054020136336	0.004791648840592111	0.005247996349219931	0.005362083226376886	0.006046604489318616	0.005476170103533841	0.006731125752260347	0.009583297681184221	0.009355123926870311	0.00986851487407661	0.010895296768489203	0.011294600838538548	0.012435469610108095	0.013348164627363738	0.014374946521776334	0.01813981346795585	0.019508855993839308	0.024528678588745332	0.025099112974530102	0.030860500270956336	0.030347109323750034	0.03730640883032429	0.03947405949630644	0.04529249023131114	0.05219474629930693	0.05590256980690796	0.0652006502951998	0.07301560138045121	0.08693420039359973	0.09503436867174353	0.10735575140469467	0.11226148712244376	0.13045834402897807	0.1379880779213371	0.1585807592481675	0.17552266050597531	0.19668577621859046	0.21796297880836255	0.23370696785602235	0.2651949459513419	0.28960953766293035	0.32007073386383733	0.349904452240381	0.37557399960069593	0.3924588574199253	0.42337640112946007	0.45965602806537176	0.5176121616611049	0.5505262257208865	0.5903425458486637	0.642822509340863	0.6870311742391831	0.717720544194404	0.7515473032714411	0.7950714469068195	0.8196001254955648	0.9182282307977525	0.9556487265052337	1.0018539117538006	1.0635749122957132	1.124953652206155	1.1359059924132227	1.186731696186646	1.1991101223581757	1.2110892444596562	1.2283163629103562	1.276061721000542	1.3041270927811528	1.3756025213199852	1.399845982715838	1.4391489118964091	1.470693933430307	1.4776532329368814	1.4773109723054105	1.463620547046576	1.467670631185648	1.4633353298536835	1.4985311314566043	1.5423975357234534	1.5446792732665926	1.5425116226006104	1.557285873192436	1.546903967371153	1.541884144776247	1.5029805196657255	1.4752003650780068	1.4588859416445623	1.4449673426314138	1.4508998602435754	1.455520378768432	1.462194461082114	1.4639628076780469	1.4655029805196658	1.4634494167308405	1.4250591825675252	1.3779413023017029	1.332591768631813	1.3127406520065028	1.303670745272525	1.287071104646188	1.2936881435212915	1.3050397877984086	1.3106300447790993	1.292661361626879	1.2596332106899404	1.2064687259347995	1.1786315279085022	1.1634579732466273	1.144918855708622	1.1326545164142494	1.1319129517127293	1.1334531245543482	1.1230141752944867	1.1050454921422663	1.0863922877271042	1.0606656969282109	1.0292347622714697	0.9897607027751634	0.9701948033427455	0.9709934114828442	0.962493939134651	0.9514845554890048	0.9575311599783235	0.9344856107926186	0.9327172641966858	0.9235903140241295
FGC2639_s_2_1_ACTCGGCAAT-GACAACTGAA_FGC2639_s_2_2_ACTCGGCAAT-GACAACTGAA	0.03318910474353807	0.0007855409406754572	0.00014728892637664822	0.00004909630879221607	0	0.0001963852351688643	0	0.00004909630879221607	0	0	0	0.00004909630879221607	0.00004909630879221607	0	0	0	0	0	0	0	0	0	0	0.00004909630879221607	0	0.00004909630879221607	0	0.00004909630879221607	0	0	0.00004909630879221607	0.007904505715546788	0.007609927862793491	0.0070698684660791145	0.007217157392455763	0.0051060161143904725	0.005891557055065929	0.0041731862473383665	0.005842460746273713	0.005056919805598256	0.0060388459814425775	0.007413542627624627	0.006529809069364737	0.006480712760572521	0.005646075511104848	0.005302401349559336	0.007315350010040195	0.0071680610836635465	0.008002698333131221	0.008100890950715653	0.0109975731694564	0.009033720817767758	0.011144862095833048	0.012617751359599532	0.013256003373898342	0.014237929549742661	0.016594552371769034	0.01762557485640557	0.021258701707029558	0.024351769160939174	0.028721340643446402	0.03088157823030391	0.03588940172710995	0.04271378864922798	0.046837878587774134	0.052729435642840064	0.05380955443626882	0.05862099269790599	0.06731103935412823	0.07825951621479242	0.08832425951719672	0.09863448436356209	0.11076127263523947	0.12715943977183963	0.13830430186767267	0.1591211367955723	0.1746846666827048	0.18371838750047256	0.1978581244326308	0.21995146338912802	0.2494583449732499	0.27258270641438365	0.3123998128448709	0.3412193461059017	0.37185544279224453	0.41304724586891384	0.4379390744265674	0.463076384528182	0.49744380068273325	0.5170823241996197	0.5684370631962777	0.6220993287061699	0.6664823918543332	0.7067413650639504	0.7777346275774948	0.8270273216048798	0.8626712417880286	0.885010062288487	0.9244834945574287	0.9547268207734337	1.0728525397275057	1.0902817293487423	1.1360394891430878	1.1826318861869007	1.2316790986703245	1.2984009823189464	1.3104295779730393	1.3241274481260676	1.3456316313770582	1.3798026622964406	1.3630117246895026	1.3825029592800124	1.4122553224080954	1.471023604032378	1.5018560859538896	1.5246858695422703	1.5258641809532836	1.5133446222112683	1.4946880248702261	1.4857524966700428	1.4922823057394075	1.4713181818851313	1.4901711644613422	1.4961118178252004	1.52601146987966	1.5195307571190875	1.5002359077637466	1.4992539815879022	1.4682251144312217	1.4139245969070307	1.4045962982365097	1.3638954582477625	1.3738129126237901	1.3678722592599322	1.3701797857731661	1.3671358146280488	1.3791644102821417	1.3543707743420725	1.320150647113898	1.295847974261751	1.2399763748562092	1.2144953905930491	1.2005520388960598	1.1889653100210966	1.1870996502869924	1.194513192914617	1.1759547881911594	1.1797352039681601	1.1403599643168028	1.1191503589185654	1.0828681867211178	1.039761627601552	1.0310224846365375	1.0106966127965602	1.0132005245449631	1.0028412033898055	0.9927764600874013	0.9892415258543616	0.961600304004344	0.95796717715372	0.9176591076353106	0.8967931763986189	0.8748471263684983	0.8619838934649376	0.8467149414305585	0.8574179367472616	0.8393995914205181	0.835030019938011	0.8365520055105697	0.814360473936488
FGC2639_s_2_1_ACTCTATTGT-ATCGCATATG_FGC2639_s_2_2_ACTCTATTGT-ATCGCATATG	0.02835570283223432	0.0005559941731810651	0.00005054492483464228	0.00005054492483464228	0	0	0	0	0	0	0	0	0	0	0	0	0.00005054492483464228	0	0	0	0	0.00005054492483464228	0	0	0	0	0.00010108984966928456	0	0	0	0.00015163477450392683	0.007227924251353846	0.00818827782321205	0.006520295303668854	0.006924654702345992	0.006975199627180635	0.0074806488755270574	0.006217025754661	0.006217025754661	0.006570840228503495	0.005964301130487789	0.007227924251353846	0.006469750378834212	0.006924654702345992	0.007177379326519203	0.007935553199038837	0.006115935904991716	0.0074806488755270574	0.008794816921227756	0.009704625568251317	0.009654080643416675	0.012080237035479505	0.011625332711967723	0.012939500757668424	0.013546039855684132	0.014354758653038407	0.01834780771497515	0.017690723692124797	0.022694671250754382	0.023200120499100804	0.026131726139510057	0.03118621862297429	0.03619016618160387	0.04109302389056418	0.045995881599524474	0.05256672182802796	0.05064601468431156	0.06095717935057859	0.06580949213470424	0.07960825661456158	0.08324749120265584	0.09674298613350532	0.1060432523030795	0.12120672975347217	0.13242770306676277	0.1501689716837222	0.1646248201864299	0.18418570609743645	0.18716785666268035	0.2171915420144579	0.23331537303670877	0.2538366125195735	0.2820406805773039	0.31509706141916	0.3471425437643232	0.3763575103187464	0.4198766906013734	0.44150991843060033	0.4703710705111811	0.4986762284185807	0.5249595893325947	0.5725729085268277	0.6200851378713914	0.6633515935298453	0.7121274459952751	0.7690915762839169	0.8211023039387638	0.8710406896753904	0.8906521205112317	0.9081406645040178	1.0167111630488295	1.0319757303488912	1.0522947901324176	1.11481886215287	1.1685986621769295	1.211460758436706	1.2763604419243868	1.3052721389298023	1.2986002088516295	1.3310500505954699	1.3179589150632973	1.3528349131992006	1.3850825752437024	1.4158644344679994	1.4244570716898888	1.4782874166387827	1.4980504822491278	1.4979999373242932	1.5137699538727016	1.5134666843236937	1.4921872709683093	1.4812190222791919	1.4765183442695702	1.481926651226877	1.4781863267891133	1.5048235021769698	1.496635224353758	1.5123546959773315	1.5139721335720402	1.4640337478354135	1.4441695923753992	1.430775187294219	1.3949388355864576	1.3908952415996862	1.3954948297596386	1.3902887025016706	1.383010233325482	1.3734066976069	1.3424226586832642	1.3161392977692503	1.3195258077331713	1.2673129003789858	1.2488640028143414	1.2293536618281695	1.223338815772847	1.2176272392665324	1.216565795845005	1.2043339240350215	1.1736531546603937	1.1665768651835438	1.1116850768131223	1.104507697486603	1.0842391826279114	1.0506268076128744	1.0626059547986846	1.0372324025316941	1.0289935797836476	1.0345535215154582	0.9980095408600118	0.9961899235659646	0.975365414534092	0.9683902149069115	0.9240117709020955	0.9106173658209152	0.9023785430728687	0.8763984517078626	0.8772071705052167	0.8583539135418952	0.8552706731269819	0.8617404235058163
FGC2639_s_2_1_ACTGGATCTA-TCGCCGCTAG_FGC2639_s_2_2_ACTGGATCTA-TCGCCGCTAG	0.05553566811844957	0.0015412763757134617	0.0002485929638247519	0.00019887437105980152	0	0	0.00009943718552990076	0	0	0.00004971859276495038	0.00004971859276495038	0	0	0	0	0	0	0	0	0	0	0.00004971859276495038	0	0.00009943718552990076	0	0.00004971859276495038	0	0	0	0.00004971859276495038	0.00004971859276495038	0.006413698466678598	0.0068611658015631525	0.006115386910088897	0.006910884394328102	0.00656285424497345	0.00656285424497345	0.0055684823896744425	0.007060040172622955	0.006960602987093053	0.005817075353499195	0.006811447208798202	0.008054412027921962	0.006712010023268301	0.006761728616033252	0.006910884394328102	0.007109758765387905	0.007408070321977607	0.00889962810492612	0.01044090448063958	0.011286120557643735	0.012479366784002546	0.01456754768013046	0.015363045164369668	0.016755165761788277	0.015561919535429469	0.018644472286856395	0.02137899488892866	0.02630113557265875	0.02843903506155162	0.03619513553288388	0.03902909532048605	0.044796452081220295	0.04907225105900602	0.05285086410914226	0.05797187916393215	0.06239683392001273	0.07114730624664399	0.07373267307042142	0.08760416045184256	0.10251973828132768	0.12260604975836764	0.13921205974186107	0.1484099994033769	0.1585028737346618	0.17376648171350156	0.18162201937036374	0.2017083308474037	0.2218443609172086	0.2578903406717976	0.28573275262016984	0.3127796670843029	0.3538969433009168	0.3895948929061512	0.42663524451603924	0.43573374699202516	0.4532844102380526	0.4840105005667919	0.5174711134976036	0.5699739474573912	0.6280452638068532	0.6806475349521707	0.7582582582582583	0.8205059363999762	0.8595350317204622	0.8745500467354773	0.8730087703597638	0.8961776345882306	0.922876518903009	0.9677226895769941	1.1081777141379792	1.1511345782868962	1.2017978243143805	1.2622059145237954	1.2901477636576975	1.3351430901099777	1.2973569596086152	1.278613050136229	1.2749338742716225	1.3134657836644592	1.3415567885766562	1.3993297933695283	1.4716206272497663	1.514179742656564	1.5599208480003182	1.5409283455641072	1.4974245768947756	1.4434799037448045	1.3957003360976872	1.383668436648569	1.3981365471431697	1.4440268082652188	1.477934888530915	1.4883757930115546	1.558180697253545	1.5274048883320406	1.4816140643955213	1.4234433108605293	1.3771055824035956	1.3211224469502614	1.291738758626176	1.3192331404251934	1.3274367082314102	1.3941093411292087	1.4105661953344073	1.4033072807907245	1.388739733110594	1.3067537736411907	1.2373466181413202	1.1777340254161446	1.1411411411411412	1.1485989300558836	1.1573991209752799	1.2048306584730426	1.2068691207764055	1.2046317841019827	1.210399140862717	1.1696298947954578	1.1079291211741542	1.038969433009168	1.0022273929558698	0.9954159457470716	0.9946701668555973	1.0074975637889545	1.0069506592685402	1.0354891315156216	1.0339478551399082	1.0075472823817195	0.9487799057335482	0.9065191018833402	0.8706719964998111	0.8399459061710718	0.8351232026728714	0.8484477855338783	0.8533202076248433	0.8745997653282421	0.8843943281029374	0.842630710180379	0.8361672931209355	0.8040988007875425
FGC2639_s_2_1_ACTTCAAGCG-GAACCATGAA_FGC2639_s_2_2_ACTTCAAGCG-GAACCATGAA	0.03876695857451057	0.0006303570499920418	0.00015758926249801044	0	0	0	0.00007879463124900522	0	0	0	0	0	0	0	0	0	0	0	0	0.00007879463124900522	0	0	0	0	0	0	0	0	0	0.00007879463124900522	0.00007879463124900522	0.009218971856133611	0.009691739643627642	0.0090613825936356	0.008352230912394553	0.008509820174892564	0.007879463124900522	0.007879463124900522	0.009455355749880627	0.008037052387398533	0.008115847018647537	0.009928123537374657	0.009849328906125651	0.009770534274876648	0.009455355749880627	0.01071606984986471	0.01237075710609382	0.01386785509982492	0.01678325645603811	0.020644193387239367	0.020486604124741358	0.022771648430962507	0.027262942412155804	0.031045084712108057	0.03159664713085109	0.0347484323808113	0.03987008341199664	0.04546450223067601	0.04948302842437528	0.05681092913053276	0.06863012381788354	0.07430333726781192	0.08557096953641967	0.09021985278011098	0.10109351189247369	0.10960333206736625	0.10999730522361127	0.12370757106093819	0.13726024763576708	0.14710957654189274	0.15483145040429527	0.16822653771662613	0.1913921593038337	0.211721174166077	0.22724371652213105	0.23614750985326863	0.2574220602905001	0.27113232612782695	0.2807452711402056	0.3028865625211761	0.31202673974606066	0.33487718280827217	0.3659222675203802	0.37498365011401585	0.40303453883866164	0.4421166759381682	0.45078408537555886	0.47071912708155716	0.5000307299061871	0.512637870906028	0.529027154205821	0.5585751409241979	0.5785889772614453	0.5988391974924396	0.6481646366543169	0.6612445454416518	0.6791309267351759	0.6978052543411902	0.7160068141597105	0.7306626155720254	0.8137909515397258	0.8126878267022398	0.8292346992645309	0.8647710779578324	0.8889610297512769	0.905823080838564	0.9361590138694311	0.9603489656628756	0.9776837845376567	0.9757927133876807	1.0322884639932175	1.0198389122558744	1.0289790894807591	1.0506476130742355	1.0824806440988337	1.1247145664483005	1.1596205880916097	1.1606449182978469	1.1823922365225723	1.1571779545228906	1.162378400185325	1.1847560754600424	1.206897366841013	1.2182437937408697	1.2442460220530414	1.2700118664714661	1.2853768195650221	1.300269004871084	1.3042875310647835	1.28238262357756	1.3091727982022217	1.3161067257521342	1.3186281539521023	1.3278471258082358	1.3081484679959847	1.3469154265704952	1.3504611849767005	1.3845792603075195	1.3535341755954116	1.3633835045015372	1.3360417674581324	1.327925920439485	1.3383268117643536	1.3248529298207736	1.3530614078079177	1.3602317192515772	1.3686627447952207	1.360468103145324	1.3677960038514816	1.3691355125827147	1.3478609621454833	1.3412422131205668	1.3413210077518158	1.3324960090519273	1.3238285996145367	1.3387207849205986	1.312403378083431	1.3488852923517203	1.3403754721768277	1.3239073942457857	1.3142156546021582	1.313742886814664	1.2866375336650062	1.2747395443464065	1.2893165511274725	1.2578774932591192	1.282461418208809	1.2775761510713706	1.2719817322526912	1.2588230288341073
FGC2639_s_2_1_AGAGGCAACC-CTAATGATGG_FGC2639_s_2_2_AGAGGCAACC-CTAATGATGG	0.011977368218325644	0.0008846919706717806	0.00027221291405285557	0	0	0	0	0	0	0	0	0	0	0	0	0	0	0	0	0	0	0	0	0	0	0	0	0	0	0	0	0.0009527451991849945	0.0009527451991849945	0.0010888516562114223	0.0010207984276982083	0.0017013307128303473	0.0016332774843171333	0.0019735436268832032	0.002517969454988914	0.002109650083909631	0.0032665549686342666	0.004831779224438186	0.005716471195109967	0.007009482536861031	0.006260897023215679	0.009459398763336731	0.01048019719103494	0.014699497358854202	0.014767550587367416	0.017557732956409184	0.02164092666720202	0.025724120377994854	0.027357397862311988	0.029262888260681973	0.03538767882687123	0.03443493362768623	0.04069583065090191	0.0504274423282915	0.06308534283174928	0.07336138033724457	0.07628766916331277	0.0769001482199317	0.08976220840892912	0.09459398763336732	0.10541445096696833	0.109769857591814	0.13297600851481997	0.13876053293844312	0.15468498841053518	0.18401592989973037	0.19612940457508243	0.22307848306631514	0.25009561478606107	0.25880642803575243	0.29194835032168764	0.30025084420029974	0.3182849497563014	0.3447576556479416	0.3580960884365315	0.41253867124710264	0.4646674442882245	0.49569971649025	0.5314957146882006	0.5409551134515372	0.5850536055280998	0.6475945225317434	0.644259914334596	0.7159199639590103	0.7581129656372028	0.7958825074620365	0.8460377368762751	0.9688057611141131	0.9780610001919101	1.0796644703621385	1.104640005226488	1.1510523070724998	1.1718765949975432	1.222984569610967	1.3094802230512619	1.213457117619117	1.3529662360712056	1.3605881976646854	1.429185852006005	1.4412312734528439	1.5249367445240969	1.4932919932654527	1.4726038117974354	1.4280970003497937	1.4819271041037458	1.5544718456988318	1.5261617026373349	1.5372543788849886	1.641103605596153	1.7214064152417454	1.6331413778601072	1.6449826396214062	1.582577829074789	1.5614132750071796	1.46824840517259	1.5097608745656501	1.5018667000581176	1.4828798493029307	1.5168384103310246	1.5523621956149223	1.5120746843350996	1.4580404208956077	1.3777376112500153	1.4429326041656743	1.4182292822153777	1.3303045109763052	1.2862060188997426	1.2737522780818245	1.3057372954830349	1.2938960337217358	1.280965920304225	1.254221001498532	1.2184250033005817	1.1661601238024333	1.119611715499395	1.0519668063572603	0.9999060865446517	1.00664335616746	0.958597776837131	0.9548548492689041	0.9457357166481335	0.8963971259760534	0.9095994523076169	0.9051079392257448	0.8682911426000962	0.8111944838775096	0.7382414229113443	0.7133339412755081	0.7080257894514773	0.6810767109602447	0.6785587415052557	0.7028537440844731	0.6871334482979207	0.6446682337056752	0.6316020138311382	0.589885384752538	0.5670194999720982	0.5272764145203812	0.5166601108723199	0.498557952087805	0.49508723743363103	0.4781419835338408	0.4823612837016601	0.4484027226735664	0.4464291790466831	0.43343101240065934
FGC2639_s_2_1_AGGTCAGATA-CTACAAGATA_FGC2639_s_2_2_AGGTCAGATA-CTACAAGATA	0.026152083131601396	0.0005337159822775795	0	0	0	0	0.00007624514032536851	0	0	0	0	0	0	0	0.00015249028065073702	0	0	0	0	0.00015249028065073702	0	0.00007624514032536851	0	0	0	0.00007624514032536851	0	0	0.00007624514032536851	0	0	0.0053371598227757965	0.006557082067981692	0.00617585636635485	0.003964747296919162	0.0041934827178952685	0.005032179261474322	0.004955934121148953	0.005184669542125059	0.005413404963101164	0.005032179261474322	0.005718385524402638	0.007319533471235378	0.008234475155139798	0.007090798050259271	0.009454397400345696	0.009149416839044222	0.008996926558393485	0.009301907119694959	0.013571634977915595	0.014944047503772227	0.014181596100518543	0.016087724608652758	0.01898503994101676	0.019137530221667497	0.02714326995583119	0.027524495657458035	0.027524495657458035	0.034539048567391935	0.03797007988203352	0.044298426529039106	0.055963932998820486	0.061224847681270914	0.06953556797673609	0.07540644378178946	0.07906621051740716	0.09218037465337053	0.10476082280705633	0.11147039515568877	0.12710064892238931	0.1470006305473105	0.16743432815450926	0.1915277924973257	0.20601436915914573	0.2379610829554751	0.26609553973553607	0.2913326811832331	0.29788976325121475	0.32488054292639523	0.3665103895440464	0.4069203139164918	0.45327735923431584	0.48331794452251103	0.5235753786143055	0.5702374044934311	0.630623555631123	0.666839997285673	0.700159123607859	0.7580291851148138	0.7841812682464151	0.8244387023382097	0.8781152811272692	0.9191351666223174	0.9827236136536747	1.0282419624279198	1.0898480358108176	1.1095192820147626	1.1239296135362573	1.1704391491347321	1.1706678845557081	1.277792306712851	1.2913639416907665	1.3085190982639743	1.3547236533011477	1.3776734405390836	1.3760722925922508	1.3813332072747013	1.3740136738034658	1.3788933627842896	1.4101538703176906	1.3981071381462824	1.4299013616619611	1.4738185624893734	1.456358425354864	1.4799181737154028	1.4489626467433032	1.4449216543060588	1.3909400949556976	1.3997082860931152	1.3961247644978227	1.38415427746674	1.3768347439955047	1.417473403788926	1.4063416133014222	1.3695152105242692	1.367837817437111	1.3418382245861604	1.3079853822816967	1.2708539989432424	1.2578923250879297	1.2485141728279092	1.232121467657955	1.2413471296373249	1.2295291328868927	1.2244969536254182	1.198573605914793	1.1811134687802836	1.162814635102195	1.1612134871553623	1.1092143014534612	1.0930503317044828	1.0762001556925767	1.0563001740676554	1.0408224105816055	1.0455496092817784	1.046464550965683	1.052716652472363	1.0049871946286824	0.9599263166963896	0.9531404992074317	0.9244723264450931	0.9015225392071573	0.8974815467699129	0.8907719744212804	0.906630963608957	0.8976340370505634	0.8749892303739291	0.8524206688376199	0.8534118556618498	0.8166616980250221	0.7992778060308381	0.7734307034605382	0.7643575317618193	0.7515483481871574	0.7821988945979556	0.767178601953858	0.7385104291915194	0.7267686775814126	0.7230326657054695	0.7016840264143664
FGC2639_s_2_1_AGTCAGACGA-ACCAGCGACA_FGC2639_s_2_2_AGTCAGACGA-ACCAGCGACA	0.03543261518972781	0.000568057958953552	0.000142014489738388	0.000071007244869194	0	0.000071007244869194	0.000071007244869194	0	0	0	0	0	0	0	0	0	0	0	0	0	0	0.000071007244869194	0	0	0	0	0	0	0	0	0	0.004970507140843581	0.005254536120320357	0.007029717242050207	0.005183528875451162	0.004473456426759222	0.005680579589535521	0.004544463671628416	0.00461547091649761	0.0048284926511051925	0.00426043469215164	0.004970507140843581	0.0048284926511051925	0.0048994998959743866	0.004402449181890028	0.004757485406235998	0.005538565099797132	0.005325543365189551	0.007526767956134564	0.008307847649695698	0.008733891118910863	0.010864108464986682	0.01150317366880943	0.010935115709855876	0.013349362035408471	0.0165446880545222	0.015550586626353488	0.016189651830176233	0.02094713723641223	0.024426492235002737	0.027124767540032107	0.03131419498731455	0.03678175284224249	0.0438114700842927	0.05006010763278177	0.055385650997971325	0.05815493354786989	0.06475860732070493	0.08030919394705842	0.0910312879223067	0.10267647608085453	0.1231975698480516	0.12852311321324114	0.14776607657279273	0.1800033657434068	0.19392078573776883	0.2120986404242825	0.23794527755666908	0.25626514673292117	0.2926208561059485	0.30817144273230196	0.3448821883296753	0.3705868109723235	0.42774764309202473	0.47702667103124535	0.546826792737663	0.5834665310901671	0.6221654795438778	0.6487931963698257	0.6922496302297724	0.718096267362159	0.7752570994818601	0.835968293845021	0.8640871628132217	0.9211769876880539	0.9935333702097626	1.0488480139628646	1.070576230892838	1.0978430129226084	1.117796048730852	1.2186263364451075	1.2322597274599927	1.2451830460261861	1.28182278437869	1.2940360304961915	1.3482855655762558	1.4181566945275428	1.3991267529025986	1.399268767392337	1.406582513613864	1.4163105061609438	1.4163815134058126	1.4445003823740137	1.4314350493180819	1.4221331002402176	1.4529502445134477	1.4794359468496572	1.4907971060287282	1.493992432047842	1.4589858603273291	1.4430802374766298	1.4219910857504792	1.4092097816740243	1.388688687906827	1.3819429996442538	1.388972716886304	1.3707948621997903	1.403671216574227	1.366321405773031	1.348711609045471	1.3540371524106605	1.288781494375871	1.270035581730404	1.25100564010546	1.2669112629561594	1.2295614521549634	1.217703242261808	1.2261531044012421	1.2061290613481295	1.204850930940484	1.181063503909304	1.126955983318978	1.13469577300972	1.102387476594237	1.0993341650648616	1.0665998251801632	1.085913795784584	1.0725644337491755	1.069866158444146	1.0557357167151764	1.0110721596924535	1.002196254083804	0.971379109810574	0.9463135523717485	0.9522781609407609	0.9218160528918766	0.9175556181997249	0.9426921828834195	0.9225261253405685	0.9020050315733715	0.878430626276799	0.8669274526079896	0.8362523228244979	0.8339800909886835	0.7908786933530828	0.8046540988577066	0.7947840918208885	0.7918017875363823	0.791659773046644	0.7711386792794469
FGC2639_s_2_1_AGTGTTGCAC-CTGGTACACG_FGC2639_s_2_2_AGTGTTGCAC-CTGGTACACG	0.051431989300549895	0.0005986264516067882	0.0004489698387050911	0.000049885537633899024	0	0.00014965661290169705	0.000049885537633899024	0	0	0	0	0	0	0.00014965661290169705	0	0.000049885537633899024	0	0.000049885537633899024	0	0	0	0.000049885537633899024	0	0	0	0.000049885537633899024	0.000049885537633899024	0.000049885537633899024	0.000049885537633899024	0.000049885537633899024	0	0.006983975268745863	0.00608603559133568	0.0063354632795051755	0.00558718021499669	0.005437523602094993	0.00608603559133568	0.00558718021499669	0.005836607903166186	0.005537294677362792	0.005287866989193295	0.0050883248386577	0.007033860806379761	0.005886493440800084	0.0061858066666034784	0.0061858066666034784	0.0069340897311119636	0.0064851198924068725	0.009029282311735724	0.0076823727956204495	0.008380770322495035	0.008430655860128934	0.011324017042895077	0.01117436042999338	0.011772986881600169	0.011573444731064572	0.013518980698786634	0.014117607150393422	0.015813715429945988	0.01835787784927484	0.021999522096549467	0.023446202687932537	0.02798578661261735	0.031128575483552988	0.03327365360181064	0.03447090650502422	0.038062665214664955	0.04739126075220407	0.043300646666224345	0.0509331339242109	0.05711894059081438	0.06475142784880093	0.07013906591326202	0.08490518505289613	0.09478252150440813	0.10361226166560825	0.12206991059015089	0.12910377139653068	0.13379301193411716	0.14566576989098512	0.16137971424566333	0.17729320075087712	0.1995421505355961	0.22533297349232187	0.25606246467480365	0.2789100409111294	0.3147278569322689	0.32650084381386907	0.34715345639430323	0.3747401587058494	0.39828613246904976	0.4299634488665756	0.47126867402744405	0.5081340863388955	0.5591669913383741	0.6112973781657985	0.6614323434878671	0.6916130937563759	0.7178528865518069	0.7506775703149124	0.844262838916107	0.8726477098297954	0.8920531839693822	0.9481245282698848	1.010232022624089	1.0461994952581302	1.1078081342359956	1.1362428906873179	1.161484972730071	1.1959059936974612	1.1958561081598273	1.23107529772936	1.2771695345030827	1.3366330953626901	1.3482065400937548	1.3875163437492672	1.4082687274049692	1.4367533693939256	1.4769611127268483	1.4693785110064956	1.477160654877384	1.4598004877807869	1.468580342404353	1.486938220253628	1.507241634070625	1.5263976805220423	1.5347784508445372	1.5576759126184967	1.5371729566509644	1.5357262760595813	1.4910288343396079	1.491378033103045	1.4599002588560548	1.4723716432645295	1.4646393849312753	1.470226565146272	1.4812013834257296	1.5070420919200893	1.4577052952001632	1.4498233802540073	1.4282728279961627	1.386718175147125	1.3710042307924468	1.3770403808461487	1.347558028104514	1.3554399430506703	1.3628728881581211	1.3294994634810426	1.3262569035348393	1.3173273922983715	1.2721310952020588	1.2566665785355502	1.2277329667078887	1.2178556302563768	1.2041371074070546	1.1838336935900575	1.16787032154721	1.1914661808480442	1.1798428505793457	1.1397847638593248	1.1373902580528976	1.1301069695583483	1.0837633050964561	1.0652557706342796	1.0644576020321372	1.0396644898280893	1.04031300181733	1.035523990204476	1.01971027477453	1.0046448424090924
FGC2639_s_2_1_ATGGTTGACT-GGCCTGTCCT_FGC2639_s_2_2_ATGGTTGACT-GGCCTGTCCT	0.03471853190207957	0.0006441286067176172	0.00019323858201528518	0.00006441286067176172	0	0	0	0	0	0	0	0	0	0.00006441286067176172	0	0.00006441286067176172	0	0	0	0	0	0	0	0	0	0	0	0.00012882572134352343	0	0	0	0.00747189183792436	0.006119221763817365	0.007343066116580836	0.005732744599786793	0.006183634624489126	0.005668331739115032	0.006183634624489126	0.004766551689710368	0.006119221763817365	0.00483096455038213	0.003929184500977465	0.005475093157099746	0.005539506017771508	0.004251248804336274	0.005539506017771508	0.005281854575084462	0.006441286067176173	0.007665130419939645	0.006763350370534981	0.007085414673893789	0.007729543280611407	0.008180433305313739	0.007922781862626693	0.008309259026657263	0.0104348834288254	0.011079012035543016	0.01230285638830649	0.015587912282566337	0.015845563725253385	0.017069408078016858	0.019581509644215563	0.021964785489070746	0.02563631854736117	0.028985787302292773	0.03471853190207957	0.036650917722232425	0.038969780706415845	0.045346653912920254	0.04888936124986715	0.06087015333481483	0.06879293519744152	0.07890575432290811	0.09159508787524517	0.10235203560742938	0.11079012035543015	0.13642643890279135	0.15523499421894574	0.163544253245603	0.1884720303255748	0.2075382370844163	0.22628237953989894	0.2532069553006953	0.28882726725217955	0.32979384663942	0.36270881844269026	0.3987800204188768	0.4288608263525896	0.4493441160462098	0.503386506149818	0.5277345674837438	0.5833228662434742	0.6254488771228063	0.6683478423301996	0.7321165743952437	0.8061913641677697	0.8382689687823072	0.8963693691082362	0.9192359346467116	0.9248398535251547	1.0571438693449535	1.071894414438787	1.1041008447746676	1.183779553425637	1.2273226472397478	1.2753746413008822	1.2992718126101057	1.3326376744380783	1.3239419382473905	1.3533786155743857	1.3920263319774426	1.4158590904259944	1.4268736896008656	1.4418174732767144	1.468419984734152	1.5113189499415451	1.501334956537422	1.5237506320511953	1.5157634373278968	1.525489779289333	1.4965039919870402	1.5104171698921407	1.5082271326293009	1.5090000869573619	1.4970837077330859	1.495731037658979	1.5006264150700328	1.501399369398094	1.486777650025604	1.452767659590914	1.4431701433508213	1.413604640302483	1.4111569515969558	1.4025900411276115	1.3895786432719155	1.3563416071652865	1.3833950086474265	1.3781131540723421	1.3509953397295305	1.310801714670351	1.2595934904363006	1.25592195737801	1.237821943529245	1.2277091244037786	1.1962756483959587	1.1927329410590117	1.2085785047842652	1.1833930762616063	1.1804944975313771	1.1574346934108863	1.1002360731343621	1.1066129463408665	1.0687381842658705	1.0651954769289236	1.0594627323291368	1.0483837202935937	1.022940640328248	1.0301548807234853	1.0168858314251024	0.9740512790783808	0.9594939725665627	0.9462249232681796	0.9314099653136745	0.9155644015884211	0.8976576263216715	0.8841309255806014	0.8676412332486304	0.8575928269838357	0.8575928269838357	0.8432287590540327
FGC2639_s_2_1_ATTCCATAAG-TGCCTGGTGG_FGC2639_s_2_2_ATTCCATAAG-TGCCTGGTGG	0.04327813893711863	0.0009719000818111187	0	0	0	0.00005717059304771286	0.00011434118609542573	0	0	0	0	0	0	0	0.00005717059304771286	0.00005717059304771286	0	0	0	0	0.00005717059304771286	0	0	0	0.00005717059304771286	0	0	0	0.00005717059304771286	0	0	0.006117253456105276	0.005659888711723573	0.004687988629912455	0.004173453292483039	0.00480232981600788	0.0057742298978189985	0.005031012188198731	0.00600291227000985	0.005145353374294158	0.005259694560389583	0.00600291227000985	0.0058314004908667115	0.005659888711723573	0.005088182781246444	0.00560271811867586	0.006231594642200702	0.0063459358282961275	0.007432177096202672	0.009318806666777197	0.01120543623735172	0.010976753865160869	0.015321718936787045	0.015150207157643909	0.020124048752794926	0.018694783926602107	0.020638584090224343	0.027384714069854463	0.030872120245764946	0.03293026159548261	0.04076263284301927	0.04722290985741082	0.05654171652418802	0.06340218768991357	0.07174909427487965	0.0826686775469928	0.08569871897852158	0.10073458495007007	0.11348362719971003	0.125832475298016	0.14658540057433578	0.17076856143351832	0.1924933867916492	0.21667654765083175	0.2383442024159149	0.26121243963500007	0.2897405655658088	0.3083210083063155	0.3441097995541837	0.3761825022539506	0.4186602528884013	0.46033761522018396	0.5080178898219765	0.5572417704360573	0.5916012968577327	0.6635790735048032	0.7238940491701403	0.7412167388635972	0.7743756828312708	0.822913516328779	0.8694503790696173	0.9296510135488588	0.954691733303757	1.0350735871288415	1.0845833207081605	1.118199629420216	1.1792006522021254	1.20258342475864	1.2267665856178227	1.2214497204643853	1.3523703785436478	1.3376775361303856	1.3604314321633753	1.4027948416117306	1.407654342020786	1.4045099594031618	1.4562493461113422	1.4313229675425392	1.423204743329764	1.4438433274199884	1.4314373087286347	1.4364111503237857	1.4660255175225008	1.4509324809579047	1.4620807466022088	1.4696844354775545	1.4475594159680896	1.454076863575529	1.413600083697748	1.4061679066015456	1.362889767664427	1.3792977278691205	1.3798694337995976	1.3691213623066276	1.3674062445151962	1.3420796717950594	1.337220171386004	1.3323035003839006	1.307148439442907	1.2783344605468596	1.2250514678263913	1.2220214263948623	1.193035935719672	1.1695959925701098	1.1793149933882208	1.1584477269258058	1.1724545222224954	1.1426686432446371	1.1212868414447923	1.0917868154321724	1.0647451249206044	1.036502851955034	1.0131772499915674	1.0202664035294837	0.9961975838563966	0.9839630769441862	0.9793322589073215	0.968641358007399	0.9664688754715859	0.9403419144487812	0.902151958292909	0.8877449688448853	0.8569871897852158	0.8476112125253908	0.869679061441808	0.8412652766970948	0.8372633351837547	0.8095355975556141	0.8293737933431704	0.7790065008681355	0.7712313002136465	0.7615122993955353	0.7439609273298875	0.722750637309186	0.7198349370637527	0.7126314423397409	0.6881052579222721	0.702626588556391	0.6967380174724767	0.6867903342821746
FGC2639_s_2_1_CAATCGGCTG-GCTGTAGGAA_FGC2639_s_2_2_CAATCGGCTG-GCTGTAGGAA	0.04955582998048042	0.0004780305142811616	0.0001593435047603872	0.00005311450158679573	0	0.00005311450158679573	0.00005311450158679573	0	0	0	0	0	0	0	0	0.00005311450158679573	0	0	0	0.00005311450158679573	0	0	0.00005311450158679573	0.00005311450158679573	0	0	0	0	0.00005311450158679573	0.00005311450158679573	0.00005311450158679573	0.005470793663439961	0.005045877650745594	0.005152106653919186	0.005364564660266369	0.005948824177721123	0.0054176791618531644	0.005630137168200348	0.006692427199936262	0.005630137168200348	0.0056832516697871436	0.006055053180894714	0.0056832516697871436	0.0053114501586795735	0.005842595174547531	0.0053114501586795735	0.006745541701523058	0.005630137168200348	0.0066393126983494664	0.007170457714217424	0.007807831733258972	0.009454381282449641	0.009507495784036436	0.010038640799904394	0.012641251377657384	0.01295993838717816	0.014978289447476397	0.01630615198714629	0.01843073205061812	0.020342854107742767	0.02453889973309963	0.03123132693303589	0.03367459400602849	0.03510868554887198	0.044031921815453665	0.04615650187892549	0.05253024206934098	0.055876455669309114	0.06517149344699837	0.07255440916756298	0.08296485147857494	0.08774515662138656	0.10144869803077984	0.12030434609409235	0.14101900171294268	0.15525368813820395	0.1679480540174481	0.18977811416962118	0.2029505105631465	0.22488679971849312	0.25000995896904754	0.2717869046196338	0.3005218499780902	0.3376488865872605	0.37621001473927423	0.40786625768500445	0.46034338525275864	0.4819078728969977	0.5009228644650705	0.5445298702678298	0.5672097624453917	0.6066207226227941	0.6687115749777583	0.7206044430280578	0.7713287920434477	0.8251868966524585	0.8892429855661342	0.9246703581245269	0.9555298835464552	0.9713048905177336	1.0559162915454992	1.0896440000531145	1.1103055411703782	1.1883838585029678	1.2429855661341938	1.2704457634545672	1.3533575004315554	1.3744970720631	1.359996813129905	1.374019041548819	1.3876163539550386	1.3828891633138136	1.4042411929517056	1.4489636032877875	1.4805136172303441	1.4965010822079698	1.511532486157033	1.5183311423601429	1.5201901499156807	1.5103639671221236	1.4965541967095566	1.450928839846499	1.4620828851797263	1.4520442443798218	1.4724402129891514	1.4825850827922293	1.482956884303337	1.5041495704364685	1.489436853496926	1.4473170537385969	1.4110398491548155	1.3740721560504057	1.3491614548061985	1.335776600406326	1.3543135614601176	1.3317398982857296	1.347196218247487	1.3323772723047709	1.3401319895364432	1.307679029066911	1.255201901499157	1.2155253688138203	1.1782389886998899	1.1588521956207094	1.1613485771952887	1.1624639817286115	1.1909864690807208	1.155346638515981	1.1504601043699956	1.1411119520907196	1.0878912215007501	1.0599529936660956	1.0044483395078943	1.0042889960031336	1.0161335298569891	1.0165053313680967	1.0013145839142732	0.9869736684858385	0.9744917606129413	0.9515994104290324	0.9608944482067218	0.9369929224926635	0.9008219469120556	0.8707591390139293	0.8662444063790516	0.8566837960934284	0.8568431395981888	0.8483979338458884	0.8472294148109788	0.8163698893890504
FGC2639_s_2_1_CACAATAGGA-TCCATCCGAG_FGC2639_s_2_2_CACAATAGGA-TCCATCCGAG	0.040666963905981575	0.0006424480869823314	0.0003212240434911657	0	0.00006424480869823314	0	0.00019273442609469942	0	0	0	0.00006424480869823314	0	0.00006424480869823314	0	0.00006424480869823314	0	0	0.00006424480869823314	0	0	0	0	0.00006424480869823314	0	0	0	0	0.00006424480869823314	0	0.00006424480869823314	0	0.009957945348226136	0.010086434965622603	0.008930028409054406	0.008673049174261474	0.00758088742639151	0.008094845895977375	0.007645132235089743	0.00655297048721978	0.007452397808995044	0.007516642617693278	0.007388153000296812	0.008351825130770308	0.009122762835149106	0.008159090704675609	0.009122762835149106	0.008544559556865007	0.010728883052604934	0.010985862287397867	0.01207802403526783	0.014776306000593624	0.01657516064414415	0.01985164588775404	0.02274266227917453	0.02434878249663036	0.02634037156627559	0.030195060088169575	0.03058052894035897	0.03706925461888052	0.04310826663651444	0.05120311253249181	0.05788457263710806	0.06591517372438721	0.07214692016811582	0.08531710595125361	0.09411864474291154	0.11172172232622743	0.11769648953516311	0.12842537258776804	0.14082462066652704	0.16253936600652982	0.18078489167682807	0.20763922171268953	0.23468628617464565	0.2731046817761891	0.29186416591607317	0.3235368566043021	0.34884931123140595	0.3820638773283925	0.41482872976449137	0.4444455865743768	0.4945565373589987	0.5176204236816644	0.565739785396641	0.6292136563904953	0.6872909634536981	0.73740191423832	0.7620719207784415	0.818414618006792	0.8494448606080386	0.8872208081225996	0.9397088168290562	0.9869929960309557	1.0078083140491834	1.0735307533474756	1.1349487904629867	1.187372554360745	1.2341427750930585	1.2561787444765526	1.2471202264501018	1.3241497520792833	1.358841948776329	1.3299317848621242	1.359934110524199	1.3935341454733752	1.4092741236044422	1.4409468142926711	1.4380557979012505	1.432659233970599	1.4498125978930272	1.4583571574498921	1.4104305301610105	1.4321452755010131	1.4311173585618415	1.3983525061257425	1.430217931240066	1.407346779343495	1.3957827137778132	1.4042630285259798	1.4011792777084646	1.3743249476726032	1.3607692930372761	1.3645597367504718	1.3340434526188112	1.3057114919828905	1.3295463160099348	1.286309559756024	1.3167615990789865	1.2712762745206374	1.252966504041641	1.231765717171224	1.2068387313963096	1.1813335423431108	1.1600042658552976	1.1393174374544666	1.1368118899152353	1.139702906306656	1.1393174374544666	1.1185663642449373	1.0994856560615618	1.069997288869073	1.031707382884926	1.0084507621361656	1.001705057222851	0.9905264605093586	0.9765210922131438	0.9718312211781728	0.9603314004211889	0.9510159031599451	0.9338625392375168	0.9031535206797614	0.9020613589318915	0.8683970791740172	0.8452047032339551	0.8459113961296357	0.8389087119815283	0.8103197721108146	0.8119258923282704	0.8060796147367312	0.7853927863359	0.7853927863359	0.7720298661266677	0.7395219929253617	0.7116397459503285	0.7177430027766606	0.6875479426884911	0.6964779710975455	0.6810592170099695	0.6847211711057688	0.6735425743922763
FGC2639_s_2_1_CAGCCGCGTA-ACTAGCCGTG_FGC2639_s_2_2_CAGCCGCGTA-ACTAGCCGTG	0.053802102869047304	0.0007645059022244733	0.00009556323777805916	0.00009556323777805916	0	0	0	0	0	0	0.00004778161888902958	0	0.00004778161888902958	0	0	0	0.00004778161888902958	0	0.00004778161888902958	0	0.00004778161888902958	0.00009556323777805916	0	0	0	0.00009556323777805916	0	0	0	0	0.00004778161888902958	0.005972702361128698	0.006498300168908023	0.004730380270013929	0.005303759696682283	0.005255978077793254	0.005064851602237136	0.004157000843345573	0.004969288364459076	0.00444369055667975	0.00453925379445781	0.0039658743677894554	0.006211610455573845	0.004682598651124898	0.005064851602237136	0.004109219224456544	0.004825943507791987	0.0052081964589042245	0.0053515413155713135	0.005781575885572579	0.006976116357798319	0.0070238979766873485	0.008266220067802118	0.008648473018914353	0.009747450253362034	0.00907850758891562	0.0114675885333671	0.011754278246701277	0.014430048904486934	0.01572015261449073	0.01911264755561183	0.020976130692283986	0.02479866020340635	0.027665557336748126	0.033590478078987795	0.03425942074343421	0.03726966273344307	0.042430077573458264	0.049549538787923675	0.05504442496016207	0.06560416273463761	0.07716731450578276	0.08634138533247646	0.09843013491140093	0.1074130792625385	0.1315427968014984	0.14267591400264232	0.14855305312599296	0.16059402108602844	0.17631417370051913	0.20909236425839345	0.23264870237068502	0.2581640868574268	0.2918979097930817	0.3226214907387277	0.35769319900327545	0.38841677994892143	0.4114953018723227	0.4395431121601831	0.4771472462258494	0.5082530801226076	0.5553179747283018	0.5946900286928621	0.6551815582063736	0.6989973027276137	0.7551884865411125	0.8169223381457388	0.843106665296927	0.8654206813181038	0.878512844893698	0.9803354747462198	1.0129703204474272	1.0562126855419989	1.105045500046587	1.146854416574488	1.193441494991292	1.255032001739251	1.2656395211326155	1.2711344073048538	1.3184859916238822	1.3107453693638593	1.3203016931416653	1.3626839890962346	1.381223257225178	1.4026294224874634	1.4661789756098726	1.476690931765459	1.4929366821877292	1.4786499781399094	1.4735851265376723	1.4689025278865473	1.4412369705497992	1.4562403988809545	1.4656533778020933	1.5025885692033132	1.4776943457621288	1.4984793499788567	1.5162063305866866	1.5112370422222274	1.4708137926421085	1.4334007850519983	1.4203086214764042	1.3873393044429738	1.3874826492996408	1.3965611568885565	1.3880560287263093	1.4079809638030345	1.3879604654885314	1.3847113154040773	1.3492573541884172	1.2998033786382717	1.2625814975237177	1.2667862799859522	1.2476736324303404	1.2483903567136758	1.2464313103392255	1.2511616906092395	1.2498715868992358	1.2121241079769025	1.2299944334413995	1.1757622960023508	1.145182059913372	1.1158441459155077	1.1049021551899199	1.0916188651387697	1.0934823482754419	1.0810113457454051	1.083973806116525	1.0722673094887127	1.0518645582230972	1.0125880674963148	1.0039395944774006	0.9726904157239752	0.9715914384895274	0.9451204216250051	0.9394821905960996	0.9504719629405763	0.9404378229738802	0.943256938488333	0.9126767023993541
FGC2639_s_2_1_CAGTGGCACT-TAACAATAGG_FGC2639_s_2_2_CAGTGGCACT-TAACAATAGG	0.04411315686647123	0.0008540785453334215	0.00034163141813336865	0.00021351963633335538	0.00004270392726667108	0.00004270392726667108	0.00004270392726667108	0	0	0	0	0	0	0	0	0	0	0	0	0	0	0	0	0	0.00008540785453334216	0.00004270392726667108	0.00004270392726667108	0	0	0	0	0.006063957671867294	0.007601299053467452	0.006063957671867294	0.00670451658086736	0.006021253744600622	0.00632018123546732	0.004441208435733792	0.005594214471933911	0.004313096653933779	0.00474013592660049	0.005466102690133898	0.005765030181000596	0.0053379909083338855	0.005209879126533872	0.005124471272000529	0.006021253744600622	0.0064482930172673324	0.005893141962800609	0.005765030181000596	0.006619108726334017	0.00632018123546732	0.007644002980734123	0.006832628362667372	0.007985634398867493	0.009352160071400967	0.00875430508966757	0.010163534689467717	0.011572764289267862	0.012085211416467914	0.015202598106934905	0.016312900215868353	0.0190459515609353	0.023572567851202438	0.021821706833268922	0.025579652432735977	0.02959382159580306	0.032583096504470034	0.03429125359513688	0.04219148013947103	0.04915222028393842	0.05534428973760572	0.06286018093653983	0.06751490900860697	0.07609839838920786	0.08348617780634196	0.09514434995014318	0.10325809613081066	0.1153006036200119	0.12661714434567975	0.14873777866981536	0.16765561844895066	0.18977625277308627	0.2113417360427552	0.22782545196769022	0.25041582949175917	0.27368946985209497	0.2880379894136964	0.3214751644634999	0.35123980176836966	0.3752821128195054	0.4191390461223766	0.4596650730984475	0.5044187888739188	0.5394787131598557	0.5783392869725265	0.6113494227496632	0.6431638485633331	0.6711776248502693	0.7103371261538067	0.8132535908664841	0.8523703882427548	0.8990457807452261	0.9385042095396303	0.9935068678591027	1.0319831063263734	1.06537757744891	1.0959535893718464	1.1086793596973146	1.1516822144548524	1.1845215345229225	1.2312396309526605	1.2958933768344005	1.336590219519538	1.38634029478521	1.4017137086012115	1.406069509182412	1.4015855968194115	1.398937953328878	1.4057705816915451	1.4448019712132827	1.470039992227885	1.518508949675557	1.5181673182574236	1.5505795990528268	1.5506223029800936	1.5441740099628263	1.5393484661816925	1.5026230887323553	1.48383336073502	1.4802462308446196	1.467990203719085	1.4933990404427544	1.5188078771664237	1.5383235719272923	1.535505112727692	1.531875278910025	1.481100309389953	1.4468090557948161	1.4302399320153478	1.3918918053298772	1.3971870923109444	1.3839488748582764	1.400347182928678	1.4082901134002788	1.398937953328878	1.4035072735464118	1.3785681800226757	1.3497857330449397	1.3218573646125367	1.2823135279635993	1.264804917784264	1.2647622138569974	1.2364922140064611	1.269118014438198	1.2572036187307967	1.2604064132757968	1.2295741777892604	1.2128342383007253	1.1605646313263198	1.1531768519091858	1.1288783172944499	1.1133340877693818	1.1075690575883812	1.116921217659782	1.105903604424981	1.0913415652270462	1.081903997301112	1.0567513841410425	1.0462462180334415
FGC2639_s_2_1_CATTAGTGCG-TGACTACATA_FGC2639_s_2_2_CATTAGTGCG-TGACTACATA	0.03885434672384977	0.0010283659086864727	0.00013413468374171383	0.00004471156124723794	0	0.00004471156124723794	0	0	0	0	0	0.00004471156124723794	0	0	0	0	0.00004471156124723794	0	0.00004471156124723794	0	0	0	0	0	0	0	0	0.00008942312249447588	0	0	0	0.006170195452118836	0.00652788794209674	0.005588945155904743	0.006662022625838454	0.004828848614701698	0.0052759642271740775	0.005723079839646456	0.005901926084635408	0.005320675788421315	0.005633656717151981	0.005812502962140933	0.005499522033410267	0.005678368278399219	0.0045605792472182705	0.004426444563476556	0.0052759642271740775	0.0045605792472182705	0.0055442335946575055	0.005454810472163029	0.007645676973277688	0.008182215708244543	0.006930291993321881	0.0075115422895359754	0.009523562545661682	0.009478850984414445	0.010954332505573296	0.011267313434303962	0.011625005924281865	0.014486545844105093	0.01560433487528604	0.019673086948784696	0.022176934378630022	0.023786550583530585	0.02718462923832067	0.027855302657029235	0.033131266884203314	0.035009152456587304	0.03796011549890502	0.045158676859710326	0.0510158913830985	0.05454810472163029	0.06496589849223673	0.07721686627397993	0.08262696518489572	0.09045148840316236	0.10301543711363623	0.10717361230962935	0.11616063612032418	0.13802458957022354	0.15854719618270574	0.1665058540847141	0.19847462037648925	0.20880299102460118	0.23969867984644264	0.2596400361627107	0.2783741803253035	0.29455976549680357	0.3207160288264378	0.34968912051464796	0.3826862527151096	0.422792523153882	0.4599031189890895	0.506984392982431	0.5532608588733223	0.5817421233878128	0.614828678710769	0.6480046571562195	0.6674988978600153	0.6991099716618124	0.7897403063099637	0.819294648294388	0.8767490044970887	0.9363048040784097	1.002477914724322	1.046876495042829	1.0693216987889427	1.0825116093568778	1.1057616212054415	1.1391164458958811	1.1681342491453386	1.20582609527676	1.2713732440652108	1.336607411924931	1.3784574332523458	1.412304085116505	1.4120358157490216	1.4330502495352233	1.4310382292790975	1.4362694819450244	1.4233478407445728	1.451605547452827	1.4901469132479461	1.5317733767691248	1.5581531979049952	1.5670507985931954	1.5870368664707108	1.5716113778404137	1.5430406902034286	1.4992233601811356	1.4898339323192156	1.477538252976225	1.4837531599895912	1.5268103934706814	1.5383012647112215	1.5526983874328322	1.5758589761589015	1.5326228964328221	1.4954675890363676	1.4451670826332248	1.4293839015129497	1.400321386702245	1.3842252246532394	1.4113204307690657	1.4108733151565933	1.4244209182145064	1.4262540922256433	1.3955819612100377	1.3654463689293996	1.3236857707244793	1.2734299758825838	1.237750150007288	1.2427131333057313	1.229120818686571	1.2377054384460409	1.2361852453636346	1.244322749510632	1.2252309128580614	1.1870919511141675	1.1735890596175016	1.1343770204036738	1.0854178608379483	1.04669764879784	1.0688745831764703	1.0586803472121	1.0548798645060848	1.0711548728000795	1.0605135212232366	1.0397673568045183	0.9997505094882404
FGC2639_s_2_1_CCACCAGGCA-CTTATGGAAT_FGC2639_s_2_2_CCACCAGGCA-CTTATGGAAT	0.04114119341107964	0.000678151539743071	0.0002825631415596129	0.00011302525662384518	0	0.00005651262831192259	0.00011302525662384518	0	0	0	0.00005651262831192259	0	0	0	0	0	0	0	0	0	0	0	0	0	0	0.00005651262831192259	0.00011302525662384518	0	0	0.00005651262831192259	0	0.007233616423926091	0.005312187061320722	0.005651262831192258	0.0048035734065134195	0.004747060778201497	0.005538237574568413	0.005199161804696878	0.0053686996896326455	0.005820800716128026	0.0038428587252107354	0.006611977512494942	0.005877313344439948	0.006103363857687639	0.006442439627559174	0.006103363857687639	0.007177103795614167	0.008194331105228774	0.008363868990164542	0.010002735211210296	0.009833197326274528	0.011980677202127588	0.012602316113558736	0.015371434900842942	0.015993073812274092	0.017631940033319846	0.019157780997741757	0.021813874528402118	0.023904841775943254	0.026843498448163226	0.03334245070403432	0.03814602411054774	0.04051955449964849	0.04775317092357458	0.056851704081794116	0.06289855531116983	0.07188406321276553	0.0750487703982332	0.08126515951254468	0.09341537459960803	0.09951873845729567	0.11342084502202862	0.12952694409092658	0.14924985137178753	0.17213746583811618	0.18078389796984035	0.2051973534005909	0.22508979856638764	0.24390850379425785	0.2658919162075957	0.2850496972053375	0.315340465980528	0.3485698914279385	0.38818524387459624	0.429213412029052	0.48030082802303	0.5121739503909544	0.5437079969890072	0.5623571643319416	0.611014537308507	0.6361061442790006	0.6952748661215835	0.741671733965672	0.7863732229604027	0.8413600103079033	0.9250552128378606	0.9634838000899681	0.9969957886789381	1.0388716462580727	1.0399453861959995	1.1239796644958282	1.1755191815163017	1.190495028018961	1.2112351626094369	1.286962084547413	1.331494035657208	1.3845028810137914	1.4227619303809629	1.3989136012333316	1.3990831391182674	1.401682720020616	1.3878936387125067	1.423327056664082	1.4754882125959867	1.4783703566398947	1.4986583902038748	1.5327355050759641	1.527818906412827	1.5312661767398543	1.488316579222793	1.4610209797481346	1.4476274868382089	1.4486447141478236	1.4354772717511455	1.4531657244127774	1.4741884221448125	1.4407329461841543	1.4732842200918217	1.4229879808942107	1.4041692756663404	1.3596373245565454	1.3326242882234465	1.3200784847381997	1.2913700695557428	1.3245994950031534	1.2994513754043477	1.2954389787942013	1.298716711236293	1.2787677534421842	1.2464990426760765	1.2267761353952154	1.1615605623232568	1.1521794660234776	1.1298004652119562	1.1296874399553325	1.1303655914950754	1.1275399600794795	1.113920416656306	1.0980403681006559	1.0670714477857222	1.0351418127894858	0.9978434781036171	0.9763686793450864	0.9549503932148679	0.9519552239143358	0.9406526982519514	0.942348077101309	0.9221730687939528	0.9282764326516403	0.8996810427258075	0.8888871307182303	0.8646432131724155	0.8147425623729878	0.7925330994464023	0.7919679731632832	0.7937763772692646	0.7823043137219442	0.7873904502700174	0.7939459151542004	0.7613946412465329
FGC2639_s_2_1_CCATCATTAG-GGTTGCCTCT_FGC2639_s_2_2_CCATCATTAG-GGTTGCCTCT	0.050559166510918616	0.0005212285207311198	0.00014892243449460564	0.00007446121724730282	0	0.00007446121724730282	0	0	0	0	0	0	0	0	0	0.00007446121724730282	0	0	0	0	0	0	0	0.00007446121724730282	0	0.00007446121724730282	0	0.00007446121724730282	0.00007446121724730282	0.00007446121724730282	0	0.006254742248773438	0.006701509552257254	0.007669505376472192	0.0052867464245585005	0.005882436162536924	0.006254742248773438	0.004839979121074684	0.006552587117762649	0.006254742248773438	0.0043187506003435645	0.006180281031526134	0.006552587117762649	0.005435668859053107	0.0063292034660207405	0.006701509552257254	0.006627048335009951	0.006105819814278832	0.008041811462708706	0.007222738072988375	0.009382113373160157	0.01027564798012779	0.0104990316318697	0.012360562063052269	0.01474332101496596	0.015487933187438989	0.017945153356599984	0.01742392483586886	0.019955606222277156	0.0210725244809867	0.024572201691609934	0.030156792985157648	0.03469892723724312	0.038124143230619044	0.039166600272081284	0.04683610564855348	0.05338869276631612	0.05137823990063895	0.06113265936003562	0.0710360012539269	0.07520582941977585	0.08749193026558082	0.09612943146626796	0.10945798935353517	0.13551941539009113	0.14363568807004715	0.15376241361568033	0.1653039022890123	0.18607858190100976	0.20193882117468526	0.22018181940027448	0.23931835223283132	0.268507149393774	0.29925963211691003	0.3265124376294229	0.3672427234636976	0.4131852945052834	0.42643939117530333	0.4491500624357307	0.47037150935121197	0.5182500720412277	0.5535446890164492	0.5828824086118866	0.6426747660614707	0.6788629176436599	0.7395488097002116	0.7814704750104432	0.8120740352990846	0.8667285687586049	0.8801315878631194	0.980058541409	0.9962166255516646	1.0464779471935939	1.0861657759864065	1.1476707414326786	1.1704558739103532	1.2347159043947755	1.2647237749454385	1.2615219426038045	1.3018054611345955	1.323324752919066	1.335164086461387	1.3799152780270159	1.4038917899806476	1.4277193794997844	1.469641044810016	1.4655456778614142	1.499202148057195	1.4912347978117337	1.4942132465016258	1.4858735901699278	1.5003190663159047	1.4855757453009388	1.501584907009109	1.5423896540606308	1.517370685065537	1.5191577542794723	1.5112648652512581	1.51342424055143	1.4638330698647264	1.472098264979177	1.4216135596855057	1.4178904988231404	1.4321870525346225	1.4255600041996128	1.4218369433372475	1.4101465322294209	1.3852020244515746	1.358991675980524	1.3539283132077073	1.3186336962324858	1.2883279808128336	1.2764886472705124	1.267553301200836	1.2251848685871207	1.2374709694329256	1.247374311326817	1.2257805583250991	1.202920964630177	1.1756681591176643	1.1511704186433018	1.1318849633762502	1.0895909919797824	1.0773793523512245	1.0802833398238696	1.0540729913528188	1.0571259012599583	1.0607000396878288	1.0293518672267143	1.008130420311233	0.9878769692199666	0.9707508892530871	0.9389559494884887	0.9403707126161875	0.912522217365696	0.9092459238068149	0.9009062674751169	0.9000871940853966	0.8831100365530117	0.8696325562312498
FGC2639_s_2_1_CCATCTCGCC-TTCTATGGTT_FGC2639_s_2_2_CCATCTCGCC-TTCTATGGTT	0.04446012915758009	0.0004222807382673821	0.00006032581975248317	0.00006032581975248317	0	0.00006032581975248317	0	0	0.00006032581975248317	0	0.00006032581975248317	0	0	0	0	0	0	0	0	0	0.00006032581975248317	0	0	0	0	0	0.00012065163950496634	0	0.00006032581975248317	0.00006032581975248317	0.00018097745925744948	0.0063945368937632155	0.006515188533268181	0.005549975417228451	0.0053689979579710015	0.004886391399951136	0.004946717219703619	0.005429323777723484	0.0057309528764859004	0.003800526644406439	0.005127694678961069	0.004645088120941204	0.0050070430394561025	0.005127694678961069	0.006213559434505765	0.005188020498713552	0.004645088120941204	0.006454862713515699	0.005188020498713552	0.00591193033574335	0.006213559434505765	0.0057309528764859004	0.0074200758295554295	0.007359750009802946	0.008385288945595159	0.007540727469060395	0.010014086078912205	0.010918973375199452	0.011944512310991666	0.011763534851734217	0.013754286903566162	0.020691756175101723	0.021898272570151388	0.02135534019237904	0.026784663970102526	0.030042258236736615	0.03305854922436077	0.03384278488114305	0.04222807382673822	0.04216774800698573	0.05242313736490787	0.061592661967285314	0.06780622140179107	0.07963008207327778	0.09199687512253682	0.10062346734714192	0.11323156367541089	0.12022935876669893	0.13808580141343396	0.15105585266021782	0.1726524961316068	0.18254593057101406	0.2064349551929974	0.23297831588409	0.26199503518503436	0.2962601008044448	0.324371932809102	0.3418060947175696	0.37094346565801894	0.3783635414875744	0.4319931952475319	0.4645691379138729	0.4959988900049166	0.5445611749056655	0.6114625090111694	0.6624981525217701	0.7108794599632616	0.7567270829751488	0.7823052305502016	0.8052893678758978	0.8911330093836812	0.9168318085982391	0.9641272512841859	1.025961216530481	1.078625657174399	1.1131320260728192	1.1887806040424331	1.189504513879463	1.221477198348279	1.232577149182736	1.2501319627307086	1.275287829567494	1.3306669321002735	1.384658540778746	1.3941900202996385	1.4195871904154338	1.4577734343187556	1.4527663912792996	1.4765347642617779	1.4802749650864317	1.448060977338606	1.4695972949902423	1.4833515818938083	1.4965026105998498	1.5141780757873273	1.524976397523022	1.5465127151746583	1.5393339426241128	1.5264242171970814	1.5088694036491088	1.4813608298419765	1.4566272437434584	1.4498707519311804	1.4416664404448425	1.4488452129953882	1.450715313407715	1.452947368738557	1.4586179957952905	1.4325572416622177	1.4340050613362771	1.381521598151617	1.3477391390902265	1.3227039238929457	1.3205321943818564	1.296401866480863	1.3129311410930435	1.346713600154434	1.3068985591177953	1.298392618532695	1.2812600857229899	1.2237695794988734	1.214600054896496	1.183894212642482	1.1603068171192612	1.1846181224795118	1.162780175729113	1.1528264154699532	1.159281278183469	1.1400373416824268	1.1043244563889567	1.1090901961494029	1.074885456349745	1.03856931285875	1.0161884337305789	1.032959011621769	1.0052694603553796	1.005088482896122	0.9926613640271105	0.9964618906715168	0.9860255238543373
FGC2639_s_2_1_CCGTATGTTC-CATACACTGT_FGC2639_s_2_2_CCGTATGTTC-CATACACTGT	0.030601277160741007	0.0003372041560412232	0.0000843010390103058	0	0	0	0	0	0	0	0	0	0	0	0	0	0.0000843010390103058	0	0	0	0	0	0	0	0	0	0	0	0.0000843010390103058	0	0	0.006912685198845075	0.006575481042803853	0.004046449872494679	0.004720858184577125	0.0037935467554637615	0.003962148833484372	0.005732470652700795	0.005058062340618348	0.004383654028535902	0.006153975847752324	0.005395266496659571	0.006322577925772935	0.004299352989525595	0.006996986237855381	0.005985373769731712	0.006659782081814157	0.0075027924719172166	0.008261501823009968	0.007924297666968744	0.010200425720247002	0.013150962085607705	0.015089885982844737	0.013993972475710763	0.016017197411958103	0.018799131699298196	0.0188834327383085	0.025121709625071133	0.025121709625071133	0.02672342936626694	0.03515353326729752	0.04181331534911168	0.04855739846993614	0.053531159771544184	0.061792661594554155	0.0712343779637084	0.08084469641088327	0.08683007018061498	0.10099264473434634	0.11228898396172732	0.1234167211110877	0.13530316761154082	0.154102299310839	0.1773693860776834	0.2052730299900946	0.21808678791966113	0.2612489198929377	0.277603321460937	0.305169761217307	0.32961706253029566	0.36426478956353137	0.4042234820544163	0.4204935825834053	0.47866129950051634	0.5274716010874834	0.5724040548799764	0.634871124786613	0.6617631562309005	0.6956521739130435	0.7490990326455773	0.7840839638348542	0.826740289574069	0.8691437121962529	0.8959514426015301	0.9696305506965373	1.01169676916268	1.0644692195831313	1.1257560749436237	1.1476743450863032	1.1587177811966534	1.2456321524162786	1.2501001074838247	1.2667917132078652	1.2905646062087714	1.333979641299079	1.3633164028746654	1.3950978945815506	1.4229172374549517	1.427722396678539	1.4240131509620855	1.3981327319859218	1.4031064932875297	1.413644123163818	1.4153301439440242	1.4076587493940864	1.4335391683702503	1.4592509852683935	1.4537714177327237	1.4468587325338784	1.4256991717422918	1.391304347826087	1.3859933823684378	1.3912200467870766	1.3675314548251807	1.3468777002676557	1.3613774789774284	1.34527598052646	1.3677000569032014	1.3313663090897594	1.3226833020716982	1.3039684714114101	1.298994710109802	1.2514489241079896	1.2458007544942993	1.2112373285000737	1.1923538957617652	1.2227865708444856	1.214609370060486	1.196147442517229	1.1584648780796225	1.1545870302851484	1.0891694240131509	1.082509641931337	1.0686842715336466	1.0583995447743892	1.0603384686716264	1.0428881535964931	1.0493793336002866	1.0451642816497713	1.0162490252692364	0.9954266686336909	0.9701363569305992	0.9603574364054037	0.9361630382094459	0.9287445467765391	0.9028641278003751	0.894855529094396	0.8933381103922106	0.888195747012582	0.8833062867499842	0.8746232797319228	0.8314611477586461	0.8039790090412865	0.7898164344875551	0.7879618116293283	0.7734620329195557	0.7802061160403803	0.7775084827920504	0.7551687074543194	0.7528082783620308
FGC2639_s_2_1_CCTCCGTCCA-CACATCGGTG_FGC2639_s_2_2_CCTCCGTCCA-CACATCGGTG	0.06730501519204929	0.0012105218559721096	0.0003228058282592292	0.0000807014570648073	0	0.0001614029141296146	0	0	0	0	0.0000807014570648073	0	0	0	0	0	0	0	0	0	0	0	0	0	0	0.0000807014570648073	0	0	0.0000807014570648073	0	0	0.008312250077675153	0.009119264648323225	0.007182429678767851	0.009522771933647261	0.006859623850508621	0.005810504908666126	0.008312250077675153	0.0069403253075734275	0.0077473398782215005	0.00895786173419361	0.00807014570648073	0.009119264648323225	0.007505235507027079	0.00839295153473996	0.008796458820063998	0.009845577761906492	0.011217502532008214	0.011298203989073023	0.012992934587433976	0.014606963728730122	0.013477143329822819	0.017512216183063183	0.017108708897739147	0.019852558437942598	0.020820975922720288	0.023322721091729313	0.023968332748247768	0.029375330371589858	0.03526653673732079	0.039140206676431546	0.041157743103051724	0.047210352382912275	0.05140682815028226	0.05479628934700416	0.058992765114374145	0.05939627239969818	0.07029096910344716	0.07384183321429869	0.07650498129743732	0.09643824119244473	0.09401719748050051	0.11096450346411003	0.11645220254451695	0.12653988467761784	0.13904861052266299	0.15075032179706005	0.15785205001876307	0.15962748207418884	0.1723783122904284	0.17754320554257608	0.20030101643485174	0.2153114874489059	0.23346931528848755	0.2421850726514867	0.2656691966573456	0.27107619428068774	0.29310769205938014	0.2997252115386943	0.3190128597771833	0.34168996921239414	0.34580574352269927	0.3746161636948355	0.3870441880828158	0.4233598437619791	0.4319141982108487	0.451040443535208	0.4902613516687044	0.499219213402898	0.508015672222962	0.5832294302073624	0.5779838354981499	0.6113942387229802	0.6293906636484322	0.6532782949396151	0.6782957466297054	0.7242148756995808	0.7219552349017662	0.7602077255504848	0.804512825479064	0.8009619613682125	0.8211373256344143	0.842684614670718	0.8922353093085096	0.9036142147546474	0.9570385793315499	0.9951296670661389	1.0120769730497483	1.0429049296485047	1.0554943569506148	1.093988951970528	1.1149713308073776	1.141683513095829	1.1667009647859192	1.1959955937004443	1.2135078098835075	1.2532129267593926	1.3074443059069432	1.307121500078684	1.3341564881953945	1.361514282140364	1.3721668744729185	1.4145351394319425	1.3976685349053977	1.4382613678089957	1.4447174843741803	1.485875227477232	1.4782892905131402	1.509762858768415	1.5432539634503102	1.5217066744140064	1.5401873080818473	1.5351031162867645	1.5790047089300197	1.539541696425329	1.5733556069354833	1.6097519640717113	1.6226641972020803	1.6538956610861608	1.6375939667590698	1.6321869691357276	1.6445342920666435	1.6470360372356523	1.6076537261880262	1.6488921707481428	1.6300887312520427	1.6363027434460327	1.619032631634164	1.6421939498117637	1.6319448647645334	1.6354957288753846	1.6066853087032489	1.609994068442906	1.6076537261880262	1.6311378501938854	1.6016818183652308	1.585945034237593	1.5844117065533618	1.6050712795619524	1.6188712287200344
FGC2639_s_2_1_CCTCTACATG-GATACCTCCT_FGC2639_s_2_2_CCTCTACATG-GATACCTCCT	0.047963176729578276	0.0005001953540743969	0.0001667317846914656	0.00011115452312764374	0	0.00005557726156382187	0.00005557726156382187	0	0	0	0	0	0	0.00005557726156382187	0	0	0	0	0.00005557726156382187	0	0	0.00005557726156382187	0.00005557726156382187	0.00011115452312764374	0.00005557726156382187	0	0	0	0.00005557726156382187	0	0	0.009670443512105005	0.010615256958689978	0.009448134465849719	0.008670052803956212	0.00800312566519035	0.009948329819924115	0.006780425910786268	0.007836393880498883	0.00622465329514805	0.009281402681158252	0.007891971142062706	0.00800312566519035	0.007280621264860664	0.0071694667417330216	0.009281402681158252	0.007836393880498883	0.007502930311115952	0.008670052803956212	0.01039294791243469	0.011171029574328195	0.011448915882147305	0.013560851821572536	0.013783160867827823	0.016506446684455094	0.01572836502256159	0.019507618808901478	0.019785505116720586	0.02161955474832671	0.023342449856805187	0.02651035376594303	0.03290173884578255	0.034735788477388674	0.04162736891130258	0.04435065472792985	0.047907599468014456	0.055743993348513335	0.06046806058143819	0.06519212781436305	0.07052754492448995	0.08781207327083855	0.09448134465849718	0.10626372411002742	0.11565628131431333	0.13077329645967287	0.14205548055712872	0.1562832595174671	0.16784332992274203	0.18440535386876097	0.2129720663125654	0.22514348659504238	0.25004209977563463	0.28533366086866147	0.31184401463460454	0.34602403049635494	0.38326079574411565	0.4085484497556546	0.4261108644098223	0.4555112357770841	0.4944708961333232	0.5268168623634675	0.5772254386018539	0.6321357730269099	0.6773200866782971	0.7320081120570978	0.7735243264452728	0.8009794936578009	0.8451634166010392	0.8558898280828567	0.8972948879479041	1.0207875631427161	1.0496877391559036	1.0874246997577388	1.1330536315016364	1.1882974294960755	1.22370014511223	1.2709963947030425	1.263271155345671	1.2974511712074215	1.312623763614345	1.3265180790053004	1.3509720740933822	1.3985462099920136	1.4345046982238063	1.4808561343680338	1.499474516991914	1.4863027060012883	1.486691746832235	1.4757430263041622	1.4783551575976617	1.4503442177694956	1.4825790294765122	1.4802447844908317	1.490415423357011	1.5225946578024638	1.511034587397189	1.5069218700414662	1.5018087619775946	1.471797040733131	1.4396178062876779	1.3973790874991734	1.3929329065740677	1.3829289994925795	1.3830401540157073	1.407994344457863	1.400546991408311	1.4094949305200866	1.3919325158659188	1.3396898899959262	1.3327983095620122	1.2646605868847667	1.2677173362707768	1.2375388832416214	1.2279795942526441	1.2396508191810467	1.224311494989432	1.2238112996353576	1.2058042668886793	1.1836845167862782	1.1598974488369624	1.1356101855335723	1.095427825422929	1.0715296029504855	1.0616924276536892	1.0669166902406884	1.0739750024592938	1.0584689464829875	1.038683441366267	1.0183421636339083	0.9826615617099345	0.9774372991229352	0.9265841047920381	0.9247500551604322	0.8911813891758836	0.9013520280420632	0.9005183691186058	0.8910702346527559	0.9030749231505415	0.8632816038708451	0.8616142860239305
FGC2639_s_2_1_CCTGTCTGTC-ACTGTTGTGA_FGC2639_s_2_2_CCTGTCTGTC-ACTGTTGTGA	0.04864510496550546	0.0010201512078858762	0.0001073843376721975	0	0.00005369216883609875	0.00005369216883609875	0.00005369216883609875	0	0	0	0.00005369216883609875	0.00005369216883609875	0	0	0	0	0	0	0	0	0	0	0.0001073843376721975	0	0	0	0	0	0.00005369216883609875	0.00005369216883609875	0.00005369216883609875	0.007516903637053826	0.0070873662863650344	0.005261832545937677	0.00472491085757669	0.004563834351068393	0.005852446403134764	0.004778603026412789	0.006818905442184542	0.004187989169215703	0.0042953735068879	0.004671218688740591	0.005476601221282073	0.005208140377101578	0.005745062065462566	0.004778603026412789	0.005315524714773776	0.0049933717017571835	0.006281983753823554	0.0063893680914957505	0.008000133156578713	0.00644306026033185	0.009235053039808984	0.007463211468217726	0.009342437377481182	0.01073843376721975	0.01111427894907244	0.01331565787135249	0.01573180546897693	0.014335809079238366	0.01814795306660138	0.023141324768358562	0.025718548872491302	0.028510541651968438	0.029638077197526508	0.03135622660028167	0.03694021215923594	0.041718815185648725	0.045799420017192234	0.049772640511063546	0.05852446403134764	0.064699063447499	0.07119581587666693	0.08461885808569163	0.0946592936580421	0.10566618826944234	0.11248509371162689	0.12392152567371592	0.14276747693518657	0.15619051914421125	0.1753586234186985	0.18706351622496803	0.21836605065641362	0.24123891458059168	0.26416547067360585	0.2874678719484727	0.32054224795150954	0.3422875763301295	0.3597912233706977	0.3977515867378195	0.4189599934280785	0.46169895982161313	0.4970820990846022	0.5353109232959046	0.5834191065730491	0.632923286239932	0.6670715056196909	0.7079849382727982	0.7535158974458098	0.7841741258512223	0.8770078857688369	0.9166327063698779	0.9432103299437467	0.9871842162205116	1.0430240718100543	1.0974142388410224	1.138005518481113	1.1696302059255752	1.1867580077842907	1.2252016006709374	1.2618733519859928	1.2552692152191525	1.31696151721183	1.3493378950199977	1.3856338011532003	1.412050348220561	1.4339030609368533	1.4475408718212224	1.4589236116144753	1.4648834423552821	1.4684271254984647	1.5020921153586986	1.5118640900868685	1.5235152907243021	1.5226025238540883	1.540267247401165	1.5324818829199305	1.569207326403822	1.5343074166603579	1.51583731058074	1.4914073737603148	1.4873804610976076	1.46160822005628	1.4836757014479167	1.4924275249682009	1.461017606199083	1.4624672947576576	1.4632726772901992	1.4220907837929115	1.4358359790149526	1.3834861143997563	1.3704389173725846	1.351754042617622	1.3458479040456512	1.331619479304085	1.3432706799415184	1.3249616503684087	1.31255875936727	1.306062006938102	1.2817394544553493	1.2329332729833355	1.221228380177066	1.2058187277211059	1.196207829499444	1.1877781589921765	1.1845566288620106	1.1721537378608717	1.1497641034562185	1.1245824762720882	1.088555030983066	1.0965551641396447	1.0712661526178422	1.0405542320435937	1.0327688675623594	1.0144061458204137	1.0000703367411754	0.9979226499877314	1.0027549451829803	0.9803653107783271	0.9541635323863108
FGC2639_s_2_1_CGACATCCGA-TACGTTCATT_FGC2639_s_2_2_CGACATCCGA-TACGTTCATT	0.03349000892838148	0.0006862706747619155	0.00020588120242857465	0.00013725413495238313	0	0	0	0	0	0	0	0	0	0.00006862706747619156	0	0	0.00006862706747619156	0	0	0	0.00006862706747619156	0	0.00013725413495238313	0	0.00006862706747619156	0.00006862706747619156	0	0.00020588120242857465	0.00013725413495238313	0	0.00013725413495238313	0.0068627067476191555	0.006794079680142963	0.006039181937904857	0.005833300735476282	0.005627419533047707	0.004803894723333409	0.005627419533047707	0.006450944342762006	0.006245063140333432	0.006450944342762006	0.007205842085000113	0.007823485692285836	0.008166621029666796	0.007068587950047731	0.008029366894714412	0.010568568391333499	0.010019551851523967	0.01187248267338114	0.013794040562714502	0.016127360856905016	0.016950885666619314	0.02299006760452417	0.02511750669628611	0.02950963901476237	0.034382160805571965	0.03891154725900061	0.04097035928328636	0.04769581189595313	0.061764360728572394	0.06931333815095346	0.07947014413742982	0.09086223733847762	0.11440132148281132	0.12826398911300202	0.14260704621552606	0.16127360856905015	0.1772637152910028	0.20045966409795554	0.22969479484281313	0.25968482332990883	0.29269444278595697	0.33311578552943377	0.3716155703835773	0.4136839627464827	0.46961502273957884	0.5105167549553891	0.5400950210376275	0.5822320404680091	0.6201828087823431	0.6829079484555822	0.72943710020444	0.7603192805687262	0.8444560652945372	0.9022400561094903	0.984180774676063	1.0335236361914448	1.0567195849983975	1.0771018240388266	1.1053075487715411	1.1385230494300178	1.173660107977828	1.186561996663352	1.2468851889749244	1.2796889272285439	1.337747426313402	1.3346592082769733	1.3710315540393547	1.3641002202242596	1.355659090924688	1.4548252034277847	1.3857177464792598	1.3851001028719743	1.3820805119030217	1.4207861779595936	1.421197940364451	1.4473448530728799	1.4723251056342135	1.4051392065750221	1.3907275224050217	1.3704139104320692	1.3420709315644022	1.3551100743848785	1.3587473089611166	1.3240906398856398	1.3292376699463542	1.3086495497034967	1.311943648942354	1.312286784279735	1.2796203001610678	1.2383068055404005	1.235355841638924	1.2255421709898289	1.2033070011275426	1.1814835936701138	1.1778463590938755	1.1720130583583994	1.1709150252787803	1.1411995050615893	1.1061310735812555	1.0989938585637316	1.0670136451198262	1.0362687188904924	1.0407981053439213	1.0254942692967304	0.9779357115357298	0.9954356137421585	0.9725141732051105	0.9754651371065867	0.9545338815263484	0.93792613119711	0.8826813418787758	0.8973675343186808	0.8835734937559663	0.8611324426912516	0.8579069705198706	0.8596226472067755	0.8460344878464895	0.8236620638492511	0.8335443615658226	0.7726035256469646	0.7596330098939643	0.7508487452570118	0.7603879076362025	0.7334860971855354	0.7176332445985351	0.7128979769426779	0.7097411318387731	0.6901824176080585	0.6916922130925347	0.6680845018807248	0.6695942973652009	0.6520943951587721	0.6250553305731527	0.6317121561183432	0.6094769862560573	0.6113985441453905	0.6102318839982953	0.6130455937648192	0.6058397516798191
FGC2639_s_2_1_CGAGGCCAAG-GTGTTACCGG_FGC2639_s_2_2_CGAGGCCAAG-GTGTTACCGG	0.057328560365803055	0.001018269278255827	0.00010182692782558268	0.00025456731956395676	0	0.00010182692782558268	0	0.00005091346391279134	0	0	0.00005091346391279134	0	0	0	0	0.00005091346391279134	0	0	0.00005091346391279134	0	0	0	0	0.00005091346391279134	0.00005091346391279134	0.00005091346391279134	0	0	0	0.00005091346391279134	0	0.004531298288238429	0.005447740638668674	0.004684038679976804	0.0036148559378081854	0.005040432927366343	0.005447740638668674	0.004022163649110516	0.005193173319104717	0.004022163649110516	0.005600481030407048	0.005244086783017509	0.005091346391279134	0.0048367790717151775	0.005447740638668674	0.005040432927366343	0.0052950002469303	0.006007788741709379	0.006771490700401249	0.007178798411703579	0.009164423504302441	0.01023360624647106	0.011251875524726887	0.012626539050372254	0.012575625586459463	0.011811923627767592	0.015223125709924613	0.015834087276878107	0.018328847008604883	0.02077269327641887	0.025965866595523586	0.029427982141593395	0.034417501605046946	0.03701408826459931	0.039356107604587715	0.0470440406554192	0.049895194634535525	0.053968271747558826	0.059670579705791454	0.07214437836442533	0.07693024397222772	0.08899673491955928	0.10106322586689082	0.11216236099987935	0.13135673689500166	0.13945197765713552	0.14805635305839723	0.16490870961353118	0.17473500814869988	0.1995298650742293	0.21485481771197945	0.24555563645139267	0.27508544552081166	0.2958072253333177	0.33674165031920195	0.35680155510084177	0.38704415266503983	0.4059330477766854	0.4418270398352033	0.46270156003944773	0.5254778610439195	0.5568914682781118	0.6088741149330718	0.6536779631763281	0.6914557533996193	0.7528573908784457	0.7718481129179169	0.8042799894303648	0.8336061446441327	0.8615576363322552	0.974840093538216	1.003097066009815	1.0420458659031007	1.1125610134223165	1.1791558242202476	1.1994193828575386	1.2228395762574225	1.2479399139664287	1.2417284713690682	1.27349847285065	1.3114290034656795	1.321815350103889	1.39935655564307	1.4610636739053733	1.4868258866452457	1.5052565605816761	1.5178830996320483	1.497008579427804	1.475523097656606	1.460198145018856	1.473792039883571	1.4849420884804725	1.5182904073433507	1.5503149761444965	1.5478711298766825	1.5690511308644037	1.5420669949906243	1.5421179084545371	1.4863167520061178	1.4517974234732451	1.4097938157451924	1.4135104986108262	1.4091319407143261	1.4216566528368728	1.460656366194071	1.4292427589598786	1.4267479992281518	1.3907012667778957	1.3590840056880522	1.3389222739785869	1.300788089507906	1.2545586642750917	1.2463106831212194	1.23246222093694	1.2555260200894347	1.2750258767680336	1.2787425596336675	1.2357715960912716	1.2012013540944861	1.1554301500368866	1.1167359174631655	1.1086915901649443	1.080230963837694	1.083845819775502	1.080230963837694	1.086595146826793	1.0767179348277114	1.0481045681087227	1.0290629326053387	0.9995331235359197	0.9700033144665008	0.9584968716222099	0.9164932638941571	0.9119110521420057	0.9051904749055173	0.9084998500598488	0.9214827833576106	0.9026448017098778	0.869907444413953	0.8657834538370167
FGC2639_s_2_1_CGGTTACGGC-AAGACTATAG_FGC2639_s_2_2_CGGTTACGGC-AAGACTATAG	0.0370336823897901	0.0006574026459726053	0.00014608947688280117	0	0	0	0	0	0	0.00007304473844140058	0	0	0	0	0	0	0	0	0	0	0	0.00007304473844140058	0.00007304473844140058	0	0	0	0.00014608947688280117	0	0	0.00007304473844140058	0.00007304473844140058	0.006062713290636249	0.005697489598429245	0.006062713290636249	0.004601818521808237	0.004090505352718433	0.005624444859987846	0.005332265906222243	0.004382684306484036	0.005332265906222243	0.00489399747557384	0.004455729044925435	0.005332265906222243	0.005259221167780843	0.004820952737132439	0.00620880276751905	0.0055514001215464445	0.00489399747557384	0.007304473844140059	0.007085339628815857	0.007523608059464261	0.007961876490112665	0.009130592305175074	0.011468023935299892	0.0124176055350381	0.013513276611659108	0.015777663503342528	0.016727245103080733	0.019356855686971156	0.01957598990229536	0.02337431630124819	0.02600392688513861	0.02972920854565004	0.03462320602122388	0.038348487681735315	0.042585082511336546	0.04397293254172315	0.057924477584030666	0.06325674349025291	0.06910032256556496	0.07662393062502922	0.08991807302136412	0.10321221541769902	0.10774098920106588	0.13396405030152866	0.14324073208358656	0.16603069047730354	0.1751612827824786	0.18852846991725491	0.20664356505072223	0.22928743396755644	0.25558353980646065	0.27968830349212287	0.30992882520686266	0.3492999392267776	0.38721015847786455	0.41372539853209295	0.43943714646346593	0.47647082885325603	0.5127740638586321	0.5403119302510402	0.5912241129446963	0.6321291664718807	0.674495114767893	0.7375327240428218	0.7910745173203684	0.8547695292412697	0.888370108924314	0.9299325650974709	0.9655783974568745	1.0230646066102567	1.0585643494927772	1.1007842083119068	1.1512581225749148	1.2081599738207656	1.2159757608339956	1.2969093310270674	1.3301446870179046	1.344023187321771	1.3649139825160113	1.3596547613482306	1.389457014632322	1.4196975363470619	1.4513259080921883	1.4701714506100698	1.497563227525595	1.5290455097938385	1.518527067458277	1.534962133607592	1.5299220466551353	1.4999006591557198	1.5088851619840118	1.5108573699219296	1.4906970221121032	1.5174313963816557	1.5166279042588005	1.4973440933102706	1.5115878173063437	1.5025302697396101	1.4599451872282736	1.447089313262587	1.4255411154223738	1.3955197279229583	1.386316090879342	1.386170001402459	1.3430736057220327	1.3671783694076949	1.3738254406058623	1.3413935767378804	1.3204297368051985	1.2795977280164554	1.2519137721471647	1.2590721565144218	1.2289046795381235	1.195596278808845	1.183032583796924	1.2135652844654294	1.1798186153055024	1.1655018465709879	1.1491398251601141	1.0994694030199617	1.0887318264690757	1.0496528914029266	1.039353583282689	1.0366509279603573	1.008528703660418	1.0068486746762657	0.9935545322799308	0.9829630452059278	0.9785073161610023	0.9367257257725211	0.909699172549203	0.8831839324949745	0.8898310036931419	0.8552808424103595	0.8499485765041374	0.8427171473984385	0.8286925576176897	0.8317604366322284	0.831687391893787
FGC2639_s_2_1_CGTTATTCTA-CCATAAGGTT_FGC2639_s_2_2_CGTTATTCTA-CCATAAGGTT	0.03683649290392715	0.0010914516415978415	0.000054572582079892084	0	0.000054572582079892084	0	0	0	0	0	0.000054572582079892084	0	0	0	0	0	0	0	0	0	0	0	0	0	0	0	0	0.000054572582079892084	0	0	0.000054572582079892084	0.005457258207989208	0.00633041952126748	0.0049115323871902865	0.0046932420588707184	0.004147516238071798	0.004311233984311474	0.004856959805110395	0.005402685625909316	0.004420379148471258	0.00447495173055115	0.00392922590975223	0.004584096894710934	0.0049115323871902865	0.0055664033721489915	0.004529524312631043	0.004638669476790826	0.004747814640950611	0.006275846939187589	0.00420208882015169	0.005184395297589748	0.005238967879669639	0.006930717924146294	0.006657855013746833	0.006603282431666941	0.007258153416625646	0.008349605058223488	0.008786185714862626	0.00971391961022079	0.011296524490537661	0.014516306833251292	0.014680024579490969	0.017736089175964923	0.018500105325083414	0.02362992804059327	0.02493967001051068	0.026031121652108517	0.03214325084505643	0.03519931544153039	0.036618202575607585	0.04835130772278438	0.054026856259093155	0.055718606303569805	0.06565081624211017	0.07623789716560923	0.08344147800015499	0.09146364756589911	0.10276017205643678	0.11673075306888915	0.12518950329127243	0.1434167457059564	0.16148027037440066	0.180526101520283	0.19531527126393375	0.2232018607067586	0.25894690196908793	0.27384521687689845	0.2976388626637314	0.31723041963041265	0.34604474296859566	0.37414962273974006	0.41224128503150476	0.45704537491909614	0.49017093224159064	0.5329012640101461	0.5686463052724754	0.6125772338467885	0.6424284362444895	0.688705985848238	0.7204126560366554	0.804509005021769	0.8488219416706414	0.8833118135451332	0.9341734600435926	0.9849805339599721	1.0358967530405114	1.1002378273127043	1.1162821664441924	1.1280698441734491	1.184334176297818	1.2237355805594998	1.2369421454228338	1.2841474289219403	1.3377922771064743	1.3741921893537625	1.3939474640666834	1.4301836585677317	1.4411527475657901	1.4398975781779524	1.4794627001858742	1.482573337364428	1.4913595230792906	1.5158626124331622	1.5308700725051325	1.5298877660276944	1.5633407588426684	1.5702714767668147	1.5671062670061808	1.5798762512128757	1.5489335971735767	1.5270499917595401	1.514880305955724	1.5150440237019638	1.503420063718947	1.5224113222827493	1.5171177818209998	1.5149894511198838	1.508877321926936	1.488194313318657	1.4618357561740691	1.4575790947718374	1.3984224157972345	1.3811774798599887	1.3853795686801402	1.3872350364708566	1.3733736006225639	1.3988589964538736	1.3902911010673307	1.3376831319423146	1.333863051196722	1.2894409693836901	1.2645558719552592	1.2390704761239495	1.2305571533194866	1.2378153067361122	1.2162045642324748	1.2336132179159605	1.1997236444443475	1.1819875552683825	1.1567750223474722	1.121521134323862	1.1121892227882006	1.0913970690157617	1.0638924876474962	1.0555974551713525	1.0474661404414487	1.043154906457137	1.0371519224283487	1.03660619660755	1.014340583118954
FGC2639_s_2_1_CTAGTGCTCT-TGGAACAGTA_FGC2639_s_2_2_CTAGTGCTCT-TGGAACAGTA	0.046401658397216675	0.0004863905492370721	0.00014591716477112165	0.000048639054923707204	0.000048639054923707204	0	0	0.000048639054923707204	0	0	0	0	0.000048639054923707204	0	0	0	0	0	0.000048639054923707204	0	0	0.00009727810984741441	0.000048639054923707204	0	0	0	0.000048639054923707204	0.00014591716477112165	0	0.000048639054923707204	0	0.0047179883275996	0.006128520920387109	0.0044747930529810635	0.005982603755615987	0.003745207229125455	0.005009822657141842	0.00384248533897287	0.005009822657141842	0.004377514943133648	0.005982603755615987	0.005301656986684086	0.005544852261302622	0.005204378876836671	0.0062744380851582305	0.00593396470069228	0.006566272414700474	0.007149941073784961	0.00909550327073325	0.011381538852147488	0.011527456016918609	0.012159763730926802	0.015175385136196649	0.014640355532035871	0.016245444344518207	0.01692639111345011	0.0202338468482622	0.024465444626624727	0.02947526728376657	0.03463100710567953	0.03750071134617826	0.044699291474886924	0.05442710245962837	0.06323077140081937	0.0788925470862531	0.08005988440442208	0.08740438169790185	0.09431112749706828	0.11391266663132228	0.13487609930344008	0.14684130681467206	0.1752951539450408	0.19752320204517496	0.22549065862630663	0.25608462417331845	0.2834197730404419	0.3128950403242085	0.3380414317197651	0.3677112552232265	0.40506604940463364	0.4467983585291744	0.4819643952390148	0.5264691304942068	0.5873652272586882	0.6473371819796192	0.7155291369826569	0.7562400259537997	0.7763765946922144	0.8046845246578122	0.8393641708184154	0.8973419242874743	0.9558060683057704	0.9884428741595779	1.0533273734278032	1.0936491499595566	1.1589227616671718	1.1826586204699407	1.2007037098466362	1.1910245379168185	1.2096532959525983	1.310871169248833	1.3282839509115203	1.3478854900457742	1.3673411120152572	1.397108213628566	1.405230935800825	1.4222059659691988	1.4008534208576915	1.3784308165378623	1.3826137752613012	1.38679673398474	1.3881586275226039	1.4177311729162179	1.4012911723520047	1.4095598116890349	1.4197253741680897	1.4236164985619864	1.41238087687461	1.377847147878778	1.3513875020002812	1.3280893946918253	1.3353366138754577	1.3304240693281633	1.3359202825345422	1.325511524780869	1.3099470272052827	1.3144218202582638	1.307369157294326	1.2668041854879544	1.2350915216776972	1.206540396437481	1.1733685609795128	1.16086832386412	1.1709852472882512	1.154399329559267	1.140780394180629	1.1586309273376294	1.150702761385065	1.1125211032699551	1.0965674932549792	1.0379574320719118	1.0214687924527752	1.0175776680588786	1.0194745912009031	1.0065852416461207	1.0170426384547178	1.00473695755902	0.9793473708888447	0.9738511576824658	0.9514771924175605	0.9276440555049439	0.9032272499332429	0.8861063026000979	0.865483343312446	0.8786645271967708	0.8785672490869234	0.8716118642328331	0.8703958878597406	0.8444226325304808	0.8157255901254936	0.8108130455781992	0.7783221568891628	0.7618821563249498	0.7488468896053961	0.7591097301942984	0.7402864159388237	0.7316773032173276	0.730607244009006	0.7239436934844581	0.7333310310847335
FGC2639_s_2_1_CTATTACTAC-GAGTCTCTCC_FGC2639_s_2_2_CTATTACTAC-GAGTCTCTCC	0.04075476637404546	0.0004759680744414069	0.00017848802791552759	0.00005949600930517586	0	0	0	0	0	0	0	0	0	0	0	0	0	0	0	0.00005949600930517586	0	0.00011899201861035172	0	0	0	0	0.00005949600930517586	0.00005949600930517586	0	0	0	0.005414136846771003	0.007199017125926278	0.005830608911907234	0.0053546408374658275	0.005949600930517585	0.00618758496773829	0.004462200697888189	0.005711616893296883	0.004938168772329596	0.0051166568002451234	0.004521696707193365	0.005949600930517585	0.005711616893296883	0.0045811927164985415	0.0052356488188554755	0.0057711129026020574	0.0057711129026020574	0.006485065014264169	0.007139521116621103	0.008031961256198742	0.008091457265503916	0.009995329563269543	0.011363737777288588	0.013327106084359391	0.012196681907561051	0.01493349833559914	0.014636018289073262	0.016063922512397483	0.018860234949740744	0.021359067340558133	0.02445285982442728	0.0330202851643726	0.0347456694342227	0.03664954173198833	0.04236115862528521	0.04503847904401812	0.05217800016063922	0.053189432318827216	0.06639754638457625	0.07508396374313193	0.07829674824561142	0.09275427850676916	0.10417751229336292	0.12131236297325357	0.1278569239968229	0.14874002326293964	0.1571884565842746	0.1668268100917131	0.1843186368274348	0.20734359242853784	0.22560886728522686	0.25910512052404083	0.27362214679450375	0.311937576787037	0.3454933260351562	0.37827562716230806	0.4094515360382202	0.43408288389056304	0.4807277551858209	0.4904256047025646	0.5286815386857926	0.579193650585887	0.611380991619987	0.6631425197154901	0.7210916327787313	0.784276394660828	0.8063494141130483	0.8382392751006227	0.8804219456979923	0.9560413735248707	0.9934048673685213	1.0160728469137932	1.0631936862834925	1.1506528199621011	1.1789729203913646	1.2354941292312818	1.2681574383398235	1.3028436117647408	1.31777711010034	1.3123034772442639	1.3676347658980774	1.398989162801905	1.4355792085245882	1.4556888596697375	1.492992857504083	1.514351924844641	1.5354135121386734	1.5151848689749134	1.5346995600270112	1.503821131197625	1.5189331175611396	1.5219079180263984	1.532914679747856	1.5164342851703223	1.5477886820741498	1.5456468257391636	1.5473127139997085	1.5568320754885365	1.5006678427044506	1.5098897241467528	1.4689564697447919	1.4430162096877353	1.442599737622599	1.4292726315382396	1.3916711536573685	1.4406958653248334	1.4133277010444525	1.4007740430810605	1.3644219813955978	1.3374107931710482	1.3139693655048088	1.2838048887870845	1.2715487108702184	1.2488212353156412	1.2416817141990202	1.251141579678543	1.2249633355842657	1.2133021177604513	1.1968812191922227	1.1292342566122378	1.1278063523889135	1.0974633876432738	1.061349309995032	1.0871705780334784	1.0730700238281516	1.054864244980768	1.015715870857962	1.0277935607469129	0.9999494283920906	0.9772219528375135	0.9591351660087399	0.927661777086302	0.8841701942842183	0.8917261874659757	0.8764952090838506	0.8644770152042052	0.8560285818828702	0.8550171497246822	0.8363948988121622
FGC2639_s_2_1_CTGCGAGCCA-AATCCGGCCA_FGC2639_s_2_2_CTGCGAGCCA-AATCCGGCCA	0.04471255534896405	0.000634220643247717	0.0003171103216238585	0.00010570344054128618	0	0.00005285172027064309	0	0.00005285172027064309	0.00005285172027064309	0	0.00005285172027064309	0	0	0	0	0	0	0	0	0.00010570344054128618	0.00005285172027064309	0	0	0.00005285172027064309	0.00005285172027064309	0	0.00005285172027064309	0.00010570344054128618	0	0.00005285172027064309	0.00005285172027064309	0.007399240837890032	0.008139164921679036	0.006183651271665242	0.0077163511595138914	0.006712168474371672	0.0065007615932891	0.006183651271665242	0.005126616866252379	0.005338023747334952	0.004756654824357878	0.0068707236351836015	0.0060250961108533115	0.005338023747334952	0.0052323203067936655	0.005972244390582669	0.005020913425711093	0.005655134068958811	0.006183651271665242	0.006183651271665242	0.006342206432477171	0.006923575355454245	0.007452092558160676	0.0099361234108809	0.009354754487903827	0.010676047494669903	0.011204564697376334	0.0099361234108809	0.014428519633885563	0.016384033283899358	0.016384033283899358	0.02003080198257373	0.023254756919082957	0.024734605086660966	0.029755518512372056	0.031763883882656496	0.03784183171378045	0.04032586256650068	0.044923962230046625	0.05438442015849174	0.06500761593289099	0.07129697064509752	0.08033461481137749	0.09122206918712998	0.10850458171563027	0.11294412621836428	0.12737264585224983	0.1365159934590711	0.15792094016868155	0.18048862472424615	0.19962094746221892	0.22218863201778355	0.24882589903418767	0.27297913519787154	0.3067513844508125	0.33666545812399645	0.36684379039853365	0.4016730740568875	0.4300544478422228	0.4619240351654206	0.4993959048373065	0.5348594091389081	0.5954803322893357	0.6360176017369189	0.6997039246630439	0.7327891015524665	0.7739077399230267	0.804984551442165	0.8345286630734543	0.8699393156547852	0.9916568274380764	1.0220994183139667	1.0652264220548113	1.1181838457659958	1.1630021045555012	1.193814657473286	1.2264770206005435	1.2299123824181353	1.2837682853739205	1.2991481359726778	1.3116211419565496	1.3432793223986648	1.3985093700814868	1.4190158375464963	1.4354527225506664	1.4713918923347036	1.4796896124171945	1.451942459275107	1.4777869504874515	1.4549550073305335	1.4599759207562446	1.4667409409508871	1.4751443644739193	1.5137261202714887	1.4998261178403096	1.5200683267039659	1.5156287822012318	1.499773266120039	1.4686436028806302	1.4434333323115334	1.441002153179084	1.4238781958113955	1.4112994863869825	1.4147876999248448	1.4402622290952949	1.4102424519815697	1.422028385601923	1.3722949168272478	1.3414823639094628	1.3456576498108437	1.3122025108795268	1.2770032651792784	1.27467778948737	1.2831869164509435	1.280174368395517	1.2755234170117002	1.2824469923671544	1.2433895710871494	1.2088245460301488	1.186415416635396	1.1480979194391798	1.1214078007025052	1.1133214875010966	1.1181838457659958	1.1345678790498952	1.1339336584066475	1.1040724364537342	1.0758496178292107	1.0675518977467198	1.046464061358733	1.0393290791221965	0.9978933304300122	0.975114238993365	0.979712338656911	0.9650195604216723	0.9476313444526306	0.9540792543256491	0.9357925591120065	0.937800924482291	0.9076754439280244
FGC2639_s_2_1_CTTGCCATTA-ATCACGAAGG_FGC2639_s_2_2_CTTGCCATTA-ATCACGAAGG	0.03102231577238318	0.0002899281847886279	0.000057985636957725565	0	0	0	0	0	0	0	0	0	0	0.000057985636957725565	0	0	0	0	0.000057985636957725565	0	0	0	0	0	0	0	0	0	0	0.000057985636957725565	0	0.006088491880561185	0.005160721689237576	0.004696836593575771	0.004290937134871693	0.004290937134871693	0.0047548222305334965	0.0038850376761676133	0.004580865319660321	0.0031312243957171805	0.003711080765294436	0.004348922771829418	0.0038270520392098876	0.004812807867491223	0.004348922771829418	0.004464894045744869	0.004522879682702595	0.00562460678489938	0.005566621147941655	0.006842305161011617	0.007712089715377501	0.006494391339265264	0.009625615734982445	0.010669357200221505	0.013046768315488254	0.011945041213291468	0.012350940671995546	0.01675784908078269	0.017395691087317672	0.019425188380838065	0.02110677185261211	0.02719526373317329	0.03195008596370679	0.03415354016810036	0.03977814695299974	0.046272538292265006	0.04812807867491222	0.05694189549248651	0.058913407149049184	0.06853902288403163	0.08083197791906944	0.08976176601055919	0.10275054868908971	0.11997228286553421	0.13249718044840295	0.1507626560900865	0.17418885342100762	0.1907147599539594	0.21460484238054234	0.2329283036591836	0.25960169665973737	0.28302789399065853	0.31260056883909854	0.3452464824462981	0.38102362044921473	0.4274121300153952	0.4823245282143613	0.5163620971085462	0.5500517521809848	0.5769570877293694	0.6286802758956606	0.6694441786769417	0.7095702394516878	0.7440716934415346	0.8105232333950879	0.8667113156071241	0.9126359400776428	0.9631994155047795	1.0141687903906202	1.0319123952996843	1.1024229298402786	1.122601931501567	1.1419111486084896	1.1850524625050376	1.2182202468448566	1.2613035751044466	1.3073441708488807	1.344049079043121	1.3412077828321924	1.3657357072653105	1.3722300986045757	1.3762311075546587	1.4019767303638888	1.3967580230376935	1.4125881019271527	1.4252869564208945	1.4429145900560432	1.4456399149930563	1.4680223708587383	1.4775900009567629	1.4436104176995357	1.4407111358516496	1.434274730149342	1.446277756999591	1.4180967374381366	1.4244751575034864	1.4199522778207838	1.4403632220299032	1.4305636493840475	1.4022086729117198	1.4002371612551572	1.3762890931916163	1.335815118595124	1.3297266267145629	1.3295526698036897	1.293369632342069	1.3022414347966007	1.3072861852119229	1.283859987881002	1.2799169645678765	1.251504002458591	1.2321367997147106	1.2056373636250302	1.1929964947682459	1.1829069939376018	1.164003676289383	1.1656272741241993	1.144578487908545	1.1556537445674706	1.1524645345347957	1.0932032135640002	1.0856650807594959	1.05777398938283	1.0367831888041332	1.0455390199847499	1.0357394473388941	1.026867644884362	1.0249541188647573	0.9834943884399834	0.9735788445202124	0.9609959613003859	0.9608799900264704	0.9238271680104838	0.9202320585191048	0.8954142059011982	0.8722779367550658	0.864623832676646	0.8701904538245877	0.8543023892981708	0.8647977895875191
FGC2639_s_2_1_GAACTGAGCG-TCGTGGAGCG_FGC2639_s_2_2_GAACTGAGCG-TCGTGGAGCG	0.03781845219971989	0.0005768916437245406	0.00012819814304989793	0	0	0	0	0	0	0	0	0	0	0	0	0.00012819814304989793	0	0	0	0.00006409907152494897	0	0	0	0.00006409907152494897	0.0001922972145748469	0	0.00006409907152494897	0.00012819814304989793	0.00006409907152494897	0	0.00006409907152494897	0.004871529435896121	0.007435492296894079	0.006153510866395101	0.005768916437245406	0.005320222936570764	0.0049997275789460185	0.004679232221321274	0.0070508978677443854	0.007179096010794283	0.0076277895114689265	0.008909770941967906	0.010704544944666477	0.010448148658566681	0.012178823589740304	0.01224292266126525	0.01301211151956464	0.01352490409176423	0.016281164167337037	0.021280891746283056	0.025703727681504532	0.02884458218622703	0.03134444597570005	0.032946922763823765	0.03698516426989555	0.03794665034276979	0.043587368636965294	0.04768970921456203	0.05762506530092911	0.06538105295544794	0.07429082389741584	0.08493126977055737	0.09153347413762712	0.10352000051279256	0.1175576971767564	0.13101850219699568	0.13832579635083986	0.1499277282968556	0.17409307826176137	0.1860155055654019	0.2171676543265271	0.22864138812949295	0.2509478650201752	0.2851767692144979	0.32357211305794237	0.3445966085181256	0.3770948377812747	0.39927311652890707	0.4341430114384793	0.46715403327382804	0.49702420060445424	0.5506110243993115	0.604069650051119	0.646759631686735	0.6786809693061596	0.7552793597784736	0.8045715457811594	0.8082251928580815	0.8808494408958487	0.9204626670982671	0.9507815279295679	1.0168676706717903	1.0600704448796059	1.0935942592871541	1.1503219375867342	1.1824996714922584	1.2312149658512195	1.2455090588012834	1.2819814304989792	1.2776867927068076	1.3873603040859952	1.3884499883019195	1.3744763907094806	1.4276145210036633	1.4204995240643938	1.4659457657755828	1.4608819391251118	1.446587846175048	1.455497617117016	1.4716505831413031	1.437742174304605	1.4225506943531923	1.4308194745799105	1.431652762509735	1.4301784838646612	1.4414599204530523	1.451651672825519	1.3978725518160868	1.3898601678754683	1.3697330594166344	1.328645554569142	1.3534518952492973	1.3131976783316295	1.3202485761993736	1.3167872263370266	1.3012752510279888	1.282173727713554	1.2694180124800893	1.2284587057756469	1.2010243031629686	1.1871148046420548	1.1523731078755324	1.117695510180535	1.1241695164045549	1.1088498383100922	1.077313095119817	1.0889791261373578	1.0600704448796059	1.0550066182291349	1.0371870763451991	0.9764211565395475	0.9714214289606015	0.9673831874545297	0.9363592368364544	0.9353977507635802	0.9284750510388857	0.9052711871468542	0.9154629395193211	0.8869388526907187	0.8764907040321521	0.8511715707797972	0.8338648214680611	0.8058535272116583	0.7858546168958742	0.792456821262944	0.7792524125288045	0.7665607963668646	0.743356932474833	0.749830938698853	0.7136149632872568	0.7166276196489294	0.7004105545531173	0.6705403872224911	0.6712454770092655	0.6640022819269463	0.6517593592656811	0.6432341827528628	0.63413211459632	0.6374652663156174	0.6201585170038812
FGC2639_s_2_1_GAAGCGGCAC-CGGCTCTACT_FGC2639_s_2_2_GAAGCGGCAC-CGGCTCTACT	0.03917720845432464	0.0008965928302979768	0.00031185837575581804	0.000038982296969477255	0	0	0.000038982296969477255	0.000038982296969477255	0	0.000038982296969477255	0	0	0	0.000038982296969477255	0.000038982296969477255	0	0.000038982296969477255	0.000038982296969477255	0	0	0	0	0	0	0.00007796459393895451	0.000038982296969477255	0.000038982296969477255	0	0.000038982296969477255	0	0.000038982296969477255	0.007484601018139632	0.00849814073934604	0.006782919672689041	0.005964291436330019	0.005613450763604724	0.006665972781780611	0.007016813454505905	0.006081238327238451	0.005691415357543679	0.005730397654513156	0.0058083622484521105	0.007523583315109109	0.005691415357543679	0.006120220624207928	0.006081238327238451	0.006120220624207928	0.006704955078750087	0.006003273733299497	0.007562565612078587	0.008108317769651268	0.009121857490857676	0.01036929099388095	0.011265883824178926	0.010759113963575722	0.012981104890835924	0.013370927860530697	0.01532004270900456	0.017035263775661558	0.019764024563524968	0.022180926975632557	0.026079156672580282	0.03087397919982598	0.03368070458162834	0.03956703142401941	0.047129597036097995	0.049195658775480294	0.05695313587240627	0.06541229431478283	0.07235114317534978	0.08377295618740661	0.09687100796915096	0.11406220093269044	0.1297720666113898	0.1463395428234176	0.15826812569607765	0.18278799048987884	0.202162192083709	0.21576701372605658	0.24531559482892035	0.2725252381136155	0.30597204891342694	0.33275288693145777	0.37399615712516476	0.41905969242188046	0.4558979630580364	0.4987005251305225	0.540567512075741	0.5781464463543171	0.6109305581056474	0.6680006408689622	0.7135319637293116	0.7516566501654603	0.796876114650054	0.8528157108012537	0.9165127840493796	0.9605237973279194	0.9828606534914299	1.0131109159397442	1.051391531563771	1.1609707683449715	1.1656096616843394	1.187478730284216	1.2280593014294419	1.2639619969383304	1.2794769511321822	1.338184290368215	1.3572076512893199	1.366524420265025	1.379427560561922	1.390459550604284	1.3715531365740876	1.406871097628434	1.4383298112828022	1.4182539283435214	1.440200961537337	1.4608225966341906	1.4532210487251425	1.4735698077432096	1.454078659258471	1.4347824222585797	1.4542345884463488	1.4152522914768717	1.4250758303131799	1.4097557876041753	1.4073778674890371	1.4090541062587247	1.4259724231434778	1.4170844594344372	1.3759191538346691	1.3577144211499232	1.3262946897925245	1.3098051781744355	1.307388275762328	1.305673054695671	1.274955004683723	1.2947580115442174	1.2857531009442682	1.2531249183808157	1.2420149637445148	1.218586603265859	1.1873617833933077	1.1647130688540412	1.174653554581258	1.1399593102784231	1.1369576734117735	1.1319679393996804	1.1341509480299712	1.1142699765755377	1.117310595739157	1.0688556006060967	1.0462848506607694	1.02835299405481	1.0099143675882472	1.0196989241275858	1.007848305848865	0.9908910066671421	1.0056263149216047	0.9850826444186901	0.957950965727934	0.9488291082370762	0.9168246424251354	0.8974114585343357	0.8822863273101786	0.88517101728592	0.8692662401223732	0.8589749137224313	0.8454090743770533	0.8468124370679543	0.8357804470255923
FGC2639_s_2_1_GACACCATGT-TCAACGTGTA_FGC2639_s_2_2_GACACCATGT-TCAACGTGTA	0.037793114001885016	0.000869473481638459	0.00011592979755179454	0.00005796489877589727	0	0.00005796489877589727	0	0	0	0	0	0	0	0.00005796489877589727	0	0	0	0	0	0	0	0.00005796489877589727	0	0	0	0	0	0	0.00023185959510358908	0	0	0.006492068662900493	0.005506665383710241	0.005332770687382548	0.00446329720574409	0.005216840889830754	0.004927016395951268	0.003361964129002041	0.005042946193503062	0.005216840889830754	0.0037097535216574253	0.005100911092278959	0.004579227003295884	0.004173472711864603	0.005042946193503062	0.004811086598399473	0.004695156800847679	0.005216840889830754	0.004753121699623576	0.005216840889830754	0.006144279270245111	0.006897822954331775	0.007477471942090748	0.0071296825494353636	0.007883226233522028	0.009158454006591769	0.009564208298023048	0.010839436071092789	0.012404488338042016	0.013158032022128681	0.015418663074388673	0.01820097821563174	0.020287714571564044	0.02440322238465275	0.02648995874058505	0.02880855469162094	0.03315592209981324	0.03506876375941785	0.04092321853578347	0.04579227003295884	0.049965742744823446	0.060573319220812646	0.06805079116290338	0.07767296435970235	0.08862833022834692	0.09743899484228331	0.10839436071092788	0.1230594801012299	0.12816039119350886	0.1440427734581047	0.1657216456002903	0.17511195920198566	0.19586339296375688	0.22623699992232704	0.24948092433146182	0.2767244267561335	0.30709803371470373	0.32976230913607957	0.35683191686442356	0.3799019465772307	0.41317379847459573	0.43757702085924843	0.4849343431591565	0.5238867551365595	0.5645201491784635	0.6136743833404245	0.6634662313889201	0.7119248867655702	0.7394002487853456	0.7709331537194336	0.8630393778743344	0.8999630183945809	0.9284817485923225	0.9730567557509874	1.0197184992655848	1.0603518933074887	1.1464297679896962	1.155530257097512	1.1816144615466657	1.211350454618701	1.240738658298081	1.2687357044068395	1.3078040461817941	1.3600883848776535	1.3613636126507231	1.4274435972552462	1.4516149600447952	1.448484855510897	1.4772354453037417	1.4925961434793547	1.4761920771257757	1.5209409789807684	1.5194338916125951	1.5074931224647603	1.505928070197811	1.5336352918126899	1.5498074985711652	1.5491698846846302	1.5602411803508267	1.5273750827448929	1.5249985218950812	1.5102754376060032	1.4927700381756823	1.4888284250589212	1.5095798588206926	1.463613694091406	1.478916427368243	1.4843071629544013	1.4524264686276578	1.4615269577354737	1.4157926526012907	1.4011854981097647	1.373304381798558	1.3559728770645647	1.3317435493762397	1.33725021475995	1.3550454386841504	1.3158032022128678	1.3087894494609844	1.3142381499459188	1.2603887589831102	1.232797467165783	1.2010327026365915	1.1987720715843313	1.1872370567279278	1.1816724264454417	1.166311728269829	1.14538639981173	1.1495019076248187	1.1104335658498639	1.0998839542726506	1.0542655789360196	1.0453389845245313	1.0390787754567345	1.029166777766056	1.0083573791055087	1.0190229204802739	0.9917794180556022	0.9788532456285772	0.9549717073329075
FGC2639_s_2_1_GACTGAGTAG-GTTGATAGTG_FGC2639_s_2_2_GACTGAGTAG-GTTGATAGTG	0.0395361795844721	0.0007960304614323242	0.00026534348714410806	0.00019900761535808105	0	0	0	0	0	0	0	0	0	0	0	0	0	0	0	0	0	0	0	0.00006633587178602702	0	0	0	0	0	0	0.00006633587178602702	0.006567251306816674	0.008557327460397484	0.005174197999310107	0.005638549101812296	0.005306869742882161	0.005306869742882161	0.004842518640379972	0.005638549101812296	0.0045108392814498365	0.005306869742882161	0.005373205614668188	0.0054395414864542154	0.005704884973598323	0.006567251306816674	0.005174197999310107	0.005638549101812296	0.0049088545121659995	0.006766258922174756	0.006169236076100513	0.008490991588611458	0.00955236553718789	0.007893968742537213	0.009950380767904053	0.010613739485764322	0.01107809058826651	0.015389922254358267	0.014195876562209782	0.01731366253615305	0.019701753920450024	0.024146257330113833	0.029652134688354072	0.030315493406214342	0.034826332687664184	0.04192427096876907	0.04815984291665561	0.053400376787751745	0.05850823891527582	0.06427945976066017	0.07296945896462971	0.08013373311752063	0.0972483880383156	0.11409769947196646	0.125242125932019	0.14129540690423756	0.16365059569612864	0.18129593759121182	0.19715021094807225	0.21254013320243054	0.2453763897365139	0.27217608193806886	0.3035529492928596	0.34070103749303476	0.3809005757953671	0.4159259160983894	0.4626263698357524	0.49473293178018946	0.5357948364157402	0.5852813967681164	0.5984822352535357	0.6445193302730384	0.6890970361132486	0.7354658104916815	0.810690689097036	0.8450526706821981	0.9036272454692599	0.9446891501048107	1.0005439541486454	1.0004112824050733	1.0337118900416589	1.139650277283944	1.1490699710775598	1.18880515827739	1.2100989731207048	1.2429352296547882	1.284395149521055	1.3151749940297714	1.333417358770929	1.3192214822087192	1.3528537692042348	1.365391248971794	1.3649932337410777	1.411693687478441	1.3933849868654975	1.3951097195319342	1.4458566614482449	1.4540159736779261	1.4544139889086423	1.4411468145514368	1.4381617003210656	1.405126436171624	1.4000185740441	1.4022076578130391	1.4151431528113143	1.4207817019131266	1.4042640698384057	1.41421445060631	1.4317271207578208	1.395242391275506	1.360681402074986	1.363003157587497	1.3275134661819725	1.3245283519516013	1.3051582773900814	1.3143789635683392	1.3062859872104438	1.2930188128532385	1.2910950725714438	1.2635656857802424	1.237628359911906	1.2151404993764428	1.2043940881471065	1.1869477538673814	1.1977605009685037	1.1608777562554728	1.168970732613368	1.1583569931276037	1.1434314219757475	1.1330166901053413	1.1162337145434764	1.0947408920848036	1.0614402844482183	1.029002043144851	1.0359673096823838	1.0352376150927374	1.0169952503515802	1.0126834186854883	0.9958341072518375	0.99729349643113	0.9677076976145621	0.9597473930002388	0.9391169368747845	0.9153023589036007	0.9187518242364742	0.9008411388542468	0.8768938891394912	0.8940748799320721	0.8703266378326744	0.8705919813198185	0.8590495396290498
FGC2639_s_2_1_GAGAATGGTT-TCGGCAGCAA_FGC2639_s_2_2_GAGAATGGTT-TCGGCAGCAA	0.042912333422682795	0.00043035291398105957	0.00024591595084631974	0.00006147898771157993	0	0	0	0	0	0	0	0	0	0.00006147898771157993	0	0	0	0	0	0	0.00006147898771157993	0.00006147898771157993	0	0	0.00006147898771157993	0	0	0	0	0	0	0.006516772697427473	0.005840503832600093	0.005656066869465354	0.005041276992349555	0.005410150918619035	0.005840503832600093	0.0035043022995600564	0.0057175458571769346	0.004918319016926395	0.004365008127522175	0.005225713955484295	0.005471629906330614	0.004365008127522175	0.004057613188964276	0.004672403066080075	0.005840503832600093	0.004979798004637975	0.006086419783446414	0.005840503832600093	0.007561915488524333	0.006270856746581154	0.007070083586831693	0.00959072208300647	0.00842262131648645	0.01063586487410333	0.01069734386181491	0.013033545394854946	0.014877915026202344	0.016107494780433943	0.018074822387204502	0.022685746465572997	0.024284200146074075	0.02662040167911411	0.03270682146256053	0.032214989560867886	0.03682591363923638	0.04358860228751017	0.04690846762393549	0.050105374984937646	0.058220601362866206	0.06178638265013783	0.07266816347508749	0.08023007896361181	0.09664496868260365	0.10402244720799327	0.11269098447532604	0.12683115164898942	0.13611447879343797	0.15548035992258566	0.16716136758778585	0.18794126543429987	0.2049709450304075	0.2295010611273279	0.26675732768054533	0.2847706710800383	0.3180922824197146	0.33592118885607275	0.3643859601665343	0.402625890523137	0.41627422579510776	0.4652115000135254	0.4910941538401005	0.537572268550055	0.5607498469173207	0.6193393222064563	0.6431931694385493	0.7054099050026682	0.7457401209414646	0.7577900025329343	0.8535742653875757	0.8872647506535216	0.9194182612266779	0.9738886443391378	1.0262072628816923	1.07748073863315	1.0988139473690681	1.157096027719646	1.1787981103818337	1.2086768984096616	1.2151321921193774	1.245933164962879	1.2978829095791642	1.3302823361031666	1.3631121155411503	1.4043030373079088	1.4292020273310988	1.4237303974247681	1.4699625961838763	1.4608022270148509	1.4510885469564212	1.4754957050779185	1.487422628693965	1.494554191268508	1.5050670981671885	1.5198835342056791	1.5466883728479282	1.5328556006128224	1.5376509616543257	1.5171784587463697	1.496767434826125	1.4820124777753458	1.4605563110640045	1.4665197728720278	1.4976896196417988	1.477340074709266	1.48607009096431	1.477585990660112	1.4510270679687096	1.4518262948089602	1.4000609871558098	1.3624973256640345	1.3544435782738176	1.3752849551080433	1.365202401123344	1.3521073767407776	1.3551813261263566	1.3269624707667413	1.3107320180108843	1.3035389764486294	1.2679426425636247	1.2512818368937866	1.2125500746354911	1.198225470498693	1.189433975255937	1.1795358582343727	1.1812572698902968	1.1800276901360653	1.1536532044077974	1.1329962645367067	1.1234055424537002	1.0737305203827436	1.0677670585747203	1.0409622199324715	1.0484626564332844	1.0238095823609408	1.038810455362566	1.0010008779199446	0.999894256141136	1.001677146784772
FGC2639_s_2_1_GAGTCATAGG-GTGTGGCGCT_FGC2639_s_2_2_GAGTCATAGG-GTGTGGCGCT	0.04961971664317911	0.0007395892724593092	0.0003361769420269587	0.00006723538840539174	0	0	0.00006723538840539174	0	0	0	0.00006723538840539174	0	0	0.00013447077681078348	0	0.00006723538840539174	0	0	0	0	0	0	0	0	0	0	0	0.00006723538840539174	0.00013447077681078348	0	0	0.0068580096173499585	0.007799305055025442	0.007261421947782307	0.005378831072431339	0.005715008014458298	0.005177124907215164	0.0069252450057553485	0.006252891121701431	0.005647772626052906	0.006723538840539174	0.007059715782566133	0.006320126510106824	0.0076648342782146585	0.00658906806372839	0.005109889518809772	0.006656303452133782	0.006992480394160741	0.006790774228944566	0.008202717385457792	0.00847165893907936	0.009547425153565627	0.008606129715890143	0.010690426756457287	0.011497251417321988	0.012169605301375905	0.012169605301375905	0.014253902341943049	0.014926256225996967	0.017481200985401853	0.020708499628860656	0.02205320739696849	0.02877674623750767	0.030054218617210107	0.03267639876502038	0.035769226631668406	0.041080822315694356	0.0455855933388556	0.048342244263476664	0.05762072786342072	0.06494938519960843	0.07281592564303926	0.08626300332411761	0.09184354056176511	0.1155776326688684	0.125461234764461	0.13789978161945846	0.15591886571210345	0.1683574125671009	0.1848973181148273	0.20553858235528255	0.22772626052906184	0.2505190571984896	0.27707703561861935	0.3239401013371774	0.3584990909775488	0.39299084522951466	0.4258017147713459	0.4495358068784492	0.49518863560571014	0.517981432275138	0.5656513226545608	0.5944953042804737	0.6407532515033832	0.7085265230160182	0.7640629538388718	0.7964031756618651	0.8534860204180428	0.8994077906989253	0.9186371117828672	1.0315925643039254	1.0345509213937627	1.0566041287907313	1.099836483535398	1.1427998967264434	1.202639392407242	1.2472164549200166	1.2716901362995794	1.2643614789633917	1.3297142764934324	1.3245371515862172	1.3166706111427864	1.3436320018933485	1.3732828081801263	1.3670299170584248	1.4405854319739235	1.4543686865970287	1.4727239476317007	1.4885242639069678	1.4779683079273214	1.45887345762019	1.453561861936164	1.4337274223565735	1.4433420828985446	1.4633109932549457	1.4832126682229418	1.4478468539217058	1.4955839796895338	1.4718498875824306	1.435878954785546	1.4213561108899815	1.415439396710307	1.3978237249480943	1.3789978161945846	1.3824268210032595	1.366895446281614	1.3990339619393914	1.3949326032466625	1.3728793958496939	1.3515657777251848	1.314855255655841	1.2828512107748744	1.2810358552879288	1.2551502307518532	1.2412325053519369	1.2557553492475015	1.2560915261895285	1.2349796142302356	1.2359209096679111	1.2109093451811053	1.1799810665146249	1.1602810977118452	1.1232343987004745	1.10185354518756	1.1121405596135847	1.1048791376658025	1.0951300063470206	1.0867255827963467	1.0601003689878117	1.0531078885936507	1.0420140495067611	1.0134390094344696	0.9831830846520433	0.9651640005593984	0.9435814408812677	0.9392111406349173	0.9546752799681573	0.9256295921770281	0.9229401766408124	0.925965769119055
FGC2639_s_2_1_GATAGGCCGA-CGCACATGGC_FGC2639_s_2_2_GATAGGCCGA-CGCACATGGC	0.031649494026538404	0.000456483086921227	0	0	0	0	0.00007608051448687117	0	0	0	0	0	0	0	0	0	0	0	0	0.0002282415434606135	0	0	0	0	0	0.00007608051448687117	0.00007608051448687117	0	0	0	0	0.006162521673436565	0.00646684373138405	0.0039561867533173005	0.005401716528567853	0.004640911383699141	0.003423623151909203	0.0035757841808829447	0.00524955549959411	0.004412669840238528	0.005021313956133497	0.005325636014080981	0.004945233441646626	0.005097394470620368	0.0035757841808829447	0.004945233441646626	0.004869152927159755	0.0047930724126728835	0.007379809905226503	0.0056299580720284665	0.007684131963173988	0.0066950852748446634	0.006619004760357792	0.009205742252911412	0.008597098137016443	0.01171639923097816	0.014607458781479263	0.011640318716491288	0.017346357303006626	0.017346357303006626	0.01947661170863902	0.023356717947469446	0.02989964219334037	0.03005180322231411	0.036214324895750674	0.03979010907663362	0.04435493994584589	0.050973944706203686	0.05957104284322012	0.05941888181424638	0.07379809905226503	0.08041710381262282	0.08931852400758675	0.1065888007961065	0.12271786986732319	0.13732532864880245	0.15337831720553227	0.16448607232061546	0.18715806563770307	0.2045044229407097	0.22504616185216492	0.2506092147197536	0.2778460389060535	0.3187773556999902	0.3438078449661708	0.3805547334633296	0.42049700356893693	0.4557222817763583	0.48265478390471067	0.52084720217712	0.5765381387815097	0.5994383736420579	0.6579442892824618	0.7023753097427946	0.7586748904630793	0.8158874373572064	0.8447219523477305	0.9162376359653895	0.9338122348118568	0.9812864758516643	1.0819409965177949	1.0935052347197993	1.1129818464284382	1.1962900097915623	1.2451337000921336	1.2712293165611304	1.3159646590794105	1.3410712288600781	1.3673190063580487	1.3985120172976657	1.411369624245947	1.3975990511238232	1.446290580395421	1.4595285899161365	1.4449211311346573	1.5047964960358249	1.5180345055565405	1.5062420258110754	1.5383480029245349	1.5048725765503117	1.4950581901815052	1.4996991015652046	1.5077636361008129	1.483417871465014	1.498329652304441	1.4955907537829134	1.4912541644571617	1.4901890372543456	1.4530617461847524	1.4265096466288345	1.4322917657298366	1.4079460010940377	1.4023160430220094	1.3668625232711273	1.3876325037260433	1.35050521265645	1.3435818858381448	1.342745000178789	1.3327784527810091	1.3117802307826327	1.2719140411915122	1.242470882085093	1.2178207953913467	1.2114300321744496	1.1957574461901541	1.1916490984078631	1.1848779326185315	1.144479179426003	1.1404469121581988	1.147370238976504	1.1145034567181755	1.066420571562473	1.0451180275061491	1.0214569875007324	1.0188702500081785	1.0131642114216632	0.9995457993285134	0.9854709041484422	0.9818190394530724	0.9616577031140515	0.9353338451015941	0.9345730399567255	0.8988912786623828	0.8714262129326223	0.8803276331275863	0.8653397717736726	0.8676982677227656	0.8409179266233869	0.8263865483563946	0.8326251505443181
FGC2639_s_2_1_GATCAAGGCA-CCTTGTTAAT_FGC2639_s_2_2_GATCAAGGCA-CCTTGTTAAT	0.03875181241752648	0.0008888030370992313	0.00011850707161323084	0.00005925353580661542	0	0	0	0	0	0	0	0	0	0	0	0	0	0	0	0	0	0.00005925353580661542	0	0	0	0.00005925353580661542	0.00005925353580661542	0.00011850707161323084	0.00005925353580661542	0.00011850707161323084	0.00011850707161323084	0.00634012833130785	0.008176987941312929	0.006221621259694619	0.006103114188081388	0.006399381867114465	0.007406691975826928	0.008058480869699697	0.008295495012926158	0.010132354622931238	0.010310115230351084	0.01475413041584724	0.013865327378748007	0.013924580914554625	0.015879947596172932	0.01540591930972001	0.017953821349404472	0.023049625428773396	0.024530963823938785	0.02956751436750109	0.03093034569105325	0.036500178056875096	0.04414388417592849	0.045625222571093874	0.045980743785933566	0.05421698526305311	0.053742956976600184	0.06073487420178081	0.07371139854342959	0.08431778145281374	0.09071716331992821	0.10055325026382636	0.12176601608259469	0.13124658181165316	0.14493414858298131	0.15779216585301686	0.1672134780462687	0.1694651124069201	0.19417383683827874	0.2128979541531692	0.2324516209693523	0.25609378175619185	0.2867871133040186	0.32097640346443573	0.3734157826532904	0.39966509901562103	0.4256774012347252	0.4412018276160584	0.4607554944322415	0.48350885218198186	0.5319782444717932	0.5793218195812789	0.6271986765130242	0.6964660598709577	0.7698811907353542	0.8240981759984072	0.8576356772649516	0.8821666410888903	0.8799742602640456	0.9164744383209207	0.9666621831491239	1.0157241107970016	1.0825620991868636	1.12516539143182	1.2004766354420284	1.255700930813794	1.2918455876558292	1.2913715593693764	1.2731214703409388	1.2625150874315547	1.3754523266789636	1.3614684922286024	1.3599279002976306	1.408989827945508	1.4463195555036759	1.4677693354656705	1.5125650085354718	1.4906412002870242	1.4438309069997979	1.41823337953134	1.3981464308928975	1.3829182721905973	1.383155286333824	1.4079825178367957	1.4275954381887854	1.4267066351516862	1.434409594806546	1.4344688483423527	1.3882510904131926	1.353054490144063	1.2959933351622925	1.2621003126809085	1.2782765279561146	1.2702773006222214	1.2852091916454886	1.282957557284837	1.2864535158974275	1.2696255117283486	1.2349621932814785	1.1908775626413566	1.1385566905241153	1.100397413464655	1.090087298234304	1.0927537073456017	1.1006344276078814	1.0912131154146294	1.0838656769746091	1.0864728325501003	1.0443435685915967	0.993918809620167	0.9670769578997703	0.9409461486090528	0.9030831392286257	0.9202666646125441	0.9081789433079945	0.9030238856928189	0.9075271544141218	0.8902843754943968	0.8840035006988954	0.8563913530130127	0.8146176102693488	0.7902644070528299	0.7590970472185501	0.7455872410546418	0.757734215894998	0.7478388754152931	0.7488461855240057	0.7554825815343466	0.7330254914636394	0.7124052610029372	0.6903036921470697	0.6514926261937366	0.6292132967304491	0.6120890248823373	0.6087708268771668	0.6132740955984696	0.6130963349910498	0.6053933753361898	0.6125630531687902	0.5989347399332686
FGC2639_s_2_1_GCAACATGGA-CTTGTCTTAA_FGC2639_s_2_2_GCAACATGGA-CTTGTCTTAA	0.04654545240635577	0.0008088467242810639	0.00007353152038918763	0	0	0	0	0	0.00007353152038918763	0	0	0	0.00007353152038918763	0	0	0	0	0	0	0.00007353152038918763	0	0	0	0	0	0	0	0	0	0.00007353152038918763	0	0.009264971569037642	0.010882665017599769	0.008235530283589015	0.00992675525254033	0.008161998763199826	0.00897084548748089	0.0074266835593079505	0.007867872681643077	0.007573746600086326	0.007573746600086326	0.008529656365145764	0.006544305314637699	0.006764899875805262	0.00808846724281064	0.0068384313961944495	0.007573746600086326	0.006029584671913385	0.005956053151524198	0.0068384313961944495	0.007500215079697139	0.006911962916583638	0.008676719405924141	0.008456124844756578	0.007941404202032265	0.009412034609816017	0.008676719405924141	0.009559097650594392	0.009338503089426829	0.008676719405924141	0.009853223732151143	0.011765043262270021	0.014706304077837526	0.014706304077837526	0.014559241037059151	0.017868159454572593	0.01669165512834559	0.020147636586637412	0.02051529418858335	0.018897600740021222	0.02382421260609679	0.025662500615826485	0.03176561680812906	0.031177364645015554	0.03632457107225869	0.035662787388756	0.04095705685677751	0.047280767610247645	0.049119055619977335	0.052648568598658345	0.06389889121820405	0.06823725092116611	0.07934051049993344	0.0832376810805604	0.08757604078352246	0.09676748083217092	0.1117679109915652	0.11816515326542452	0.11919459455087314	0.1307390432519756	0.14691597773759688	0.15838689491831015	0.17566680220976924	0.18809362915554195	0.2097118961499631	0.2275800556045357	0.24390405313093536	0.26559585164574573	0.2794933089993022	0.2942731445975289	0.3739077811790191	0.3863346081247918	0.39795258834628344	0.4212620803096559	0.45913081331008754	0.47170470329663866	0.5014849690542597	0.5320740815361616	0.5470009801751669	0.6013407737427765	0.6276650580421056	0.6721516278775642	0.7062702533381472	0.7511980122959407	0.8156851556772584	0.8407594041299714	0.8734809307031599	0.9020846921345539	0.9434094065932773	0.9992198305686708	1.008705396698876	1.0849575833424634	1.1322383509527112	1.1830486315416398	1.2390061185578116	1.2602567279502868	1.3135670802324477	1.3714363867787385	1.3934958428954949	1.4142317316452457	1.434011710629937	1.4568800134709745	1.522102472056184	1.5768834547461288	1.6064431259425822	1.6588710999800729	1.6946074188892182	1.7234317748817798	1.7334320616547092	1.710269632732115	1.7281377921866878	1.7265200987381255	1.7580651209850873	1.8083606809312913	1.8197580665916153	1.8719654460679385	1.8946131543478084	1.8948337489089762	1.9214521592898621	1.8843922730137113	1.8094636537371291	1.848141233461842	1.8474794497783393	1.8711565993436576	1.9087312062625323	1.8762302742505115	1.8801274448311385	1.8769655894544035	1.8885835696758952	1.8279935968752044	1.8163020851333238	1.792110214925281	1.7239464955245039	1.775712685878492	1.8114490047876373	1.7889483595485458	1.785565909610643	1.7821834596727406	1.758800436188979	1.715416839159358
FGC2639_s_2_1_GCCGCACTCT-TCCGACCTCG_FGC2639_s_2_2_GCCGCACTCT-TCCGACCTCG	0.0406802502902054	0.00036781419792229113	0.0002942513583378329	0.00007356283958445823	0	0	0	0	0	0	0	0	0	0	0	0	0	0.00007356283958445823	0.00007356283958445823	0	0.0002942513583378329	0.00007356283958445823	0.00014712567916891646	0	0	0	0	0.00014712567916891646	0.00007356283958445823	0.00007356283958445823	0	0.004413770375067494	0.005443650129249909	0.003972393337560744	0.00456089605423641	0.0030896392625472456	0.003531016300053995	0.00500227309174316	0.004855147412574244	0.0038988304979762868	0.004413770375067494	0.004928710252158701	0.007356283958445823	0.005958590006341117	0.007429846798030281	0.006032152845925575	0.006547092723016783	0.007282721118861365	0.011770054333513316	0.012726371248111275	0.01537463347315177	0.015889573350242978	0.02000909236697264	0.02214241471492193	0.026261933731651588	0.02618837089206713	0.0317055838609015	0.03626647991513791	0.04627102609862423	0.05502500400917476	0.05833533179047537	0.06797206377603941	0.08246394317417768	0.09298342923475521	0.10350291529533273	0.1238062590206432	0.13285448828953159	0.1546290888065312	0.17147497907137213	0.188467995015382	0.2127437320782532	0.2559251189143302	0.2770376538750697	0.3217638603424203	0.36016366260550753	0.39341406609768265	0.4460850592401547	0.4655792117300362	0.5217076583329778	0.5723924548066696	0.6083646833634696	0.6442633490806853	0.7069388884066435	0.7487961441302003	0.8176509619812533	0.8839310804468502	0.96610077226269	0.9777237009170344	1.0142108693509255	1.0669554253329823	1.092923107706296	1.134191860713177	1.1628813681511156	1.225998284514581	1.2515981526899724	1.3094921074429409	1.338549429078802	1.3353862269766703	1.348333286743535	1.362457351943751	1.4081398753256995	1.4030640393943719	1.4057858644589967	1.4291788474468545	1.4245443885530336	1.4121122686632601	1.4416845301762125	1.4497028796909184	1.407919186806946	1.4260892081843073	1.4100525091548954	1.3731975265230818	1.3681952534313386	1.3720205210897305	1.3547332537873829	1.3601033410770482	1.3661354939229737	1.323616172643157	1.3293540741307448	1.3447287076038965	1.29198415162184	1.254908480471273	1.2337223826709491	1.2229822080916182	1.2063570063455307	1.2063570063455307	1.1880398592890005	1.2118742193143648	1.167883641242859	1.1464032920841971	1.1185229758816873	1.0940265503000628	1.0860082007853569	1.0409877429596683	1.0573922561870026	1.0276728689948815	1.040914180120084	1.0276728689948815	0.9939075256256152	0.9742662474565648	0.9594801167000887	0.9390296472956093	0.9102665770180861	0.9076918776326302	0.8837103919280968	0.8876827852656575	0.8876827852656575	0.8644369279569688	0.8615679772131748	0.8612737258548369	0.8216233553188139	0.7987453122080475	0.7830764273765578	0.7741753237868384	0.7663040999513014	0.7554167996928015	0.7438674338780417	0.7349663302883223	0.733642199175802	0.7226077732381332	0.7069388884066435	0.6900929981418027	0.6842079709750459	0.666700015153945	0.6590494798371613	0.6374220049993305	0.6401438300639556	0.6226358742428545	0.61711866127402	0.6254312621470639
FGC2639_s_2_1_GCGTGGATGG-TTGACCAATG_FGC2639_s_2_2_GCGTGGATGG-TTGACCAATG	0.03989055311347202	0.0008199497042851392	0.00016398994085702783	0.00004099748521425696	0	0	0	0	0	0	0	0	0	0	0.00004099748521425696	0	0	0	0	0.00004099748521425696	0	0.00004099748521425696	0	0	0	0.00004099748521425696	0	0.00004099748521425696	0.00004099748521425696	0.00004099748521425696	0.00004099748521425696	0.005985632841281515	0.0059036378708530015	0.0055756579891389465	0.004837703255282321	0.004509723373568266	0.005247678107424891	0.004960695710925092	0.0052886755926391475	0.004960695710925092	0.005206680622210634	0.005616655474353203	0.006272615237781315	0.006313612722995571	0.00565765295956746	0.005780645415210232	0.006149622782138544	0.006272615237781315	0.007625532249851795	0.008445481954136932	0.009716403995778899	0.011479295859991948	0.011766278256491746	0.012340243049491344	0.01697295887870238	0.017874903553416033	0.018530863316844146	0.020252757695842935	0.024434501187697143	0.02673036035969554	0.030174149117693123	0.03410990769826179	0.03722571657454532	0.041981424859399125	0.048131047641537666	0.05288675592639147	0.05674051953653163	0.06149622782138543	0.06842480282259486	0.0842908296005123	0.08822658818108098	0.09995186895235846	0.10806937102478134	0.12746118153112487	0.1366036207339042	0.1484928914460387	0.16661377991074028	0.17797008331508946	0.19670593405800488	0.21827061128070405	0.23425963051426427	0.2504126396886815	0.28554748451729967	0.3187144500556336	0.3397461599705474	0.3722161682602389	0.4028412897152889	0.4202652209313481	0.44904545555175646	0.4760627983079518	0.5168142986109232	0.5557209120792531	0.6091406353134299	0.658460610026181	0.6966292687606542	0.7435303918457642	0.7928913640437296	0.814005068929072	0.8422933337269092	0.8490169213020473	0.9855385470655229	0.9989447247305849	1.0454358729635524	1.1183294016745013	1.1627296781615415	1.1891730561247373	1.2321384206292787	1.2525551682659786	1.2475944725550536	1.2731769033287499	1.3050729468254416	1.341519711180916	1.3791964000928183	1.4280654024682127	1.4575425943372633	1.479025276589534	1.4863228289576718	1.474884530582894	1.4693498700789693	1.4744335582455372	1.463733214604616	1.4714407418248965	1.4985400795515202	1.51539004597458	1.5324449998237109	1.5609382520476194	1.5342898866583525	1.5250654524851446	1.4867738012950285	1.4379867938900628	1.4280244049829982	1.4115844134120812	1.4042868610439436	1.412814337968509	1.428639367261212	1.4272864502491418	1.413757280128437	1.40945254418094	1.366364187220756	1.3214719409111446	1.295684522711377	1.2585817985924743	1.242879761755414	1.2418138271398431	1.25661391930219	1.2566549167874042	1.2480454448924103	1.240009937790416	1.2125416226968637	1.170765185263536	1.1132867109931477	1.0973386892448016	1.077126929034173	1.07315017296839	1.0775779013715299	1.0842604914614538	1.0730271805127474	1.0703213464886063	1.0401471973709133	1.008005168962936	0.9698365102284625	0.939252386258627	0.9192456134740694	0.9046915062230083	0.9027646244179381	0.9084632748627199	0.910226166726933	0.8852586982314505	0.872877457696745	0.8648419505947506
FGC2639_s_2_1_GCGTTGGTAT-ACATACTTCC_FGC2639_s_2_2_GCGTTGGTAT-ACATACTTCC	0.032980566201365843	0.0005996466582066517	0.0002248674968274944	0.00014991166455166293	0	0.00007495583227583147	0	0.00007495583227583147	0.0002248674968274944	0	0	0	0	0	0	0	0	0	0	0	0	0	0	0.00007495583227583147	0	0	0	0	0	0	0.00007495583227583147	0.0077954065566864725	0.00719575989847982	0.006671069072549001	0.007945318221238135	0.006746024904824831	0.006221334078894011	0.006521157407997338	0.007345671563031484	0.006746024904824831	0.007495583227583147	0.006146378246618181	0.00869487654399645	0.00764549489213481	0.007870362388962304	0.008470009047168957	0.008769832376272282	0.010044081524961416	0.013866828971028823	0.015141078119717955	0.01791444391392372	0.020687809708129484	0.022186926353646115	0.0228615288441286	0.02293648467640443	0.029382686252125936	0.031856228717228374	0.03560402033101995	0.04040119359667316	0.048346511817911296	0.05561722754866694	0.06326272244080175	0.06783502820962749	0.0774293747409339	0.08687380960768866	0.09009691039554943	0.09999108025595918	0.10553781184437072	0.12135349245457115	0.13477058643194498	0.14159156716904564	0.15088609037124873	0.18416647990171792	0.18776435985095782	0.20545393626805403	0.21639748778032544	0.2291399792672168	0.2498277889753463	0.2564988580478953	0.280184901047058	0.31646352386856047	0.33220424864648507	0.3552156891551653	0.3670587106547467	0.3875966086983245	0.4022129959921117	0.4204272632351387	0.44141489627237146	0.4570806652180203	0.49223495055538524	0.515021523567238	0.5388574782309524	0.5729623819164557	0.5916263841531377	0.6273053603164335	0.6638088506347635	0.6910178177508903	0.7009869434435758	0.7261721030882552	0.7348669796322517	0.8012028911963626	0.8301358424548335	0.8527725038021347	0.8829797042092947	0.9224814278186579	0.9412953417198916	0.9733764379339473	0.9736013054307749	0.9690289996619491	1.017600378976688	1.0147520573502065	1.0586761750638436	1.0761408839841125	1.1006514411383093	1.1112951693214774	1.1638392077468351	1.1697607184966259	1.1889494115592387	1.1992933164133035	1.1893991465528937	1.2220049335928804	1.2380454816999085	1.2392447750163218	1.244866462437009	1.2898399618025078	1.314200607292153	1.3025074974571234	1.3402102810918666	1.3371370919685575	1.3180233547382205	1.3201221180419438	1.3032570557798817	1.3348884170002826	1.3544518892242745	1.3570003875216528	1.367194380711166	1.377838108894334	1.3857834271155722	1.3740903172805425	1.398675830267015	1.359174106657652	1.344857542692968	1.3342887703420758	1.3567755200248255	1.3644210149169602	1.37071730482813	1.3825603263277113	1.3710171281572334	1.3789624463784713	1.377838108894334	1.3362376219812475	1.3419342652342108	1.316899017254083	1.316449282260428	1.323495130494356	1.3021327182957443	1.308429008206914	1.3103778598460858	1.3335392120193177	1.286691816846923	1.298759705843332	1.2636803763382427	1.2691521520943783	1.2409687591586658	1.2493638123735589	1.228900870162257	1.2503382381931447	1.225677769374396	1.2415684058168726	1.2349722925765991
FGC2639_s_2_1_GGAGCGTGTA-ATCCGTAAGT_FGC2639_s_2_2_GGAGCGTGTA-ATCCGTAAGT	0.037614583951706235	0.000630412021536976	0.00036774034589656933	0.00010506867025616267	0	0.00010506867025616267	0	0	0	0	0.000052534335128081334	0	0	0	0	0	0	0	0	0	0	0	0	0	0	0.000052534335128081334	0.000052534335128081334	0	0.000052534335128081334	0	0.000052534335128081334	0.0035723347887095308	0.002836854096916392	0.0030469914374287176	0.003099525772556799	0.002994457102300636	0.0032045944428129615	0.0035723347887095308	0.0036774034589656937	0.0035198004535814498	0.003729937794093775	0.004360349815630751	0.005463570853320459	0.005358502183064296	0.005358502183064296	0.004885693166911564	0.007670012928699874	0.006409188885625923	0.007932684604340282	0.008930836971773827	0.010664470031000512	0.011347416387665569	0.012870912106379927	0.01570776620329632	0.017441399262523003	0.017861673943547655	0.020383322029695557	0.022537229769946893	0.025058877856094796	0.029892036687878282	0.03609108823299188	0.04239520844836164	0.0470182299396328	0.04922467201501222	0.060256882391909294	0.0650375068885647	0.06881997901778655	0.083319455513137	0.08936090405286636	0.09724105432207855	0.11378936988742418	0.13459296659814438	0.15051087014195302	0.17136700118780132	0.19553279534671875	0.20141664088106384	0.21691426974384784	0.2372975917735434	0.2666117507750128	0.28752041615598917	0.3218778713297543	0.36243437804863315	0.3930093610931764	0.44023772837332154	0.49019788108012696	0.5234521152162024	0.5598584094599628	0.574883229306594	0.5954241543416738	0.6455944443889915	0.7057462581106446	0.749927633953361	0.8113402717180881	0.8813160061086924	0.9382632253875327	0.9888537901158749	1.0182204834524724	1.0231587109545122	1.0442249793408727	1.0771114731310516	1.166472377183918	1.2075016929189495	1.263923568846509	1.3184016743743292	1.3910041255213377	1.408077784437964	1.40408517496823	1.3987266727851655	1.3702005288106174	1.3623729128765332	1.3945239259749191	1.4207385592038317	1.4692802848621789	1.5393085535879112	1.5556467318127445	1.5487647339109658	1.5310081286376742	1.5091013108892646	1.4524167632860647	1.417008621409738	1.4262021300571521	1.4176915677664028	1.4550960143775968	1.463606576668346	1.486248875108549	1.484830448060091	1.4576176624637447	1.4373919434394333	1.3787110911013665	1.3443536359276014	1.3035344575330823	1.2695447427052136	1.2809972277631354	1.296232184950279	1.3132533095317773	1.3171408503312552	1.2978607493392493	1.2606664400685677	1.218113628614822	1.1653691561462283	1.1234467567140194	1.0952358187502396	1.0914008122858898	1.0883538208484609	1.120557368281975	1.1335858833937391	1.101382335960225	1.0890893015402543	1.0517373892641884	1.0023551142437919	0.9549166096231344	0.9422558348572668	0.9210844978006502	0.921662375487059	0.9306982811290889	0.9319065708370348	0.9207692917898815	0.8990200770468559	0.8822616241409978	0.8450673148703163	0.8236333061380592	0.7837597457758454	0.767946910902293	0.7585432649143664	0.7699432156371601	0.7649524537999923	0.7685247885887019	0.7597515546223124	0.7480889322238782	0.7331166467123751
FGC2639_s_2_1_GGCAAGCCAG-CAAGCATCCG_FGC2639_s_2_2_GGCAAGCCAG-CAAGCATCCG	0.03868815098613845	0.0007505637757451904	0.00006823307052229003	0.00013646614104458006	0	0	0	0	0	0	0	0	0	0	0	0	0	0	0	0	0	0	0	0	0	0	0	0.00006823307052229003	0	0	0.00006823307052229003	0.0055951117828277825	0.006413908629095263	0.005390412571260913	0.004912781077604883	0.005253946430216334	0.005117480289171753	0.004366916513426562	0.005185713359694043	0.004981014148127173	0.004366916513426562	0.004844548007082593	0.004639848795515723	0.004776314936560303	0.004162217301859692	0.004639848795515723	0.005731577923872363	0.006618607840662133	0.008392667674241676	0.007915036180585644	0.007915036180585644	0.009552629873120605	0.009552629873120605	0.012213719623489917	0.010985524354088696	0.011463155847744726	0.013851313316024877	0.014738343232814649	0.015898305431693578	0.020401688086164722	0.023540409330190065	0.023813341612279222	0.027429694349960596	0.033502437626444406	0.03780112106934869	0.03821051949248242	0.04291860135852043	0.04687611944881326	0.05417705799469829	0.058612207578647144	0.06932479965064668	0.07758100118384377	0.0787409633827227	0.09252404362822529	0.11394922777222437	0.11401746084274665	0.13380505129421078	0.13605674262144632	0.15113625120687244	0.16553342908707563	0.18579865103219578	0.21063548870230933	0.22974074844855055	0.2589445026320907	0.29149167727122305	0.3125756960626107	0.342530014021896	0.34962625335621417	0.37917117289236574	0.4021657176583775	0.44283262768966236	0.48527359755452676	0.5250534776690219	0.5628545987383705	0.6157352283931453	0.6549010108729398	0.664590106887105	0.7095557003612941	0.7251810735108986	0.7760829441205269	0.8703810475823317	0.9377953212583543	0.9704789620385312	1.0245877869627071	1.0874304449137364	1.0975289393510352	1.1373770525360527	1.149454306018498	1.1637150177576565	1.197012756172534	1.2125698962516163	1.2700221416313846	1.3443961885006805	1.3644567112342338	1.4230689188128811	1.429414594371454	1.421431325120346	1.42095369362669	1.4158362133375184	1.4187020022994545	1.4530914698426887	1.462098235151631	1.5200963450955773	1.5211198411534117	1.5511423921832195	1.5598079921395502	1.5534623165809773	1.533197094635857	1.4875491704564452	1.485433945270254	1.435077939224804	1.4469504934956825	1.4481786887650838	1.4730155264351974	1.5069955955552978	1.4787471043590696	1.4893232302900246	1.435282638436371	1.4238194825886263	1.3735317096136983	1.3538123522327565	1.3091196910406566	1.3415303995387444	1.3422127302439673	1.3478760750973173	1.3476713758857506	1.3502642325655976	1.3133501414130386	1.2910379273522499	1.2257388788624182	1.2060877545519988	1.1878695247225473	1.1704700917393633	1.1729264822781658	1.1820697137281526	1.1633056193345228	1.1754511058874906	1.187323660158369	1.1403793076390334	1.0872257457021695	1.0557703001913938	1.0493563915622985	1.0143528263843637	1.0445118435552159	1.023837223186962	1.0297735003224011	1.023086659411217	1.0240419223985289	0.9766199383855373	0.9544441904657931
FGC2639_s_2_1_GGTAACTCGC-AAGTTGGTGA_FGC2639_s_2_2_GGTAACTCGC-AAGTTGGTGA	0.03757541176388725	0.0008698011982381307	0.00017396023964762615	0	0	0.00011597349309841743	0	0.00011597349309841743	0	0	0	0.00011597349309841743	0	0	0	0.00005798674654920871	0	0	0	0	0.00005798674654920871	0	0	0.00005798674654920871	0.00005798674654920871	0	0	0	0	0.00005798674654920871	0	0.0064365288669621665	0.004754913217035114	0.004349005991190653	0.004638939723936697	0.004638939723936697	0.00498686020323195	0.004696926470485906	0.004638939723936697	0.0044069927377398625	0.004638939723936697	0.004812899963584323	0.00452296623083828	0.006088608387666915	0.005566727668724037	0.005682701161822454	0.006262568627314541	0.005450754175625619	0.007306330065200298	0.007712237291044758	0.008176131263438429	0.010727548111603612	0.010321640885759152	0.01443869989075297	0.015192527595892681	0.014554673383851385	0.017685957697508657	0.018265825163000744	0.02238288416799456	0.025920075707496295	0.030037134712490116	0.032182644334810835	0.037285478031141205	0.042214351487823945	0.05143424418914813	0.06007426942498023	0.06500314288166296	0.07201953921411723	0.07805016085523493	0.08970549691162588	0.10478205101442015	0.11295818227785856	0.13348549055627845	0.1483300976728759	0.17094492882706727	0.1857895359436647	0.211709611651161	0.22249514650931382	0.24986489088054034	0.2632018425868583	0.29735603630434226	0.33116230954253095	0.37036135020979605	0.40602319933755937	0.4485274845581294	0.5116170648036685	0.5515119464295241	0.5861880208659509	0.6157612616060473	0.6582655468266173	0.6855193177047454	0.729589245082144	0.785430482009032	0.8532749754716061	0.9134072316431356	0.9780044672989541	1.0274091753588799	1.0750162942757804	1.0750742810223295	1.0970512579644796	1.2034569378822775	1.2036308981219253	1.229956881055266	1.287769667364827	1.3203582189254823	1.3560780547997948	1.441144611987484	1.443058174623608	1.4434640818494524	1.4512343058870465	1.4414925324667796	1.431634785553414	1.4387671553789667	1.4551774046523926	1.4612660130400597	1.486722194775162	1.5296323872215767	1.5071915163070329	1.499189345283242	1.4979716236057088	1.454191629961056	1.4389991023651634	1.437201513222138	1.4245604024744105	1.4260100711381407	1.4364476855169983	1.4176019928885053	1.4584826492056975	1.4065265242976066	1.400495902656489	1.3594412860996492	1.3299260321061017	1.2678222265518992	1.2846963697977192	1.2612697241918387	1.2454393423839047	1.2853922107563096	1.2686340410035883	1.2584863603574767	1.2303627882811106	1.1840313777882927	1.1531824286241137	1.1295818227785857	1.105517322960664	1.0770458304050026	1.0747843472895835	1.067999897943326	1.0611574618505193	1.0642307594176275	1.0567504691127796	1.0183052561506543	0.9820635395573988	0.9489531072778007	0.9397912013230256	0.8985626245265382	0.9026216967849828	0.9016939088401954	0.8944455655215443	0.8930538836043633	0.8850517125805726	0.8631907091315209	0.8494478501993583	0.8134380805922998	0.8102488095320933	0.7694261399614504	0.750696420826056	0.766816736366736	0.7610760484583643	0.7526679702087291	0.7463474148348653
FGC2639_s_2_1_GGTTGCGAGG-AATAGAGCAA_FGC2639_s_2_2_GGTTGCGAGG-AATAGAGCAA	0.03895833040413556	0.0010545111989089325	0.00011716791098988139	0.00011716791098988139	0	0	0.000058583955494940694	0	0	0	0	0	0	0	0	0	0	0.000058583955494940694	0	0	0	0	0	0	0	0	0	0	0.00011716791098988139	0	0.000058583955494940694	0.008670425413251222	0.006444235104443476	0.00679573883741312	0.007088658614887824	0.005331139950039603	0.005799811593999128	0.006619986970928298	0.0062098992824637135	0.005858395549494069	0.006092731371473831	0.005858395549494069	0.006385651148948535	0.005448307861029484	0.005038220172564899	0.005741227638504187	0.00597556346048395	0.007381578392362527	0.006912906748403001	0.008201753769291695	0.007967417947311933	0.008787593324241104	0.008904761235230985	0.009490600790180392	0.01101378363304885	0.010486528033594384	0.013650061630321182	0.01359147767482624	0.015114660517694698	0.01962562509080513	0.02021146464575454	0.025425436684804258	0.027300123260642364	0.03280701507716678	0.03679072405082275	0.035970548673893585	0.03807957107171145	0.043059207288781404	0.04850751514981089	0.0550103342097493	0.06614128575378804	0.07522179885550384	0.08102161044950297	0.09332424110344052	0.10943482886454921	0.11623056770196233	0.1301735491097582	0.13814096705707016	0.15366571526322942	0.16965913511334824	0.190632191180537	0.214358693155988	0.24036996939574162	0.2623389527063444	0.2811444024202204	0.32689847166176905	0.3561904494092394	0.3860682667116591	0.42110147209763366	0.45431857486326505	0.4727725208441714	0.5199911889730935	0.5621716369294508	0.6013057192000713	0.6503404899493366	0.7064639193134898	0.746769680694009	0.7857280110981446	0.8143755653351705	0.8594852110662748	0.9623586369153907	0.9881355773331647	1.0325422155983297	1.0856778632322408	1.1307875089633452	1.164707619194916	1.2135080541222014	1.272326345439122	1.2858006552029582	1.3133936982410754	1.3426856759885455	1.3149754650394387	1.3677596089403803	1.4245860457704727	1.4265193163018057	1.459853586978427	1.50138961142434	1.492426266233614	1.5025027065787437	1.5293927421509217	1.5036743856886425	1.5024441226232488	1.5253504492217707	1.505197568531511	1.5127548987903585	1.5216010760700944	1.507248006973834	1.5496627907521712	1.532087604103689	1.4892041486813923	1.4643059675960424	1.4780731971373535	1.4539951914289329	1.4476095402799845	1.4488398033453782	1.43226054394031	1.4361856689584709	1.4225356073281499	1.3750826033772479	1.3798864877278332	1.3372959520830112	1.3190177579685896	1.2957599276370981	1.272209177528132	1.2523492166153471	1.2536966475917308	1.2570359330549423	1.2429757837361566	1.2255177649986644	1.2135080541222014	1.17044884683342	1.1487141993447971	1.1362358168243747	1.1133880741813478	1.1001481002394913	1.093528113268563	1.0685713482277182	1.067751172850789	1.0543940309979425	1.0328937193312993	1.0255121409389367	0.9983877695447791	0.9543326350125838	0.9580234242087651	0.9532781238136748	0.9054150321743084	0.9321293158800013	0.9092815732369743	0.8963345190725925	0.8825087055757865
FGC2639_s_2_1_GTATTCCACC-ATGTAGACAA_FGC2639_s_2_2_GTATTCCACC-ATGTAGACAA	0.04244641673669898	0.000768647385574026	0.00025621579519134193	0.00008540526506378064	0	0	0	0	0	0	0	0	0	0	0	0.00008540526506378064	0	0	0	0	0	0.00008540526506378064	0	0	0.00008540526506378064	0	0	0	0	0	0.00008540526506378064	0.0070886370002937946	0.007942689650931601	0.00930917389195209	0.008284310711186724	0.006405394879783548	0.005807558024337084	0.00785728438586782	0.006917826470166233	0.007430258060548916	0.007430258060548916	0.00922376862688831	0.008113500181059162	0.009394579157015871	0.007003231735230013	0.00922376862688831	0.00922376862688831	0.011529710783610387	0.01306700555475844	0.01716645827781991	0.017081053012756132	0.019557805699605767	0.024852932133560168	0.022888611037093214	0.02468212160343261	0.026902658495090905	0.026731847964963345	0.03578480606172409	0.04073831143542337	0.04073831143542337	0.04381290097771947	0.05389072225524559	0.05927125395426377	0.06277286982187878	0.06934907523178989	0.07071555947281039	0.07541284905131831	0.07583987537663722	0.0887360704012681	0.09283552312432958	0.0971057863775186	0.10889171295632033	0.11709061840244328	0.12725384494503317	0.14424949269272552	0.1416873347408121	0.14749489276514918	0.1593662246090147	0.17149377224807155	0.18114456720027877	0.19275968324895293	0.20044615710469318	0.2158191048161737	0.22734881559978412	0.25279958458879076	0.2549347162153852	0.26637902173393185	0.281495753650221	0.28269142736111397	0.2897800643614078	0.30387193309693156	0.33641133908623194	0.34375619188171713	0.3650221028825985	0.38295720854599247	0.4143009408244	0.434541988644516	0.44077657299417194	0.4667397735735612	0.46443383141683925	0.5216553590095722	0.5253277854073148	0.5479601806492167	0.5782790497468588	0.6037298187358655	0.6239708665559814	0.6747015940038671	0.6742745676785482	0.7067285684027849	0.727311237283156	0.7449047218862948	0.7474668798382083	0.7770171015502764	0.820402976202677	0.8399607819022827	0.8775390985303462	0.9472297948223912	0.9652503057508489	0.9942880958725343	1.0170913016445637	1.0289626334884294	1.0438231496095272	1.0947246875875405	1.1196630249861643	1.1500672993488703	1.1720164524702619	1.2235158273037217	1.284495186559261	1.291071391969172	1.3209632347414952	1.3342010508263813	1.335140508742083	1.3754517938521873	1.393899331105964	1.4134571368055697	1.4482170796865286	1.5071467125805371	1.5290104604368648	1.5689801244867143	1.606131414789459	1.582815777427047	1.5680406665710127	1.5880254985959372	1.6176611255730693	1.5894773881020217	1.6232124678022148	1.659082679129003	1.6787258900936723	1.7135712382396948	1.738082549313	1.6958923483714923	1.7316771544332163	1.7024685537814035	1.6738577899850369	1.7102404329022076	1.6970880220823852	1.6860707428891577	1.6671961793100623	1.7214285226255628	1.7336414755296834	1.718183122553139	1.7078490854804216	1.646955131489946	1.6374751470678666	1.6098892464522654	1.6284221889711057	1.599469804114484	1.6457594577790533	1.6303865100675725	1.6433681103572673
FGC2639_s_2_1_GTCCGTAAGC-CGTGTATCTT_FGC2639_s_2_2_GTCCGTAAGC-CGTGTATCTT	0.06475455631168982	0.0005979972218757636	0.00034171269821472197	0.00008542817455368049	0	0	0.00008542817455368049	0	0	0	0.00008542817455368049	0	0	0	0	0	0	0	0	0	0	0.00008542817455368049	0	0	0.00008542817455368049	0	0	0.00008542817455368049	0.00017085634910736099	0	0.00017085634910736099	0.012216228961176311	0.012301657135729992	0.011191090866532145	0.01187451626296159	0.007432251186170204	0.010422237295549022	0.010849378168317424	0.011618231739300548	0.012985082532159437	0.011618231739300548	0.013326795230374156	0.014351933325018325	0.014437361499572006	0.01349765157948152	0.014608217848679366	0.01580421229243089	0.01691477856162874	0.02050276189288332	0.024945026969674704	0.026739018635302	0.0306687146647713	0.03545269243977741	0.038100965850941505	0.041176380134874	0.04348294084782337	0.05057347933577886	0.05552831345989232	0.06663397615187079	0.08081505312778176	0.08858901701216668	0.09875496978405465	0.10037810510057459	0.10994606065058682	0.11584060469479077	0.13651422293678145	0.1406147753153581	0.14668017570866942	0.16427837966672762	0.16974578283816316	0.18375600346496676	0.19862050583730717	0.21878155503197577	0.23800289430655386	0.25543024191550473	0.2683298962731105	0.2808024097579478	0.3010488871271701	0.31189826529548753	0.32266221528925126	0.34017499107275573	0.35820033590358236	0.376738249781731	0.3971555835000607	0.4308142842742108	0.46079957354255263	0.4698549600452428	0.49573969693500797	0.49531255606223956	0.5229058564430783	0.5367452207207746	0.5683536453056364	0.5921026778315596	0.6151682849610534	0.6523295408919043	0.6781288496071158	0.6906867912665068	0.7325465967978103	0.7521096487706032	0.7296420388629852	0.841980088401075	0.8113968019108573	0.8275427269015031	0.8523168975220704	0.880764479648446	0.9196342990703706	0.9262976966855577	0.97114748832624	0.9575644085722047	0.9653383724565897	0.9762731787994607	0.9873788414914393	1.0294949315464037	1.0435051521732073	1.059138508116531	1.0816061180241487	1.12782276045769	1.1408078429898494	1.133973589025555	1.1567829116313877	1.1416621247353864	1.1553306326639752	1.1761751072550732	1.171391129480067	1.1901853278818768	1.2341808377770223	1.2448593595962323	1.28287489727262	1.2612615691105389	1.2697189583913533	1.2647641242672398	1.262030422681522	1.2634827016489345	1.291161430204327	1.2979102559940678	1.2698898147404607	1.309357631384261	1.3482274508061858	1.325674412724014	1.3454083210459142	1.3281518297860708	1.337719785336083	1.314483321857482	1.33208152581554	1.2987645377396047	1.3268704071677657	1.3608708206401305	1.3373780726378683	1.3691573535718375	1.351046580566457	1.3380614980342977	1.340368058747247	1.3202924377271321	1.3255035563749067	1.2943222726628134	1.3170461670940923	1.314739606381143	1.3461771746168973	1.3496797297735983	1.3390866361289417	1.3376343571615292	1.312860186540962	1.2996188194851415	1.2933825627427227	1.2926137091717396	1.298679109565051	1.282106043701637	1.2877443032221798	1.3068802143222042	1.3075636397186337
FGC2639_s_2_1_GTCCTGGATA-CGGTGGCGAA_FGC2639_s_2_2_GTCCTGGATA-CGGTGGCGAA	0.033862158781030695	0.0008123497687368475	0.00008551050197229973	0.00008551050197229973	0	0.000042755250986149866	0	0	0	0	0	0	0	0	0	0	0	0	0	0	0.000042755250986149866	0.00017102100394459946	0.000042755250986149866	0	0.000042755250986149866	0.00008551050197229973	0	0.000042755250986149866	0	0.000042755250986149866	0.0001282657529584496	0.004874098612421085	0.0047885881104487845	0.0038052173377673376	0.004147259345656537	0.0029928675690304904	0.004232769847628837	0.0027363360631135914	0.003933483090725788	0.0038052173377673376	0.003933483090725788	0.004147259345656537	0.0042755250986149865	0.005216140620310283	0.004232769847628837	0.004959609114393384	0.006114000891019431	0.00624226664397788	0.0066270639028532296	0.006071245640033281	0.00974819722484217	0.010688812746537466	0.013339638307678758	0.013425148809651058	0.015520156107972402	0.020650786226310384	0.023942940552243924	0.026166213603523718	0.035187571561601336	0.03895003364838252	0.05015190940675379	0.05361508473663192	0.06810911482093673	0.08260314490524154	0.09179552386726375	0.1102657922932805	0.11569570916852154	0.13078831276663241	0.15186665150280432	0.17717776008660502	0.2010779453878628	0.234512551659032	0.27123931225613473	0.3025789112289826	0.35828900326393587	0.38659297941676707	0.4291772093989723	0.4749253279541527	0.49844071599653517	0.5524833532430286	0.6007540316063917	0.6366256871837714	0.6988773326196056	0.7480886265046641	0.8019174874962268	0.8877272762254297	0.9312948769803163	0.9618221261844273	0.9826866886656684	1.021080904051231	1.0434846555679735	1.0767054855842122	1.1180925685388052	1.1583680149677582	1.199113769157559	1.2243393672393874	1.2637169533976316	1.2742347451402245	1.290139698507072	1.270985346065277	1.3302441239320808	1.3302441239320808	1.3147667230750943	1.3405053841687566	1.3321681102264575	1.3544435959902414	1.3900159648107182	1.3776169420247346	1.372828353914286	1.3683818078117265	1.328662179645593	1.2942014473507564	1.3137833523024132	1.3290897321554547	1.3122441632669117	1.3485433713541528	1.310662218980424	1.3202393952013216	1.3078403724153382	1.2937311395899087	1.273550661124446	1.244733621959781	1.225921311525875	1.2373797187901632	1.2126244284691825	1.2074937983508445	1.199669587420379	1.2213464996703571	1.2031327627502573	1.1912895582270937	1.147422670715304	1.1395984597848385	1.1021876151719574	1.0928242152059906	1.084102144004816	1.0768337513371706	1.0883776691034308	1.0669145331083838	1.0705059741912204	1.0517791742592866	1.0098362730418735	0.9796510658456518	0.9661404065340286	0.9590857901213138	0.9530572997322666	0.9379219408831695	0.9453185993037735	0.940872053201214	0.9268910861287428	0.9194516724571528	0.8910194305513631	0.8912332068062939	0.8388152690972742	0.8299649321431412	0.8280837010997506	0.8054661733280772	0.8037132080376451	0.7959317523581659	0.7828486455564041	0.7795992464814566	0.770022070260559	0.7548012009094898	0.7313713233690795	0.7214521051402928	0.7150388174923703	0.7000744796472179	0.6943452760150738	0.6865210650846084	0.6925495554736555	0.6793381829189352
FGC2639_s_2_1_GTCTAATGGC-AGTGGTCAGG_FGC2639_s_2_2_GTCTAATGGC-AGTGGTCAGG	0.04540788647895414	0.001529108915103873	0.00019944898892659216	0.00006648299630886404	0	0	0.00006648299630886404	0	0	0	0	0	0	0.00006648299630886404	0	0.00006648299630886404	0	0	0	0	0	0	0.00006648299630886404	0	0	0	0	0.00026593198523545617	0	0	0	0.005651054686253444	0.006382367645650949	0.005451605697326852	0.00491974172685594	0.005518088693635716	0.005385122701017988	0.0038560137859141148	0.0053186397047091235	0.00491974172685594	0.004321394760076163	0.00491974172685594	0.004653809741620483	0.005850503675180036	0.004454360752693891	0.005385122701017988	0.006648299630886404	0.006116435660415492	0.006714782627195269	0.006581816634577541	0.00724664659766618	0.007512578582901637	0.011701007350360072	0.010437830420491656	0.01216638832452212	0.011501558361433479	0.012432320309757576	0.013429565254390537	0.01921358593326171	0.01841578997755534	0.022803667733940367	0.0245987086342797	0.02898658639066472	0.029385484368517907	0.03463764107691816	0.04082055973364253	0.04387877756385027	0.050992458168898726	0.05464902296588624	0.06482092140114244	0.0724664659766618	0.07891531661862161	0.08828941909817145	0.10391292323075452	0.11867214841132231	0.12532044804220874	0.1372209043814954	0.15211309555468094	0.16727121871310194	0.18056781797487473	0.21068461530279015	0.221521343701135	0.25728919571530384	0.28594336712442425	0.3151958855003244	0.3559499622376581	0.3769585890712591	0.4017567466944654	0.4288153261921731	0.468971055962727	0.5046059419842781	0.5371826101756215	0.5879756193555936	0.641560914380538	0.6908912976417152	0.7371634630726845	0.7786488527694156	0.824455637226223	0.8361566445765831	0.8705948366645746	0.9734440319543872	0.9967130806624899	1.046375878905211	1.0923821123509452	1.1465657543426693	1.193702198725654	1.2163064174706677	1.241569956068036	1.2619802359348573	1.267631290621111	1.299809060834601	1.3243412864725719	1.3555882947377378	1.4007967322277655	1.4031236370985756	1.4370964482124053	1.4688088374517334	1.4622935038134646	1.469407184418513	1.4680110414960268	1.4609638438872874	1.4481991085959856	1.4835015796359923	1.455312789201034	1.4658171026178346	1.5172749417608953	1.5050420704400642	1.5214633705283536	1.4808422597836377	1.4631577827654798	1.4095060047442267	1.4094395217479179	1.3988687253348084	1.410370283696242	1.40638130391771	1.4029906711059579	1.4378277611718027	1.4085087597995938	1.37945569041262	1.3502696550330289	1.3078535033879735	1.2864459785765192	1.2729499303258198	1.2536033783999403	1.2644401067982853	1.2802630599197948	1.270357093469774	1.2603181610271357	1.2344562754629875	1.2161069684817412	1.1592640066376625	1.135928474933251	1.1286153453392762	1.1167148889999894	1.0954403301811528	1.1078726504909104	1.1086704464466168	1.1014237998489507	1.0745646693401696	1.062132349030412	1.0344089395696157	0.9933889308470466	0.974574242891638	0.959017221755364	0.959416119733217	0.9780978416960079	0.9566903168845536	0.9561584529140826	0.9416651597187504	0.9405349487814997
FGC2639_s_2_1_GTGACACGCA-GCTTACGGAC_FGC2639_s_2_2_GTGACACGCA-GCTTACGGAC	0.03208746459439986	0.0005104823912745432	0.00029170422358545326	0.00007292605589636332	0	0	0.00007292605589636332	0	0.00007292605589636332	0	0	0	0	0	0	0	0	0	0.00007292605589636332	0	0	0	0	0	0.00007292605589636332	0	0	0.00021877816768908995	0	0.00007292605589636332	0	0.0040838591301963455	0.003792154906610893	0.004740193633263616	0.005396528136330886	0.004813119689159979	0.004010933074299982	0.004010933074299982	0.004010933074299982	0.0032816725153363498	0.0041567851860927095	0.004667267577367252	0.004302637297885437	0.005469454192227249	0.005323602080434523	0.005469454192227249	0.006855049254258152	0.0056882323599163395	0.006855049254258152	0.007876014036807238	0.010647204160869046	0.009845017546009048	0.010938908384454498	0.013783024564412667	0.015970806241303568	0.016189584408992656	0.017210549191541746	0.023482189998628993	0.025159489284245346	0.028003605464203513	0.03485865471846167	0.03697351033945621	0.04878753139466706	0.04754778844442889	0.05484039403406522	0.06512296791545245	0.07132168266664334	0.07883306642396876	0.08765711918742872	0.09648117195088868	0.11463975986908315	0.12820400626580672	0.14205995688611575	0.16955307995904473	0.19033700588950828	0.19923398470886458	0.2230808049869754	0.23525945632166806	0.2653779174068661	0.28426576588402425	0.3188327163789004	0.3547123358799112	0.39117536382809287	0.4364624445397345	0.47431106754994706	0.5264531975158468	0.5559153240979776	0.5766263239725448	0.6020045914244793	0.6635541826010098	0.6989233197107461	0.7507737454530604	0.8242102837406984	0.8565165265027872	0.9047206494502833	0.971083360315974	1.019214557207574	1.0643557858074228	1.0941825426690355	1.1050485249975934	1.1814021055210857	1.2021860314515493	1.2449207002068183	1.2913016717569055	1.3597063121876942	1.3890955127139286	1.4170991181781323	1.4329240723076428	1.429934104015892	1.407254100632123	1.4402896039531756	1.441966903238792	1.4677827270261046	1.4938902550370026	1.4987033747261627	1.5205082654391753	1.5191226703771443	1.4989950789497481	1.5038081986389082	1.485139128329439	1.4413105687357246	1.4709914734855447	1.416078153395583	1.4418939771828958	1.4276733962831047	1.446561244760263	1.4495512130520138	1.429496547680514	1.3866889528693485	1.3640089494855796	1.3193782032770052	1.2726326014474365	1.2815295802667925	1.2803627633724508	1.2953855308871018	1.2750391612920164	1.2807273936519326	1.2341276439341564	1.2150210172893094	1.1894968977255822	1.1756409471052731	1.1369172114243042	1.0729610604031936	1.0894423490357716	1.0803265920487262	1.082514373725617	1.086087750464539	1.078065884315939	1.0392692225790736	1.0312473564304738	0.9896795045695467	0.9583942265900067	0.9422775682369106	0.9204726775238978	0.9278382091694305	0.9131800719342615	0.9077835437979307	0.8984490086431962	0.8750397447004634	0.8749668186445672	0.8417125371558256	0.8218037238961183	0.7897162593017185	0.7700262242097003	0.7616397277816186	0.760545836943173	0.7695886678743221	0.7369177948327514	0.7458147736521077	0.7146024217284642
FGC2639_s_2_1_GTGCAGACAG-TACCATCCGT_FGC2639_s_2_2_GTGCAGACAG-TACCATCCGT	0.02759753766683034	0.0006445284805416852	0.00017578049469318686	0.00017578049469318686	0	0.00011718699646212458	0	0	0	0	0	0	0	0	0	0	0	0	0.00005859349823106229	0	0	0	0	0	0.00005859349823106229	0.00005859349823106229	0	0	0	0.00005859349823106229	0	0.0075585612718070344	0.005449195335488793	0.005859349823106229	0.006503878303647914	0.005683569328413042	0.006093723816030478	0.005214821342564544	0.005917943321337291	0.004511699363791796	0.004218731872636485	0.004394512367329672	0.0056249758301819795	0.0047460733567160455	0.004980447349640295	0.004042951377943298	0.005449195335488793	0.005449195335488793	0.006855439293034288	0.004160138374405422	0.006503878303647914	0.006562471801878977	0.007382780777113848	0.007851528762962346	0.009433553215201028	0.009023398727583593	0.011249951660363959	0.011718699646212458	0.013945252578992826	0.014472594063072384	0.016757740494083816	0.020331943886178615	0.025429578232281036	0.025253797737587846	0.030292838585459204	0.03357407448639869	0.040370920281201914	0.04095685526351254	0.049218538514092317	0.05144509144687269	0.058886465722217604	0.06767549045687694	0.08115199505002127	0.08830040183421087	0.10640579278760913	0.11349560607356766	0.1362884768854509	0.14021424126693205	0.1558587052946257	0.17408128324448607	0.2019717884024717	0.221073268825798	0.25013564394840493	0.28195191348787174	0.3049205647944482	0.35566253426254807	0.3807991450036738	0.4153693089600005	0.4313653339770806	0.46646283941748684	0.5027322148225145	0.562438989519967	0.6022825683170893	0.6492159604001702	0.6976141899390276	0.7465983544601957	0.7943520555185114	0.8295667479553799	0.8777891969995442	0.9050351736769882	1.006343332118495	1.0284330809516053	1.085444554730429	1.1228858001000777	1.2078463725351178	1.2159322752910044	1.2628070738758543	1.2953264653940941	1.3071623520367686	1.3155412222838105	1.3277872634141026	1.3530996546499214	1.3951697863798243	1.4057166160614154	1.4389977230566586	1.4644273012889397	1.4804819198042507	1.4852279931609669	1.4885092290619064	1.4718686755642847	1.4858725216415085	1.4804819198042507	1.471224147083743	1.4998763677187326	1.5047982215701416	1.5159895797322747	1.5101302299091683	1.5251887589545514	1.4930795219239292	1.4623765288508526	1.4313805682866207	1.3995642987471537	1.4118689333756769	1.3985096157789947	1.3915955829877293	1.3832753062389185	1.4020252256728585	1.396927591326756	1.3590175979712587	1.3415567354984022	1.2885296195992908	1.267142992744953	1.244584495925994	1.2462837073746948	1.2546039841235057	1.2319283003080848	1.2345650077284824	1.2260103569867473	1.212592445891834	1.1991159412986898	1.1728660540911737	1.1340771582622107	1.1139795883689563	1.0840383107728835	1.092241400525232	1.0881398556490578	1.077885993458622	1.0687454077345762	1.045073634449227	1.0216948286550331	1.0344682112694048	0.9851910792570813	0.9679059972789179	0.9570076066079405	0.944351410990031	0.9348006707783678	0.9356795732518337	0.925601491556091	0.9223788491533826	0.9016367507795865
FGC2639_s_2_1_TAAGCATCCA-TCAATCCATT_FGC2639_s_2_2_TAAGCATCCA-TCAATCCATT	0.032474682291681184	0.0003484407971210427	0.0001393763188484171	0	0	0.0001393763188484171	0.00006968815942420855	0	0	0	0	0	0	0	0	0	0	0	0	0	0	0	0	0	0.00006968815942420855	0.00006968815942420855	0.00006968815942420855	0.0001393763188484171	0	0	0.00006968815942420855	0.008223202812056608	0.007596009377238732	0.005226611956815641	0.007386944898966107	0.006411310667027187	0.007665697536662941	0.005644740913360893	0.005156923797391433	0.007177880420693481	0.006550686985875603	0.00529630011623985	0.006690063304724021	0.006411310667027187	0.007177880420693481	0.005156923797391433	0.006480998826451395	0.006968815942420855	0.008571643609177651	0.008641331768601861	0.009268525203419737	0.011219793667297577	0.012822621334054374	0.012125739739812288	0.014355760841386962	0.01651609378353743	0.018537050406839475	0.020279254392444688	0.020418630711293104	0.024739296595594037	0.03038403750895493	0.03477439155268006	0.034286574436710605	0.046900131292492354	0.05108142085794487	0.05672616177130576	0.06397373035142345	0.07205755684463164	0.07860824383050725	0.09108242436744059	0.10118720748395081	0.11735486047036721	0.13435877136987406	0.153035198095562	0.16989973267622047	0.19338464240217873	0.21979645482395377	0.23512784989727967	0.25784618986957164	0.2977078170602189	0.32314399525005505	0.3496951839906785	0.3845392637027828	0.4261430948790353	0.4778517091717981	0.5260062273339261	0.5796661100905667	0.5957640749175589	0.6437095286014144	0.6894946493431194	0.7111676669240482	0.7715176129854129	0.8290800326698091	0.8715898099185764	0.9414173456616333	0.9842058755480974	1.0297122436521056	1.078981772365021	1.1113170783378539	1.1083901756420371	1.2161280701118633	1.244073022040971	1.2522265366936034	1.2879765624782225	1.320869373726449	1.3674907523812445	1.3986413596438656	1.4079795730067097	1.396132585904594	1.3983626070061688	1.4029620255281665	1.411812421775041	1.4343913854284847	1.4355760841386962	1.4615697676039259	1.4483290173133263	1.4680507664303775	1.460594133371987	1.4431024053565107	1.4329279340805763	1.4200356245870978	1.4182934206014925	1.3979444780496235	1.3966900911799878	1.4083977019632548	1.4152271415868274	1.3859581146286597	1.3929269305710805	1.3513927875542522	1.3628913338592465	1.3243537816976594	1.2858859176954962	1.2726451674048966	1.2591256644766002	1.2828893268402553	1.2572440841721464	1.2451183444323342	1.2380798403304891	1.2071382975461404	1.1897859458495126	1.1494365015428958	1.1226065601645756	1.1395407829046582	1.1184949587585473	1.1073448532506738	1.100724478105374	1.104766391351978	1.0745217301618715	1.071037322190661	1.0401654675657368	1.0056001404913295	0.9979344429546665	0.9883174769541256	0.9518008814158404	0.937654185052726	0.9472711510532669	0.9298491111972148	0.9340304007626673	0.918908070167614	0.8981409986591998	0.8657360045269428	0.8533315121494337	0.8221112167273883	0.826013753655144	0.8028772847263067	0.7977900490883394	0.7799498802757422	0.7879640186095261	0.7681028931736267	0.7614825180283269
FGC2639_s_2_1_TAGCATAACC-GCTATGCGCA_FGC2639_s_2_2_TAGCATAACC-GCTATGCGCA	0.046574294316272725	0.0008316838270762986	0.0003564359258898423	0	0	0	0	0	0	0	0	0	0.0001188119752966141	0.00005940598764830705	0	0	0	0	0	0	0	0.00005940598764830705	0	0.00005940598764830705	0	0	0	0.00005940598764830705	0	0	0	0.0062376287030722405	0.0062376287030722405	0.0052277269130510205	0.00564356882658917	0.004811884999512871	0.005940598764830705	0.003742577221843344	0.0047524790118645644	0.005108914937754406	0.003742577221843344	0.004336637098326415	0.0052277269130510205	0.003920795184788265	0.005762380801885784	0.004990102962457792	0.004099013147733186	0.005108914937754406	0.006950500554851925	0.0072475304930934605	0.007069312530148538	0.007366342468390073	0.008316838270762987	0.008851492159597749	0.009326740060784206	0.01063367178904696	0.012118821480254638	0.013366347220869086	0.01586139870209798	0.017584172343898887	0.019009916047458258	0.02376239505932282	0.0227524932693016	0.028633686046484	0.03148517345360274	0.035108938700149465	0.036772306354302065	0.04372280690915399	0.04883172184690839	0.05489113258703571	0.06279212894426056	0.07140599715326507	0.07948521147343483	0.08970304134894365	0.09843572153324477	0.11358424838356308	0.1290892111597712	0.1380595152946656	0.15635655949034413	0.16758429115587417	0.1895645065857478	0.21184175195386293	0.23388137337138482	0.2668516965161953	0.2819408173788652	0.3228121368809005	0.3540002803962617	0.3793666371220888	0.39885180107073354	0.43592113736327714	0.45356471569482426	0.5036439632823472	0.5575846000670099	0.5887133375947229	0.6453866498112077	0.679485686721336	0.7386540504190497	0.7766738825139664	0.8054263805357469	0.842376904852994	0.9320205402142894	0.970277996259799	0.995228511072088	1.040317655697153	1.1061988959991256	1.1278226755031093	1.1976247109898701	1.2334465215417991	1.237070286788346	1.2775257643768432	1.2898228038200426	1.3232089688783912	1.365149596158096	1.3820208966502152	1.4000209109076522	1.437327871150789	1.4707734421967857	1.4640011596048788	1.491506131886045	1.5013081198480156	1.4842586013929515	1.496912076762041	1.5041596072551344	1.5054071329957488	1.5211497197225503	1.5376645842887795	1.51800120237719	1.5342784429928262	1.5248922969443937	1.4981596025026556	1.5049318850945623	1.4852685031829729	1.441189260347929	1.4798031523193285	1.4550308554699845	1.4221793443004707	1.4335258879412973	1.435011037632505	1.418317955103331	1.3919416965874825	1.3673476177010833	1.3418624489999595	1.2898228038200426	1.3158426264100012	1.2727732853649785	1.2873277523388138	1.2868525044376273	1.261664365674745	1.2414663298743207	1.2340405814182822	1.2116445240748706	1.167624687227475	1.1417830826004614	1.12604049587366	1.1322781245767324	1.0942582924818158	1.097228591864231	1.1045949343326211	1.0662780722994631	1.0548127166833399	1.0366938904506062	1.014594863045436	1.0050899050217068	0.9814463219376808	0.9689116585438879	0.9665354190379557	0.9399215365715141	0.9377235150285268	0.9372482671273403	0.905822499661386
FGC2639_s_2_1_TAGTTCGGTA-CCATGTGTAG_FGC2639_s_2_2_TAGTTCGGTA-CCATGTGTAG	0.04769428155039896	0.0008212260399406443	0.00018951370152476407	0.00006317123384158803	0.00006317123384158803	0	0.00006317123384158803	0	0	0.00006317123384158803	0	0	0	0	0	0	0	0	0	0	0	0.00006317123384158803	0	0	0	0	0	0	0	0.00006317123384158803	0.00006317123384158803	0.007264691891782623	0.007391034359465799	0.008212260399406444	0.005369554876534982	0.005874924747267686	0.005306383642693394	0.0032849041597625772	0.005622239811901334	0.00606443844879245	0.005622239811901334	0.004042958965861634	0.00543272611037657	0.00480101377196069	0.006127609682634038	0.0049273562396438654	0.004737842538119102	0.005306383642693394	0.005243212408851806	0.0038534452643368697	0.00606443844879245	0.0068856644887330945	0.006632979553366742	0.00574858227958451	0.006127609682634038	0.008907143971663912	0.009033486439347087	0.008780801503980735	0.009665198777762968	0.012002534429901726	0.012886931703683956	0.014466212549723656	0.016235007097288125	0.01857234274942688	0.020846507167724047	0.0226784729491301	0.025078979835110447	0.02615289081041744	0.0305748771793286	0.03840811017568552	0.041313986932398565	0.05148455558089424	0.05420091863608252	0.06411880234921184	0.0748579121022818	0.08054332314802473	0.09223000140871851	0.09842078232519413	0.1160455565669972	0.12779540606153256	0.14365138575577116	0.1572332010317126	0.18774490697719962	0.2055591949205274	0.23177525696478646	0.25382201757550066	0.27195216168803643	0.29658894288625576	0.32520551181649515	0.3529376834729523	0.40322198561085637	0.438092506691413	0.48275456901741565	0.51952022711322	0.5603920154087273	0.6135821943033445	0.6499688249960992	0.6725841267113877	0.729880435805708	0.755654299213076	0.8596341501163298	0.8970315205505499	0.9512324391866325	0.9849658780580405	1.0448522077398659	1.0901459824042845	1.1185730376329992	1.130070202192168	1.1900197031078352	1.2258377926960156	1.2480740670082546	1.2826919031534447	1.3231214928120612	1.391220082893293	1.411940247593334	1.458876474337634	1.4730268307181495	1.4797229815053579	1.4909042898953189	1.4744165978626644	1.480165180142249	1.5137722765459738	1.52754360552344	1.5247009000005685	1.5777647364275025	1.5752378870738388	1.5687312499881554	1.5500325647710453	1.506507584654191	1.5066339271218743	1.527101406886549	1.5060022147834584	1.4902094063230615	1.4989270365932006	1.4919150296367845	1.5058758723157752	1.4983584954886264	1.4818076322221303	1.44321000834492	1.4216686176049385	1.3833868498969362	1.378017295020401	1.3802914594386984	1.3672781852673312	1.3814917128816886	1.3704367469594105	1.3567917604496276	1.3355030546450124	1.3126350679943575	1.28130213600893	1.2533172794171064	1.2216053200286292	1.2003797854578555	1.195578771685895	1.2106766965740345	1.188377251027954	1.1744795795828045	1.1790910796532403	1.1427044489604858	1.1218579417927617	1.0934940577978887	1.069362646470402	1.03626091993741	1.0607081874341044	1.0438414679984005	1.0142141593266958	1.0277959746026373	0.9988635495031898	0.9980423234632493	0.9871768712424961
FGC2639_s_2_1_TATGCCTTAC-AGACACATTA_FGC2639_s_2_2_TATGCCTTAC-AGACACATTA	0.03727247594168887	0.001140528639586563	0.00022810572791731257	0	0	0.00004562114558346252	0	0	0	0	0	0	0	0.00004562114558346252	0.00004562114558346252	0	0.00004562114558346252	0	0	0	0	0	0.00004562114558346252	0.00009124229116692503	0	0	0.00004562114558346252	0.00004562114558346252	0	0.00009124229116692503	0.00004562114558346252	0.006797550691935915	0.0066150661096020654	0.005793885489099739	0.004972704868597414	0.005155189450931265	0.005155189450931265	0.005155189450931265	0.0047902202862635645	0.005155189450931265	0.005793885489099739	0.006386960381684752	0.0066150661096020654	0.005292052887681652	0.0052464317420981895	0.00561140090676589	0.0048358414318470265	0.006067612362600515	0.0070712775654366905	0.006843171837519377	0.007436246730104391	0.007390625584520929	0.009854167446027904	0.010949074940031004	0.011085938376781393	0.010720969212113692	0.013321374510371055	0.013321374510371055	0.01519184147929302	0.019525850309721957	0.023312405393149348	0.027737656514745208	0.0333490574215111	0.03385089002292919	0.03727247594168887	0.042290801955869754	0.049681427540390684	0.051825621382813415	0.05985494300550282	0.06765615890027492	0.08348669641773641	0.09626061718110591	0.11031193002081235	0.12203656443576223	0.14064999183381494	0.1587159654848661	0.16729274085455706	0.182575824625017	0.20871674104434101	0.24060592180718132	0.26004052982573633	0.30497735822544697	0.32769668872601126	0.3672046008012898	0.4058000899648991	0.44663101526209803	0.4889674383635512	0.5102268922054448	0.5424354209873693	0.5890146106280846	0.6333583641352101	0.6911147344438736	0.7648841268523326	0.8147024178294736	0.8694477925296287	0.919494189234687	0.9510184008328596	0.9856904714762912	1.0052619429315965	1.0479633351977176	1.1577278114715281	1.1938141376280471	1.231086613569736	1.2891167107519004	1.3502034246881567	1.383780587837585	1.3867915834460935	1.3952314953790341	1.3954596011069516	1.4274400241609588	1.4068648875028171	1.4231972576216967	1.464666878957064	1.4973316191948232	1.545051337475125	1.5538562185727334	1.5352427911746807	1.514074579623954	1.519001663346968	1.4681797071669909	1.4487907202940191	1.45618134587854	1.4542196366184512	1.494138139003981	1.5033079892662569	1.5083263152804378	1.4873862094576284	1.4596029317972998	1.4173577509870134	1.3768917948544823	1.360011970988601	1.3391631074569588	1.3226938739013288	1.3298563937579324	1.3400299092230445	1.3336885699869434	1.3215077241161588	1.2970091689378394	1.2478295739988667	1.2258858029732211	1.1804927631176763	1.1467331153859137	1.1495616264120885	1.1377457497059718	1.1400724281307282	1.1280284456966942	1.1333661197299594	1.1249262077970188	1.0949074940031005	1.0659836877031852	1.0189482866066353	0.9886558459392162	0.97118294718075	0.9589108590187986	0.9848692908557888	0.9781629824550199	0.9553067885177051	0.9498322510476896	0.9137003037455873	0.8974591759178746	0.8687634753458767	0.8345019950126964	0.8084979420301227	0.8026584353954395	0.8312172725306871	0.8029321622689403	0.8090453957771243	0.7788441974008721	0.7967276864695894	0.7552124439886385
FGC2639_s_2_1_TATGTAGTCA-CGCACTAATG_FGC2639_s_2_2_TATGTAGTCA-CGCACTAATG	0.03385119884843649	0.0006227553007596725	0.0000889650429656675	0	0.00004448252148283375	0.00013344756444850126	0.00004448252148283375	0.00004448252148283375	0	0	0	0	0	0.0000889650429656675	0	0	0.00004448252148283375	0	0	0	0.00004448252148283375	0	0.0000889650429656675	0	0	0.00004448252148283375	0.00004448252148283375	0	0.00004448252148283375	0.00004448252148283375	0.00004448252148283375	0.006627895700942229	0.006983755872804899	0.0077399587380130724	0.006272035529079558	0.005337902577940049	0.006094105443148224	0.00604962292166539	0.005960657878699723	0.004848594841628879	0.004670664755697544	0.004893077363111713	0.005204455013491548	0.005382385099422884	0.004581699712731876	0.005204455013491548	0.005248937534974383	0.005515832663871385	0.00462618223421471	0.00796237134542724	0.007428581087633236	0.007295133523184736	0.007650993695047406	0.009296846989912254	0.008940986818049583	0.009341329511395088	0.011654420628502441	0.01330027392336729	0.015702330083440314	0.01592474269085448	0.02019506475320652	0.024154009165178725	0.026467100282286084	0.0318939679031918	0.03376223380547082	0.03523015701440433	0.04305908079538307	0.0492866338029798	0.053868333515711665	0.059784508872928556	0.07206168480219068	0.08020198623354925	0.09043296617460102	0.10711391173066366	0.1245510601519345	0.13108999080991107	0.15439883206691596	0.17125770770890994	0.18184454782182438	0.20155030483871972	0.22783947503507446	0.2532834773232554	0.2886025993806254	0.31213385324504445	0.3514564022358695	0.3965171964979801	0.4152443380422531	0.4458927953439255	0.4865498199792356	0.5202230887417407	0.5604352881622224	0.599891284717496	0.6546492686628643	0.7156792881373122	0.7671010829714681	0.8134963528780635	0.8580233568823802	0.8940097167619928	0.9364015597351333	0.9583314428261703	1.0400903173116187	1.0912896995383603	1.1233171150060006	1.2031632410676874	1.2424857900585122	1.2744687230046698	1.3117895585287673	1.3195739997882632	1.3240667344580295	1.3590299963435368	1.3748212914699427	1.3764226622433247	1.4351840731221481	1.4515091585063482	1.4854048398762674	1.503464743598298	1.5080909258325126	1.50506611437168	1.497014777983287	1.4860275951770272	1.4711259504802778	1.4655211527734409	1.4727273212536598	1.4793107344331191	1.5167205350001824	1.5011961350026735	1.510359534428137	1.475930062800424	1.4434133395964723	1.4256203310033388	1.4024004547892996	1.3934594679712502	1.3812267745634708	1.3694833888920026	1.365346514394099	1.3737981934758374	1.3847853762820974	1.3540479539374592	1.331406350502697	1.2985337671268828	1.2555191688529825	1.2296303413499734	1.2088125212960072	1.2031187585462044	1.218242815850368	1.209390794075284	1.2103249270264234	1.1832795539648606	1.1654865453717271	1.1324360319099815	1.098629315583028	1.0944034760421586	1.0554812697446792	1.0324838061380541	1.0359534428137152	1.0285693442475647	1.0234093717555561	1.0324393236165714	0.9876899070048406	0.9903588582938105	0.9585983379550673	0.9183416560131028	0.8954776399709261	0.8784408342430008	0.8799532399734171	0.884312527078735	0.8832894290846297	0.875193610174754	0.8561550909801011	0.8468582439901889
FGC2639_s_2_1_TATTGCGCTC-CTGTGTTAGG_FGC2639_s_2_2_TATTGCGCTC-CTGTGTTAGG	0.04648700615161822	0.0008518561336683967	0.00024338746676239907	0.00006084686669059977	0	0	0	0	0	0	0	0	0	0	0	0	0	0.00006084686669059977	0	0	0.00006084686669059977	0	0.00006084686669059977	0	0.0001825406000717993	0	0	0	0.00006084686669059977	0	0.00006084686669059977	0.005962992935678777	0.007605858336324971	0.005780452335606977	0.0053545242687727795	0.005597911735535179	0.006023839802369377	0.004441821268413783	0.006510614735894175	0.006449767869203575	0.006875695936037774	0.006510614735894175	0.006754002202656575	0.006571461602584775	0.00772755206970617	0.005902146068988178	0.006754002202656575	0.00778839893639677	0.009127030003589965	0.009735498670495963	0.009187876870280566	0.01289953573840715	0.01350800440531315	0.017037122673367936	0.01880168180739533	0.02147894394178172	0.019896925407826123	0.02373027800933391	0.026894315077245094	0.03127528947896828	0.03760336361479066	0.04514837508442503	0.05165898982031921	0.05500556748830219	0.06358497569167676	0.06942627489397434	0.0797702422313763	0.08847134416813206	0.09425179650373904	0.10228358290689821	0.12181542711458074	0.1327070162521981	0.1563156005281508	0.1787072474702915	0.19185017067546106	0.22385562255471655	0.2365726176930519	0.2612764455694354	0.2895093917138737	0.30691159558738523	0.3485308524037555	0.37213943667970817	0.4219121736326188	0.4598197715808624	0.49565857606162567	0.5440926819473432	0.5773150711604106	0.6082252794392353	0.6522784109232296	0.6932891990726937	0.7254163446853304	0.7734245225042137	0.8375571199961058	0.8778377457452827	0.9340602505673969	0.9908303771897267	1.0378041582748696	1.05812701174953	1.09159278842936	1.0868467328274931	1.2025166264063232	1.2095748629424328	1.2402416837544952	1.2914138986412895	1.3276177843221963	1.3240278191874508	1.3919937692808508	1.3904725976135859	1.3891948134130834	1.39394086901495	1.4039197551522085	1.3948535720153092	1.4308749170961441	1.4546051951054781	1.4553353575057653	1.474988895446829	1.4830815287166788	1.4533274109049754	1.4361077476315356	1.4197399404917643	1.4178536876243557	1.4211394184256483	1.398200149683292	1.3860916232118627	1.3954011938155244	1.4126208570889642	1.394123409615022	1.3868217856121499	1.3436813571285147	1.3190383761188218	1.316421960851126	1.2653105928310222	1.2479083889575107	1.2643370429639726	1.2533846069596646	1.2363474842862967	1.2493078668913944	1.2253342014152981	1.2115828095432224	1.1992917424717215	1.1685640747929686	1.1120981825040919	1.1036404680340985	1.109360073503015	1.0780847840240466	1.0932356538300059	1.1013891339665465	1.0538068842144972	1.058918021016508	1.0431586825436423	1.0047034627951834	0.9880922681886496	0.9491502735066657	0.9339385568340158	0.9322956914333695	0.9321739976999884	0.9297401230323644	0.9112426755584222	0.9104516662914444	0.8930494624179328	0.8661551473406877	0.844676203398906	0.8106628049188608	0.8062209836504469	0.7979458097805253	0.798615125314122	0.7879669236432669	0.7863849051093114	0.7634456363669553	0.7750065410381692
FGC2639_s_2_1_TCAGAAGGCG-GGCCATCATA_FGC2639_s_2_2_TCAGAAGGCG-GGCCATCATA	0.06640319592155855	0.001400563685690441	0.00016477219831652245	0	0	0	0.00024715829747478366	0	0	0.00008238609915826123	0	0	0	0	0	0	0	0.00008238609915826123	0.00008238609915826123	0	0	0.00008238609915826123	0	0	0	0	0	0.00008238609915826123	0	0.00008238609915826123	0	0.009227243105725256	0.008238609915826122	0.007826679420034816	0.008485768213300906	0.00601418523855307	0.007167590626768726	0.006673274031819159	0.007744293320876555	0.007991451618351339	0.007661907221718294	0.00815622381666786	0.008815312609933951	0.0080738377175096	0.007167590626768726	0.010380648493940915	0.009062470907408735	0.011616439981314832	0.012193142675422661	0.012193142675422661	0.014664725650170499	0.013099389766163535	0.018372100112292254	0.019031188905558345	0.023809582656737494	0.023150493863471403	0.029247065201182736	0.02965899569697404	0.035343636538894066	0.03938055539764886	0.0469600765202089	0.05149131197391327	0.06417877124428549	0.06813330400388204	0.07727816101044903	0.07983213008435514	0.07958497178688034	0.09556787502358302	0.10718431500489785	0.1174825773996805	0.12745129539783012	0.14483476232022321	0.15480348031837285	0.1765534104961538	0.18091987375154164	0.21033171115104088	0.21749930177780963	0.229280513957441	0.2435333091118202	0.2697320886441472	0.2913172466236117	0.3170217095609892	0.3332517710951667	0.3606863421148676	0.39438225667059645	0.4066577854451774	0.438376433621108	0.45180536778390457	0.48385356035646815	0.50271997706371	0.530813636876677	0.5687112424894772	0.5851060762219712	0.6248161760162532	0.6665859282894916	0.6829807620219855	0.7030829702166013	0.7324124215169423	0.7637191391970816	0.7422163673167754	0.8504717016107307	0.8634063191785776	0.877411956035482	0.9113550288886857	0.9548548892442477	0.978664471900985	1.0022268962602479	1.0068405178131103	1.0230705793472878	1.0327097529488043	1.0532238916392114	1.0863431035008326	1.1019140762417439	1.1215219678414101	1.153405388215657	1.1772973569715528	1.1906439050351911	1.1804280287395668	1.2268937886648263	1.2076978275609513	1.2216210783186976	1.2752544288707255	1.2612487920138211	1.2594362978323395	1.2759959037631499	1.2983225366350386	1.3391860418175363	1.3464360185434632	1.325921879853056	1.307879324137397	1.3213906443993517	1.3358082117520476	1.3330070843806667	1.3424814857838667	1.3803790913966667	1.3594530222104684	1.3824387438756234	1.3731291146707398	1.3491547598156859	1.370987076092625	1.334078103669724	1.3222145053909344	1.311092382004569	1.3313593623975015	1.3158707757557482	1.341328080395651	1.365879137944813	1.3476718100308371	1.3289701655219117	1.336549686644472	1.3344900341655153	1.3098565905171953	1.293379370685543	1.317353725540597	1.3162003201523813	1.2868708688520403	1.2979106061392474	1.3073850075424474	1.2966748146518734	1.2886009769343638	1.2755839732673584	1.2474903134543915	1.2291182133420993	1.234390923688228	1.2380982981503497	1.249879510329981	1.2244222056900784	1.2272233330614593	1.2134648545020297	1.2143711015927705
FGC2639_s_2_1_TCATAGATTG-GATTAAGGTG_FGC2639_s_2_2_TCATAGATTG-GATTAAGGTG	0.05840925959914626	0.001154333193659017	0.00040401661778065594	0	0	0	0.00005771665968295085	0	0	0	0	0	0	0	0	0	0.00005771665968295085	0	0	0	0	0	0	0	0	0	0.00005771665968295085	0	0	0	0.00005771665968295085	0.006983715821637052	0.007099149141002954	0.0057139493086121335	0.005771665968295084	0.0057139493086121335	0.0066374158635393475	0.0054253660101973794	0.005829382627978035	0.006002532607026888	0.0068105658425882	0.0057139493086121335	0.005656232648929183	0.004675049434319019	0.006579699203856396	0.006406549224807543	0.0072722991200518065	0.007387732439417709	0.008888365591174431	0.009869548805784594	0.011197031978492464	0.010446715402614104	0.012178215193102629	0.013274831727078695	0.013909714983591153	0.015237198156299023	0.019219647674422632	0.01910421435505673	0.024183280407156404	0.02481816366366886	0.03347566261611149	0.035784329003429524	0.03953591188282133	0.04294119480411543	0.0476739608981174	0.05592744323277937	0.0544845267407056	0.059909892750902985	0.06550840874014921	0.0719726746246397	0.08189994009010725	0.09096145566033054	0.10308195419375021	0.10816102024584988	0.12310963510373414	0.12940075100917578	0.1336140671660312	0.14567684903976794	0.14867811534328138	0.16426161345767812	0.16864807959358238	0.18515504426290633	0.20223917552905976	0.21586030721423619	0.2391778377261483	0.2608793017669378	0.2750776000489437	0.2750776000489437	0.2952784309379765	0.30907271260220176	0.32084691117752373	0.3453187748830949	0.36205660619115065	0.3715798550388375	0.41221238345563493	0.432182347705936	0.4728148761227334	0.48251127494946905	0.4836656081431281	0.5128702379427013	0.5696057144110419	0.5616985320344776	0.5749733637615564	0.6066598099274964	0.6432521721664872	0.6794405177876973	0.7063941978596354	0.7448912098681636	0.7557996585482414	0.7854660216252781	0.81132308516324	0.8065903190692382	0.8388539318320075	0.859401062679138	0.8977249247086174	0.9277375877437519	0.9765658818355283	1.013504544032617	1.0505009228893885	1.0810330358616693	1.080051852647059	1.0991560670021159	1.1325162962988615	1.147234044518014	1.1598162763288973	1.2269407515401691	1.2745569957786034	1.3294455391370898	1.35605291925093	1.3516087364553429	1.3940304813223119	1.371578700705644	1.3719250006637416	1.3871044821603575	1.4411849922832827	1.4635213395805846	1.4844724870454957	1.544093796497984	1.570989759910239	1.6042922725473017	1.5993286398145679	1.5799358421610965	1.5748567761089967	1.5645832106854316	1.570124010014995	1.593556973846273	1.642500701257415	1.6577956160733973	1.6912135620298256	1.720187325190667	1.67193619769572	1.6949074282495344	1.6535822999165415	1.6616049156124717	1.667549731559816	1.6476952006288805	1.657160732816885	1.6527165500212975	1.651158200209858	1.661489482293106	1.6698583979471338	1.6530051333197122	1.5986360398983726	1.5862269580665382	1.5657375438790904	1.5420159967493976	1.5402267802992262	1.5273559651899282	1.5525781454713778	1.5616973777012841
FGC2639_s_2_1_TCCATTGCCG-GAATGCACGA_FGC2639_s_2_2_TCCATTGCCG-GAATGCACGA	0.03416910519933707	0.0005188367383847278	0.00029647813621984446	0	0.00007411953405496112	0	0.00007411953405496112	0	0	0	0	0.00007411953405496112	0	0	0	0	0	0	0.00014823906810992223	0	0	0.00007411953405496112	0.00007411953405496112	0.00007411953405496112	0	0	0	0	0.00007411953405496112	0.00007411953405496112	0	0.006448399462781617	0.006003682258451851	0.005040128315737356	0.006226040860616734	0.004891889247627433	0.005040128315737356	0.004891889247627433	0.006967236201166345	0.005114247849792317	0.0063001603946716955	0.005114247849792317	0.004743650179517511	0.005855443190341928	0.0080049096779358	0.006522518996836578	0.007115475269276267	0.009042583154705255	0.009339061290925101	0.010969691040134245	0.00993201756336479	0.012526201255288428	0.013489755198002924	0.015490982617486873	0.017566329571025784	0.01927107885428989	0.01934519838834485	0.02327353369325779	0.026979510396005848	0.027424227600335613	0.03691152795937064	0.04180341720699807	0.04573175251191101	0.04869653387410945	0.056849682620155176	0.06440987509376121	0.06648522204730012	0.0730077410441367	0.08108677025612746	0.09190822222815179	0.102952032802341	0.11406996291058516	0.12681852276803848	0.15090737133590082	0.16321121398902438	0.1799622286854456	0.20204984983382399	0.21894910359835512	0.23658955270343587	0.247781602345735	0.27476111274174086	0.31671276901684886	0.3375403580862929	0.3783802213505765	0.40150551597572437	0.4502020498498338	0.48081341741453276	0.5053469831867249	0.5328453303211155	0.5868043511131271	0.6086696136593407	0.659589733555099	0.7000589991491077	0.7246666844553549	0.8035298686898334	0.8516334462915033	0.9081125312413837	0.9490265140397222	0.9637021817826044	1.0151411384167475	1.0821451972024323	1.0988220923647987	1.126468678567299	1.1902855973886206	1.2461717260660612	1.2707052918382533	1.3317797878995414	1.3529779746392603	1.3443801086888847	1.3561651146036235	1.3709149018805609	1.387665916576982	1.41064297213402	1.427764584500716	1.4327305932823984	1.4856519405976405	1.4827612787694973	1.48713433127874	1.4836507131781567	1.4799447364754086	1.4628231241087126	1.4624525264384378	1.462156048302218	1.4613407334276134	1.4612666138935584	1.4800188560094636	1.4549664534988869	1.4770540746472651	1.4597101036784041	1.4418472959711586	1.370544304210286	1.3659488930988783	1.3254055079708147	1.349568476072732	1.3446024672910495	1.2992413124494135	1.3311127120930468	1.3121381113749766	1.3009460617326776	1.2892351753519937	1.2480247144174352	1.1872466964923671	1.153299949895195	1.1861349034815427	1.1409961072420716	1.1484821801816225	1.1578953610066025	1.151372842009766	1.129952296667882	1.113201281971461	1.0664318559827806	1.0630223574162525	1.0288532522169154	1.0098045319647901	0.996981852573282	0.9988348409246559	0.9695576249729464	0.9591067706711969	0.9658516482701983	0.9349438025692794	0.9130044204890111	0.8986252308823486	0.8643078866149015	0.8498545774741841	0.8499286970082391	0.8363648222761813	0.8250245335657722	0.8066428891201418	0.8356977464696866	0.8055310961093174
FGC2639_s_2_1_TCTCATGATA-AACACGTGGA_FGC2639_s_2_2_TCTCATGATA-AACACGTGGA	0.04316392975378747	0.0010962267873977768	0.00022838058070787017	0	0	0.00009135223228314807	0.000045676116141574034	0	0	0.000045676116141574034	0	0	0	0	0	0	0	0	0	0	0	0	0	0.000045676116141574034	0	0	0	0	0.000045676116141574034	0.000045676116141574034	0.000045676116141574034	0.004933020543289996	0.00543545782084731	0.004019498220458515	0.004795992194865274	0.00497869665943157	0.00520707724013944	0.004110850452741663	0.004887344427148422	0.004476259381874255	0.004704639962582125	0.005252753356281014	0.005892218982263051	0.005618162285413606	0.005709514517696754	0.0059835712145461985	0.005572486169272032	0.006668712956669809	0.008358729253908048	0.008450081486191197	0.008678462066899066	0.011784437964526101	0.012058494661375544	0.0142509482361711	0.017082867436948687	0.017174219669231838	0.016352049578683504	0.019686406057018407	0.022107240212521834	0.026811880175103962	0.02909568598218266	0.03475952438373784	0.0378198241652233	0.04444286100575154	0.046132877302989775	0.0504721083364393	0.055450804995870885	0.06221087018482384	0.06664145345055651	0.0747718021237567	0.08797219968867159	0.10007637046618872	0.11428164258621824	0.12579202385389487	0.13556671270819173	0.14474761205264813	0.16041451988920802	0.1647994270387991	0.18010092594622643	0.21604802934964518	0.23879473518814906	0.2589835785227248	0.2967120504556649	0.32375231121147674	0.3467730737468301	0.3702505974435991	0.3871964365321231	0.40217820262655934	0.42935549173079596	0.4717886036263182	0.5181498615100159	0.5703119861436934	0.6260825239525554	0.6760978711275789	0.6976569979464018	0.7528337462454232	0.7613751799638976	0.7840305335701183	0.8082388751251526	0.8442773307608545	0.9545851512427558	0.9777886182426754	1.0420092375377286	1.1251854450315348	1.1882184853069069	1.2127465596749323	1.2132946730686311	1.2158525355725593	1.2149846893658693	1.2572350967968253	1.2810323533065855	1.3390866969225261	1.4035813729144286	1.4659749475638186	1.5032009822192014	1.5098696951758714	1.4895894996090124	1.4604938136268297	1.4373360227430516	1.4326770588966113	1.4270132204950559	1.459077854026441	1.509275905666031	1.5491968311737665	1.5898485745397675	1.5929088743212532	1.5669191642366975	1.542939203262371	1.4593519107232904	1.4152744586466715	1.4171015032923344	1.3950856153120959	1.4107981992647973	1.4380211644851755	1.4706339114102593	1.4681217250224727	1.4641935790342973	1.4119401021683364	1.3423753772847193	1.3092145169659366	1.2654567977023086	1.23764004297209	1.2488763675429173	1.264223542566486	1.257052392332259	1.2902132526510417	1.2992571236470736	1.2456333632968655	1.1846100721317225	1.157980896421185	1.1128985697894513	1.0691865266419651	1.0574477647935805	1.0802858228643675	1.090106187834806	1.1044484883032601	1.085492900104507	1.0668570447187447	1.0309556174314676	1.0041894133725051	0.9641314595163448	0.9231143072212112	0.8966221598590984	0.9000021924535748	0.9253067607960068	0.9025143788413613	0.9206021208334247	0.9076757799653593	0.8862993576111027	0.844551387457704
FGC2639_s_2_1_TCTGGTATCC-CGTTGCTTAC_FGC2639_s_2_2_TCTGGTATCC-CGTTGCTTAC	0.041730512176833046	0.0009418344762132458	0.00014489761172511474	0.00007244880586255737	0	0	0	0	0	0	0	0	0	0	0	0	0.00007244880586255737	0.00007244880586255737	0	0	0	0	0	0	0	0.00014489761172511474	0.00007244880586255737	0	0	0	0	0.008766305509369443	0.008983651926957114	0.009490793567995015	0.009563242373857573	0.00746222700384341	0.00746222700384341	0.0075346758097059666	0.007824471033156196	0.008041817450743867	0.008186715062468982	0.01159180893800918	0.00905610073281967	0.009273447150407343	0.009563242373857573	0.010939769685246164	0.01130201371455895	0.012316296996634755	0.01485200520182426	0.014272414754923801	0.01774995743632656	0.017967303853914228	0.01977852400047816	0.02231423220566767	0.0226040274291179	0.02528463324603252	0.027095853392596455	0.027385648616046688	0.03339889950263895	0.0348478756198901	0.04071622889475725	0.0467294797813495	0.052742730667941766	0.05252538425035409	0.06361005154732537	0.0644069884118135	0.070710034521856	0.07194166422151947	0.07672328540844826	0.08563448852954281	0.09860282477894058	0.10983238968763698	0.1198303248966699	0.128813976823627	0.13613130621574532	0.15714145991588693	0.1674291903483701	0.17344244123496236	0.18286078599709482	0.2059719550672506	0.22835863607878082	0.24661573515614527	0.26943710900285084	0.3050094726813665	0.3123268020734848	0.33891551382504337	0.3624613757303745	0.38332663181879106	0.4049163759658332	0.4311428436880789	0.46946826198937175	0.5117059158072427	0.5525670423137251	0.5821261551056485	0.6245087065352446	0.6519668039571538	0.6805840822728639	0.6898575294232713	0.7518012584357578	0.7786073166049041	0.8806152352593848	0.8855417540580387	0.9311120529455874	0.9670466606534157	1.0594188881281763	1.0350760893583573	1.0757198694472518	1.0841239309273085	1.0814433251103939	1.1438217469580558	1.1505594859032737	1.1841032830176377	1.2466990512828873	1.3031366710498193	1.2966887273280518	1.347402891431842	1.3544304256005102	1.3313192565303542	1.3500834972487565	1.3684130451319836	1.3623997942453914	1.3844966800334713	1.4340516632434606	1.438760835624527	1.4499904005332231	1.4707107590099144	1.4666536258816114	1.47737604914927	1.4376741035365883	1.3984068507590823	1.403550715975324	1.4014497006053097	1.3980446067297696	1.419272106847499	1.4610750678301945	1.4273863731041054	1.4215904686351006	1.4481791803866593	1.3936976783780162	1.3585600075346758	1.351822268589458	1.2936458774818245	1.3208141796802833	1.3332753742886432	1.3193652035630323	1.3419692309921503	1.3652977464798937	1.3392886251752354	1.3194376523688949	1.3218284629623591	1.2160532064030254	1.2121409708864475	1.2012736500070638	1.202360382095002	1.2239501262420442	1.196129784790822	1.204026704629841	1.233658266227627	1.2138072934212862	1.1677298528926996	1.1175228304299476	1.115784059089246	1.0837616868979958	1.0810086322752186	1.0925279924073652	1.0816606715279815	1.0766617039234652	1.0955708422535926	1.0933973780777158	1.0944841101656542
FGC2639_s_2_1_TGATGTAAGA-GTGCGTCCTT_FGC2639_s_2_2_TGATGTAAGA-GTGCGTCCTT	0.03761215418402962	0.0006946835865124205	0.0001488607685383758	0	0.000049620256179458603	0.000049620256179458603	0	0	0	0	0	0	0	0	0	0	0	0	0	0	0	0	0	0.000049620256179458603	0	0	0.000049620256179458603	0	0	0.00009924051235891721	0.000049620256179458603	0.005607088948278822	0.0045154433123307325	0.003870379981997771	0.0040688610067156055	0.004416202799971816	0.0041681015190745225	0.0045650635685101915	0.0045154433123307325	0.0048131648494074844	0.003473417932562102	0.005061266130304777	0.0041681015190745225	0.003870379981997771	0.0044658230561512744	0.0041681015190745225	0.0047635445932280255	0.005358987667381529	0.005904810485355573	0.005557468692099364	0.008286582781969587	0.009229367649379299	0.009130127137020383	0.008733165087584713	0.009477468930276593	0.012454684301044109	0.013347848912274363	0.014141773011145702	0.017962532736964014	0.017863292224605098	0.023271900148166085	0.024710887577370385	0.027539242179599528	0.03240202728518647	0.037215192134593955	0.03974582519974634	0.04192911647164252	0.05031493976597102	0.05497924384684014	0.061330636637810826	0.07254481453436848	0.08197266320846561	0.09045772701515303	0.1015230441431723	0.11372962716331911	0.12424912147336435	0.13362734989128203	0.14781874315860719	0.15982684515403617	0.18503393529320114	0.20121013880770464	0.22329115280756373	0.2514754583174962	0.28020558664540274	0.30645470216433635	0.33250533665855214	0.3681326805954034	0.36962128828078716	0.4054471132423562	0.43467344413205733	0.48216002929579926	0.5100962335248345	0.5588233250930628	0.598668390805168	0.6473954823733964	0.6889772570517827	0.7419716906514445	0.7512506785570032	0.7938248583589788	0.8275666325610106	0.9007068901695326	0.9560830960658083	0.9971190479262206	1.069316520667333	1.1211200681186877	1.154712981552181	1.1729236155700424	1.1844851352598562	1.207806655664202	1.2501327341852801	1.2744466597132147	1.3151848900365504	1.3854967930428432	1.4169064152044404	1.4418654040627081	1.4661297093344634	1.467717557532206	1.4728284439186903	1.4601752785929283	1.4666755321524374	1.4995737619994185	1.4930735084399094	1.5292466751947347	1.561102879661947	1.5691909814191989	1.561102879661947	1.5417509797519582	1.5420983215452144	1.5070664206825168	1.4711413552085888	1.4585378101390063	1.43893780894812	1.4723322413568958	1.4566026201480073	1.4795767987590966	1.4517894552986	1.4757560390332782	1.4345216061481483	1.4148719847010827	1.3669884374879049	1.3136962823511666	1.3015393195871992	1.3055089400815558	1.289729698616488	1.2767291914974699	1.3133985608140897	1.311810712616347	1.2751413432997272	1.2394643791066964	1.216936782801222	1.166820324059969	1.1317388029410917	1.1443919682668537	1.1227079163164304	1.122658296060251	1.1107494345771807	1.1195818401771245	1.0904051295436028	1.0739312044920224	1.0257499357417683	1.031456265202406	0.9927028451262488	0.9709691729196459	0.9576213240073717	0.9590106911803965	0.9287919551671062	0.9309256261828229	0.9250704359536467	0.9244253726233137	0.8945043581471003
FGC2639_s_2_1_TGATTATACG-GTCGATTACA_FGC2639_s_2_2_TGATTATACG-GTCGATTACA	0.03644333343284372	0.0010138794463542304	0.0002253065436342734	0.0001126532718171367	0.00005632663590856835	0	0	0	0	0	0	0	0	0	0	0	0	0	0	0	0	0	0	0	0	0.00005632663590856835	0	0	0	0.00005632663590856835	0	0.006702869673119633	0.006364909857668223	0.007153482760388181	0.006252256585851087	0.005520010319039698	0.006026950042216814	0.005351030411313993	0.006364909857668223	0.004449804236776899	0.005182050503588288	0.00478776405222831	0.00580164349858254	0.005632663590856835	0.005351030411313993	0.0050693972317711515	0.006590216401302497	0.006702869673119633	0.006252256585851087	0.00613960331403395	0.008730628565828095	0.009631854740365188	0.010814714094445123	0.010026141191725168	0.013743699161690678	0.012560839807610743	0.013631045889873543	0.01261716644351931	0.017968196854833304	0.020052282383450335	0.02258698099933591	0.028726584313369857	0.029515157216089816	0.034528227811952396	0.03593639370966661	0.043991102644591884	0.04844090688136878	0.05542540973403126	0.06342379203304796	0.06984502852662476	0.07806871736927574	0.091474456715515	0.1051618292412971	0.12211614664977617	0.13839454442735244	0.15241987676858595	0.1743872647729276	0.18272360688739575	0.20012853738314335	0.21860367396115377	0.2500902634340435	0.26614335466798544	0.30191076846992637	0.33846675517458724	0.3768251942283223	0.4192954777033828	0.4561330975875865	0.4762417066069454	0.5120091204088864	0.5547047104275812	0.5838819078282196	0.6247187188619316	0.6764828972619059	0.7389491364845082	0.7776455353536947	0.840111774576297	0.8985788226493908	0.9337829700922461	0.9574964838097534	0.9555813781888621	1.0706566953500671	1.0902020380103403	1.1221955672064072	1.1753115848681872	1.2305116880585842	1.2719680920872904	1.3299845270731159	1.3294775873499387	1.3510506889029206	1.3576972319401315	1.3342090247662586	1.3528531412519946	1.382424625103993	1.4165022398286768	1.4339071703244246	1.4508614877329036	1.4909097258638957	1.484206856190776	1.471420709839531	1.4703505037572684	1.4573953774982975	1.4430884119775211	1.4415675928079899	1.4455104573215896	1.4379626881098415	1.4444402512393268	1.4593668097550976	1.4595357896628232	1.4687733579518283	1.420783064157728	1.3963373041734095	1.3641184684337084	1.3555004931396974	1.3391657687262126	1.3593870310173886	1.3405176079880181	1.3318996326940071	1.3342090247662586	1.3174236872655052	1.2956252791688894	1.2711795191845705	1.218908401061419	1.1856193592394553	1.195701827067089	1.1767197507659013	1.1919842690971234	1.1926601887280264	1.1782405699354328	1.1766070974940843	1.1509784781556858	1.0896950982871634	1.0690232229087187	1.0549415639315767	1.0302141707677153	1.057476262547462	1.041592151221246	1.022272115104607	1.0302704974036236	1.0041912649779565	1.0006990135516254	0.9643120067546902	0.9519764734907137	0.9058449586815962	0.9055069988661448	0.8985224960134824	0.8895102342681115	0.8894539076322029	0.8950302445871512	0.8670359065405926	0.8501379157680221
FGC2639_s_2_1_TGGTACCTAA-CATGAGTACT_FGC2639_s_2_2_TGGTACCTAA-CATGAGTACT	0.04084754388741621	0.0008529649535655357	0.00004738694186475198	0	0.00004738694186475198	0.00009477388372950396	0.00004738694186475198	0	0	0	0.00004738694186475198	0	0	0	0	0.00004738694186475198	0	0	0	0	0	0.00009477388372950396	0	0	0	0	0.00004738694186475198	0	0	0	0.00004738694186475198	0.006112915500553006	0.006965880454118541	0.005639046081905486	0.006349850209876765	0.006207689384282509	0.005402111372581726	0.00502301583766371	0.006255076326147261	0.00525995054698747	0.006160302442417758	0.007487136814630813	0.007771458465819324	0.007487136814630813	0.00786623234954883	0.00739236293090131	0.007818845407684077	0.008624423419384861	0.01099377051262246	0.0095721622566799	0.014168695617560841	0.016822364361986954	0.016490655768933687	0.018812615920306537	0.01985512864133108	0.024309501176617766	0.022840505978810457	0.024783370595265287	0.030517190560900274	0.03696181465450655	0.04217437825962927	0.0453966903064324	0.053499857365304986	0.06274031102893163	0.06714729662235355	0.07382885542528358	0.07747764994886949	0.08937177235692223	0.09785403495071285	0.10444081986991337	0.12240047083665437	0.14135524758255516	0.16187379340999278	0.18130243957454106	0.19964118607620013	0.21262520814714214	0.22584616492740797	0.24830757537130038	0.26489300502396357	0.29000808421228214	0.32327371740133803	0.3557337725786931	0.40217297560615006	0.4455320274123981	0.4823990681831752	0.5153803797210426	0.5444759620260002	0.5754670220055481	0.6005821011938666	0.6428512533372254	0.69066467767876	0.7380042326016473	0.8078999718521565	0.8495530937512735	0.9150418474083608	0.9830421089842799	1.0099105050215944	1.0362102577565317	1.036873674942638	1.0788585054348083	1.1988896291782252	1.220118979133634	1.2408744596703956	1.3126182896536298	1.3735105099498361	1.397440915591536	1.4079608166855109	1.4195232305005103	1.3918018695096304	1.4131733802906337	1.4366299165136858	1.4244514724544446	1.4692795194585	1.513586310102043	1.5566136533152377	1.5587934526410165	1.5554763667104838	1.519177969242084	1.4806997724479052	1.4559637887945045	1.431796448443481	1.424925341873092	1.4495665516427632	1.4565798190387464	1.4955318852515724	1.4791360033663683	1.4605129352135209	1.4459177571191772	1.4184333308376211	1.3530393510642633	1.3136134154327896	1.2827171293369715	1.2683114990100868	1.2851812503139386	1.312997385188548	1.2970753727219912	1.27631989218523	1.2681693381844925	1.2202137530173636	1.1769020881529801	1.142925650835953	1.1075749922048481	1.0924585577499921	1.0825072999583942	1.1033575543788852	1.1026467502509139	1.0941644876571233	1.0762048366903822	1.0236053312205076	1.0100526658471884	0.9456538118529905	0.9214864715019669	0.8994515435348573	0.8992619957673984	0.9038585291282794	0.9087393841403488	0.9062752631633817	0.9021052122792835	0.8584618388218468	0.8503586717629743	0.8056253986426485	0.7637353420342077	0.7650621764064207	0.7485241336956222	0.7425533790206635	0.750277450544618	0.7529311192890442	0.735018855264168	0.7402788058111555	0.7030326695054604
FGC2639_s_2_1_TGTAATCGAC-GATCACCGCG_FGC2639_s_2_2_TGTAATCGAC-GATCACCGCG	0.045956551404853434	0.0007764570459109345	0.00014558569610830023	0.00009705713073886681	0	0.00014558569610830023	0	0	0	0	0	0	0.000048528565369433405	0	0.000048528565369433405	0	0	0.000048528565369433405	0.000048528565369433405	0	0	0	0	0.00014558569610830023	0	0.00014558569610830023	0	0.00009705713073886681	0	0.000048528565369433405	0.000048528565369433405	0.005871956409701442	0.005532256452115409	0.006066070671179176	0.005629313582854276	0.004319042317879574	0.004464628013987873	0.004755799406204474	0.005435199321376542	0.005435199321376542	0.004852856536943341	0.006551356324873511	0.006502827759504077	0.005629313582854276	0.006793999151720677	0.0068425277170901105	0.0067454705863512435	0.006988113413198412	0.009899827335364415	0.011598327123294585	0.011840969950141752	0.013927698261027388	0.016596769356346228	0.016693826487085093	0.017421754967626595	0.021012868804964665	0.02392458272713067	0.02649659669171064	0.031349453228653984	0.035522909850425256	0.041540451956235	0.04872267963091114	0.05182850781455488	0.0649312204643019	0.07007524839346184	0.07997507572882626	0.08749700336108844	0.09429100251280911	0.10768488655477274	0.11894351372048129	0.13224034063170606	0.1568928518393782	0.1730043355420301	0.20168471767536525	0.22085350099629145	0.24715598342652437	0.2714202661112411	0.29825656276053775	0.31339747515580096	0.34440722842686894	0.38735500877881746	0.4262749182051031	0.47189176965237045	0.5186733066685043	0.5706474001791675	0.600492467881369	0.6596487890667083	0.6829425004440364	0.7143890108034292	0.7658292900950286	0.8174636836481057	0.8789493759711778	0.9202957136659352	0.978821163501472	1.0545742540431575	1.1042675049814572	1.1223201312988864	1.1684707969652177	1.1804573526114677	1.1918130369079152	1.301196423250618	1.311824179066524	1.3405530897652285	1.4022814249151478	1.426254536207648	1.4584775036129518	1.4966209559933263	1.459399546354971	1.4732787160506289	1.4699787736055074	1.4606127604892067	1.429069192999075	1.461631860361965	1.503512012275786	1.5182646961480937	1.502395855272289	1.5071516546784933	1.5004547126575116	1.4665332454642777	1.4365425920659678	1.3992241252968736	1.376124528181023	1.3577807304713774	1.3974285683782044	1.4122297808158817	1.3990300110353957	1.3766583424000869	1.3879169695657956	1.3277900770730675	1.297508252282541	1.2734380838593022	1.2281609323696208	1.2274815324544486	1.2072936492607644	1.2189405049494284	1.2127288485821408	1.2007908215012604	1.173323653502161	1.1489623136867053	1.116787874846771	1.0703945663535928	1.0401612701284357	1.0357451706798173	1.008180945549979	1.0188572299312546	1.0257968147790835	1.0189542870619932	1.0048810031048576	0.9718815786536429	0.9453849819619322	0.8947696882816133	0.8758435477875341	0.8476969798732628	0.8311487390822859	0.8409515092869116	0.841339737809867	0.8343030958312991	0.8324590103472607	0.8197445262204691	0.7906759155641785	0.7598117479892189	0.7313254801173615	0.7167669105065315	0.7077891259131863	0.69376437052142	0.7030818550723512	0.7004613125424018	0.7074979545209698	0.684689528797336	0.6571253036674978
FGC2639_s_2_1_TGTCGCTGGT-TCGTCTGACT_FGC2639_s_2_2_TGTCGCTGGT-TCGTCTGACT	0.054599400060484374	0.0014167508997730473	0.0002724520961102014	0.00005449041922204029	0	0.00021796167688816116	0.00005449041922204029	0	0	0	0	0	0	0.00005449041922204029	0	0	0.00010898083844408058	0	0	0	0	0	0.00005449041922204029	0	0.00005449041922204029	0	0	0	0	0	0.00005449041922204029	0.007083754498865237	0.006811302402755035	0.007301716175753399	0.006538850306644834	0.0071382449180872765	0.007410697014197478	0.006157417372090552	0.005993946114424432	0.00588496527598035	0.006593340725866875	0.0071382449180872765	0.00751967785264156	0.007846620367973801	0.0071382449180872765	0.007683149110307681	0.007301716175753399	0.008446014979416244	0.00975378504074521	0.010244198813743574	0.012478306001847227	0.012641777259513346	0.01335015270939987	0.015638750316725562	0.01672855870116637	0.017709386247163093	0.018417761697049617	0.020760849723597347	0.02435721739225201	0.030896067698896842	0.03051463476434256	0.03830676471309432	0.04173966112408286	0.045989913823402	0.04947730065361258	0.05132997490716194	0.057323921021586385	0.06435318510122957	0.07143693960009481	0.08217155218683675	0.0941594444156856	0.09971746717633372	0.11126943605140627	0.12287589534570084	0.1368799330857652	0.14696066064184266	0.16505147982356003	0.17932796965973458	0.18810092715448307	0.21834310982271543	0.23458125475088343	0.26498690867678193	0.2905429152919188	0.33037541174323026	0.35173565607827	0.3854107351574909	0.41243798309162294	0.43150962981933705	0.47172355920520276	0.49864182630089066	0.5422341616785229	0.582938504837387	0.6305086408182281	0.6778608151221811	0.7054874576677556	0.7749082517566349	0.8167568937191618	0.8477619422565027	0.8731544776139735	0.8929889902107961	1.0122140274686202	1.0447448077441783	1.0798366377231723	1.1196146437552619	1.168547040216654	1.2020041576189866	1.255404768456586	1.279489533752728	1.2694088061966504	1.2897882229856934	1.3250435242223535	1.3312554320136663	1.393265529088348	1.4075965093437446	1.4402907608769688	1.44726553453739	1.4667731046188803	1.4651383920422192	1.4618144764696746	1.4441595806417338	1.479632843555282	1.4597438405392371	1.4772352651095122	1.4667186141996584	1.4949991417758972	1.517721646591488	1.4882423297923644	1.4881333489539201	1.4426338489035164	1.433751910570324	1.4236711830142466	1.4042725937712002	1.3789890392521735	1.3827488781784942	1.3935379811844582	1.3893967093235833	1.3832937823707145	1.3636772314507801	1.3439516996924017	1.3028114331797613	1.2626519942131174	1.2687549211659859	1.2508275732419347	1.2217841797965872	1.2285409917801202	1.234643918732989	1.2362786313096499	1.2075076899604127	1.1665853851246606	1.1482766042660548	1.1245187814852453	1.1120949659026202	1.0891544994101412	1.0663230137561062	1.0776570209542906	1.0728618640627512	1.0550434969771438	1.0506842634393807	1.0117236136956218	1.0031141274585396	0.9935238136754605	0.9574511561504697	0.9364723447499843	0.9449728501486226	0.9376711339728693	0.9152755716726105	0.9205611423371486	0.9011625530941023	0.9025793039938753	0.8907003926034706
FGC2639_s_2_1_TTCACGAGAC-AGATTGTTAC_FGC2639_s_2_2_TTCACGAGAC-AGATTGTTAC	0.0425661801431822	0.00038847882790387923	0.00033298185248903936	0.00022198790165935958	0	0	0.000055496975414839894	0	0	0	0	0	0	0.000055496975414839894	0	0	0	0	0	0	0	0	0	0.000055496975414839894	0	0	0	0	0	0	0.000055496975414839894	0.008990510017204063	0.008657528164715022	0.008768522115544701	0.007880570508907265	0.0073256007547588655	0.006937121926854986	0.00527221266440979	0.006382152172706587	0.005771685443143349	0.0065486430989511075	0.006992618902269826	0.007492091681003385	0.008324546312225983	0.007048115877684665	0.007436594705588545	0.0075475886564182245	0.008435540263055664	0.007936067484322105	0.00976746767301182	0.00971197069759698	0.00993395859925634	0.012653310394583495	0.013097286197902215	0.013652255952050614	0.01576114101781453	0.016926577501526166	0.018702480714801045	0.022143293190521118	0.024085687330040514	0.028747433264887066	0.031855263888118095	0.03446362173261557	0.03784893723292081	0.040901270880737	0.044619568233531276	0.048060380709251345	0.053721072201565016	0.05738387257894445	0.06798379488317886	0.07530939563793773	0.08058160830234752	0.0968422220988956	0.11104944780509461	0.11632166046950441	0.12642210999500525	0.14001886897164104	0.1531716521449581	0.16293911981796994	0.1775348243520728	0.20028858427215715	0.2202119984460847	0.2436317220711471	0.2643320939008824	0.28802930240301905	0.3083966923802653	0.3370886286697375	0.35706753981907985	0.3812087241245352	0.411454575725623	0.457184083467451	0.4956434874299351	0.5274987513180532	0.5743936955435929	0.610078250735335	0.6467617514845441	0.6743992452411344	0.6958210777512626	0.7219046561962373	0.7728508796270603	0.8625339918974416	0.9108718574837671	0.9444475276097453	1.010044952550086	1.058604806038071	1.0886841667129141	1.1225928186913814	1.1446251179310727	1.149397857816749	1.1700427326710694	1.2098895610189244	1.258893390310228	1.2982962428547644	1.3592319218602587	1.3949719740274156	1.43848160275265	1.4314334868749654	1.4417559243021256	1.4360952328098118	1.4245518619235251	1.4402575059659248	1.4599034352627782	1.51301404073478	1.5318275154004106	1.5509184749431157	1.562239857927743	1.550086020311893	1.5409845163438594	1.5023586214551308	1.4847660802486264	1.4501914645651812	1.461290859648149	1.4672845329929518	1.48182474055164	1.4917032021754815	1.508518785726178	1.4985848271269218	1.4715578000998946	1.4150063821521726	1.3819856817803429	1.3446362173261557	1.3451356901048892	1.3480770298018758	1.3374216105222265	1.340362950219213	1.3461901326377712	1.3507963815972028	1.3274876519229701	1.2942449636494813	1.248848437760142	1.2092790942893612	1.1815861035573563	1.1740385149009378	1.14562406348854	1.1733725511959598	1.1845829402297574	1.163938065375437	1.1611077196292803	1.1180420667073645	1.0844108996059716	1.0618791275875465	1.036017537044231	1.0129307952716577	0.9889006049170319	1.0064931461235362	0.9918974415894334	0.9874576835562463	0.9859037682446307	0.9653698873411399	0.946278927798435
FGC2639_s_2_1_TTCTACATAC-CTAACTGTAA_FGC2639_s_2_2_TTCTACATAC-CTAACTGTAA	0.026959125691444038	0.0004931547382581227	0.00016438491275270757	0.00016438491275270757	0.00010958994183513837	0.00010958994183513837	0.00005479497091756919	0	0	0	0	0	0	0	0	0	0.00005479497091756919	0	0	0	0	0.00005479497091756919	0.00005479497091756919	0	0	0	0.00005479497091756919	0	0.00005479497091756919	0	0.00005479497091756919	0.0050959322953339345	0.005315112179004211	0.004931547382581227	0.0040000328769825505	0.0050959322953339345	0.003945237906064982	0.004767162469828519	0.004821957440746088	0.004383597673405535	0.004164417789735258	0.004821957440746088	0.0056438820045096256	0.005150727266251503	0.00536990714992178	0.004383597673405535	0.004602777557075811	0.005589087033592057	0.006575396510108303	0.0071781411902015636	0.005753471946344764	0.00882199031772864	0.00936994002690433	0.009863094765162454	0.011232969038101682	0.014520667293155834	0.016657671158941033	0.01567136168242479	0.022465938076203364	0.02432896708740072	0.024602941941988563	0.03106874851026173	0.03594550092192538	0.040055123740743076	0.04630175042534596	0.052438787168113704	0.061096392573089645	0.06789096896686822	0.07928832291772261	0.09342542541445546	0.10772691282394102	0.12186401532067387	0.13594632284648916	0.15852185086452766	0.17413841757603488	0.20065918350013834	0.22772789913341757	0.24854998808209383	0.27183785072206074	0.30427647350526166	0.3395644347761762	0.37233182738488263	0.4131540807184716	0.44214062033386575	0.5088260999405475	0.5626895563525179	0.606306353202903	0.6429093937758393	0.6853207012660378	0.7240607457047592	0.7573760880226413	0.8045545579826684	0.8757332252045908	0.9029115307797051	0.9487749214377105	1.0100356989235528	1.0697074222527856	1.0942007742529392	1.1305298399712873	1.146858741304723	1.2336539752381526	1.2369416734932068	1.264667928777497	1.295572292375006	1.3456001008227465	1.3431891221023733	1.3877922284292747	1.4000663019148103	1.3839017854941273	1.3950251645903937	1.4064773135121658	1.38406617040688	1.4186417970558662	1.423244574612942	1.4366693424877464	1.442587199346844	1.4543681180941213	1.4320665649306707	1.4294364063266274	1.4227514198746838	1.4131075049931918	1.3992991723219643	1.3972717583980143	1.3783126984605354	1.3710797622994162	1.3642851859056375	1.3478466946303669	1.3597919982903968	1.3575454044827766	1.3183670002767145	1.2979284761244614	1.2927229538872922	1.2654350583703429	1.2514623407863625	1.2605035109877616	1.2213251067816997	1.2389142924462393	1.212612706405806	1.1818179327501324	1.1679000101370696	1.1516806987454693	1.1305298399712873	1.1062556678548043	1.085323988964293	1.0989679367227676	1.0845020644005294	1.0826938303602496	1.0809951862618048	1.0584196582437664	1.0420907569103308	0.9992958846237092	0.99995342427472	0.9744189678271329	0.9497612309142266	0.9406652657419101	0.9481173817866996	0.9286651671109626	0.9169938383055203	0.9070759485694403	0.8781442039249637	0.8835689060458032	0.8624180472716214	0.8424178828867087	0.8365000260276112	0.8219245637635378	0.7928832291772261	0.8150203974279241	0.7858146779288597	0.7980887514143952	0.7783077669131527
FGC2639_s_2_1_TTGGAATTCC-ACGTCAATAC_FGC2639_s_2_2_TTGGAATTCC-ACGTCAATAC	0.02976534195020139	0.0007738988907052362	0.00017859205170120835	0.00005953068390040278	0	0.00005953068390040278	0	0	0	0	0.00005953068390040278	0	0	0	0	0	0	0	0	0	0.00005953068390040278	0	0	0	0	0	0	0	0	0	0	0.006072129757841084	0.0059530683900402784	0.004941046763733431	0.00470292402813182	0.004583862660331014	0.005238700183235445	0.004226678556928598	0.005536353602737459	0.005000577447633834	0.005060108131534236	0.006012599073940681	0.0059530683900402784	0.0052982308671358485	0.006786497964645917	0.0059530683900402784	0.0068460286485463205	0.006965090016347125	0.0077985195909527644	0.008512887797757598	0.009703501475765654	0.011370360624976933	0.011191768573275723	0.012322851567383376	0.016549530124311974	0.015716100549706333	0.01607328465310875	0.01839498132522446	0.022145414410949835	0.024407580399165144	0.028753320323894545	0.031610793151113876	0.03893306727086342	0.04256443898878799	0.04411223677019847	0.04554097318380813	0.052148879096752844	0.05750664064778909	0.060066460055506414	0.06881747058886561	0.0791162789036353	0.09274880551682754	0.1007854478433819	0.11221533915225924	0.12001385874321202	0.13019360569018087	0.14507627666528158	0.15287479625623435	0.16376891141000807	0.18936710548718125	0.2093694152777166	0.2325268513149733	0.2526482224733094	0.2821754416879092	0.31205984500591144	0.34289673926632	0.3653398070967719	0.387961466978925	0.40415381299983455	0.4351692993119443	0.47553110299641743	0.5300612094491863	0.564291352691918	0.616023517001368	0.6593618548808612	0.7056171962714742	0.7319892892393526	0.7572302992131235	0.7859240888531176	0.8197970479924467	0.9350484520236265	0.9600513392617958	1.0050565362905002	1.0558362096575438	1.1058419841338822	1.1596577223798463	1.1851368550892187	1.2146640743038184	1.2299039293823215	1.2539543256780843	1.2635982964699495	1.2900299201217282	1.349977318809434	1.3982567034526607	1.4333798069538983	1.456120528203852	1.4635618636914025	1.4742773867934749	1.4726105276442638	1.4654668455762152	1.4651691921567134	1.4571325498301588	1.5016615013876602	1.5027925843817678	1.539165832244914	1.5328555797514714	1.5564892612599313	1.5494051098757833	1.4969585773595284	1.4727891196959648	1.4727891196959648	1.442368940222859	1.4236763054781327	1.4439167380042697	1.474872693632479	1.4529058712732303	1.4498698063943098	1.4388566298727354	1.3984948261882622	1.357061470193582	1.3200333848075312	1.2921134940582426	1.288958367811521	1.2806240720654647	1.293958945259155	1.297947501080482	1.284076851731688	1.2741352275203208	1.2580024121833118	1.2054963489831565	1.17055183753362	1.155192921087316	1.1090566410645037	1.1201293482699788	1.1084018035415995	1.1249513336659114	1.1195935721148753	1.084529999297538	1.0655397111333094	1.0486329969055952	1.0356553078153072	0.9972580166995475	0.9798750570006297	0.9578487039574809	0.9550507618141619	0.9349293906558257	0.9458830364934998	0.9354651668109294	0.9239162141342513	0.9039139043437159
