Sample	1	2	3	4	5	6	7	8	9	10	11	12	13	14	15	16	17	18	19	20	21	22	23	24	25	26	27	28	29	30	31	32	33	34	35	36	37	38	39	40	41	42	43	44	45	46	47	48	49	50	51	52	53	54	55	56	57	58	59	60	61	62	63	64	65	66	67	68	69	70	71	72	73	74	75	76	77	78	79	80	81	82	83	84	85	86	87	88	89	90	91	92	93	94	95	96	97	98	99	100
FGC2634_s_1_1_AACATCGCGC-GTCCACTTGT_FGC2634_s_1_2_AACATCGCGC-GTCCACTTGT	34.7515	34.8781	35.249	35.3872	35.5695	35.6857	35.6035	35.6929	35.6746	35.8536	35.8032	35.8168	35.8505	35.8805	35.9085	35.9189	35.9093	35.9414	35.9554	35.9622	35.9657	35.9692	35.9551	35.9533	35.8647	35.858	35.8431	35.8445	35.8208	35.8189	35.816	35.7983	35.7888	35.7917	35.7794	35.767	35.7788	35.7656	35.7517	35.7531	35.7327	35.733	35.7374	35.7205	35.7045	35.7023	35.6929	35.6627	35.6798	35.6767	35.671	35.6695	35.6613	35.6521	35.6428	35.6315	35.629	35.6207	35.6065	35.6009	35.6067	35.5839	35.5809	35.5976	35.57	35.5559	35.5579	35.5548	35.5294	35.5312	35.5119	35.5219	35.5118	35.4989	35.5002	35.5141	35.4967	35.4798	35.4778	35.4818	35.457	35.4586	35.4419	35.4332	35.4432	35.4356	35.4181	35.4147	35.4024	35.3843	35.3861	35.359	35.3445	35.3438	35.3457	35.3418	35.3294	35.3117	35.2988	35.2859
FGC2634_s_1_1_AACCATAGAA-GGCGAGATGG_FGC2634_s_1_2_AACCATAGAA-GGCGAGATGG	34.7188	34.8297	35.232	35.3761	35.5616	35.6983	35.6205	35.7153	35.7069	35.8917	35.8374	35.8562	35.8812	35.9173	35.9402	35.9678	35.9439	35.9826	35.9935	36.0004	36.0041	36.0061	35.9962	35.997	35.9125	35.9018	35.8872	35.8935	35.8677	35.8642	35.8629	35.8416	35.8391	35.8435	35.8305	35.8176	35.8254	35.811	35.802	35.8015	35.785	35.7771	35.7805	35.7707	35.753	35.7582	35.7383	35.696	35.7048	35.7184	35.7054	35.6944	35.698	35.6701	35.6653	35.6773	35.673	35.6544	35.6332	35.6265	35.6476	35.6007	35.5993	35.631	35.5933	35.5786	35.5998	35.5923	35.551	35.5676	35.5474	35.5501	35.53	35.5153	35.5257	35.5473	35.5391	35.523	35.5293	35.5279	35.5068	35.5053	35.4865	35.4759	35.4861	35.4779	35.466	35.4681	35.4519	35.4358	35.436	35.4048	35.393	35.3917	35.3904	35.3855	35.3785	35.3586	35.354	35.3368
FGC2634_s_1_1_ACAGTGTATG-GAACATACGG_FGC2634_s_1_2_ACAGTGTATG-GAACATACGG	34.8086	34.922	35.3331	35.4822	35.6678	35.7957	35.7117	35.804	35.785	35.9807	35.9257	35.93	35.9656	36.0019	36.0243	36.0467	36.0361	36.0659	36.0784	36.0829	36.0866	36.0871	36.0739	36.0735	36.0068	35.9945	35.9814	35.9789	35.959	35.9576	35.9555	35.9364	35.9283	35.9323	35.9121	35.9026	35.912	35.8967	35.8885	35.8903	35.8686	35.8659	35.8642	35.8544	35.8348	35.8385	35.8237	35.7971	35.8132	35.8037	35.7922	35.7929	35.7855	35.7722	35.7635	35.7571	35.7505	35.7421	35.7281	35.7214	35.726	35.7032	35.6983	35.7117	35.6897	35.6712	35.6756	35.6679	35.6482	35.6464	35.6283	35.6365	35.629	35.6091	35.6094	35.6205	35.6056	35.5829	35.5864	35.589	35.562	35.5627	35.5466	35.5342	35.544	35.533	35.5177	35.5165	35.5036	35.4844	35.4827	35.4556	35.4416	35.4426	35.4389	35.4324	35.4222	35.4054	35.3917	35.3803
FGC2634_s_1_1_ACATATCCAG-TATGTGCAAT_FGC2634_s_1_2_ACATATCCAG-TATGTGCAAT	34.7142	34.8493	35.1639	35.3539	35.5172	35.6258	35.5189	35.6031	35.5944	35.7644	35.7242	35.7337	35.7619	35.782	35.802	35.8212	35.8188	35.8452	35.8569	35.8649	35.8682	35.87	35.8551	35.8549	35.7583	35.7463	35.7314	35.7345	35.7071	35.7055	35.7018	35.6867	35.6734	35.6783	35.6674	35.6535	35.6655	35.651	35.6394	35.6414	35.6159	35.616	35.619	35.6031	35.59	35.5932	35.5775	35.5667	35.5784	35.5571	35.5529	35.556	35.5418	35.5347	35.5321	35.5174	35.5132	35.5086	35.4969	35.488	35.491	35.4733	35.4638	35.4757	35.4583	35.4405	35.4465	35.4331	35.4227	35.4182	35.4038	35.4166	35.409	35.3916	35.3859	35.3982	35.3742	35.3517	35.3563	35.3569	35.3313	35.3286	35.3094	35.2973	35.3151	35.3025	35.2847	35.2884	35.2728	35.2546	35.2612	35.2261	35.2131	35.213	35.2109	35.2075	35.1979	35.181	35.1706	35.1554
FGC2634_s_1_1_ACCACGACAT-TCGTATGCGG_FGC2634_s_1_2_ACCACGACAT-TCGTATGCGG	34.7689	34.8688	35.2584	35.3975	35.57	35.7138	35.6218	35.7175	35.7155	35.8906	35.8466	35.8554	35.9	35.9298	35.951	35.9726	35.9613	35.9908	36.0014	36.0078	36.0118	36.0143	36.0021	36.0026	35.9195	35.9064	35.8948	35.8964	35.8772	35.8716	35.8723	35.8533	35.8468	35.8529	35.8361	35.826	35.8321	35.8196	35.8127	35.8169	35.7958	35.7938	35.7896	35.7787	35.76	35.7664	35.7478	35.7248	35.7421	35.7335	35.7278	35.732	35.7174	35.7078	35.7037	35.6895	35.6871	35.685	35.6714	35.6647	35.6676	35.6472	35.6436	35.6578	35.6353	35.6185	35.6221	35.6144	35.5966	35.5956	35.5759	35.584	35.5772	35.5616	35.5666	35.5797	35.5587	35.5414	35.5422	35.5459	35.5238	35.5228	35.511	35.5	35.5133	35.5023	35.4868	35.4863	35.471	35.4573	35.4611	35.4325	35.4204	35.4238	35.4181	35.4153	35.4088	35.3872	35.3827	35.3702
FGC2634_s_1_1_ACCGGCCGTA-TGGCAATATT_FGC2634_s_1_2_ACCGGCCGTA-TGGCAATATT	34.8384	34.9508	35.3386	35.469	35.6436	35.7811	35.6953	35.7975	35.7863	35.9658	35.914	35.9194	35.9589	35.9876	36.0091	36.031	36.0196	36.0536	36.0641	36.0718	36.0768	36.0784	36.0683	36.0663	35.9954	35.9837	35.972	35.9731	35.9517	35.9462	35.946	35.9266	35.9187	35.9229	35.9122	35.9005	35.907	35.8931	35.882	35.8829	35.8608	35.8598	35.8601	35.8484	35.8323	35.8351	35.8187	35.78	35.8084	35.8019	35.7858	35.7838	35.7826	35.7603	35.757	35.7584	35.7514	35.7394	35.7226	35.7157	35.7275	35.6926	35.6897	35.7141	35.6839	35.6656	35.6828	35.6775	35.6428	35.6517	35.6328	35.6349	35.6195	35.606	35.612	35.6294	35.6213	35.6037	35.6069	35.6089	35.5854	35.5799	35.5659	35.5572	35.5701	35.5604	35.5478	35.5477	35.5352	35.5166	35.5189	35.4903	35.4799	35.4776	35.475	35.471	35.4638	35.4479	35.4406	35.4304
FGC2634_s_1_1_ACCGTTACAA-CTCATAGCGA_FGC2634_s_1_2_ACCGTTACAA-CTCATAGCGA	34.8006	34.8935	35.2931	35.4516	35.6351	35.7711	35.6789	35.779	35.7731	35.9546	35.9123	35.9147	35.9626	35.9885	36.0127	36.0227	36.0216	36.0502	36.0628	36.0706	36.0698	36.0747	36.0631	36.0624	35.9901	35.9798	35.9666	35.9693	35.9491	35.9441	35.9416	35.9277	35.917	35.9237	35.9101	35.8995	35.9086	35.892	35.8854	35.8857	35.8662	35.8637	35.8666	35.8543	35.8373	35.8418	35.826	35.8032	35.8206	35.8119	35.7958	35.7992	35.7967	35.778	35.7734	35.7705	35.7614	35.7529	35.7418	35.734	35.7459	35.7217	35.7165	35.7305	35.7113	35.6912	35.7039	35.6931	35.6764	35.6721	35.6663	35.6705	35.6636	35.649	35.6479	35.6597	35.6424	35.6227	35.6274	35.6298	35.6056	35.6046	35.5924	35.5825	35.5931	35.5834	35.57	35.5668	35.5562	35.5372	35.5442	35.5097	35.5021	35.5059	35.4994	35.4964	35.4892	35.4681	35.4608	35.4506
FGC2634_s_1_1_ACGCCTTGTT-TAAGGAACGT_FGC2634_s_1_2_ACGCCTTGTT-TAAGGAACGT	34.8447	34.9617	35.3436	35.4902	35.6587	35.7935	35.7149	35.7962	35.7863	35.975	35.9315	35.9291	35.9673	36.0029	36.0283	36.0423	36.0276	36.065	36.0743	36.082	36.0854	36.0881	36.0761	36.0726	36.0079	35.9962	35.9821	35.9829	35.964	35.9581	35.9571	35.9378	35.9296	35.9328	35.9197	35.9078	35.9114	35.8991	35.8862	35.8863	35.867	35.8706	35.8655	35.8545	35.8407	35.8424	35.8235	35.782	35.8074	35.8075	35.7998	35.8013	35.7953	35.7815	35.774	35.7631	35.7594	35.753	35.739	35.7303	35.7343	35.7062	35.7029	35.7241	35.6904	35.6802	35.6836	35.6813	35.6491	35.6539	35.6276	35.6328	35.6174	35.6038	35.6112	35.6283	35.6138	35.5958	35.6008	35.6025	35.5781	35.5762	35.5616	35.5501	35.5624	35.5521	35.5368	35.5363	35.5183	35.502	35.505	35.4751	35.464	35.4647	35.4608	35.4552	35.4468	35.4267	35.4182	35.4043
FGC2634_s_1_1_ACGGTCAGGA-CGGCCTCGTT_FGC2634_s_1_2_ACGGTCAGGA-CGGCCTCGTT	34.7638	34.8882	35.292	35.4353	35.6333	35.7641	35.682	35.7863	35.781	35.9566	35.9117	35.9179	35.954	35.99	36.0056	36.0243	36.019	36.0475	36.0598	36.0677	36.072	36.0735	36.0623	36.0611	35.9921	35.9831	35.9687	35.9688	35.9512	35.9467	35.9431	35.924	35.9172	35.9242	35.9114	35.9003	35.9042	35.8942	35.8828	35.8839	35.8654	35.8626	35.8603	35.8547	35.8376	35.841	35.8295	35.8067	35.8203	35.807	35.7876	35.7973	35.7893	35.7726	35.7712	35.7629	35.756	35.7521	35.74	35.7302	35.737	35.7175	35.7108	35.722	35.7076	35.6888	35.6956	35.6889	35.6725	35.6694	35.6589	35.666	35.6591	35.6428	35.6389	35.6507	35.6364	35.621	35.6225	35.6259	35.6023	35.5973	35.5852	35.5721	35.5845	35.5779	35.566	35.5633	35.5537	35.5378	35.5397	35.5121	35.4967	35.4975	35.4984	35.4948	35.4859	35.4702	35.4619	35.452
FGC2634_s_1_1_ACTCGGCAAT-GACAACTGAA_FGC2634_s_1_2_ACTCGGCAAT-GACAACTGAA	34.8623	34.9858	35.3757	35.5144	35.6984	35.8257	35.7612	35.836	35.8313	36.0109	35.9623	35.9795	36.0122	36.0498	36.0573	36.0758	36.0798	36.1087	36.1209	36.1283	36.1275	36.1298	36.1213	36.1198	36.0553	36.0438	36.031	36.0289	36.0111	36.0063	36.0045	35.9862	35.9807	35.9814	35.9678	35.9556	35.9592	35.9481	35.9389	35.9353	35.9195	35.9155	35.9106	35.9022	35.8873	35.8894	35.8736	35.8369	35.8568	35.8549	35.8442	35.8463	35.8367	35.8283	35.8235	35.8123	35.8035	35.7994	35.7871	35.7749	35.7757	35.7551	35.7467	35.7618	35.7412	35.7253	35.7285	35.7244	35.6994	35.6949	35.6752	35.6797	35.6693	35.6562	35.6582	35.6746	35.6612	35.6424	35.6444	35.6438	35.6224	35.6193	35.6076	35.5931	35.6035	35.5967	35.5827	35.5819	35.5683	35.5544	35.5556	35.5274	35.5171	35.515	35.5134	35.5078	35.498	35.4831	35.4791	35.4645
FGC2634_s_1_1_ACTCTATTGT-ATCGCATATG_FGC2634_s_1_2_ACTCTATTGT-ATCGCATATG	34.8644	34.9918	35.367	35.5046	35.67	35.8075	35.7186	35.8169	35.8098	35.9989	35.949	35.9483	35.9903	36.0175	36.0388	36.0689	36.055	36.0854	36.0978	36.106	36.1083	36.1098	36.0973	36.0952	36.0334	36.0204	36.0073	36.0096	35.988	35.9864	35.9864	35.9665	35.9565	35.9597	35.9421	35.9307	35.9353	35.9273	35.9195	35.9208	35.9004	35.8962	35.8929	35.882	35.8631	35.8677	35.8498	35.8223	35.8435	35.833	35.8267	35.8307	35.8213	35.8074	35.8023	35.7894	35.7837	35.7767	35.7677	35.7584	35.7629	35.7423	35.7338	35.7486	35.7245	35.7072	35.7088	35.703	35.6819	35.6815	35.6646	35.6685	35.6598	35.6451	35.6448	35.6564	35.6376	35.6148	35.6192	35.6206	35.5964	35.5977	35.5822	35.5718	35.5832	35.5702	35.556	35.5504	35.533	35.5192	35.5199	35.4944	35.482	35.4817	35.4789	35.4696	35.4622	35.441	35.4266	35.4159
FGC2634_s_1_1_ACTGGATCTA-TCGCCGCTAG_FGC2634_s_1_2_ACTGGATCTA-TCGCCGCTAG	34.6457	34.7741	35.2246	35.4035	35.6223	35.7444	35.6614	35.7646	35.7683	35.9467	35.9002	35.9143	35.9437	35.9739	35.9874	36.0162	35.9926	36.0376	36.0479	36.057	36.0568	36.0566	36.0467	36.0426	35.9712	35.9609	35.9466	35.9474	35.9314	35.9267	35.9231	35.9068	35.8991	35.9014	35.8801	35.8707	35.8742	35.866	35.86	35.8592	35.8416	35.8368	35.8325	35.82	35.8022	35.8036	35.7869	35.727	35.7633	35.7735	35.7351	35.7234	35.7533	35.7019	35.692	35.7147	35.7036	35.6772	35.657	35.654	35.6835	35.6314	35.6291	35.6668	35.6167	35.6002	35.6283	35.6143	35.5738	35.5912	35.5783	35.5812	35.5568	35.5436	35.5478	35.5741	35.5669	35.5508	35.558	35.5628	35.5411	35.5423	35.5284	35.5189	35.5275	35.5166	35.4967	35.4972	35.4806	35.4662	35.4682	35.4405	35.432	35.4294	35.429	35.4222	35.4077	35.389	35.3759	35.3632
FGC2634_s_1_1_ACTTCAAGCG-GAACCATGAA_FGC2634_s_1_2_ACTTCAAGCG-GAACCATGAA	34.8208	34.9397	35.3234	35.4718	35.6425	35.7781	35.6968	35.7741	35.7662	35.9492	35.909	35.9104	35.9478	35.9862	35.9973	36.0113	36.0176	36.0477	36.0597	36.0672	36.0694	36.0724	36.0615	36.0637	35.9908	35.9813	35.9668	35.9666	35.9504	35.9449	35.9451	35.9285	35.9213	35.9232	35.91	35.8993	35.9029	35.8917	35.8844	35.8823	35.8661	35.8623	35.861	35.8521	35.838	35.8407	35.829	35.8163	35.8237	35.8056	35.8011	35.8027	35.793	35.7865	35.784	35.773	35.7631	35.7613	35.7501	35.7406	35.7424	35.7328	35.7208	35.73	35.7169	35.6977	35.7016	35.693	35.6798	35.6745	35.6676	35.675	35.6671	35.6535	35.6471	35.6595	35.6392	35.62	35.6255	35.6238	35.602	35.6004	35.5838	35.5706	35.5848	35.5758	35.5661	35.5656	35.5516	35.539	35.5391	35.514	35.5021	35.5019	35.5011	35.4941	35.4879	35.472	35.4654	35.4545
FGC2634_s_1_1_AGAGGCAACC-CTAATGATGG_FGC2634_s_1_2_AGAGGCAACC-CTAATGATGG	34.793	34.929	35.3792	35.5964	35.7981	35.8539	35.7178	35.8187	35.8245	36.0654	35.959	35.9629	35.9805	36.0039	36.0068	36.029	35.9729	36.0437	36.0479	36.054	36.0491	36.0341	36.0246	36.0077	35.9239	35.9101	35.9098	35.9155	35.9308	35.8955	35.9025	35.8845	35.8762	35.8799	35.8693	35.8603	35.8609	35.8569	35.8481	35.867	35.8366	35.8349	35.819	35.8066	35.8085	35.7961	35.7833	35.5296	35.683	35.8023	35.7272	35.6704	35.7998	35.7068	35.6264	35.7224	35.7532	35.6587	35.6173	35.6064	35.6793	35.5206	35.5681	35.7066	35.5227	35.5193	35.6021	35.6399	35.4422	35.5533	35.4617	35.4439	35.3848	35.4138	35.4787	35.5704	35.6107	35.6032	35.6195	35.6296	35.6225	35.5984	35.6023	35.6049	35.63	35.6211	35.6112	35.6159	35.6134	35.5965	35.5832	35.5639	35.5488	35.546	35.5591	35.5678	35.5552	35.5031	35.5142	35.4916
FGC2634_s_1_1_AGGTCAGATA-CTACAAGATA_FGC2634_s_1_2_AGGTCAGATA-CTACAAGATA	34.7496	34.8527	35.3069	35.4526	35.6549	35.8068	35.7181	35.8271	35.8171	36.0093	35.9647	35.9771	36.0214	36.0449	36.0693	36.0862	36.0851	36.1162	36.1258	36.1367	36.1398	36.1435	36.1328	36.1302	36.0722	36.0628	36.0489	36.051	36.0301	36.0276	36.0241	36.0069	36.0028	36.003	35.9895	35.983	35.9877	35.9729	35.9667	35.967	35.9493	35.9469	35.9448	35.9348	35.9192	35.9192	35.9047	35.8576	35.8852	35.887	35.8779	35.8732	35.871	35.8565	35.8467	35.8461	35.8451	35.8336	35.8163	35.8105	35.8172	35.7777	35.7807	35.8052	35.7713	35.7579	35.7699	35.7681	35.7315	35.7418	35.7143	35.7179	35.7022	35.6877	35.7018	35.7193	35.7096	35.6931	35.6972	35.7	35.682	35.6729	35.6652	35.656	35.6658	35.6567	35.6445	35.6427	35.631	35.6154	35.6158	35.5867	35.5823	35.5771	35.5742	35.5742	35.5633	35.5476	35.5402	35.5258
FGC2634_s_1_1_AGTCAGACGA-ACCAGCGACA_FGC2634_s_1_2_AGTCAGACGA-ACCAGCGACA	34.8307	34.8871	35.3289	35.4647	35.6507	35.8082	35.6889	35.8007	35.797	35.9838	35.9512	35.9549	36.0034	36.0211	36.0419	36.0535	36.0553	36.0847	36.0966	36.1031	36.1069	36.1109	36.0984	36.0971	36.0322	36.0203	36.0107	36.008	35.9894	35.9857	35.9835	35.9664	35.9527	35.9594	35.9452	35.9361	35.9465	35.9359	35.9253	35.924	35.9043	35.9031	35.9044	35.8929	35.8783	35.8803	35.8648	35.8362	35.8532	35.8463	35.8173	35.8182	35.8234	35.7995	35.7982	35.7898	35.7848	35.7775	35.7658	35.7567	35.7668	35.7404	35.7311	35.7478	35.7283	35.7122	35.7199	35.7109	35.6963	35.6896	35.6827	35.6897	35.6803	35.6603	35.6617	35.6762	35.6657	35.6518	35.6591	35.6579	35.6344	35.6345	35.6192	35.6076	35.6195	35.6098	35.6009	35.6055	35.5865	35.5693	35.5735	35.5443	35.535	35.5368	35.5316	35.531	35.523	35.5031	35.4999	35.4874
FGC2634_s_1_1_AGTGTTGCAC-CTGGTACACG_FGC2634_s_1_2_AGTGTTGCAC-CTGGTACACG	34.8769	34.9512	35.3041	35.4799	35.6178	35.7507	35.6651	35.7548	35.7596	35.9473	35.8922	35.894	35.9411	35.96	35.9783	36.0069	36.0005	36.0295	36.0432	36.0527	36.0487	36.0515	36.0392	36.0341	35.9673	35.9503	35.9439	35.9427	35.9232	35.9147	35.9198	35.8923	35.8831	35.8899	35.8735	35.8654	35.8706	35.8598	35.8527	35.8545	35.8362	35.8328	35.8296	35.8172	35.7974	35.8026	35.7852	35.7415	35.7686	35.7665	35.7615	35.7641	35.7524	35.7403	35.7364	35.722	35.7164	35.7151	35.702	35.6916	35.6947	35.6684	35.6634	35.6849	35.6567	35.6397	35.6452	35.641	35.6136	35.6149	35.5908	35.5936	35.5774	35.5634	35.5722	35.5913	35.5788	35.5605	35.5652	35.5641	35.5419	35.5418	35.5273	35.5163	35.5298	35.5176	35.5029	35.5056	35.4874	35.4732	35.4792	35.4477	35.4381	35.4403	35.4369	35.4328	35.4238	35.4044	35.395	35.3882
FGC2634_s_1_1_ATGGTTGACT-GGCCTGTCCT_FGC2634_s_1_2_ATGGTTGACT-GGCCTGTCCT	34.809	34.9353	35.2847	35.4313	35.6027	35.7307	35.6486	35.7369	35.7204	35.893	35.8419	35.8566	35.8857	35.9212	35.9393	35.9547	35.9506	35.9782	35.9929	35.9939	36.0001	35.9991	35.9874	35.9882	35.9104	35.9	35.8846	35.8879	35.8614	35.8602	35.8529	35.8395	35.8259	35.8318	35.821	35.8091	35.8189	35.8047	35.7921	35.7923	35.7707	35.7639	35.7687	35.7568	35.7435	35.7448	35.7337	35.7187	35.7323	35.7123	35.7049	35.7102	35.6958	35.6881	35.6861	35.6734	35.6693	35.6657	35.6534	35.6416	35.6448	35.6253	35.6187	35.6289	35.6128	35.5983	35.5997	35.5941	35.58	35.5736	35.5594	35.5673	35.5633	35.5437	35.5423	35.5523	35.5334	35.5134	35.5181	35.5196	35.4935	35.4897	35.472	35.4584	35.4708	35.4597	35.4444	35.4503	35.4353	35.4171	35.4215	35.3903	35.3727	35.3735	35.3697	35.3631	35.3536	35.3366	35.3292	35.3183
FGC2634_s_1_1_ATTCCATAAG-TGCCTGGTGG_FGC2634_s_1_2_ATTCCATAAG-TGCCTGGTGG	34.7192	34.8157	35.2588	35.4144	35.6082	35.7484	35.6594	35.7657	35.7534	35.9353	35.8909	35.9014	35.9411	35.9653	35.9878	36.01	35.9968	36.0285	36.0373	36.0456	36.048	36.0478	36.0371	36.0369	35.9575	35.9434	35.9308	35.928	35.9076	35.9058	35.9058	35.8877	35.8813	35.8862	35.8683	35.8538	35.8584	35.8448	35.8355	35.8387	35.8161	35.8143	35.8137	35.8042	35.7891	35.7907	35.7719	35.743	35.7523	35.7467	35.7401	35.7422	35.7364	35.7288	35.7221	35.713	35.7038	35.6962	35.6767	35.6649	35.6702	35.6485	35.6435	35.6634	35.6419	35.6256	35.6304	35.6237	35.5959	35.5946	35.5747	35.5806	35.5702	35.557	35.5606	35.576	35.5608	35.5373	35.5422	35.5359	35.5116	35.5079	35.4923	35.4805	35.4943	35.484	35.4732	35.4733	35.4528	35.4355	35.4326	35.3988	35.3871	35.3882	35.3865	35.3824	35.3748	35.3567	35.3492	35.3349
FGC2634_s_1_1_CAATCGGCTG-GCTGTAGGAA_FGC2634_s_1_2_CAATCGGCTG-GCTGTAGGAA	34.8192	34.9349	35.2816	35.4197	35.5752	35.7169	35.6379	35.7202	35.7049	35.8966	35.8459	35.846	35.8929	35.9275	35.9328	35.9535	35.9466	35.9817	35.9934	36.0007	36.005	36.0055	35.9966	35.9965	35.9158	35.9018	35.8884	35.89	35.8646	35.8637	35.862	35.8414	35.8349	35.8398	35.8256	35.8162	35.8247	35.8105	35.7975	35.7982	35.7757	35.7748	35.7764	35.7678	35.749	35.7554	35.738	35.7051	35.7217	35.719	35.7067	35.7126	35.7018	35.693	35.6891	35.6794	35.6731	35.6685	35.6545	35.6439	35.6476	35.6203	35.6145	35.6338	35.6101	35.597	35.6022	35.5987	35.5702	35.573	35.5496	35.5549	35.5436	35.5279	35.5317	35.5508	35.5355	35.5167	35.519	35.52	35.4954	35.4921	35.4748	35.4603	35.4756	35.4631	35.4513	35.4554	35.4367	35.4176	35.4246	35.3887	35.3748	35.3759	35.3701	35.3651	35.3579	35.3418	35.3307	35.3233
FGC2634_s_1_1_CACAATAGGA-TCCATCCGAG_FGC2634_s_1_2_CACAATAGGA-TCCATCCGAG	34.7758	34.8734	35.2864	35.4454	35.6224	35.7652	35.6663	35.7658	35.7549	35.9435	35.8969	35.9006	35.9395	35.9739	35.9806	36.0103	36.0051	36.03	36.0434	36.0494	36.0524	36.05	36.0359	36.0398	35.9635	35.9494	35.9386	35.936	35.9164	35.9113	35.9132	35.896	35.8839	35.8889	35.8695	35.859	35.8644	35.8526	35.8473	35.8497	35.8298	35.8268	35.8194	35.8101	35.7902	35.7956	35.7806	35.7622	35.7755	35.7561	35.7447	35.7452	35.7414	35.7232	35.7204	35.7057	35.6988	35.692	35.6821	35.6741	35.6774	35.6623	35.6503	35.6614	35.6419	35.6198	35.6236	35.6113	35.5963	35.5913	35.5844	35.5918	35.5858	35.563	35.559	35.5629	35.5445	35.5238	35.5276	35.5295	35.5032	35.5014	35.4852	35.4714	35.4819	35.4679	35.4474	35.4511	35.4281	35.4128	35.4137	35.3806	35.3693	35.3703	35.3648	35.3551	35.3472	35.3234	35.3087	35.2963
FGC2634_s_1_1_CAGCCGCGTA-ACTAGCCGTG_FGC2634_s_1_2_CAGCCGCGTA-ACTAGCCGTG	34.8505	34.9594	35.3195	35.463	35.6226	35.7517	35.6548	35.7532	35.7455	35.9276	35.8865	35.8921	35.9264	35.9617	35.9754	36.0016	35.9938	36.0195	36.0333	36.0386	36.0416	36.0387	36.0276	36.0253	35.9495	35.9362	35.9241	35.9266	35.9064	35.9065	35.8988	35.8874	35.8734	35.8802	35.8616	35.8524	35.8586	35.8493	35.8469	35.844	35.8229	35.8215	35.8174	35.806	35.7881	35.7922	35.7758	35.7631	35.7753	35.7604	35.7539	35.7542	35.7485	35.7353	35.727	35.7177	35.7092	35.7052	35.6964	35.6892	35.6931	35.6817	35.6703	35.6797	35.664	35.6416	35.6504	35.6373	35.627	35.6193	35.6138	35.6232	35.6176	35.6021	35.5971	35.6066	35.5832	35.5653	35.5669	35.5706	35.5487	35.5496	35.5378	35.5245	35.5393	35.5252	35.5074	35.5045	35.4926	35.4748	35.4801	35.4531	35.4417	35.448	35.4448	35.4405	35.4305	35.4102	35.3986	35.3889
FGC2634_s_1_1_CAGTGGCACT-TAACAATAGG_FGC2634_s_1_2_CAGTGGCACT-TAACAATAGG	34.7549	34.8796	35.3005	35.436	35.6293	35.7638	35.6817	35.7821	35.7717	35.9569	35.9078	35.9182	35.9575	35.987	36.0149	36.04	36.0338	36.0599	36.0729	36.0786	36.0836	36.0838	36.0725	36.0745	36.0024	35.9937	35.981	35.98	35.9617	35.9597	35.9552	35.9379	35.9315	35.9298	35.9173	35.9087	35.9135	35.9016	35.8952	35.8949	35.8755	35.8736	35.8711	35.8613	35.8438	35.8472	35.8344	35.8166	35.8286	35.8164	35.8096	35.813	35.8012	35.7918	35.7868	35.7741	35.7696	35.7651	35.7549	35.7478	35.7486	35.7328	35.7265	35.7362	35.7194	35.7023	35.705	35.6976	35.6839	35.679	35.6676	35.6761	35.6689	35.657	35.652	35.6581	35.6452	35.6231	35.6251	35.6267	35.6069	35.6039	35.5909	35.5818	35.5913	35.5833	35.5689	35.5675	35.5532	35.5403	35.5445	35.5162	35.506	35.5073	35.5039	35.5007	35.4909	35.475	35.4672	35.4547
FGC2634_s_1_1_CATTAGTGCG-TGACTACATA_FGC2634_s_1_2_CATTAGTGCG-TGACTACATA	34.7912	34.9129	35.3063	35.4518	35.637	35.7575	35.6717	35.7702	35.7513	35.9281	35.8841	35.8863	35.9281	35.9509	35.9732	35.9886	35.9896	36.0189	36.0299	36.0373	36.0396	36.039	36.03	36.0336	35.9553	35.9454	35.9316	35.929	35.911	35.9077	35.9058	35.8886	35.8808	35.8836	35.8732	35.859	35.8636	35.8516	35.8409	35.8411	35.8234	35.8197	35.82	35.8097	35.7964	35.7981	35.7863	35.767	35.7749	35.764	35.7509	35.7496	35.7472	35.7335	35.7287	35.7223	35.7142	35.7078	35.6952	35.6842	35.6906	35.6719	35.6631	35.6774	35.6569	35.6415	35.6463	35.6385	35.6214	35.6177	35.6069	35.6152	35.6056	35.59	35.5851	35.599	35.5823	35.5651	35.5696	35.5688	35.5443	35.5404	35.5257	35.5145	35.5267	35.5168	35.5038	35.5044	35.489	35.4746	35.4768	35.447	35.434	35.4319	35.429	35.4228	35.416	35.4023	35.3914	35.3803
FGC2634_s_1_1_CCACCAGGCA-CTTATGGAAT_FGC2634_s_1_2_CCACCAGGCA-CTTATGGAAT	34.8331	34.9477	35.2908	35.4303	35.592	35.7275	35.6308	35.718	35.711	35.8888	35.8459	35.8575	35.895	35.9122	35.9301	35.9543	35.9486	35.9762	35.9907	35.998	35.9973	36.0008	35.9888	35.985	35.9004	35.892	35.8777	35.8761	35.8585	35.8537	35.8487	35.8367	35.8213	35.8286	35.8166	35.8034	35.8096	35.7968	35.7867	35.7859	35.7643	35.7643	35.7639	35.7509	35.7342	35.7371	35.7243	35.6981	35.7179	35.7036	35.6853	35.6863	35.6844	35.6665	35.6595	35.6549	35.6458	35.636	35.6268	35.6171	35.6263	35.6039	35.5932	35.6088	35.5895	35.5679	35.5795	35.5681	35.5484	35.5457	35.5367	35.5429	35.5325	35.5181	35.5136	35.5274	35.5103	35.4902	35.492	35.4959	35.4694	35.4681	35.4539	35.4379	35.4535	35.4394	35.4273	35.4258	35.4122	35.391	35.3963	35.3596	35.3479	35.3479	35.346	35.3409	35.3287	35.313	35.2972	35.2895
FGC2634_s_1_1_CCATCATTAG-GGTTGCCTCT_FGC2634_s_1_2_CCATCATTAG-GGTTGCCTCT	34.7669	34.8896	35.2313	35.3893	35.5562	35.6795	35.6005	35.6863	35.6671	35.8333	35.7983	35.8027	35.8365	35.8637	35.8872	35.9013	35.8953	35.9257	35.9394	35.9417	35.9467	35.9478	35.9362	35.9355	35.8489	35.8341	35.8201	35.8223	35.7953	35.7922	35.7891	35.7769	35.7638	35.7688	35.7554	35.7442	35.7504	35.7359	35.7288	35.7255	35.7025	35.7006	35.7029	35.6912	35.6743	35.6799	35.667	35.6517	35.6616	35.6454	35.6353	35.6415	35.6298	35.62	35.6163	35.605	35.5953	35.5935	35.5782	35.57	35.5712	35.5562	35.5438	35.558	35.5386	35.524	35.5262	35.5143	35.5002	35.4964	35.4827	35.4896	35.483	35.4643	35.4603	35.4701	35.4535	35.431	35.4343	35.433	35.4074	35.4055	35.3878	35.3731	35.386	35.3735	35.3602	35.3618	35.3438	35.3267	35.3305	35.2937	35.2795	35.2779	35.2739	35.2645	35.2574	35.2402	35.2292	35.2203
FGC2634_s_1_1_CCATCTCGCC-TTCTATGGTT_FGC2634_s_1_2_CCATCTCGCC-TTCTATGGTT	34.675	34.8387	35.0944	35.294	35.4421	35.5384	35.439	35.5175	35.5017	35.6563	35.6179	35.6251	35.6641	35.6961	35.7074	35.7256	35.7162	35.746	35.7568	35.7651	35.7666	35.769	35.7536	35.7531	35.6494	35.6373	35.6186	35.624	35.5965	35.5948	35.5938	35.5748	35.5663	35.5728	35.5598	35.5452	35.5558	35.5405	35.5296	35.5334	35.5079	35.5066	35.5119	35.4974	35.4827	35.4881	35.474	35.4622	35.4714	35.4494	35.4453	35.4483	35.4341	35.4279	35.4279	35.4146	35.4061	35.4081	35.3918	35.3807	35.3869	35.3689	35.3607	35.372	35.3582	35.3412	35.3483	35.3373	35.3211	35.3192	35.3046	35.3167	35.3092	35.2938	35.2853	35.3015	35.2813	35.2564	35.2652	35.2654	35.2354	35.2366	35.2201	35.2026	35.2244	35.2145	35.1992	35.2046	35.1904	35.1687	35.1773	35.1429	35.1288	35.1325	35.1295	35.1294	35.1223	35.103	35.0961	35.0871
FGC2634_s_1_1_CCGTATGTTC-CATACACTGT_FGC2634_s_1_2_CCGTATGTTC-CATACACTGT	34.8449	34.9795	35.2926	35.4585	35.6108	35.7324	35.6357	35.7133	35.7006	35.8718	35.8295	35.8225	35.8717	35.897	35.9244	35.9345	35.9103	35.9595	35.9694	35.9752	35.9752	35.9749	35.961	35.959	35.8759	35.8645	35.8499	35.8527	35.8342	35.8297	35.8276	35.8039	35.7937	35.7981	35.7839	35.7706	35.7751	35.7621	35.7504	35.754	35.7382	35.7297	35.7375	35.716	35.7006	35.6991	35.6798	35.6292	35.6648	35.6687	35.6632	35.6657	35.6574	35.6413	35.6321	35.6175	35.61	35.6054	35.5876	35.583	35.587	35.5554	35.5558	35.58	35.5442	35.5259	35.5298	35.5276	35.4905	35.4929	35.4648	35.4714	35.457	35.4418	35.4492	35.4729	35.4549	35.4306	35.4362	35.4381	35.4158	35.4172	35.3976	35.3839	35.3961	35.3815	35.363	35.3594	35.337	35.3214	35.3255	35.2923	35.2782	35.2775	35.2774	35.2646	35.2555	35.2323	35.2126	35.2006
FGC2634_s_1_1_CCTCCGTCCA-CACATCGGTG_FGC2634_s_1_2_CCTCCGTCCA-CACATCGGTG	34.7488	34.8471	35.2221	35.3948	35.5587	35.696	35.5753	35.6733	35.669	35.8488	35.8097	35.8127	35.8522	35.8844	35.8949	35.9184	35.9078	35.9354	35.9523	35.9547	35.9588	35.957	35.9421	35.9453	35.8606	35.844	35.8293	35.8343	35.8132	35.8151	35.8113	35.7942	35.7841	35.789	35.7716	35.7629	35.7724	35.756	35.7551	35.7575	35.7387	35.7352	35.7307	35.7181	35.6991	35.7074	35.6892	35.6817	35.6935	35.6773	35.6719	35.6742	35.6659	35.6529	35.647	35.6349	35.6305	35.6196	35.6154	35.6107	35.6143	35.6046	35.5935	35.6039	35.5879	35.565	35.5738	35.5589	35.5535	35.5452	35.5428	35.5515	35.5469	35.5313	35.5269	35.5341	35.5095	35.4895	35.4951	35.4966	35.4788	35.483	35.4683	35.4545	35.4761	35.4562	35.44	35.4371	35.4246	35.4126	35.4233	35.3956	35.3836	35.3935	35.3892	35.389	35.3801	35.3502	35.3453	35.3336
FGC2634_s_1_1_CCTCTACATG-GATACCTCCT_FGC2634_s_1_2_CCTCTACATG-GATACCTCCT	34.7598	34.8751	35.2784	35.4351	35.6254	35.7504	35.6701	35.7592	35.7493	35.9315	35.8891	35.896	35.9324	35.9657	35.9822	36.0005	35.9896	36.0261	36.0367	36.043	36.0449	36.0465	36.0342	36.0362	35.9597	35.9493	35.9346	35.9358	35.9127	35.9095	35.9091	35.8897	35.8785	35.8852	35.8695	35.8606	35.8646	35.8539	35.8459	35.8447	35.8239	35.8196	35.8172	35.8101	35.7948	35.7977	35.7825	35.7526	35.7657	35.7626	35.7468	35.7424	35.7456	35.7262	35.7196	35.7188	35.7138	35.7034	35.6864	35.6789	35.6877	35.6575	35.6512	35.6731	35.6452	35.6254	35.639	35.6318	35.6035	35.61	35.591	35.5975	35.584	35.568	35.5666	35.5833	35.5689	35.5515	35.5556	35.5588	35.5329	35.5285	35.5144	35.5005	35.5109	35.5024	35.4871	35.4868	35.4734	35.4579	35.4544	35.4256	35.4121	35.4068	35.406	35.398	35.3912	35.3735	35.3606	35.348
FGC2634_s_1_1_CCTGTCTGTC-ACTGTTGTGA_FGC2634_s_1_2_CCTGTCTGTC-ACTGTTGTGA	34.7868	34.9133	35.305	35.4337	35.6114	35.7523	35.6641	35.7676	35.7572	35.9426	35.8972	35.9035	35.9478	35.9715	35.998	36.0087	36.0087	36.0369	36.0493	36.054	36.0573	36.0606	36.0502	36.0475	35.972	35.9622	35.9517	35.9502	35.9336	35.9277	35.9237	35.9076	35.899	35.9032	35.8899	35.8793	35.8852	35.8732	35.8646	35.8644	35.8454	35.8445	35.8414	35.8316	35.8164	35.8182	35.8037	35.7878	35.8036	35.7885	35.7806	35.7846	35.7722	35.7625	35.7589	35.7455	35.7404	35.7369	35.7246	35.7176	35.7221	35.7042	35.6981	35.7091	35.6914	35.6736	35.6767	35.6715	35.6543	35.6521	35.6404	35.648	35.6435	35.625	35.6238	35.6306	35.6151	35.5932	35.5978	35.5953	35.5764	35.5712	35.5595	35.5476	35.5601	35.5488	35.5371	35.5348	35.5182	35.5053	35.5072	35.4769	35.4696	35.4708	35.466	35.4633	35.4509	35.4351	35.4281	35.4171
FGC2634_s_1_1_CGACATCCGA-TACGTTCATT_FGC2634_s_1_2_CGACATCCGA-TACGTTCATT	34.7923	34.8844	35.2896	35.439	35.6117	35.7524	35.6657	35.7513	35.7506	35.9411	35.8953	35.9008	35.9401	35.963	35.9838	36.0056	36.0024	36.0306	36.0412	36.0476	36.05	36.052	36.0419	36.0402	35.9609	35.954	35.937	35.9386	35.9165	35.9098	35.9113	35.8855	35.8867	35.89	35.8723	35.8647	35.8726	35.8582	35.8462	35.8443	35.8272	35.8232	35.8229	35.8117	35.7948	35.7987	35.783	35.7246	35.7609	35.7605	35.7047	35.6996	35.7158	35.679	35.6729	35.6621	35.6618	35.6516	35.636	35.6274	35.6364	35.6131	35.6037	35.6187	35.5998	35.5808	35.5925	35.5793	35.5676	35.558	35.5552	35.5645	35.5475	35.5288	35.5224	35.5358	35.5317	35.5263	35.5393	35.5457	35.5258	35.5235	35.5128	35.5007	35.5091	35.5039	35.4911	35.4909	35.4748	35.4595	35.462	35.4333	35.4205	35.4139	35.4142	35.4076	35.4024	35.3857	35.3801	35.3688
FGC2634_s_1_1_CGAGGCCAAG-GTGTTACCGG_FGC2634_s_1_2_CGAGGCCAAG-GTGTTACCGG	34.7699	34.8993	35.2461	35.4058	35.5767	35.6822	35.6079	35.6869	35.685	35.8414	35.7954	35.8	35.8398	35.8715	35.8937	35.9156	35.8948	35.9294	35.9418	35.9466	35.9536	35.9542	35.9416	35.9402	35.8565	35.8435	35.8321	35.8289	35.8093	35.8087	35.8079	35.7881	35.7773	35.7834	35.7708	35.7554	35.764	35.7525	35.7417	35.7472	35.7246	35.7193	35.7202	35.7075	35.6914	35.6941	35.6759	35.6474	35.6581	35.6617	35.6503	35.6509	35.6445	35.634	35.6254	35.6194	35.6132	35.6027	35.5884	35.581	35.5909	35.5637	35.559	35.5785	35.5544	35.5359	35.5463	35.5387	35.5109	35.5155	35.4971	35.5045	35.494	35.4793	35.4806	35.4977	35.4832	35.4596	35.4661	35.4694	35.4416	35.4434	35.4299	35.415	35.4305	35.4187	35.4037	35.406	35.3906	35.37	35.3759	35.3436	35.3339	35.3347	35.3337	35.3297	35.3225	35.2991	35.2892	35.2769
FGC2634_s_1_1_CGGTTACGGC-AAGACTATAG_FGC2634_s_1_2_CGGTTACGGC-AAGACTATAG	34.8713	34.9808	35.3677	35.5085	35.6733	35.8041	35.7194	35.8004	35.812	35.9774	35.9377	35.9427	35.9749	36.0063	36.0242	36.0554	36.0515	36.0744	36.0898	36.0956	36.0985	36.0995	36.0892	36.088	36.0207	36.0092	35.9943	35.9948	35.9787	35.975	35.9732	35.9568	35.9449	35.9504	35.934	35.9203	35.927	35.9146	35.9096	35.9086	35.892	35.8867	35.8849	35.8729	35.8547	35.8579	35.8457	35.8243	35.8344	35.824	35.8136	35.8176	35.8104	35.7966	35.7936	35.7813	35.7744	35.7677	35.757	35.7448	35.7542	35.7381	35.7289	35.7424	35.7195	35.7011	35.7073	35.696	35.6809	35.6777	35.6692	35.6763	35.6722	35.6545	35.6486	35.6591	35.6422	35.6226	35.6258	35.6274	35.6028	35.608	35.5909	35.5793	35.5908	35.5834	35.5673	35.5671	35.5493	35.5381	35.542	35.5147	35.5044	35.5024	35.5016	35.4961	35.4858	35.4736	35.4639	35.4523
FGC2634_s_1_1_CGTTATTCTA-CCATAAGGTT_FGC2634_s_1_2_CGTTATTCTA-CCATAAGGTT	34.7984	34.9215	35.2751	35.4208	35.5897	35.7252	35.6322	35.7228	35.7014	35.8862	35.8353	35.8395	35.8913	35.9238	35.9381	35.9553	35.9471	35.9792	35.9936	35.9991	36.0034	36.0026	35.9897	35.989	35.9121	35.9001	35.8874	35.8923	35.8703	35.868	35.8671	35.8467	35.8334	35.8406	35.8272	35.8127	35.8225	35.8106	35.8017	35.8051	35.7833	35.7818	35.7799	35.7695	35.7485	35.7544	35.7393	35.7145	35.7355	35.727	35.7134	35.7151	35.7089	35.6892	35.6838	35.68	35.6718	35.6695	35.6517	35.6466	35.6567	35.6332	35.6269	35.643	35.6178	35.5972	35.6073	35.5981	35.5776	35.5821	35.5671	35.5794	35.5686	35.5538	35.5499	35.562	35.5465	35.5248	35.5312	35.5306	35.5082	35.5091	35.4964	35.4844	35.4964	35.4822	35.4674	35.4665	35.4477	35.4362	35.4403	35.4079	35.4018	35.4052	35.4015	35.3955	35.3827	35.3657	35.3512	35.3453
FGC2634_s_1_1_CTAGTGCTCT-TGGAACAGTA_FGC2634_s_1_2_CTAGTGCTCT-TGGAACAGTA	34.7645	34.8802	35.297	35.4431	35.6325	35.7717	35.6899	35.7927	35.7845	35.9526	35.9073	35.9263	35.9566	35.9973	36.011	36.0242	36.028	36.0567	36.0694	36.0764	36.0783	36.0801	36.0681	36.0685	35.9978	35.9887	35.9756	35.9753	35.9577	35.9561	35.9509	35.9306	35.9263	35.9274	35.9122	35.9043	35.9087	35.899	35.8922	35.8926	35.8698	35.8725	35.8665	35.8572	35.8393	35.8431	35.8289	35.813	35.8259	35.811	35.8076	35.8126	35.798	35.7891	35.7864	35.771	35.7641	35.7629	35.7529	35.7455	35.7476	35.7319	35.7259	35.7324	35.7156	35.6965	35.6971	35.6934	35.6782	35.6749	35.6585	35.6678	35.6608	35.6425	35.6408	35.6506	35.63	35.6099	35.6129	35.6119	35.59	35.5879	35.5748	35.5605	35.5729	35.5591	35.5461	35.5443	35.5258	35.5131	35.5101	35.4836	35.4739	35.4763	35.4698	35.4657	35.4556	35.4357	35.4238	35.4136
FGC2634_s_1_1_CTATTACTAC-GAGTCTCTCC_FGC2634_s_1_2_CTATTACTAC-GAGTCTCTCC	34.623	34.8245	35.0513	35.283	35.4275	35.5245	35.4387	35.5027	35.4951	35.6473	35.6152	35.611	35.6477	35.6728	35.6923	35.7129	35.6782	35.7261	35.7434	35.7458	35.7489	35.7474	35.7336	35.7329	35.6269	35.6147	35.5982	35.6058	35.573	35.5691	35.566	35.5456	35.532	35.5383	35.5315	35.5148	35.529	35.5146	35.5001	35.5046	35.4749	35.4723	35.4806	35.4623	35.4464	35.453	35.4355	35.4004	35.4247	35.4196	35.4084	35.4101	35.4052	35.3899	35.3858	35.375	35.3713	35.3646	35.346	35.3379	35.3474	35.3144	35.3054	35.3339	35.3026	35.2874	35.2969	35.2955	35.2609	35.2626	35.2399	35.2433	35.2314	35.2154	35.2176	35.2397	35.2216	35.2001	35.2098	35.2118	35.1826	35.1795	35.1592	35.1391	35.1569	35.1436	35.1278	35.1335	35.1121	35.091	35.0979	35.0595	35.0414	35.0385	35.0366	35.0253	35.0206	34.9965	34.9853	34.9728
FGC2634_s_1_1_CTGCGAGCCA-AATCCGGCCA_FGC2634_s_1_2_CTGCGAGCCA-AATCCGGCCA	33.8787	33.9691	34.2345	34.8312	34.9764	35.0278	34.9187	35.0173	35.0108	35.1669	35.171	35.1815	35.2058	35.2335	35.2577	35.2662	35.2408	35.287	35.3062	35.3074	35.3142	35.3101	35.2875	35.2895	35.157	35.1363	35.1139	35.1244	35.0809	35.0894	35.0891	35.0636	35.0535	35.0646	35.0501	35.0317	35.0445	35.0229	35.01	35.0126	34.98	34.9774	34.9872	34.9669	34.9558	34.9641	34.943	34.9202	34.94	34.9101	34.8933	34.9014	34.8952	34.8807	34.8821	34.8675	34.8585	34.8571	34.8327	34.8135	34.8318	34.8031	34.7889	34.8164	34.7926	34.7718	34.7867	34.7679	34.7499	34.7473	34.723	34.7405	34.7267	34.7001	34.6998	34.7265	34.6977	34.6684	34.6833	34.6829	34.6434	34.6447	34.6132	34.5901	34.617	34.6063	34.5856	34.6006	34.5663	34.5461	34.5508	34.504	34.4756	34.4751	34.4742	34.4638	34.4571	34.4287	34.4167	34.4062
FGC2634_s_1_1_CTTGCCATTA-ATCACGAAGG_FGC2634_s_1_2_CTTGCCATTA-ATCACGAAGG	34.8111	34.9392	35.2656	35.4289	35.5891	35.7099	35.6024	35.6961	35.6886	35.8609	35.8198	35.8317	35.8593	35.8844	35.9169	35.9364	35.9253	35.9544	35.9674	35.9712	35.9729	35.9769	35.9638	35.9666	35.8805	35.8681	35.8549	35.8594	35.8368	35.8338	35.8343	35.8158	35.8028	35.8123	35.7934	35.7833	35.7928	35.7792	35.7706	35.775	35.7514	35.7498	35.7526	35.7399	35.7207	35.7269	35.707	35.6934	35.7103	35.6948	35.6894	35.6958	35.6852	35.6744	35.6714	35.6574	35.6503	35.65	35.6354	35.6268	35.6328	35.6171	35.6078	35.6196	35.6038	35.5834	35.5878	35.5818	35.5653	35.561	35.547	35.5555	35.5511	35.5313	35.5307	35.5432	35.5231	35.5043	35.5057	35.5058	35.4815	35.4806	35.4637	35.4512	35.4658	35.4488	35.4368	35.4374	35.4153	35.3973	35.402	35.3683	35.359	35.3629	35.356	35.3503	35.3438	35.3178	35.3111	35.3008
FGC2634_s_1_1_GAACTGAGCG-TCGTGGAGCG_FGC2634_s_1_2_GAACTGAGCG-TCGTGGAGCG	34.7363	34.8385	35.2635	35.4108	35.6057	35.7372	35.6457	35.7456	35.7441	35.9332	35.8848	35.896	35.921	35.9675	35.9758	36.0043	35.9412	36.0203	36.027	36.0414	36.042	36.0387	36.0285	36.0162	35.9492	35.9364	35.9223	35.9303	35.9087	35.904	35.903	35.8791	35.8783	35.8827	35.8575	35.8535	35.8598	35.8448	35.8434	35.8415	35.8251	35.8174	35.8154	35.8037	35.7815	35.7744	35.7522	35.5908	35.6844	35.7541	35.6593	35.6241	35.7156	35.6058	35.5798	35.6713	35.6577	35.5926	35.5417	35.5519	35.6326	35.4926	35.5215	35.618	35.4925	35.4781	35.572	35.544	35.4351	35.5141	35.476	35.4646	35.3999	35.394	35.4267	35.4945	35.5138	35.5122	35.5203	35.5302	35.512	35.5187	35.5029	35.495	35.5067	35.4879	35.4704	35.4623	35.4512	35.4282	35.4378	35.4082	35.3946	35.3967	35.3925	35.3881	35.3744	35.3496	35.3326	35.3201
FGC2634_s_1_1_GAAGCGGCAC-CGGCTCTACT_FGC2634_s_1_2_GAAGCGGCAC-CGGCTCTACT	34.8067	34.9003	35.2825	35.4271	35.5959	35.7433	35.6484	35.7522	35.7437	35.9232	35.8762	35.8855	35.9214	35.9507	35.974	35.9939	35.9919	36.017	36.0308	36.0374	36.0402	36.0446	36.0326	36.0343	35.9591	35.946	35.9346	35.9335	35.9116	35.908	35.9062	35.888	35.881	35.8867	35.8711	35.863	35.8711	35.8554	35.8469	35.8473	35.8237	35.8243	35.8241	35.8132	35.7973	35.8029	35.7875	35.7621	35.7796	35.7662	35.7595	35.765	35.7501	35.7431	35.7434	35.7288	35.7262	35.7209	35.709	35.7012	35.702	35.6813	35.6766	35.6867	35.6705	35.656	35.658	35.6526	35.639	35.6322	35.6141	35.6209	35.6082	35.5938	35.5952	35.6092	35.591	35.576	35.5798	35.5808	35.558	35.5566	35.5384	35.5287	35.5426	35.5312	35.5216	35.5222	35.5073	35.4912	35.4933	35.4638	35.4534	35.4532	35.451	35.4475	35.4422	35.4256	35.4214	35.4099
FGC2634_s_1_1_GACACCATGT-TCAACGTGTA_FGC2634_s_1_2_GACACCATGT-TCAACGTGTA	34.7915	34.9055	35.2925	35.4342	35.6065	35.7463	35.6657	35.7531	35.7372	35.9201	35.885	35.8981	35.9323	35.9657	35.9828	35.996	35.9995	36.0273	36.0422	36.0489	36.0505	36.054	36.0412	36.0427	35.9653	35.9553	35.945	35.9484	35.9294	35.9271	35.9247	35.9074	35.8969	35.899	35.8844	35.8745	35.8816	35.8698	35.8626	35.8653	35.8465	35.8471	35.8447	35.8313	35.8136	35.8165	35.8044	35.7906	35.8047	35.791	35.7845	35.7901	35.7778	35.7685	35.7654	35.7477	35.7428	35.7381	35.7307	35.7215	35.7309	35.717	35.7092	35.7185	35.7016	35.6783	35.68	35.6739	35.6577	35.6569	35.65	35.6591	35.6572	35.6384	35.6351	35.6409	35.6203	35.6001	35.6019	35.6051	35.5847	35.5836	35.5705	35.5631	35.5735	35.5613	35.5467	35.547	35.529	35.5162	35.5163	35.4936	35.4853	35.486	35.4855	35.4783	35.4701	35.4492	35.4405	35.4318
FGC2634_s_1_1_GACTGAGTAG-GTTGATAGTG_FGC2634_s_1_2_GACTGAGTAG-GTTGATAGTG	34.7787	34.8821	35.2758	35.4379	35.619	35.7438	35.6627	35.7457	35.7367	35.9198	35.8626	35.87	35.9054	35.9451	35.961	35.9815	35.9751	36.0033	36.0153	36.0219	36.0222	36.0231	36.0071	36.0136	35.931	35.9213	35.9089	35.9074	35.8901	35.8869	35.8868	35.8684	35.8576	35.8607	35.8412	35.833	35.8358	35.8251	35.8248	35.8229	35.803	35.8006	35.7947	35.7822	35.7661	35.7679	35.7528	35.7324	35.744	35.7386	35.7336	35.7335	35.7243	35.7132	35.7052	35.6922	35.6805	35.6796	35.669	35.6616	35.6679	35.6528	35.6431	35.6553	35.6351	35.6123	35.6134	35.6055	35.5902	35.5886	35.574	35.5856	35.5772	35.5581	35.5559	35.5668	35.5451	35.522	35.5273	35.5281	35.5063	35.5086	35.4941	35.4809	35.4906	35.4787	35.4618	35.4578	35.4384	35.4247	35.4267	35.401	35.3905	35.3877	35.3846	35.3805	35.3669	35.3443	35.3336	35.3197
FGC2634_s_1_1_GAGAATGGTT-TCGGCAGCAA_FGC2634_s_1_2_GAGAATGGTT-TCGGCAGCAA	34.811	34.9215	35.3118	35.459	35.6311	35.7789	35.6966	35.7845	35.7815	35.9661	35.9197	35.919	35.9659	35.9939	36.0086	36.0248	36.0289	36.0542	36.0707	36.0731	36.081	36.0837	36.0722	36.0718	36.0017	35.9897	35.9781	35.9779	35.9576	35.9544	35.9525	35.9346	35.9256	35.9321	35.92	35.9094	35.9152	35.9013	35.8916	35.8927	35.8741	35.8726	35.8725	35.863	35.8485	35.8518	35.8368	35.825	35.8342	35.8166	35.8096	35.8147	35.8008	35.7935	35.7934	35.7789	35.7745	35.7732	35.7614	35.7511	35.7515	35.7392	35.7305	35.7402	35.7249	35.7089	35.7099	35.7048	35.69	35.6858	35.6722	35.6836	35.6766	35.6618	35.6588	35.6653	35.6474	35.6266	35.6324	35.6335	35.6077	35.6064	35.5905	35.5824	35.5948	35.5825	35.5734	35.5742	35.5584	35.5432	35.5475	35.5152	35.505	35.5065	35.505	35.5022	35.4957	35.4777	35.4708	35.4624
FGC2634_s_1_1_GAGTCATAGG-GTGTGGCGCT_FGC2634_s_1_2_GAGTCATAGG-GTGTGGCGCT	34.7603	34.858	35.2249	35.3937	35.5583	35.6891	35.6014	35.6845	35.6767	35.854	35.8123	35.8204	35.854	35.8906	35.9039	35.9204	35.8959	35.9397	35.9504	35.9577	35.9589	35.963	35.9488	35.9509	35.8627	35.8509	35.8361	35.8394	35.8135	35.8115	35.8117	35.7899	35.7831	35.7895	35.7737	35.7611	35.7664	35.7542	35.7443	35.7437	35.7238	35.7201	35.7221	35.7102	35.6993	35.6983	35.6769	35.6212	35.6511	35.6649	35.6159	35.6112	35.6388	35.5974	35.5887	35.6033	35.5984	35.5755	35.5508	35.5456	35.5748	35.5232	35.5199	35.5607	35.5129	35.498	35.5276	35.5138	35.4745	35.4877	35.4717	35.4762	35.4552	35.4407	35.4467	35.4761	35.4728	35.4578	35.4669	35.4693	35.4472	35.4471	35.428	35.4165	35.4336	35.4201	35.4109	35.4137	35.3949	35.3827	35.3846	35.3545	35.3434	35.3459	35.3414	35.3352	35.331	35.3131	35.306	35.2974
FGC2634_s_1_1_GATAGGCCGA-CGCACATGGC_FGC2634_s_1_2_GATAGGCCGA-CGCACATGGC	34.5265	34.6795	34.9295	35.1995	35.3427	35.4275	35.3169	35.4112	35.3844	35.5359	35.5133	35.5018	35.5328	35.5713	35.5926	35.6104	35.5923	35.6214	35.6383	35.6414	35.6454	35.6439	35.6224	35.6225	35.5063	35.4934	35.4748	35.4821	35.4555	35.4556	35.4542	35.4401	35.4217	35.4279	35.4087	35.3942	35.4091	35.3905	35.3835	35.3881	35.3619	35.3582	35.3627	35.3393	35.3276	35.333	35.3129	35.2968	35.3155	35.2929	35.2855	35.2914	35.2797	35.2665	35.2676	35.2481	35.2375	35.2376	35.2192	35.2124	35.2197	35.2064	35.194	35.2101	35.1866	35.1657	35.1716	35.1565	35.1451	35.14	35.1282	35.1411	35.1428	35.1184	35.1123	35.1287	35.1018	35.0751	35.0828	35.0867	35.0603	35.0608	35.0444	35.0252	35.0515	35.0345	35.0179	35.0202	34.9921	34.9782	34.9872	34.9524	34.9346	34.942	34.9382	34.9309	34.9251	34.8957	34.8834	34.8717
FGC2634_s_1_1_GATCAAGGCA-CCTTGTTAAT_FGC2634_s_1_2_GATCAAGGCA-CCTTGTTAAT	34.7674	34.8816	35.266	35.4146	35.5965	35.7227	35.6357	35.7307	35.7195	35.9062	35.8642	35.8679	35.9003	35.9279	35.944	35.9719	35.9375	35.9932	36.0037	36.01	36.0128	36.0139	36.0053	35.9991	35.9203	35.9104	35.8972	35.8995	35.8772	35.8706	35.867	35.8457	35.8407	35.8497	35.8307	35.8223	35.8257	35.8161	35.8056	35.8054	35.7795	35.7784	35.7818	35.7654	35.7378	35.7461	35.725	35.6072	35.6811	35.7205	35.6101	35.5968	35.6772	35.5795	35.5663	35.6215	35.6128	35.5569	35.5317	35.5261	35.5931	35.5017	35.5053	35.5751	35.4941	35.4752	35.5362	35.5164	35.4499	35.4805	35.4658	35.4657	35.4275	35.4158	35.4332	35.4832	35.4961	35.4927	35.5025	35.5079	35.4821	35.4829	35.4641	35.4576	35.4679	35.4579	35.4454	35.4393	35.4238	35.4074	35.4067	35.3751	35.3588	35.3565	35.358	35.3479	35.3384	35.3182	35.3024	35.2883
FGC2634_s_1_1_GCAACATGGA-CTTGTCTTAA_FGC2634_s_1_2_GCAACATGGA-CTTGTCTTAA	34.7676	34.8888	35.2847	35.4279	35.6085	35.7383	35.6501	35.7437	35.7342	35.9209	35.872	35.8827	35.9113	35.9424	35.9554	35.9749	35.9779	36.0059	36.02	36.0243	36.0301	36.0322	36.0191	36.0203	35.9396	35.9294	35.9151	35.9185	35.8983	35.8941	35.8885	35.8786	35.8673	35.8696	35.8611	35.8475	35.8549	35.8403	35.8317	35.8334	35.8127	35.8092	35.8096	35.8017	35.787	35.7898	35.7776	35.7605	35.7732	35.758	35.7454	35.7487	35.738	35.7318	35.7246	35.7149	35.7112	35.7035	35.6968	35.6849	35.6847	35.6734	35.6628	35.6715	35.6632	35.6448	35.6467	35.6391	35.6272	35.6202	35.6152	35.6218	35.6167	35.6001	35.5972	35.6044	35.5871	35.5706	35.5738	35.5794	35.5565	35.5516	35.5404	35.5308	35.5421	35.5338	35.5204	35.5225	35.5131	35.4975	35.5018	35.4747	35.4621	35.4635	35.462	35.4595	35.4538	35.4346	35.4297	35.4231
FGC2634_s_1_1_GCCGCACTCT-TCCGACCTCG_FGC2634_s_1_2_GCCGCACTCT-TCCGACCTCG	34.7929	34.8988	35.2645	35.4044	35.5677	35.7096	35.6172	35.7064	35.6972	35.8837	35.8265	35.8365	35.8768	35.9097	35.929	35.9528	35.9366	35.9716	35.9868	35.9895	35.9937	35.9966	35.9832	35.9816	35.9003	35.8868	35.8734	35.8753	35.8594	35.8543	35.8555	35.8283	35.824	35.832	35.8118	35.8033	35.8094	35.7978	35.7896	35.7947	35.7695	35.7711	35.7683	35.7558	35.7375	35.7428	35.7208	35.6756	35.7107	35.7095	35.702	35.7086	35.6953	35.6832	35.6789	35.6671	35.663	35.6579	35.645	35.6365	35.6428	35.609	35.6057	35.6306	35.6004	35.5859	35.5899	35.5896	35.5565	35.5635	35.5376	35.5385	35.525	35.5114	35.5208	35.5465	35.53	35.5126	35.5162	35.5202	35.4947	35.4977	35.4819	35.4726	35.484	35.4745	35.4557	35.4621	35.4439	35.4273	35.4311	35.4007	35.3882	35.3879	35.3901	35.3842	35.3784	35.357	35.3487	35.3384
FGC2634_s_1_1_GCGTGGATGG-TTGACCAATG_FGC2634_s_1_2_GCGTGGATGG-TTGACCAATG	34.8039	34.9152	35.313	35.4659	35.6556	35.7792	35.697	35.792	35.7965	35.9675	35.9245	35.9328	35.9641	35.9943	36.0167	36.0416	36.0307	36.0614	36.076	36.0813	36.0835	36.0841	36.0737	36.071	36.0009	35.9911	35.9772	35.9799	35.9601	35.9556	35.9541	35.9341	35.9266	35.9298	35.917	35.9035	35.9109	35.8981	35.8921	35.8928	35.8754	35.8705	35.8685	35.8565	35.8378	35.8405	35.8279	35.7949	35.8129	35.8132	35.7966	35.7967	35.7937	35.7749	35.77	35.7671	35.7597	35.7521	35.7343	35.7299	35.7413	35.7135	35.7081	35.7266	35.6996	35.6799	35.6921	35.686	35.6552	35.6636	35.6465	35.6555	35.642	35.6302	35.6325	35.6443	35.6304	35.6114	35.616	35.6193	35.595	35.5952	35.5835	35.5725	35.5842	35.5727	35.5572	35.5582	35.5427	35.528	35.5331	35.5059	35.496	35.4958	35.4946	35.4899	35.4795	35.4622	35.452	35.4431
FGC2634_s_1_1_GCGTTGGTAT-ACATACTTCC_FGC2634_s_1_2_GCGTTGGTAT-ACATACTTCC	33.2274	33.4673	33.6817	34.5736	34.7293	34.7233	34.6562	34.7693	34.7858	34.9084	34.932	34.9638	34.9785	35.0022	35.0481	35.0705	35.0435	35.0791	35.1059	35.1152	35.1137	35.1166	35.088	35.0885	34.9584	34.9316	34.9063	34.918	34.8713	34.8763	34.8804	34.854	34.8322	34.8476	34.837	34.8098	34.8391	34.8121	34.8007	34.8018	34.7711	34.7635	34.7811	34.7545	34.7358	34.7562	34.7354	34.7166	34.7413	34.7014	34.6992	34.707	34.6889	34.6776	34.6819	34.6605	34.6424	34.6571	34.6348	34.6128	34.6305	34.6022	34.5809	34.6123	34.5908	34.5607	34.574	34.5555	34.5434	34.5365	34.5167	34.5337	34.5214	34.4895	34.4831	34.5107	34.4734	34.4365	34.4566	34.4573	34.407	34.4124	34.3791	34.3515	34.3887	34.3706	34.3457	34.3671	34.3331	34.3104	34.329	34.2792	34.2462	34.2506	34.2519	34.2386	34.2365	34.2036	34.194	34.1843
FGC2634_s_1_1_GGAGCGTGTA-ATCCGTAAGT_FGC2634_s_1_2_GGAGCGTGTA-ATCCGTAAGT	34.7848	34.9265	35.2454	35.4097	35.572	35.6678	35.5678	35.6606	35.6488	35.8197	35.7726	35.7745	35.8031	35.83	35.8597	35.8714	35.8554	35.8919	35.9072	35.9103	35.9136	35.9138	35.9001	35.8981	35.8094	35.7969	35.7827	35.7869	35.7639	35.7595	35.756	35.7385	35.7267	35.7324	35.7214	35.7074	35.7209	35.7053	35.6912	35.6965	35.6703	35.6734	35.6749	35.6599	35.6433	35.6478	35.6306	35.5914	35.6157	35.6147	35.5965	35.592	35.5994	35.5761	35.5674	35.5678	35.5631	35.5509	35.5294	35.5231	35.5403	35.5038	35.4987	35.5297	35.4931	35.4756	35.4918	35.4878	35.4507	35.4597	35.4404	35.4472	35.4355	35.4215	35.4251	35.4461	35.4305	35.4077	35.4155	35.4206	35.3949	35.3971	35.3778	35.3655	35.3793	35.3722	35.3561	35.3536	35.3417	35.3243	35.3278	35.295	35.2824	35.2831	35.2836	35.2787	35.2666	35.2464	35.2368	35.2255
FGC2634_s_1_1_GGCAAGCCAG-CAAGCATCCG_FGC2634_s_1_2_GGCAAGCCAG-CAAGCATCCG	34.7095	34.8206	35.2592	35.4002	35.594	35.7276	35.6358	35.737	35.7256	35.9193	35.8769	35.8766	35.9166	35.9546	35.9717	35.9958	35.9888	36.0201	36.0294	36.0396	36.0439	36.0433	36.0317	36.0326	35.9605	35.9445	35.9327	35.9331	35.9176	35.9133	35.9104	35.8878	35.8844	35.8858	35.8715	35.8621	35.8703	35.8572	35.85	35.851	35.8331	35.8322	35.8256	35.8186	35.802	35.8016	35.7902	35.7623	35.7662	35.7734	35.7536	35.7562	35.7566	35.7395	35.7293	35.732	35.7265	35.7156	35.7008	35.6942	35.7071	35.6801	35.6741	35.689	35.6654	35.6479	35.6575	35.6502	35.6275	35.6343	35.6179	35.6292	35.6143	35.5993	35.6015	35.6153	35.6027	35.584	35.5875	35.5906	35.5698	35.5676	35.5558	35.5462	35.5575	35.5473	35.533	35.5328	35.5202	35.5059	35.5071	35.4809	35.4751	35.4717	35.4717	35.4676	35.4546	35.4435	35.4329	35.4207
FGC2634_s_1_1_GGTAACTCGC-AAGTTGGTGA_FGC2634_s_1_2_GGTAACTCGC-AAGTTGGTGA	34.8607	34.9707	35.3342	35.4655	35.6205	35.7567	35.6582	35.7496	35.7469	35.9296	35.8859	35.893	35.9286	35.9508	35.977	35.9853	35.9828	36.0126	36.0252	36.0298	36.0308	36.0302	36.0204	36.0172	35.9354	35.925	35.9072	35.9113	35.8934	35.8905	35.8822	35.8713	35.8549	35.8631	35.8498	35.8396	35.8495	35.833	35.8322	35.8238	35.8048	35.8016	35.8046	35.7902	35.7731	35.7797	35.7636	35.7411	35.7594	35.7463	35.7371	35.7369	35.7304	35.7203	35.7078	35.7032	35.6987	35.6912	35.6777	35.6729	35.6758	35.6566	35.6449	35.6629	35.6447	35.6227	35.6371	35.6209	35.6045	35.6019	35.5912	35.5999	35.5903	35.5765	35.5773	35.5904	35.5718	35.5568	35.5571	35.5587	35.5372	35.5397	35.5249	35.5155	35.5294	35.5132	35.5038	35.4956	35.4887	35.4691	35.4785	35.4486	35.4344	35.4416	35.4385	35.4341	35.4272	35.4089	35.4016	35.3865
FGC2634_s_1_1_GGTTGCGAGG-AATAGAGCAA_FGC2634_s_1_2_GGTTGCGAGG-AATAGAGCAA	34.8637	34.9846	35.3674	35.5047	35.6678	35.8094	35.7167	35.8047	35.7968	35.9758	35.9409	35.9385	35.9857	36.015	36.025	36.0446	36.0486	36.0729	36.0878	36.0932	36.0953	36.098	36.09	36.0857	36.0181	36.0076	35.9916	35.9924	35.973	35.9689	35.9683	35.9465	35.9396	35.9462	35.9308	35.9204	35.9236	35.913	35.9027	35.9009	35.8818	35.8798	35.8802	35.8706	35.8541	35.8581	35.8427	35.8019	35.8263	35.8215	35.8051	35.8055	35.8045	35.7903	35.7852	35.7827	35.7738	35.7678	35.7491	35.7408	35.7487	35.7166	35.7124	35.7351	35.7045	35.6931	35.7039	35.6988	35.6632	35.6724	35.6503	35.6539	35.6376	35.625	35.6311	35.6502	35.6406	35.6258	35.6308	35.6308	35.6091	35.6041	35.5911	35.5797	35.5903	35.5828	35.5738	35.5749	35.5599	35.5455	35.5498	35.5216	35.5118	35.5088	35.5098	35.5065	35.5001	35.4874	35.479	35.4745
FGC2634_s_1_1_GTATTCCACC-ATGTAGACAA_FGC2634_s_1_2_GTATTCCACC-ATGTAGACAA	34.831	34.9486	35.3078	35.4524	35.6231	35.763	35.6522	35.7526	35.755	35.9372	35.8878	35.8992	35.9265	35.9606	35.9739	35.9917	35.992	36.0192	36.0351	36.0407	36.0444	36.042	36.0343	36.0365	35.9602	35.9505	35.9354	35.9369	35.9157	35.9131	35.9085	35.8967	35.8834	35.8931	35.878	35.8707	35.8793	35.8643	35.8572	35.8519	35.8313	35.8303	35.8319	35.8245	35.8128	35.8175	35.8025	35.7915	35.7947	35.7824	35.7706	35.7684	35.7665	35.7579	35.7528	35.7487	35.7428	35.7338	35.7269	35.7125	35.7158	35.7013	35.6908	35.7015	35.6924	35.6723	35.6821	35.6719	35.6632	35.6523	35.6467	35.6504	35.644	35.6328	35.6303	35.6389	35.6223	35.6074	35.6056	35.6086	35.5848	35.5812	35.5675	35.553	35.5739	35.5605	35.5513	35.5512	35.5421	35.5264	35.529	35.4997	35.4857	35.4901	35.4885	35.4886	35.4821	35.465	35.4595	35.4474
FGC2634_s_1_1_GTCCGTAAGC-CGTGTATCTT_FGC2634_s_1_2_GTCCGTAAGC-CGTGTATCTT	34.7915	34.8865	35.2689	35.4133	35.5836	35.7254	35.627	35.7347	35.7196	35.9048	35.8589	35.8562	35.8999	35.9303	35.9477	35.9682	35.9674	35.992	36.0064	36.012	36.0129	36.0149	36.0056	36.006	35.9229	35.9129	35.8983	35.8963	35.8778	35.8742	35.8718	35.8568	35.8481	35.8553	35.8381	35.8286	35.8332	35.821	35.8094	35.8083	35.7908	35.7858	35.7871	35.7767	35.7641	35.7681	35.7568	35.7402	35.7507	35.732	35.7239	35.7243	35.7169	35.7059	35.7063	35.6945	35.6887	35.6862	35.6749	35.6616	35.664	35.6505	35.6358	35.6502	35.6342	35.6196	35.6207	35.615	35.6026	35.5938	35.5851	35.5893	35.5818	35.5642	35.5612	35.574	35.5544	35.5348	35.5409	35.5387	35.515	35.5115	35.4975	35.4805	35.4965	35.4866	35.4752	35.479	35.4637	35.4487	35.4508	35.422	35.4062	35.405	35.4047	35.3985	35.3921	35.3758	35.3685	35.3585
FGC2634_s_1_1_GTCCTGGATA-CGGTGGCGAA_FGC2634_s_1_2_GTCCTGGATA-CGGTGGCGAA	34.8276	34.9364	35.3278	35.4739	35.6475	35.7878	35.6871	35.7879	35.7846	35.9682	35.9254	35.9242	35.9546	35.9913	35.9971	36.0142	36.0144	36.0426	36.0571	36.0632	36.0634	36.0638	36.0532	36.0504	35.9815	35.9658	35.9507	35.956	35.9351	35.9339	35.9275	35.9177	35.9022	35.9121	35.8955	35.8885	35.893	35.8818	35.8777	35.8731	35.8548	35.849	35.8495	35.8375	35.8248	35.8337	35.814	35.7964	35.8084	35.7936	35.7873	35.7883	35.7838	35.7722	35.7611	35.7587	35.7559	35.7489	35.7379	35.7318	35.7308	35.7142	35.7034	35.7192	35.7041	35.6829	35.6958	35.6809	35.6685	35.6602	35.654	35.6592	35.6474	35.6358	35.6369	35.6473	35.6334	35.6123	35.613	35.6193	35.593	35.5955	35.578	35.5701	35.5855	35.572	35.557	35.5519	35.5459	35.5218	35.5311	35.4999	35.4822	35.49	35.488	35.4846	35.4776	35.4577	35.4477	35.4334
FGC2634_s_1_1_GTCTAATGGC-AGTGGTCAGG_FGC2634_s_1_2_GTCTAATGGC-AGTGGTCAGG	34.7852	34.8736	35.2807	35.4256	35.6002	35.7346	35.6456	35.7575	35.7467	35.9305	35.8914	35.891	35.9323	35.9533	35.9847	36.0088	35.9994	36.0262	36.0391	36.0433	36.0477	36.0505	36.039	36.0408	35.9633	35.9502	35.9402	35.9385	35.9199	35.9163	35.917	35.8965	35.8892	35.8946	35.8801	35.8689	35.8744	35.8632	35.8542	35.8538	35.835	35.8315	35.827	35.8223	35.8047	35.8113	35.7954	35.7811	35.7915	35.7729	35.7648	35.7675	35.7581	35.7472	35.7457	35.7337	35.7297	35.7252	35.7135	35.7025	35.7096	35.6914	35.6847	35.6944	35.676	35.6609	35.6641	35.6608	35.6427	35.6399	35.6271	35.636	35.629	35.6113	35.6091	35.6183	35.603	35.581	35.5847	35.5855	35.5616	35.5609	35.5422	35.5332	35.5462	35.5324	35.5215	35.5241	35.5087	35.4928	35.4948	35.467	35.457	35.4542	35.4488	35.4447	35.4388	35.4222	35.4143	35.403
FGC2634_s_1_1_GTGACACGCA-GCTTACGGAC_FGC2634_s_1_2_GTGACACGCA-GCTTACGGAC	34.4783	34.6335	34.8792	35.1723	35.3166	35.3965	35.2893	35.3727	35.3499	35.5027	35.4644	35.4807	35.5132	35.5449	35.5505	35.5761	35.5483	35.5907	35.6057	35.6078	35.6106	35.6114	35.5947	35.5927	35.4835	35.4679	35.4487	35.4558	35.4231	35.4199	35.4203	35.4007	35.386	35.3946	35.3827	35.3682	35.3813	35.3645	35.3493	35.3558	35.3296	35.3213	35.3322	35.3133	35.2939	35.3046	35.284	35.2579	35.2839	35.2656	35.2433	35.2474	35.2446	35.2248	35.2228	35.2139	35.2056	35.204	35.1868	35.1719	35.1875	35.1596	35.1478	35.1684	35.1492	35.1281	35.1386	35.1284	35.108	35.1053	35.0887	35.1016	35.0897	35.0706	35.061	35.0803	35.0616	35.0359	35.0429	35.0468	35.0141	35.0121	34.9843	34.962	34.9858	34.9711	34.9516	34.9583	34.9292	34.9081	34.9149	34.8692	34.8503	34.8478	34.8416	34.8313	34.8211	34.7937	34.7834	34.7704
FGC2634_s_1_1_GTGCAGACAG-TACCATCCGT_FGC2634_s_1_2_GTGCAGACAG-TACCATCCGT	34.7994	34.9468	35.2412	35.3973	35.5529	35.6654	35.5702	35.6486	35.6337	35.8089	35.7585	35.7674	35.8055	35.8378	35.8589	35.8748	35.8639	35.8928	35.9065	35.9108	35.916	35.9186	35.9008	35.9015	35.8107	35.8003	35.786	35.7884	35.7637	35.7598	35.7612	35.7398	35.7281	35.7356	35.7194	35.7089	35.7169	35.7046	35.6919	35.6966	35.6728	35.6726	35.6724	35.6602	35.6417	35.6456	35.6295	35.6116	35.6224	35.6099	35.6029	35.6062	35.5951	35.5843	35.5829	35.568	35.5623	35.5601	35.5438	35.5345	35.5422	35.5208	35.5124	35.5263	35.5064	35.4864	35.4933	35.4836	35.4639	35.465	35.4507	35.4606	35.4532	35.4356	35.434	35.4456	35.4269	35.4035	35.4114	35.4103	35.3832	35.3852	35.3704	35.3576	35.3709	35.3598	35.3441	35.3475	35.3324	35.3116	35.32	35.2875	35.2728	35.2735	35.2763	35.2697	35.2633	35.2432	35.2353	35.2242
FGC2634_s_1_1_TAAGCATCCA-TCAATCCATT_FGC2634_s_1_2_TAAGCATCCA-TCAATCCATT	34.8245	34.9185	35.3175	35.4693	35.6443	35.7787	35.684	35.7797	35.7614	35.952	35.9035	35.9095	35.9493	35.9734	35.9938	36.0141	36.0038	36.0356	36.05	36.0548	36.0575	36.056	36.0462	36.0437	35.9654	35.9559	35.9415	35.9438	35.9237	35.9176	35.918	35.8958	35.8935	35.8975	35.8769	35.8731	35.877	35.8605	35.8529	35.8543	35.8296	35.8296	35.8283	35.8182	35.8021	35.8044	35.7845	35.7077	35.759	35.7647	35.6885	35.6878	35.734	35.6684	35.661	35.6837	35.6673	35.6409	35.6256	35.617	35.6545	35.6008	35.5978	35.6314	35.5891	35.5731	35.6047	35.5822	35.5526	35.5605	35.5556	35.5604	35.5357	35.5166	35.5179	35.5514	35.5551	35.5476	35.5582	35.565	35.5374	35.54	35.524	35.5138	35.5274	35.5178	35.502	35.5088	35.4913	35.4778	35.4782	35.4476	35.4395	35.4377	35.4354	35.4319	35.4266	35.4092	35.4013	35.3931
FGC2634_s_1_1_TAGCATAACC-GCTATGCGCA_FGC2634_s_1_2_TAGCATAACC-GCTATGCGCA	34.714	34.8215	35.1992	35.3335	35.5127	35.6547	35.5742	35.6617	35.6429	35.8245	35.7861	35.8021	35.838	35.8717	35.8897	35.9028	35.9046	35.934	35.9489	35.9536	35.9564	35.9625	35.9486	35.9506	35.8584	35.8468	35.8343	35.8385	35.8183	35.8113	35.8113	35.793	35.7835	35.7868	35.7727	35.7628	35.7692	35.7592	35.745	35.7507	35.7289	35.7273	35.728	35.7159	35.6962	35.7022	35.6872	35.6717	35.6868	35.6709	35.6681	35.6686	35.6578	35.6455	35.643	35.6277	35.6247	35.6211	35.6075	35.5998	35.6066	35.5886	35.5803	35.5923	35.5716	35.5538	35.5575	35.55	35.5322	35.5347	35.5219	35.5301	35.5257	35.506	35.5038	35.5146	35.4954	35.4726	35.4771	35.4784	35.4564	35.4565	35.4435	35.4321	35.4438	35.4329	35.418	35.4201	35.4023	35.3878	35.3925	35.3639	35.3535	35.3555	35.3526	35.349	35.3415	35.3217	35.314	35.3027
FGC2634_s_1_1_TAGTTCGGTA-CCATGTGTAG_FGC2634_s_1_2_TAGTTCGGTA-CCATGTGTAG	34.6773	34.7991	35.2421	35.4026	35.5956	35.7317	35.6464	35.7408	35.7366	35.9184	35.883	35.8835	35.9283	35.9556	35.9688	35.9992	35.9939	36.025	36.0346	36.0443	36.0449	36.0444	36.0311	36.0334	35.9575	35.9466	35.9325	35.9323	35.9173	35.9137	35.9127	35.8949	35.8863	35.887	35.8683	35.8565	35.8616	35.852	35.8487	35.8503	35.8308	35.8284	35.8222	35.812	35.7908	35.7956	35.7815	35.7651	35.7736	35.7661	35.761	35.762	35.7508	35.7376	35.7331	35.7196	35.7094	35.7058	35.6948	35.6894	35.6957	35.6824	35.6724	35.6836	35.6612	35.6422	35.6405	35.634	35.6179	35.6146	35.6077	35.6182	35.6124	35.5947	35.5885	35.5956	35.5765	35.5533	35.5575	35.5596	35.5396	35.5421	35.5271	35.5182	35.5268	35.5145	35.4973	35.4958	35.4775	35.4632	35.4662	35.4453	35.4336	35.4348	35.4318	35.4252	35.4138	35.393	35.3821	35.3714
FGC2634_s_1_1_TATGCCTTAC-AGACACATTA_FGC2634_s_1_2_TATGCCTTAC-AGACACATTA	34.815	34.9154	35.3226	35.4759	35.6581	35.786	35.6991	35.8036	35.7826	35.9702	35.9162	35.93	35.9612	35.9939	36.0129	36.0279	36.0301	36.0588	36.0715	36.0775	36.0778	36.0812	36.0705	36.0696	35.9977	35.989	35.973	35.9709	35.9526	35.9458	35.9432	35.9274	35.9191	35.9208	35.9084	35.8977	35.9019	35.8901	35.8788	35.8762	35.8576	35.8536	35.8549	35.8433	35.8274	35.8301	35.815	35.7922	35.8088	35.794	35.7864	35.7917	35.7772	35.7709	35.7663	35.7558	35.746	35.7412	35.7305	35.7174	35.72	35.7011	35.6897	35.7033	35.6893	35.6719	35.6744	35.6663	35.6496	35.6421	35.6256	35.6335	35.6231	35.6072	35.6074	35.6169	35.5999	35.5825	35.5847	35.5838	35.5583	35.5558	35.5402	35.5261	35.5386	35.5279	35.5165	35.5183	35.4957	35.4837	35.4825	35.4512	35.4406	35.4361	35.4363	35.4283	35.4222	35.4044	35.3963	35.3861
FGC2634_s_1_1_TATGTAGTCA-CGCACTAATG_FGC2634_s_1_2_TATGTAGTCA-CGCACTAATG	34.7985	34.9105	35.3142	35.4623	35.6478	35.7783	35.6923	35.7988	35.7865	35.965	35.9207	35.9232	35.9602	35.9872	36.0118	36.0374	36.032	36.0602	36.0738	36.0808	36.0824	36.0836	36.0708	36.0714	36.0008	35.9911	35.9765	35.9751	35.9592	35.9542	35.9534	35.9375	35.9276	35.9302	35.9121	35.9023	35.908	35.8965	35.8888	35.8896	35.8697	35.8692	35.8633	35.8527	35.8367	35.8392	35.8251	35.8023	35.8161	35.8042	35.7933	35.7915	35.7902	35.7695	35.7654	35.7619	35.7507	35.745	35.7316	35.7238	35.7311	35.7116	35.7002	35.7163	35.6923	35.6753	35.6813	35.6697	35.6517	35.6519	35.6414	35.648	35.6403	35.623	35.6187	35.6299	35.6127	35.5919	35.5995	35.5997	35.5762	35.573	35.5593	35.5447	35.5574	35.5485	35.5283	35.5309	35.5141	35.4994	35.4992	35.473	35.4609	35.4576	35.4554	35.4482	35.4384	35.4203	35.4079	35.3976
FGC2634_s_1_1_TATTGCGCTC-CTGTGTTAGG_FGC2634_s_1_2_TATTGCGCTC-CTGTGTTAGG	34.81	34.9067	35.308	35.4506	35.6228	35.7591	35.6773	35.7764	35.7767	35.9461	35.9117	35.9113	35.9477	35.9736	36.0024	36.0226	36.0181	36.0433	36.0569	36.0637	36.0643	36.0654	36.0527	36.0538	35.9781	35.9652	35.9508	35.9542	35.9362	35.9317	35.9304	35.9125	35.9036	35.9048	35.8885	35.8777	35.8828	35.8733	35.8664	35.865	35.8463	35.8437	35.839	35.83	35.811	35.8133	35.7986	35.7816	35.7921	35.7818	35.7718	35.7781	35.7646	35.7593	35.7538	35.7404	35.7301	35.7301	35.7144	35.7054	35.7099	35.6934	35.6852	35.6959	35.6773	35.6588	35.661	35.6513	35.6366	35.6339	35.6191	35.6272	35.622	35.6053	35.6015	35.6092	35.5909	35.5692	35.5737	35.5726	35.5492	35.5506	35.5356	35.5224	35.5344	35.5235	35.5075	35.5052	35.4848	35.4722	35.4755	35.4464	35.4348	35.4356	35.4314	35.4256	35.4171	35.3974	35.3839	35.3759
FGC2634_s_1_1_TCAGAAGGCG-GGCCATCATA_FGC2634_s_1_2_TCAGAAGGCG-GGCCATCATA	34.742	34.857	35.2377	35.3792	35.5598	35.6999	35.6083	35.7079	35.6894	35.873	35.8232	35.8316	35.8694	35.8942	35.9207	35.9357	35.939	35.9653	35.9829	35.9865	35.9889	35.9949	35.985	35.9849	35.9011	35.8899	35.8777	35.8774	35.8549	35.8512	35.8495	35.8367	35.8241	35.8305	35.8207	35.8088	35.8166	35.8029	35.7908	35.792	35.7693	35.7693	35.7707	35.7641	35.7485	35.7515	35.7408	35.7276	35.7358	35.7178	35.7107	35.7148	35.7013	35.6977	35.6964	35.6849	35.6779	35.675	35.6644	35.6546	35.659	35.6426	35.634	35.6453	35.6311	35.6145	35.6194	35.6104	35.5969	35.596	35.5815	35.5886	35.5862	35.5698	35.5666	35.5757	35.5584	35.5352	35.5432	35.5418	35.5219	35.5179	35.5022	35.4873	35.504	35.4954	35.4835	35.4866	35.4718	35.4562	35.4599	35.4335	35.4199	35.4208	35.4198	35.4175	35.4089	35.3938	35.3891	35.3785
FGC2634_s_1_1_TCATAGATTG-GATTAAGGTG_FGC2634_s_1_2_TCATAGATTG-GATTAAGGTG	34.7376	34.8457	35.2528	35.4062	35.5935	35.7385	35.6548	35.7438	35.7435	35.9189	35.8789	35.885	35.9296	35.9653	35.9815	36.0042	35.998	36.0238	36.0381	36.0454	36.0497	36.0506	36.0373	36.0367	35.9648	35.9533	35.9404	35.9405	35.9212	35.9196	35.917	35.9002	35.889	35.8906	35.8792	35.8691	35.8744	35.8622	35.8581	35.86	35.8394	35.838	35.834	35.8257	35.8057	35.8093	35.7938	35.7831	35.7923	35.7811	35.7756	35.781	35.7665	35.7584	35.7514	35.739	35.734	35.7312	35.7233	35.7169	35.7203	35.7035	35.699	35.7051	35.6896	35.67	35.6729	35.6638	35.6531	35.652	35.6394	35.6503	35.6446	35.6291	35.6245	35.6333	35.6117	35.5935	35.5956	35.5991	35.5795	35.5775	35.5656	35.5546	35.5689	35.5545	35.5397	35.5392	35.5258	35.5098	35.5194	35.4903	35.4834	35.4844	35.4826	35.478	35.4686	35.4482	35.4409	35.4305
FGC2634_s_1_1_TCCATTGCCG-GAATGCACGA_FGC2634_s_1_2_TCCATTGCCG-GAATGCACGA	34.8447	34.9523	35.3164	35.4572	35.6191	35.748	35.6687	35.7454	35.7275	35.9146	35.8742	35.8778	35.9085	35.9458	35.9693	35.9774	35.9645	36.0058	36.0226	36.0253	36.0301	36.0333	36.0184	36.0152	35.9361	35.9271	35.9145	35.9215	35.8986	35.8939	35.892	35.8734	35.8636	35.8655	35.8507	35.8396	35.848	35.8387	35.827	35.8288	35.8095	35.8071	35.8042	35.7931	35.7727	35.7735	35.7537	35.7102	35.7358	35.7454	35.7178	35.7187	35.7265	35.6967	35.6857	35.6942	35.6837	35.6674	35.6469	35.6418	35.6674	35.6221	35.6197	35.6522	35.61	35.5901	35.6124	35.5982	35.5634	35.5793	35.5612	35.5672	35.5524	35.534	35.5379	35.5598	35.5498	35.5297	35.5342	35.5365	35.519	35.5172	35.506	35.4907	35.5039	35.4923	35.4739	35.471	35.4512	35.4365	35.4399	35.411	35.4027	35.4041	35.4029	35.3904	35.3826	35.3607	35.345	35.3349
FGC2634_s_1_1_TCTCATGATA-AACACGTGGA_FGC2634_s_1_2_TCTCATGATA-AACACGTGGA	34.7583	34.8782	35.2977	35.4636	35.6659	35.7863	35.7082	35.8032	35.8011	35.9788	35.9375	35.9557	35.9868	36.0217	36.043	36.0501	36.0352	36.08	36.0891	36.0996	36.1002	36.1019	36.0926	36.0896	36.0214	36.0122	36.0003	36.0031	35.9829	35.9792	35.9771	35.9565	35.9491	35.9477	35.9376	35.9272	35.9326	35.9239	35.9131	35.9099	35.8965	35.8945	35.8906	35.879	35.8645	35.8629	35.8445	35.782	35.8203	35.8368	35.8243	35.8186	35.8197	35.7958	35.7905	35.7909	35.7866	35.7756	35.7524	35.7473	35.7594	35.7084	35.7155	35.753	35.7024	35.6917	35.7102	35.7076	35.6543	35.6783	35.6425	35.642	35.6163	35.6051	35.6173	35.6473	35.6458	35.6286	35.6338	35.6371	35.6155	35.6146	35.6012	35.5877	35.5982	35.5918	35.5751	35.5732	35.5588	35.544	35.5447	35.5166	35.5063	35.5052	35.5031	35.495	35.4842	35.4683	35.4563	35.448
FGC2634_s_1_1_TCTGGTATCC-CGTTGCTTAC_FGC2634_s_1_2_TCTGGTATCC-CGTTGCTTAC	34.4055	34.64	34.8641	35.1714	35.3274	35.3965	35.3072	35.3843	35.3654	35.5336	35.4902	35.5108	35.5251	35.5673	35.5707	35.6099	35.342	35.6089	35.6172	35.6319	35.6358	35.6323	35.6185	35.5943	35.5128	35.5003	35.479	35.4915	35.4472	35.442	35.4446	35.4076	35.4026	35.4055	35.4028	35.3857	35.4075	35.3898	35.3687	35.3771	35.3405	35.3486	35.3448	35.3095	35.289	35.2869	35.2415	35.021	35.1289	35.2917	35.2188	35.1574	35.2611	35.1942	35.1165	35.1707	35.2254	35.1572	35.0749	35.0913	35.1372	34.9621	35.0148	35.1695	34.9792	35.0072	35.0772	35.1205	34.9207	34.9991	34.901	34.882	34.8185	34.8217	34.9014	35.0049	35.0309	35.0305	35.0621	35.0758	35.0488	35.0532	35.0357	35.0138	35.0373	35.0282	35.0088	35.0217	35.003	34.9804	34.9941	34.9551	34.9301	34.9336	34.9336	34.9221	34.9164	34.8928	34.8864	34.8744
FGC2634_s_1_1_TGATGTAAGA-GTGCGTCCTT_FGC2634_s_1_2_TGATGTAAGA-GTGCGTCCTT	34.7377	34.8726	35.2718	35.4125	35.6036	35.7343	35.6597	35.7515	35.7511	35.9244	35.8885	35.8911	35.926	35.9585	35.976	35.9954	35.9888	36.0177	36.0312	36.0371	36.0431	36.0435	36.033	36.0347	35.9563	35.9472	35.9322	35.9314	35.9123	35.908	35.9046	35.8885	35.8812	35.8839	35.873	35.8625	35.8688	35.86	35.8482	35.8471	35.8262	35.826	35.8238	35.8169	35.8023	35.8051	35.7938	35.77	35.7855	35.7721	35.7511	35.754	35.7522	35.7377	35.7329	35.7265	35.7207	35.7146	35.7043	35.6925	35.6963	35.681	35.6701	35.6809	35.6685	35.6523	35.659	35.6516	35.6362	35.6297	35.6216	35.6305	35.6198	35.6034	35.5998	35.6092	35.5996	35.581	35.585	35.5893	35.5634	35.5615	35.5467	35.536	35.5447	35.5411	35.5256	35.5283	35.5168	35.5004	35.5034	35.471	35.4612	35.4546	35.4559	35.4515	35.4421	35.4274	35.4198	35.4089
FGC2634_s_1_1_TGATTATACG-GTCGATTACA_FGC2634_s_1_2_TGATTATACG-GTCGATTACA	34.7823	34.8994	35.2727	35.4087	35.5847	35.7193	35.6429	35.7313	35.717	35.9107	35.8544	35.8651	35.904	35.9296	35.9551	35.9695	35.9719	35.9989	36.012	36.0187	36.0244	36.0253	36.0148	36.0157	35.9364	35.9246	35.9117	35.9153	35.8914	35.8879	35.884	35.8685	35.8587	35.8634	35.8511	35.8419	35.8492	35.8366	35.8248	35.8239	35.8013	35.802	35.8017	35.7906	35.7758	35.7809	35.7658	35.7494	35.7601	35.7478	35.7325	35.7345	35.7271	35.7112	35.7097	35.7003	35.6951	35.6898	35.6782	35.6677	35.6733	35.656	35.6467	35.6565	35.6417	35.6228	35.6321	35.6253	35.6072	35.6022	35.5922	35.6004	35.5906	35.5724	35.5699	35.5805	35.565	35.547	35.5477	35.5512	35.5262	35.5248	35.5106	35.4961	35.5076	35.497	35.4825	35.4859	35.4699	35.4535	35.4572	35.4276	35.4145	35.414	35.4095	35.404	35.3957	35.3783	35.369	35.3597
FGC2634_s_1_1_TGGTACCTAA-CATGAGTACT_FGC2634_s_1_2_TGGTACCTAA-CATGAGTACT	34.7986	34.9161	35.3053	35.4564	35.6474	35.7607	35.6858	35.7742	35.7686	35.9579	35.8964	35.9152	35.9493	35.9706	35.9965	36.0166	36.0027	36.0396	36.053	36.0578	36.0595	36.0594	36.0509	36.0464	35.9724	35.9639	35.9483	35.9496	35.9313	35.9231	35.9198	35.905	35.8925	35.8975	35.8828	35.8717	35.8766	35.8661	35.8513	35.8538	35.8336	35.8266	35.8304	35.8162	35.7998	35.8013	35.7856	35.7331	35.762	35.769	35.7144	35.7139	35.7396	35.6933	35.6876	35.6986	35.6842	35.665	35.6529	35.6421	35.6694	35.6296	35.6191	35.6432	35.6125	35.5917	35.6131	35.5985	35.5684	35.5744	35.5689	35.5719	35.5561	35.5365	35.5314	35.5551	35.5499	35.5338	35.5431	35.5454	35.5221	35.5201	35.5041	35.4897	35.4974	35.4895	35.4707	35.471	35.4531	35.4355	35.4365	35.4069	35.3925	35.3904	35.3862	35.3719	35.3656	35.3484	35.3356	35.3237
FGC2634_s_1_1_TGTAATCGAC-GATCACCGCG_FGC2634_s_1_2_TGTAATCGAC-GATCACCGCG	34.7433	34.8726	35.2315	35.3829	35.5565	35.6722	35.5852	35.666	35.6567	35.8406	35.7837	35.791	35.8283	35.8666	35.8777	35.905	35.8682	35.9219	35.9317	35.9421	35.9398	35.936	35.9254	35.9202	35.833	35.817	35.8025	35.8073	35.7874	35.7823	35.7767	35.763	35.7498	35.7537	35.7352	35.723	35.7291	35.7201	35.718	35.7091	35.6925	35.6875	35.6835	35.6703	35.6468	35.6524	35.6316	35.5706	35.6003	35.6224	35.6083	35.6098	35.6047	35.5928	35.5741	35.5668	35.5609	35.5524	35.5417	35.5292	35.533	35.5047	35.5008	35.5256	35.4879	35.4715	35.4777	35.4709	35.4386	35.4376	35.4075	35.4082	35.3863	35.3772	35.3886	35.4149	35.3988	35.3799	35.3836	35.3894	35.3635	35.3686	35.3521	35.3389	35.3509	35.3356	35.3152	35.3101	35.2957	35.2726	35.2834	35.2475	35.2334	35.2385	35.2325	35.2211	35.2094	35.1862	35.1694	35.153
FGC2634_s_1_1_TGTCGCTGGT-TCGTCTGACT_FGC2634_s_1_2_TGTCGCTGGT-TCGTCTGACT	34.7757	34.8962	35.2988	35.4465	35.633	35.7734	35.6929	35.7895	35.7891	35.96	35.922	35.9279	35.9709	35.9956	36.0174	36.0383	36.0314	36.0618	36.0729	36.08	36.0817	36.0841	36.0728	36.0719	36.0018	35.9929	35.9812	35.9796	35.96	35.9547	35.9519	35.9342	35.9252	35.9317	35.9175	35.9068	35.914	35.9017	35.8905	35.8887	35.868	35.869	35.8686	35.8537	35.839	35.8426	35.8266	35.7972	35.8143	35.8101	35.7958	35.7955	35.793	35.7788	35.7697	35.7667	35.7652	35.7547	35.7394	35.7324	35.7379	35.711	35.7068	35.7266	35.6977	35.6829	35.6922	35.6882	35.6626	35.663	35.6461	35.6509	35.6435	35.6277	35.6286	35.6454	35.6292	35.6138	35.6183	35.6162	35.5968	35.592	35.5774	35.568	35.579	35.5693	35.5582	35.5586	35.5458	35.5294	35.5325	35.5046	35.4939	35.4932	35.492	35.4891	35.4836	35.4662	35.4594	35.4457
FGC2634_s_1_1_TTCACGAGAC-AGATTGTTAC_FGC2634_s_1_2_TTCACGAGAC-AGATTGTTAC	34.6581	34.7993	35.0681	35.2878	35.4432	35.518	35.419	35.5124	35.488	35.6393	35.6049	35.6232	35.6393	35.6692	35.6815	35.7105	35.6827	35.7264	35.7395	35.7432	35.7467	35.7449	35.7323	35.7289	35.6201	35.6115	35.5908	35.5973	35.5651	35.5658	35.5617	35.5451	35.5351	35.5383	35.5273	35.514	35.5247	35.5072	35.4948	35.4967	35.474	35.4673	35.4763	35.4555	35.4457	35.4448	35.4312	35.3978	35.4213	35.4131	35.408	35.4083	35.3995	35.3897	35.3831	35.3703	35.3636	35.3606	35.3499	35.3374	35.3399	35.318	35.3062	35.3279	35.3009	35.2853	35.2892	35.2852	35.2639	35.2605	35.2354	35.2446	35.2337	35.2151	35.2181	35.2368	35.22	35.196	35.209	35.2119	35.1825	35.1807	35.1646	35.1488	35.1645	35.1544	35.135	35.1399	35.1235	35.1073	35.1143	35.0828	35.0654	35.0644	35.0643	35.0566	35.0466	35.0271	35.0178	35.0071
FGC2634_s_1_1_TTCTACATAC-CTAACTGTAA_FGC2634_s_1_2_TTCTACATAC-CTAACTGTAA	34.8444	34.939	35.3166	35.4653	35.6294	35.7805	35.6942	35.7807	35.7676	35.9523	35.9164	35.922	35.9657	35.9894	36.0042	36.0237	36.0259	36.0544	36.0699	36.0741	36.0789	36.0795	36.0681	36.0681	35.9933	35.9848	35.9741	35.9766	35.9583	35.9528	35.9501	35.9306	35.9213	35.927	35.915	35.9026	35.9142	35.9004	35.8913	35.8939	35.874	35.8729	35.8717	35.8601	35.8439	35.8473	35.8342	35.8166	35.8346	35.8187	35.8153	35.8201	35.8023	35.7939	35.7938	35.7755	35.7718	35.7703	35.7608	35.7552	35.7576	35.7399	35.7345	35.743	35.726	35.7083	35.71	35.7059	35.6868	35.685	35.6709	35.6807	35.672	35.6552	35.6536	35.6638	35.6457	35.6247	35.6297	35.6294	35.6097	35.6075	35.594	35.5822	35.5937	35.5799	35.5683	35.5676	35.5516	35.5358	35.5426	35.512	35.5025	35.5029	35.4982	35.4944	35.4865	35.4652	35.4586	35.4507
FGC2634_s_1_1_TTGGAATTCC-ACGTCAATAC_FGC2634_s_1_2_TTGGAATTCC-ACGTCAATAC	34.5004	34.7032	34.9385	35.2408	35.3807	35.4445	35.3251	35.4217	35.4176	35.5644	35.5319	35.5227	35.5434	35.5819	35.5944	35.6236	35.5945	35.6372	35.6556	35.656	35.6585	35.6611	35.6449	35.6387	35.5345	35.5232	35.5017	35.5107	35.4774	35.477	35.4699	35.4574	35.4342	35.4486	35.4383	35.4189	35.439	35.4154	35.4045	35.4043	35.3757	35.3768	35.3859	35.363	35.3502	35.3549	35.3376	35.3091	35.3334	35.3152	35.3091	35.3087	35.302	35.2885	35.281	35.2747	35.2684	35.2638	35.2454	35.2325	35.2407	35.2138	35.2007	35.2291	35.203	35.184	35.1984	35.1847	35.1616	35.1612	35.1347	35.1471	35.1358	35.1159	35.1168	35.1386	35.1176	35.0895	35.0971	35.1021	35.0656	35.069	35.0448	35.023	35.0491	35.0343	35.0133	35.0202	34.999	34.9778	34.988	34.9418	34.9194	34.9214	34.9206	34.913	34.9049	34.8809	34.8692	34.8507
FGC2634_s_2_1_AACATCGCGC-GTCCACTTGT_FGC2634_s_2_2_AACATCGCGC-GTCCACTTGT	34.767	34.8892	35.2701	35.4182	35.5955	35.7114	35.6283	35.7132	35.701	35.8746	35.8298	35.8425	35.8786	35.9016	35.9325	35.9409	35.9323	35.9617	35.9778	35.9799	35.9791	35.9863	35.9743	35.9689	35.8818	35.8717	35.8556	35.8599	35.8408	35.8382	35.8318	35.8159	35.8075	35.8078	35.7985	35.7872	35.7939	35.7819	35.7673	35.769	35.7494	35.7482	35.7467	35.7369	35.7269	35.7178	35.7016	35.667	35.6922	35.69	35.6848	35.686	35.6742	35.6639	35.6503	35.6499	35.6436	35.6301	35.6243	35.6176	35.6236	35.5969	35.5925	35.5994	35.5795	35.5691	35.5716	35.5632	35.5389	35.5546	35.5218	35.5194	35.5112	35.5032	35.4992	35.5056	35.4989	35.49	35.4873	35.4842	35.4599	35.4589	35.4466	35.4331	35.4449	35.4282	35.4155	35.4001	35.3938	35.3779	35.3765	35.3557	35.3457	35.3345	35.3284	35.3355	35.3125	35.2903	35.2734	35.2675
FGC2634_s_2_1_AACCATAGAA-GGCGAGATGG_FGC2634_s_2_2_AACCATAGAA-GGCGAGATGG	34.7417	34.8423	35.2532	35.4102	35.5846	35.7206	35.6447	35.74	35.7305	35.911	35.8623	35.8794	35.9058	35.9338	35.9668	35.9857	35.9649	36.0031	36.0146	36.0176	36.0178	36.0275	36.0168	36.013	35.9302	35.9154	35.9022	35.9038	35.886	35.8804	35.88	35.8605	35.8571	35.861	35.8467	35.835	35.8376	35.8275	35.8167	35.8142	35.7992	35.7907	35.7936	35.7863	35.7725	35.7721	35.7508	35.7055	35.7099	35.7361	35.7174	35.7088	35.7109	35.6781	35.6744	35.6898	35.6836	35.6633	35.6485	35.6405	35.6592	35.6112	35.6121	35.634	35.5951	35.5908	35.613	35.5978	35.5623	35.5915	35.5539	35.5495	35.5307	35.5184	35.526	35.5433	35.538	35.5387	35.5404	35.5343	35.5083	35.5098	35.4924	35.4778	35.4926	35.472	35.4656	35.4578	35.4442	35.4311	35.4297	35.4045	35.3964	35.3866	35.3762	35.3811	35.3651	35.3438	35.3332	35.3284
FGC2634_s_2_1_ACAGTGTATG-GAACATACGG_FGC2634_s_2_2_ACAGTGTATG-GAACATACGG	34.8311	34.9363	35.3533	35.5132	35.691	35.8201	35.7343	35.8243	35.8084	35.9998	35.9492	35.9555	35.9875	36.0192	36.05	36.0655	36.059	36.0815	36.0957	36.0973	36.099	36.1017	36.0917	36.0877	36.0231	36.0079	35.9934	35.9934	35.9753	35.9698	35.9667	35.9539	35.9442	35.9443	35.9312	35.9209	35.9219	35.9114	35.9008	35.9011	35.8843	35.8804	35.8738	35.8662	35.8507	35.8516	35.8334	35.801	35.8169	35.8139	35.8023	35.8026	35.7931	35.7822	35.77	35.7694	35.7606	35.7498	35.7433	35.7382	35.7373	35.7129	35.7076	35.7123	35.6925	35.6831	35.6865	35.6725	35.6542	35.6682	35.6371	35.6322	35.6254	35.6112	35.609	35.6107	35.6031	35.5963	35.5956	35.5893	35.5648	35.5608	35.5492	35.5319	35.5426	35.5254	35.512	35.5	35.4925	35.4771	35.4748	35.4514	35.4422	35.43	35.4227	35.4269	35.4057	35.3851	35.3667	35.3629
FGC2634_s_2_1_ACATATCCAG-TATGTGCAAT_FGC2634_s_2_2_ACATATCCAG-TATGTGCAAT	34.7313	34.8545	35.1796	35.3807	35.5406	35.6457	35.5411	35.6231	35.6148	35.7844	35.7536	35.7605	35.7887	35.8024	35.8294	35.8429	35.8408	35.8653	35.88	35.8784	35.8824	35.8879	35.8758	35.8731	35.7777	35.7594	35.7456	35.7492	35.7248	35.7227	35.7161	35.7043	35.6902	35.6946	35.6861	35.6732	35.6825	35.6658	35.6509	35.6561	35.6353	35.6314	35.6326	35.6202	35.6096	35.6088	35.5888	35.5728	35.5842	35.5722	35.5663	35.5705	35.5495	35.5478	35.5412	35.5305	35.5277	35.519	35.5125	35.5026	35.5062	35.489	35.4736	35.4784	35.4634	35.4569	35.4606	35.4413	35.4326	35.4448	35.415	35.413	35.408	35.3936	35.3821	35.3879	35.3725	35.3679	35.3677	35.3557	35.3323	35.3307	35.3118	35.2953	35.3148	35.2933	35.2805	35.2712	35.2602	35.2447	35.2495	35.2235	35.2114	35.1993	35.1927	35.2003	35.1762	35.1528	35.1407	35.1393
FGC2634_s_2_1_ACCACGACAT-TCGTATGCGG_FGC2634_s_2_2_ACCACGACAT-TCGTATGCGG	34.7918	34.8859	35.2818	35.4333	35.5961	35.7399	35.6464	35.74	35.742	35.9118	35.8745	35.8819	35.9239	35.9476	35.975	35.9918	35.9837	36.0107	36.0197	36.0227	36.0267	36.0315	36.0197	36.0185	35.9374	35.921	35.9096	35.9106	35.8962	35.8913	35.8891	35.8719	35.8645	35.8673	35.8521	35.8426	35.8484	35.8363	35.8282	35.8308	35.8126	35.8076	35.8021	35.7937	35.7771	35.7823	35.7585	35.7336	35.7495	35.7474	35.7419	35.7471	35.7281	35.7224	35.7141	35.7049	35.701	35.6927	35.6877	35.6797	35.6818	35.6611	35.6525	35.6616	35.6422	35.6327	35.6346	35.6223	35.6067	35.6206	35.5825	35.584	35.5795	35.5666	35.5676	35.5715	35.5596	35.5549	35.5542	35.5477	35.527	35.5255	35.5122	35.5018	35.5126	35.4943	35.4856	35.4735	35.4649	35.4502	35.4533	35.4281	35.421	35.4166	35.4067	35.413	35.3965	35.373	35.3635	35.3585
FGC2634_s_2_1_ACCGGCCGTA-TGGCAATATT_FGC2634_s_2_2_ACCGGCCGTA-TGGCAATATT	34.8665	34.9698	35.3612	35.5033	35.6686	35.8059	35.7213	35.8192	35.8121	35.9857	35.9404	35.9454	35.9828	36.0043	36.0324	36.0493	36.0435	36.0725	36.0854	36.0891	36.088	36.0945	36.0863	36.0819	36.0112	35.9969	35.9853	35.9856	35.9692	35.963	35.9589	35.941	35.9334	35.9358	35.9279	35.9157	35.9201	35.9084	35.8937	35.8948	35.8764	35.8735	35.8701	35.8606	35.8471	35.8453	35.8277	35.7847	35.8144	35.816	35.7968	35.7973	35.7916	35.7698	35.7619	35.7704	35.7619	35.747	35.7354	35.7245	35.7401	35.7014	35.6982	35.715	35.6848	35.6776	35.6936	35.6805	35.6494	35.6727	35.6396	35.6314	35.6197	35.6081	35.6092	35.6226	35.6182	35.6144	35.6158	35.6094	35.5851	35.5821	35.5662	35.554	35.5668	35.5511	35.5424	35.5327	35.525	35.5071	35.5083	35.4867	35.4771	35.4682	35.461	35.4645	35.4473	35.4301	35.4186	35.4166
FGC2634_s_2_1_ACCGTTACAA-CTCATAGCGA_FGC2634_s_2_2_ACCGTTACAA-CTCATAGCGA	34.8247	34.9096	35.3139	35.4842	35.6577	35.7963	35.704	35.8019	35.7986	35.975	35.9372	35.9395	35.9846	36.0075	36.0355	36.0406	36.0446	36.0695	36.0822	36.0824	36.0843	36.09	36.0812	36.0775	36.0074	35.9924	35.9787	35.9821	35.9664	35.9609	35.9565	35.9446	35.935	35.9384	35.9256	35.9172	35.9204	35.9092	35.9004	35.8991	35.8832	35.8784	35.8767	35.8693	35.8519	35.853	35.8347	35.8092	35.8264	35.8242	35.8079	35.812	35.8051	35.7883	35.7775	35.7832	35.7752	35.7621	35.7565	35.7474	35.7571	35.7343	35.7264	35.7337	35.7136	35.7052	35.7155	35.6981	35.6811	35.6956	35.6714	35.67	35.6621	35.6504	35.6486	35.6532	35.6447	35.6378	35.6378	35.629	35.608	35.6085	35.5939	35.5806	35.5959	35.5762	35.5675	35.554	35.5459	35.5319	35.5349	35.511	35.5039	35.4979	35.4899	35.4912	35.4754	35.4508	35.4392	35.4365
FGC2634_s_2_1_ACGCCTTGTT-TAAGGAACGT_FGC2634_s_2_2_ACGCCTTGTT-TAAGGAACGT	34.8655	34.9744	35.3614	35.5193	35.6832	35.8151	35.7329	35.8157	35.8082	35.9922	35.9545	35.9517	35.9894	36.0189	36.0492	36.0583	36.0471	36.0817	36.0916	36.0946	36.095	36.1009	36.0917	36.0876	36.0228	36.0049	35.9926	35.9938	35.9763	35.9697	35.9686	35.9506	35.9422	35.9433	35.9343	35.9205	35.9233	35.9109	35.8949	35.8978	35.8802	35.8794	35.8731	35.8667	35.8521	35.8511	35.829	35.7824	35.8112	35.8158	35.8092	35.8094	35.7984	35.7884	35.7772	35.7721	35.7677	35.756	35.7468	35.7376	35.7423	35.7128	35.7101	35.7231	35.6934	35.689	35.6926	35.6812	35.6527	35.672	35.631	35.6256	35.6141	35.6011	35.6046	35.6179	35.6097	35.6049	35.6047	35.6002	35.5722	35.5744	35.5568	35.5458	35.5568	35.5384	35.5284	35.5188	35.5063	35.4901	35.4928	35.4665	35.4603	35.4498	35.4408	35.4466	35.4246	35.4041	35.3889	35.3885
FGC2634_s_2_1_ACGGTCAGGA-CGGCCTCGTT_FGC2634_s_2_2_ACGGTCAGGA-CGGCCTCGTT	34.7843	34.9018	35.312	35.4688	35.6549	35.7893	35.7058	35.8067	35.8045	35.9746	35.9389	35.9439	35.9805	36.0108	36.0308	36.0427	36.0436	36.0668	36.0815	36.0832	36.0846	36.091	36.0809	36.0788	36.0104	35.9957	35.9854	35.9835	35.9671	35.9634	35.9595	35.9419	35.9374	35.9392	35.9297	35.9198	35.9217	35.9121	35.8996	35.8987	35.8828	35.8792	35.8744	35.8696	35.854	35.8537	35.8393	35.8125	35.8286	35.8203	35.8028	35.808	35.8026	35.7842	35.7807	35.7759	35.7698	35.7604	35.7558	35.7447	35.7519	35.7332	35.7199	35.7295	35.7135	35.7043	35.7094	35.6952	35.6814	35.6939	35.6656	35.6653	35.6607	35.6476	35.6411	35.6448	35.6388	35.6354	35.6367	35.6293	35.6062	35.6041	35.5889	35.5768	35.5873	35.5715	35.5659	35.5533	35.5469	35.5323	35.5324	35.5128	35.5051	35.4926	35.4872	35.4912	35.4755	35.4538	35.4432	35.4419
FGC2634_s_2_1_ACTCGGCAAT-GACAACTGAA_FGC2634_s_2_2_ACTCGGCAAT-GACAACTGAA	34.8912	35.0056	35.399	35.5514	35.7209	35.8522	35.7853	35.8573	35.8583	36.0297	35.9859	36.0037	36.0359	36.065	36.0796	36.0936	36.0992	36.126	36.1375	36.1413	36.1411	36.1459	36.1371	36.1343	36.0684	36.0535	36.0429	36.0408	36.028	36.0204	36.0165	36.0004	35.9959	35.9925	35.9821	35.9699	35.9706	35.9619	35.9503	35.9471	35.9313	35.9264	35.9197	35.9123	35.8989	35.8983	35.8829	35.8415	35.8624	35.8635	35.8538	35.8559	35.8437	35.8376	35.8284	35.8227	35.8142	35.8036	35.7988	35.7863	35.7861	35.7639	35.7516	35.7646	35.7437	35.7367	35.7369	35.7254	35.7046	35.7155	35.6792	35.6752	35.6658	35.6547	35.6568	35.6649	35.6566	35.6521	35.65	35.6433	35.6213	35.6196	35.6047	35.5918	35.6021	35.5868	35.5774	35.5662	35.5557	35.5455	35.5441	35.5234	35.5159	35.5027	35.4961	35.4994	35.482	35.4626	35.4538	35.4491
FGC2634_s_2_1_ACTCTATTGT-ATCGCATATG_FGC2634_s_2_2_ACTCTATTGT-ATCGCATATG	34.8875	35.0038	35.385	35.5377	35.696	35.8335	35.7419	35.8342	35.834	36.0149	35.9724	35.9703	36.0124	36.0324	36.0617	36.0847	36.0758	36.104	36.1155	36.1163	36.1206	36.123	36.1133	36.1087	36.0481	36.0335	36.018	36.02	36.0044	36	35.9977	35.9797	35.9726	35.9713	35.9589	35.9448	35.9487	35.939	35.929	35.9322	35.9149	35.9061	35.9027	35.8928	35.8783	35.877	35.8602	35.8305	35.8483	35.8452	35.8399	35.8408	35.828	35.8183	35.8062	35.8018	35.7924	35.783	35.7775	35.7713	35.7748	35.7516	35.7435	35.7507	35.7273	35.7191	35.7187	35.7051	35.6858	35.7019	35.671	35.6673	35.6577	35.6467	35.6428	35.6455	35.6366	35.628	35.6281	35.6211	35.5951	35.6003	35.5842	35.5695	35.58	35.562	35.5479	35.5348	35.5246	35.5107	35.5127	35.4916	35.4823	35.4716	35.4619	35.4631	35.4447	35.4177	35.4034	35.401
FGC2634_s_2_1_ACTGGATCTA-TCGCCGCTAG_FGC2634_s_2_2_ACTGGATCTA-TCGCCGCTAG	34.6684	34.7869	35.2504	35.4342	35.6461	35.7688	35.6846	35.7856	35.7907	35.9665	35.9237	35.9401	35.9672	35.9922	36.0103	36.0335	36.0141	36.0583	36.0672	36.07	36.0706	36.0719	36.0648	36.0567	35.9877	35.9732	35.9576	35.9577	35.9476	35.9415	35.9372	35.9201	35.9159	35.913	35.8957	35.8857	35.886	35.88	35.8716	35.8687	35.8555	35.8485	35.8426	35.8333	35.8181	35.8161	35.7951	35.7339	35.7671	35.7864	35.7478	35.7334	35.7609	35.7113	35.6969	35.7277	35.7147	35.6852	35.668	35.6661	35.696	35.6419	35.6395	35.6704	35.618	35.6117	35.6393	35.6178	35.5805	35.6121	35.5835	35.5771	35.5556	35.5437	35.5459	35.5674	35.5659	35.5663	35.568	35.5647	35.5442	35.5442	35.5289	35.5186	35.5264	35.509	35.4974	35.4826	35.4725	35.4613	35.461	35.4399	35.4343	35.4208	35.412	35.4153	35.391	35.3702	35.3551	35.3502
FGC2634_s_2_1_ACTTCAAGCG-GAACCATGAA_FGC2634_s_2_2_ACTTCAAGCG-GAACCATGAA	34.8398	34.9511	35.3406	35.5022	35.6673	35.8004	35.7173	35.7945	35.7855	35.9677	35.9325	35.9319	35.9712	36.0022	36.0197	36.0306	36.038	36.0644	36.0783	36.0784	36.0786	36.0857	36.0783	36.0762	36.0049	35.992	35.9769	35.9788	35.9625	35.9581	35.9553	35.943	35.9361	35.9361	35.9244	35.9136	35.914	35.9059	35.8957	35.8967	35.882	35.8728	35.87	35.8629	35.8527	35.8509	35.835	35.8196	35.8286	35.8166	35.8095	35.8125	35.8008	35.7935	35.786	35.781	35.7734	35.7668	35.7626	35.7514	35.7548	35.7387	35.7272	35.7302	35.719	35.7098	35.7101	35.6966	35.6877	35.6938	35.6723	35.6682	35.6665	35.6523	35.6453	35.6444	35.6354	35.63	35.6294	35.6244	35.5987	35.6003	35.5844	35.5714	35.5855	35.5672	35.5599	35.5483	35.5391	35.5277	35.5287	35.5097	35.5013	35.4907	35.4845	35.4869	35.4718	35.4522	35.4392	35.4419
FGC2634_s_2_1_AGAGGCAACC-CTAATGATGG_FGC2634_s_2_2_AGAGGCAACC-CTAATGATGG	34.831	34.9568	35.4136	35.6379	35.8273	35.8853	35.7532	35.8438	35.8537	36.0903	35.9961	35.9946	36.0111	36.0291	36.0406	36.0564	35.9994	36.0712	36.0772	36.079	36.0712	36.0633	36.0545	36.0335	35.9514	35.9343	35.9394	35.9416	35.9629	35.9253	35.9346	35.9141	35.9063	35.9096	35.9038	35.8937	35.8931	35.8877	35.8754	35.8952	35.8654	35.8655	35.8479	35.8395	35.8434	35.8264	35.8101	35.5554	35.7127	35.8338	35.7595	35.7008	35.8258	35.7329	35.6563	35.7591	35.7848	35.6847	35.6528	35.6436	35.7162	35.5505	35.6013	35.7305	35.5465	35.5586	35.6405	35.6701	35.4754	35.6028	35.4962	35.4623	35.4036	35.4382	35.5012	35.585	35.6337	35.644	35.6609	35.6575	35.6495	35.6281	35.629	35.6313	35.6586	35.6389	35.6346	35.6285	35.6324	35.6157	35.6079	35.5911	35.5813	35.5655	35.5748	35.5882	35.5686	35.5094	35.5224	35.5073
FGC2634_s_2_1_AGGTCAGATA-CTACAAGATA_FGC2634_s_2_2_AGGTCAGATA-CTACAAGATA	34.7767	34.8707	35.3236	35.4848	35.6802	35.8308	35.7408	35.8495	35.8406	36.0277	35.9905	36.0017	36.0451	36.0614	36.0905	36.1024	36.1041	36.1346	36.1461	36.1508	36.1509	36.1583	36.1509	36.1469	36.0866	36.0731	36.0608	36.0627	36.0479	36.0424	36.0369	36.0207	36.0167	36.016	36.0067	35.9967	35.9972	35.9878	35.9796	35.975	35.9593	35.9576	35.9533	35.9487	35.9335	35.9302	35.9119	35.8623	35.8911	35.8996	35.8874	35.8828	35.8785	35.868	35.8517	35.8577	35.8519	35.8384	35.8245	35.8204	35.8256	35.7862	35.7887	35.8056	35.773	35.7672	35.7794	35.7735	35.7359	35.7584	35.7217	35.7175	35.6988	35.6918	35.6991	35.714	35.7079	35.7072	35.7066	35.7001	35.6815	35.6752	35.6646	35.6521	35.6634	35.6477	35.6381	35.6276	35.6192	35.6051	35.6063	35.5882	35.5819	35.5663	35.5624	35.5681	35.5484	35.5304	35.52	35.5114
FGC2634_s_2_1_AGTCAGACGA-ACCAGCGACA_FGC2634_s_2_2_AGTCAGACGA-ACCAGCGACA	34.8565	34.9046	35.3512	35.4963	35.6758	35.8322	35.7137	35.8209	35.8199	36.0028	35.9764	35.9773	36.0268	36.0376	36.0618	36.0735	36.0805	36.1045	36.1164	36.1207	36.1193	36.128	36.117	36.1123	36.0481	36.0318	36.0242	36.0257	36.0067	35.9991	35.9996	35.979	35.9718	35.974	35.9616	35.9524	35.9577	35.9497	35.9374	35.9398	35.9209	35.9199	35.9167	35.9082	35.8911	35.8963	35.8738	35.8396	35.8621	35.86	35.8277	35.8328	35.8335	35.8077	35.8048	35.8031	35.7944	35.7836	35.776	35.7674	35.7783	35.7519	35.7423	35.75	35.7326	35.7234	35.7307	35.7174	35.7031	35.7106	35.688	35.685	35.6791	35.6658	35.661	35.6671	35.6661	35.6639	35.6662	35.6593	35.6372	35.636	35.6195	35.6089	35.6218	35.6023	35.5943	35.5886	35.5779	35.5641	35.5673	35.5441	35.5364	35.5231	35.5157	35.5239	35.5083	35.4865	35.4767	35.4756
FGC2634_s_2_1_AGTGTTGCAC-CTGGTACACG_FGC2634_s_2_2_AGTGTTGCAC-CTGGTACACG	34.9017	34.9648	35.3237	35.5127	35.6441	35.7751	35.6881	35.7728	35.7842	35.9644	35.9192	35.9188	35.9616	35.9767	36.0002	36.0253	36.0196	36.0477	36.0587	36.0641	36.0626	36.0682	36.0549	36.0521	35.9836	35.9657	35.9572	35.9541	35.9366	35.9303	35.9337	35.9065	35.8983	35.9014	35.8888	35.8791	35.8826	35.8761	35.8644	35.8679	35.8506	35.8471	35.8431	35.8324	35.8147	35.8134	35.7932	35.7477	35.7747	35.7811	35.7729	35.7764	35.7626	35.75	35.7427	35.7357	35.728	35.72	35.7129	35.7046	35.708	35.6772	35.6729	35.6878	35.6601	35.6523	35.6564	35.6451	35.6189	35.638	35.5965	35.5908	35.5763	35.5653	35.5724	35.5815	35.5788	35.5727	35.5743	35.5673	35.5436	35.5434	35.5274	35.5142	35.5289	35.5113	35.5006	35.4915	35.482	35.4649	35.469	35.4493	35.4397	35.4321	35.4252	35.4279	35.4106	35.3875	35.3781	35.3735
FGC2634_s_2_1_ATGGTTGACT-GGCCTGTCCT_FGC2634_s_2_2_ATGGTTGACT-GGCCTGTCCT	34.8268	34.9418	35.2991	35.4614	35.6242	35.7521	35.6721	35.7579	35.7434	35.9122	35.8665	35.8796	35.9123	35.9361	35.9623	35.9748	35.9714	35.9964	36.0107	36.0084	36.0099	36.0168	36.0067	36.0022	35.9249	35.9088	35.8994	35.8993	35.8787	35.8734	35.8665	35.854	35.8406	35.8446	35.8371	35.8232	35.8333	35.8197	35.8028	35.8051	35.7866	35.7797	35.7792	35.7708	35.76	35.7577	35.742	35.7234	35.7379	35.7246	35.7172	35.7214	35.7056	35.6984	35.6932	35.6863	35.6785	35.6728	35.6664	35.6583	35.6598	35.64	35.6274	35.6336	35.6192	35.6097	35.6121	35.5993	35.5843	35.5979	35.5684	35.5634	35.5611	35.545	35.5398	35.5408	35.5313	35.5241	35.5264	35.5199	35.4935	35.4911	35.4715	35.4579	35.4694	35.4492	35.4445	35.4344	35.4234	35.411	35.4108	35.3854	35.3785	35.3628	35.3551	35.3531	35.337	35.3146	35.3043	35.3048
FGC2634_s_2_1_ATTCCATAAG-TGCCTGGTGG_FGC2634_s_2_2_ATTCCATAAG-TGCCTGGTGG	34.7406	34.8295	35.2804	35.4509	35.6308	35.7774	35.6839	35.7879	35.7792	35.9577	35.9199	35.9284	35.9692	35.9862	36.0138	36.0309	36.0219	36.0489	36.0608	36.0617	36.0634	36.068	36.0559	36.0546	35.9776	35.9621	35.9468	35.9477	35.9268	35.9246	35.9228	35.9059	35.9024	35.9005	35.8893	35.8752	35.8748	35.8642	35.8533	35.8552	35.8392	35.8316	35.83	35.8221	35.8085	35.8063	35.785	35.7526	35.764	35.763	35.7537	35.7601	35.7485	35.7412	35.7313	35.7268	35.7185	35.7035	35.6964	35.6839	35.6897	35.6621	35.658	35.6704	35.6491	35.6433	35.6459	35.6321	35.6069	35.6203	35.5855	35.5823	35.5733	35.5641	35.5625	35.5708	35.5622	35.5559	35.5525	35.5427	35.5162	35.5109	35.4945	35.4865	35.4988	35.4812	35.4742	35.4612	35.4479	35.4317	35.4269	35.4034	35.3929	35.3814	35.3767	35.3814	35.3616	35.3419	35.3289	35.3222
FGC2634_s_2_1_CAATCGGCTG-GCTGTAGGAA_FGC2634_s_2_2_CAATCGGCTG-GCTGTAGGAA	34.8455	34.9531	35.3054	35.4549	35.6028	35.7452	35.661	35.7427	35.7298	35.9162	35.8719	35.8704	35.9185	35.9431	35.9571	35.9714	35.9705	36.0029	36.0165	36.0179	36.0183	36.024	36.0169	36.0131	35.9333	35.9165	35.9034	35.9036	35.8838	35.8814	35.8786	35.8587	35.8518	35.855	35.8463	35.8322	35.8377	35.8287	35.8132	35.8127	35.7952	35.7928	35.788	35.7804	35.7672	35.7684	35.7466	35.7109	35.7292	35.733	35.7223	35.7265	35.7123	35.7041	35.6964	35.6946	35.6873	35.6764	35.668	35.6578	35.6615	35.6324	35.6244	35.6374	35.6161	35.6088	35.6159	35.605	35.5789	35.5968	35.5584	35.5534	35.5428	35.5313	35.5315	35.5419	35.5354	35.5298	35.5274	35.5207	35.496	35.4947	35.4782	35.4602	35.4748	35.4582	35.4492	35.4404	35.4299	35.4117	35.4134	35.3876	35.377	35.3652	35.356	35.361	35.3407	35.3222	35.3122	35.3069
FGC2634_s_2_1_CACAATAGGA-TCCATCCGAG_FGC2634_s_2_2_CACAATAGGA-TCCATCCGAG	34.8023	34.8893	35.3131	35.4824	35.6514	35.7937	35.6934	35.7891	35.7836	35.9657	35.9278	35.9275	35.967	35.9958	36.0103	36.0322	36.0275	36.0534	36.0666	36.0637	36.0674	36.0695	36.0573	36.0573	35.983	35.9629	35.9529	35.9522	35.9357	35.9298	35.9308	35.9126	35.9048	35.9062	35.887	35.88	35.8804	35.8689	35.8646	35.8642	35.8444	35.8417	35.8339	35.8262	35.8086	35.8105	35.7915	35.7703	35.7838	35.773	35.7589	35.7603	35.7523	35.7371	35.726	35.7191	35.7111	35.7026	35.6968	35.6893	35.6936	35.6752	35.6632	35.6649	35.6465	35.6342	35.6375	35.6179	35.6057	35.6156	35.5933	35.5931	35.5835	35.569	35.5609	35.559	35.5451	35.5373	35.5388	35.5324	35.5046	35.5067	35.4894	35.477	35.4851	35.4632	35.4465	35.4382	35.4213	35.4091	35.4068	35.3833	35.3721	35.3634	35.3538	35.353	35.3319	35.3039	35.2882	35.2857
FGC2634_s_2_1_CAGCCGCGTA-ACTAGCCGTG_FGC2634_s_2_2_CAGCCGCGTA-ACTAGCCGTG	34.8764	34.9781	35.344	35.4985	35.6481	35.7782	35.6798	35.7738	35.7716	35.9459	35.9131	35.9158	35.9491	35.9792	35.9988	36.0205	36.0161	36.0388	36.0543	36.054	36.0511	36.0554	36.0457	36.0415	35.9654	35.9494	35.9366	35.9385	35.9236	35.9212	35.9127	35.9033	35.8879	35.893	35.8785	35.8674	35.8727	35.8645	35.8591	35.8567	35.8402	35.8336	35.8274	35.8202	35.8051	35.8056	35.7827	35.7699	35.7807	35.7716	35.7656	35.7668	35.7581	35.7463	35.7338	35.7319	35.7225	35.7107	35.7108	35.7031	35.7048	35.6915	35.6781	35.6826	35.6669	35.6561	35.6598	35.6424	35.6368	35.6434	35.6209	35.6189	35.6163	35.6049	35.5997	35.5984	35.5841	35.5782	35.5747	35.5738	35.5494	35.553	35.5394	35.5265	35.5381	35.5168	35.5055	35.4899	35.4847	35.4678	35.4707	35.4527	35.445	35.4389	35.4331	35.4346	35.4155	35.3935	35.3787	35.3743
FGC2634_s_2_1_CAGTGGCACT-TAACAATAGG_FGC2634_s_2_2_CAGTGGCACT-TAACAATAGG	34.7792	34.8985	35.3211	35.4707	35.6522	35.7903	35.7045	35.7996	35.7932	35.9751	35.9339	35.9427	35.9828	36.003	36.0383	36.0563	36.0561	36.0795	36.092	36.0941	36.0966	36.1006	36.0912	36.0892	36.0184	36.0042	35.9933	35.9916	35.9782	35.9725	35.9681	35.9526	35.9458	35.9425	35.9337	35.9253	35.9257	35.9159	35.9068	35.9076	35.8926	35.8881	35.8809	35.8737	35.8605	35.8588	35.8419	35.8229	35.8322	35.8276	35.8208	35.8216	35.8098	35.802	35.7931	35.7865	35.7817	35.7705	35.7695	35.7586	35.7608	35.7427	35.7366	35.7396	35.7223	35.714	35.7134	35.7024	35.6897	35.6996	35.6743	35.6752	35.6683	35.657	35.6513	35.6507	35.6436	35.6356	35.633	35.6288	35.6057	35.6051	35.5918	35.5811	35.5887	35.5744	35.5654	35.5508	35.5461	35.529	35.5336	35.514	35.5071	35.4961	35.4906	35.4953	35.4759	35.4559	35.4443	35.4419
FGC2634_s_2_1_CATTAGTGCG-TGACTACATA_FGC2634_s_2_2_CATTAGTGCG-TGACTACATA	34.8105	34.9251	35.3252	35.4808	35.6622	35.7796	35.6951	35.79	35.7711	35.9459	35.9082	35.9091	35.9517	35.9685	35.9962	36.0079	36.0121	36.0362	36.0493	36.0508	36.0496	36.0567	36.0486	36.046	35.9706	35.9571	35.9433	35.944	35.9251	35.9213	35.9174	35.9038	35.8974	35.8962	35.8876	35.8748	35.878	35.8655	35.8528	35.8542	35.8361	35.8314	35.8295	35.8224	35.8099	35.8082	35.7929	35.769	35.7831	35.7727	35.7601	35.7596	35.7557	35.7396	35.7319	35.7345	35.7231	35.7113	35.7064	35.6954	35.7017	35.6816	35.6695	35.6761	35.6605	35.652	35.6554	35.6405	35.6285	35.6375	35.6138	35.6118	35.6033	35.5891	35.5824	35.5879	35.5798	35.5746	35.575	35.5671	35.5429	35.5405	35.5247	35.5106	35.522	35.5058	35.4972	35.4846	35.4789	35.463	35.4631	35.4454	35.4325	35.4184	35.4088	35.4149	35.3962	35.3779	35.3655	35.3629
FGC2634_s_2_1_CCACCAGGCA-CTTATGGAAT_FGC2634_s_2_2_CCACCAGGCA-CTTATGGAAT	34.8598	34.9653	35.3163	35.4657	35.6225	35.7502	35.6561	35.7403	35.7336	35.9123	35.8715	35.8861	35.9218	35.9303	35.954	35.975	35.9732	35.9992	36.0119	36.015	36.013	36.0201	36.0102	36.006	35.9203	35.908	35.8887	35.8956	35.8771	35.8702	35.8649	35.852	35.838	35.8434	35.8342	35.8195	35.8255	35.8159	35.8007	35.8003	35.7839	35.7766	35.7781	35.7654	35.7532	35.7513	35.7331	35.7032	35.7246	35.7168	35.6977	35.7018	35.6987	35.6764	35.667	35.6721	35.6602	35.6447	35.6411	35.6312	35.6408	35.6173	35.6056	35.617	35.5941	35.5833	35.5918	35.5722	35.5584	35.5688	35.5476	35.5426	35.535	35.5223	35.5129	35.521	35.51	35.5054	35.5044	35.4992	35.4731	35.4745	35.4573	35.4379	35.453	35.4362	35.4267	35.4129	35.4043	35.3855	35.3871	35.3635	35.3502	35.3382	35.331	35.3326	35.3159	35.2913	35.2778	35.273
FGC2634_s_2_1_CCATCATTAG-GGTTGCCTCT_FGC2634_s_2_2_CCATCATTAG-GGTTGCCTCT	34.7846	34.8987	35.251	35.4186	35.5789	35.7035	35.626	35.7065	35.6932	35.8526	35.8247	35.8288	35.862	35.8833	35.9103	35.9218	35.9186	35.9444	35.9609	35.9569	35.9579	35.9691	35.9538	35.9508	35.8657	35.849	35.8341	35.8384	35.8157	35.8144	35.8079	35.7924	35.7836	35.7829	35.7745	35.7638	35.7658	35.7548	35.7421	35.7416	35.7204	35.7157	35.7146	35.7033	35.6951	35.6954	35.6745	35.6547	35.6682	35.6562	35.651	35.6541	35.6366	35.6287	35.6246	35.6185	35.6118	35.6013	35.5939	35.5859	35.5885	35.5662	35.5544	35.5578	35.5429	35.539	35.5407	35.5198	35.5073	35.5179	35.4865	35.4879	35.4851	35.4646	35.4605	35.4602	35.45	35.4432	35.4459	35.4329	35.4067	35.4076	35.3846	35.3691	35.3851	35.3642	35.3541	35.3454	35.3333	35.3196	35.3167	35.2897	35.2816	35.2664	35.2565	35.2599	35.2376	35.2165	35.203	35.2008
FGC2634_s_2_1_CCATCTCGCC-TTCTATGGTT_FGC2634_s_2_2_CCATCTCGCC-TTCTATGGTT	34.665	34.8271	35.0977	35.3155	35.4567	35.5528	35.4552	35.5286	35.5194	35.6712	35.6405	35.6468	35.6891	35.7105	35.7284	35.7409	35.7346	35.7587	35.7742	35.7732	35.7751	35.7821	35.7652	35.7664	35.6633	35.645	35.6284	35.6318	35.6117	35.6059	35.6034	35.5854	35.5789	35.5823	35.5739	35.5583	35.5662	35.5541	35.5384	35.5391	35.5203	35.5169	35.5179	35.5119	35.495	35.4979	35.4766	35.4616	35.4714	35.4561	35.4527	35.4552	35.4412	35.4336	35.4309	35.423	35.415	35.409	35.4016	35.3922	35.3983	35.3765	35.3635	35.37	35.3576	35.3504	35.3533	35.3359	35.3246	35.3402	35.3095	35.3068	35.3056	35.2879	35.2814	35.2858	35.2734	35.2694	35.2713	35.2613	35.2328	35.233	35.2145	35.1985	35.2148	35.1981	35.1878	35.1826	35.1715	35.1572	35.157	35.1338	35.121	35.113	35.1045	35.1114	35.093	35.0717	35.0601	35.0611
FGC2634_s_2_1_CCGTATGTTC-CATACACTGT_FGC2634_s_2_2_CCGTATGTTC-CATACACTGT	34.8564	34.986	35.31	35.4867	35.6331	35.7536	35.6495	35.73	35.7205	35.8894	35.8506	35.8477	35.8904	35.9125	35.944	35.9548	35.925	35.975	35.9886	35.9861	35.9843	35.9904	35.9791	35.9738	35.8893	35.8766	35.8605	35.8663	35.8461	35.8425	35.8391	35.8186	35.8092	35.8093	35.7984	35.7846	35.7883	35.7765	35.7619	35.7645	35.7505	35.7438	35.7406	35.728	35.714	35.7093	35.6846	35.63	35.667	35.6791	35.6724	35.6737	35.6635	35.6496	35.6346	35.6296	35.6197	35.6089	35.5996	35.5912	35.5958	35.5653	35.5578	35.5773	35.5415	35.5378	35.5377	35.5259	35.4925	35.5159	35.4696	35.4649	35.4487	35.4357	35.445	35.4559	35.4461	35.4399	35.4426	35.4353	35.4139	35.414	35.396	35.3786	35.3901	35.3728	35.3535	35.3414	35.321	35.3061	35.3091	35.2858	35.2755	35.2643	35.2541	35.2534	35.2264	35.1992	35.1838	35.1795
FGC2634_s_2_1_CCTCCGTCCA-CACATCGGTG_FGC2634_s_2_2_CCTCCGTCCA-CACATCGGTG	34.7602	34.8543	35.2386	35.4229	35.5829	35.7178	35.5968	35.6899	35.6906	35.8684	35.8338	35.8353	35.8746	35.9008	35.9194	35.9363	35.9305	35.9538	35.9695	35.9688	35.9688	35.9745	35.9617	35.9589	35.8766	35.8579	35.8418	35.8495	35.8312	35.8287	35.8212	35.8118	35.8001	35.8048	35.7905	35.7821	35.7855	35.7759	35.7697	35.7722	35.7546	35.7494	35.7415	35.7315	35.7193	35.7208	35.6976	35.6857	35.6996	35.6919	35.6834	35.6841	35.6753	35.6661	35.6506	35.6491	35.6422	35.6283	35.6328	35.6237	35.6277	35.615	35.6029	35.606	35.5936	35.5815	35.5859	35.5677	35.5596	35.5709	35.5525	35.5493	35.5522	35.5351	35.5278	35.5298	35.512	35.5054	35.5048	35.4996	35.4825	35.4868	35.4708	35.4575	35.475	35.4526	35.4382	35.4243	35.4174	35.4051	35.4132	35.3921	35.3863	35.3835	35.3755	35.3802	35.3604	35.3336	35.3223	35.3195
FGC2634_s_2_1_CCTCTACATG-GATACCTCCT_FGC2634_s_2_2_CCTCTACATG-GATACCTCCT	34.7849	34.8882	35.2977	35.466	35.6471	35.7758	35.6945	35.7771	35.7739	35.9521	35.9128	35.9188	35.9549	35.9789	36.0043	36.0174	36.009	36.0439	36.0543	36.0561	36.0551	36.0616	36.0501	36.0489	35.9758	35.9587	35.9465	35.9462	35.9279	35.9245	35.9215	35.9014	35.8922	35.8989	35.8849	35.8764	35.8764	35.8694	35.8577	35.8593	35.839	35.8323	35.8279	35.8206	35.8072	35.8075	35.7876	35.7549	35.7693	35.7749	35.7566	35.7516	35.7523	35.7348	35.7232	35.729	35.7233	35.7086	35.6962	35.6874	35.6967	35.6639	35.66	35.6746	35.6436	35.638	35.6482	35.6345	35.6078	35.6273	35.5965	35.5916	35.5802	35.5657	35.5655	35.5737	35.5665	35.5638	35.5637	35.5555	35.531	35.529	35.5123	35.4954	35.5097	35.4902	35.4789	35.4703	35.4584	35.447	35.4435	35.4239	35.4095	35.3979	35.3893	35.391	35.3724	35.3503	35.3385	35.3305
FGC2634_s_2_1_CCTGTCTGTC-ACTGTTGTGA_FGC2634_s_2_2_CCTGTCTGTC-ACTGTTGTGA	34.8131	34.9292	35.3253	35.4672	35.6374	35.7747	35.6855	35.7902	35.7805	35.9602	35.9229	35.9308	35.9728	35.9893	36.0205	36.0257	36.0314	36.0562	36.0676	36.0683	36.07	36.0763	36.0671	36.0633	35.9894	35.9765	35.9624	35.9633	35.9469	35.9441	35.9383	35.9236	35.9149	35.915	35.9059	35.8948	35.8981	35.8878	35.8772	35.8767	35.8611	35.8563	35.8543	35.8456	35.831	35.8299	35.8111	35.7922	35.8053	35.7998	35.7929	35.7956	35.7831	35.7735	35.7656	35.7583	35.7535	35.7435	35.7394	35.7331	35.735	35.7168	35.708	35.7114	35.695	35.685	35.6868	35.6763	35.6608	35.6724	35.6473	35.6464	35.6404	35.6296	35.6245	35.6234	35.6146	35.6053	35.6042	35.601	35.5786	35.5734	35.5606	35.5495	35.5592	35.5424	35.5332	35.5204	35.5124	35.4961	35.4973	35.4775	35.47	35.4598	35.4547	35.4565	35.4387	35.4185	35.4067	35.4028
FGC2634_s_2_1_CGACATCCGA-TACGTTCATT_FGC2634_s_2_2_CGACATCCGA-TACGTTCATT	34.8214	34.9035	35.3117	35.4744	35.642	35.7809	35.6911	35.779	35.7757	35.9649	35.923	35.9282	35.9652	35.9845	36.0106	36.0259	36.0288	36.0528	36.0614	36.0634	36.064	36.0702	36.0622	36.0578	35.9799	35.968	35.9499	35.9546	35.9355	35.9302	35.9281	35.9017	35.9043	35.9036	35.894	35.8815	35.8874	35.8751	35.8635	35.8572	35.8455	35.8379	35.8345	35.8274	35.8155	35.812	35.7927	35.7302	35.7668	35.7769	35.7171	35.7106	35.7297	35.6906	35.6816	35.6782	35.6768	35.6609	35.651	35.6395	35.6495	35.6226	35.6128	35.6223	35.604	35.5947	35.6021	35.5852	35.5729	35.5822	35.5637	35.5629	35.5484	35.5298	35.5236	35.5296	35.5292	35.5374	35.548	35.5507	35.5293	35.5302	35.5132	35.5024	35.5123	35.496	35.49	35.4778	35.4682	35.4546	35.4515	35.4316	35.4185	35.4101	35.4031	35.403	35.3885	35.3704	35.3574	35.3555
FGC2634_s_2_1_CGAGGCCAAG-GTGTTACCGG_FGC2634_s_2_2_CGAGGCCAAG-GTGTTACCGG	34.7841	34.9041	35.2677	35.4335	35.6033	35.7069	35.6308	35.7097	35.7079	35.8592	35.8208	35.8221	35.863	35.8906	35.9211	35.935	35.9168	35.9489	35.9616	35.9645	35.9661	35.9715	35.9601	35.9559	35.8737	35.8585	35.8458	35.8451	35.8279	35.8228	35.8223	35.8006	35.7986	35.7992	35.789	35.7747	35.7774	35.7683	35.7553	35.7584	35.7415	35.7335	35.7309	35.7246	35.707	35.7074	35.6871	35.6511	35.663	35.6732	35.6628	35.6646	35.6564	35.6454	35.6329	35.634	35.6277	35.6127	35.6033	35.5944	35.6057	35.5759	35.5698	35.5833	35.5585	35.5514	35.5573	35.5445	35.5202	35.5401	35.5047	35.5027	35.4929	35.4817	35.4815	35.4911	35.4819	35.4763	35.4759	35.4739	35.4455	35.4457	35.4307	35.4157	35.4294	35.4121	35.4003	35.3903	35.3796	35.3643	35.3666	35.3445	35.3389	35.3248	35.3182	35.3251	35.3014	35.2803	35.2655	35.2612
FGC2634_s_2_1_CGGTTACGGC-AAGACTATAG_FGC2634_s_2_2_CGGTTACGGC-AAGACTATAG	34.8933	34.9944	35.3846	35.5401	35.6988	35.8289	35.7408	35.8209	35.8333	35.9961	35.963	35.9691	35.9982	36.0251	36.0471	36.0728	36.0756	36.0945	36.109	36.1084	36.1093	36.1156	36.1045	36.1028	36.0379	36.0199	36.0071	36.0062	35.9931	35.988	35.9852	35.9717	35.9633	35.963	35.9489	35.934	35.9395	35.9294	35.92	35.9235	35.9069	35.8997	35.8926	35.8841	35.8689	35.8687	35.8525	35.8315	35.8416	35.8369	35.8236	35.8292	35.818	35.8063	35.7985	35.7935	35.7843	35.7745	35.7668	35.7622	35.7644	35.747	35.7366	35.7439	35.7234	35.7143	35.7159	35.7001	35.6863	35.6985	35.6741	35.6737	35.6686	35.6532	35.6484	35.6528	35.6393	35.6346	35.6345	35.6283	35.6048	35.6052	35.5919	35.579	35.5903	35.5713	35.565	35.5503	35.5407	35.5277	35.5276	35.5124	35.503	35.4932	35.4851	35.4876	35.4706	35.4516	35.4386	35.4357
FGC2634_s_2_1_CGTTATTCTA-CCATAAGGTT_FGC2634_s_2_2_CGTTATTCTA-CCATAAGGTT	34.8134	34.9309	35.2918	35.4491	35.612	35.7477	35.6521	35.7413	35.7236	35.9035	35.8565	35.8645	35.9121	35.9388	35.96	35.9738	35.9672	35.9972	36.0102	36.0127	36.0122	36.0188	36.0074	36.0033	35.9289	35.9123	35.9019	35.9051	35.8872	35.8833	35.8795	35.8609	35.85	35.8496	35.8411	35.828	35.8362	35.824	35.8139	35.817	35.7993	35.7951	35.7896	35.7786	35.7625	35.7647	35.7441	35.7179	35.741	35.7372	35.7232	35.727	35.7171	35.6986	35.6913	35.6896	35.6828	35.6699	35.6644	35.6575	35.6705	35.6429	35.6356	35.6418	35.6158	35.6108	35.6178	35.6027	35.585	35.6029	35.5746	35.5738	35.5683	35.5551	35.5478	35.5501	35.5436	35.5373	35.5388	35.5312	35.5094	35.5089	35.495	35.4809	35.4938	35.4733	35.4616	35.451	35.4398	35.4258	35.4285	35.4047	35.4036	35.3909	35.3831	35.3874	35.365	35.3426	35.3289	35.3302
FGC2634_s_2_1_CTAGTGCTCT-TGGAACAGTA_FGC2634_s_2_2_CTAGTGCTCT-TGGAACAGTA	34.7904	34.8961	35.3205	35.4798	35.658	35.7977	35.7153	35.8144	35.8106	35.9742	35.9342	35.9514	35.9835	36.0166	36.0361	36.0439	36.0517	36.0752	36.0884	36.0916	36.094	36.0974	36.0868	36.085	36.0157	35.9991	35.991	35.9887	35.9746	35.9693	35.9664	35.9468	35.9434	35.9425	35.9303	35.9203	35.9249	35.9157	35.9052	35.9065	35.8876	35.8857	35.8786	35.8687	35.8559	35.8562	35.8374	35.8171	35.8323	35.8247	35.8195	35.8224	35.8069	35.8004	35.7918	35.7806	35.7776	35.7697	35.7659	35.7568	35.7585	35.7417	35.735	35.7352	35.7197	35.7106	35.7083	35.6963	35.6864	35.6951	35.6665	35.6665	35.66	35.6451	35.6422	35.6426	35.6279	35.6222	35.6199	35.6118	35.5928	35.5904	35.5754	35.5631	35.5691	35.5518	35.5413	35.5266	35.5166	35.503	35.5009	35.4838	35.4765	35.4653	35.4553	35.4602	35.4371	35.4138	35.4024	35.3967
FGC2634_s_2_1_CTATTACTAC-GAGTCTCTCC_FGC2634_s_2_2_CTATTACTAC-GAGTCTCTCC	34.6322	34.824	35.0719	35.3097	35.4493	35.5458	35.4593	35.5232	35.5197	35.6715	35.6405	35.6384	35.6739	35.6925	35.7214	35.7364	35.7042	35.748	35.7696	35.765	35.7637	35.7718	35.7562	35.7502	35.6475	35.6316	35.6147	35.6211	35.5949	35.5902	35.5856	35.5672	35.5524	35.5599	35.5544	35.5376	35.5485	35.5357	35.5174	35.5213	35.4989	35.492	35.4977	35.4838	35.4711	35.4699	35.451	35.4122	35.4377	35.4367	35.4281	35.4282	35.4195	35.4099	35.3955	35.3906	35.387	35.3773	35.3661	35.3557	35.3667	35.3283	35.3217	35.3375	35.3102	35.3081	35.3151	35.3028	35.2725	35.2934	35.2512	35.2463	35.2353	35.2225	35.2213	35.235	35.2277	35.2203	35.2278	35.217	35.1831	35.1859	35.1637	35.1433	35.1577	35.1416	35.1285	35.1179	35.1064	35.0846	35.0903	35.059	35.0438	35.0291	35.0207	35.0197	35.0002	34.9704	34.9583	34.9595
FGC2634_s_2_1_CTGCGAGCCA-AATCCGGCCA_FGC2634_s_2_2_CTGCGAGCCA-AATCCGGCCA	33.8694	33.9495	34.2324	34.8355	34.9834	35.0298	34.9308	35.0227	35.0184	35.1743	35.189	35.1965	35.2252	35.2406	35.2737	35.2746	35.2574	35.2969	35.3221	35.3141	35.3141	35.327	35.3016	35.3012	35.1686	35.1383	35.1196	35.1291	35.0925	35.0925	35.0934	35.068	35.0631	35.0709	35.0579	35.0415	35.0517	35.0312	35.0099	35.0165	34.9935	34.9858	34.9899	34.9749	34.9673	34.9656	34.9408	34.9101	34.9361	34.9118	34.8968	34.9056	34.8925	34.881	34.8767	34.8718	34.8592	34.8485	34.8394	34.8238	34.843	34.8046	34.7853	34.8039	34.7853	34.7797	34.7961	34.7601	34.7484	34.7675	34.7285	34.7172	34.7136	34.6882	34.6831	34.6942	34.6796	34.683	34.6886	34.6656	34.6287	34.6297	34.5978	34.5748	34.5976	34.5786	34.5634	34.558	34.5338	34.5156	34.5163	34.4777	34.4618	34.4412	34.4309	34.4363	34.4068	34.3702	34.3575	34.3609
FGC2634_s_2_1_CTTGCCATTA-ATCACGAAGG_FGC2634_s_2_2_CTTGCCATTA-ATCACGAAGG	34.826	34.9455	35.2833	35.4584	35.6107	35.7333	35.6265	35.7139	35.7103	35.879	35.8437	35.8546	35.8828	35.9012	35.9391	35.9571	35.948	35.974	35.9886	35.987	35.9863	35.9949	35.9837	35.981	35.8986	35.8824	35.8695	35.8747	35.8555	35.8503	35.8502	35.8313	35.8237	35.8267	35.8147	35.8013	35.8079	35.7961	35.7844	35.7879	35.7679	35.7646	35.7642	35.7523	35.7407	35.739	35.7193	35.6999	35.7166	35.7072	35.7037	35.7087	35.6947	35.6858	35.6806	35.6709	35.6615	35.6586	35.6489	35.6399	35.6496	35.6274	35.6191	35.6211	35.6069	35.6006	35.603	35.5877	35.5717	35.5824	35.5521	35.5514	35.5516	35.5339	35.5317	35.5333	35.5224	35.5154	35.5161	35.5065	35.4816	35.4831	35.4637	35.4535	35.4646	35.4455	35.4334	35.4202	35.4061	35.3929	35.394	35.3673	35.3605	35.3498	35.3406	35.3439	35.3253	35.2974	35.286	35.2843
FGC2634_s_2_1_GAACTGAGCG-TCGTGGAGCG_FGC2634_s_2_2_GAACTGAGCG-TCGTGGAGCG	34.7617	34.8568	35.2872	35.4475	35.6352	35.7645	35.6731	35.7679	35.7729	35.9581	35.9123	35.9215	35.9504	35.9867	36.002	36.0258	35.9594	36.0441	36.0501	36.0596	36.0584	36.0573	36.0504	36.0372	35.9691	35.9532	35.9376	35.9462	35.9276	35.923	35.9212	35.8981	35.8968	35.9001	35.8769	35.8738	35.8758	35.8646	35.8599	35.8544	35.8427	35.8328	35.828	35.8176	35.8007	35.7913	35.7666	35.5993	35.6951	35.7708	35.6731	35.6366	35.7281	35.6172	35.5884	35.6821	35.6704	35.5998	35.5558	35.565	35.648	35.5043	35.5293	35.6209	35.4964	35.4915	35.5831	35.5492	35.4428	35.5382	35.4834	35.4631	35.3972	35.3908	35.4274	35.4881	35.5126	35.5266	35.5331	35.5344	35.516	35.521	35.5053	35.4934	35.5078	35.4815	35.4681	35.4512	35.4428	35.4237	35.4334	35.4076	35.3962	35.391	35.3811	35.3838	35.358	35.3293	35.3133	35.3062
FGC2634_s_2_1_GAAGCGGCAC-CGGCTCTACT_FGC2634_s_2_2_GAAGCGGCAC-CGGCTCTACT	34.8331	34.916	35.3047	35.4612	35.6234	35.7687	35.671	35.7744	35.7681	35.9427	35.9047	35.911	35.9491	35.9679	35.9983	36.0138	36.015	36.0388	36.0508	36.0521	36.0546	36.0619	36.0535	36.0513	35.9763	35.9589	35.9482	35.9472	35.9277	35.925	35.9223	35.9042	35.9004	35.9008	35.8901	35.8794	35.8849	35.8709	35.8593	35.8589	35.8432	35.8378	35.8355	35.8287	35.8147	35.8158	35.7969	35.7695	35.7876	35.7803	35.7733	35.7803	35.7606	35.7564	35.7494	35.7425	35.7369	35.7314	35.7234	35.7139	35.7139	35.6939	35.687	35.6879	35.673	35.6684	35.6677	35.6579	35.6456	35.6556	35.6192	35.6176	35.6078	35.5964	35.5954	35.602	35.5905	35.5881	35.5886	35.5838	35.5585	35.5578	35.5423	35.5292	35.5425	35.5249	35.518	35.5069	35.4977	35.4854	35.4877	35.4637	35.456	35.4449	35.4346	35.4457	35.4282	35.4077	35.3995	35.3997
FGC2634_s_2_1_GACACCATGT-TCAACGTGTA_FGC2634_s_2_2_GACACCATGT-TCAACGTGTA	34.8162	34.9202	35.3101	35.4657	35.6317	35.7698	35.686	35.7722	35.759	35.9417	35.9098	35.9247	35.9562	35.9852	36.0051	36.0167	36.0205	36.0467	36.0598	36.063	36.0616	36.0705	36.0594	36.0576	35.9822	35.9692	35.9584	35.9599	35.9452	35.9425	35.9403	35.9228	35.9133	35.9144	35.9023	35.8933	35.8943	35.8871	35.878	35.8801	35.8642	35.8586	35.8542	35.8461	35.8297	35.8308	35.8123	35.798	35.8098	35.8028	35.796	35.8017	35.7892	35.7802	35.774	35.7613	35.7525	35.7468	35.7448	35.7378	35.7438	35.7278	35.7172	35.7185	35.7025	35.6934	35.6906	35.6788	35.6674	35.6806	35.6569	35.6552	35.6555	35.6415	35.6339	35.6355	35.6212	35.6117	35.6119	35.6058	35.5861	35.5869	35.5732	35.5644	35.5715	35.5543	35.542	35.5302	35.5168	35.5092	35.5098	35.4913	35.4857	35.4781	35.4706	35.4753	35.456	35.4335	35.4201	35.4167
FGC2634_s_2_1_GACTGAGTAG-GTTGATAGTG_FGC2634_s_2_2_GACTGAGTAG-GTTGATAGTG	34.8014	34.8928	35.299	35.4705	35.6418	35.7702	35.6829	35.7683	35.7613	35.9402	35.8883	35.8978	35.9301	35.9622	35.9829	36.0034	35.9984	36.0227	36.0349	36.0379	36.037	36.0411	36.0282	36.0258	35.949	35.9323	35.9211	35.9214	35.9088	35.9036	35.9012	35.8838	35.876	35.8759	35.8603	35.8489	35.8518	35.8437	35.8332	35.8361	35.8221	35.8146	35.8063	35.7973	35.7857	35.7841	35.7606	35.7386	35.7492	35.7487	35.747	35.7461	35.7346	35.7234	35.7155	35.7056	35.6951	35.6881	35.6813	35.6778	35.6789	35.6609	35.6526	35.6581	35.6349	35.6248	35.6254	35.6112	35.5962	35.6103	35.5822	35.581	35.5766	35.5603	35.5547	35.5576	35.5407	35.5385	35.5352	35.5296	35.505	35.5108	35.4927	35.4794	35.4895	35.4701	35.4559	35.4435	35.4284	35.4182	35.4163	35.3978	35.3893	35.3776	35.3703	35.3721	35.3488	35.3234	35.3089	35.3037
FGC2634_s_2_1_GAGAATGGTT-TCGGCAGCAA_FGC2634_s_2_2_GAGAATGGTT-TCGGCAGCAA	34.8428	34.9393	35.3365	35.4942	35.6572	35.8037	35.7195	35.8075	35.8063	35.9863	35.9441	35.9458	35.9912	36.0117	36.0317	36.0454	36.052	36.0768	36.0877	36.0893	36.0936	36.1004	36.0908	36.0883	36.0192	36.001	35.9911	35.9907	35.9738	35.9674	35.9666	35.9525	35.9433	35.9474	35.937	35.9244	35.9281	35.919	35.906	35.9082	35.8877	35.8864	35.8827	35.8809	35.864	35.8629	35.8462	35.8328	35.8424	35.8296	35.8241	35.8291	35.8124	35.8054	35.8013	35.7923	35.7858	35.7788	35.7748	35.766	35.7682	35.7495	35.7421	35.7431	35.7287	35.7221	35.723	35.7099	35.6992	35.7084	35.6803	35.6811	35.6781	35.6643	35.6599	35.6597	35.6478	35.6448	35.6411	35.6336	35.6109	35.6075	35.594	35.5809	35.5957	35.5763	35.57	35.56	35.5518	35.5388	35.5416	35.5149	35.5098	35.4987	35.493	35.4991	35.4813	35.4641	35.4538	35.4525
FGC2634_s_2_1_GAGTCATAGG-GTGTGGCGCT_FGC2634_s_2_2_GAGTCATAGG-GTGTGGCGCT	34.77	34.8624	35.2369	35.421	35.5813	35.7121	35.6223	35.701	35.7007	35.8723	35.838	35.8455	35.8796	35.9056	35.925	35.9383	35.9181	35.9591	35.973	35.9735	35.9737	35.9805	35.9701	35.966	35.883	35.8643	35.8494	35.8513	35.8337	35.829	35.826	35.8052	35.8026	35.8052	35.7927	35.7819	35.7831	35.7732	35.7589	35.758	35.7419	35.7374	35.7332	35.7258	35.7163	35.709	35.689	35.6273	35.6595	35.679	35.6273	35.6218	35.6495	35.607	35.5938	35.6187	35.612	35.5804	35.5647	35.5586	35.5876	35.5337	35.5303	35.567	35.5156	35.5109	35.5369	35.5179	35.4819	35.5115	35.482	35.472	35.4568	35.4401	35.445	35.4709	35.4704	35.4712	35.4774	35.4695	35.4474	35.4497	35.4313	35.4186	35.4312	35.4141	35.4065	35.3987	35.3862	35.3761	35.3744	35.3546	35.3452	35.3354	35.3261	35.329	35.3141	35.2935	35.2799	35.2802
FGC2634_s_2_1_GATAGGCCGA-CGCACATGGC_FGC2634_s_2_2_GATAGGCCGA-CGCACATGGC	34.5211	34.6719	34.941	35.2205	35.3608	35.4474	35.3378	35.4278	35.4083	35.5574	35.5413	35.5283	35.5632	35.5964	35.6199	35.6319	35.6192	35.6462	35.6656	35.6613	35.6563	35.6665	35.6485	35.6428	35.5327	35.5104	35.4924	35.503	35.4791	35.4784	35.4723	35.4553	35.4446	35.4459	35.4324	35.418	35.4226	35.4109	35.3995	35.4048	35.3854	35.3781	35.3786	35.3644	35.3534	35.3525	35.3276	35.3066	35.3293	35.3105	35.3038	35.3076	35.2998	35.2828	35.2764	35.2669	35.2553	35.2496	35.24	35.2354	35.2437	35.2275	35.2075	35.2135	35.1982	35.1852	35.1921	35.1654	35.1611	35.1757	35.1427	35.1435	35.144	35.1251	35.1147	35.1209	35.1035	35.0967	35.102	35.0917	35.0631	35.0707	35.048	35.0287	35.05	35.0297	35.0123	35.0042	34.986	34.972	34.9799	34.9496	34.9452	34.9294	34.9227	34.9283	34.9039	34.8729	34.8547	34.8567
FGC2634_s_2_1_GATCAAGGCA-CCTTGTTAAT_FGC2634_s_2_2_GATCAAGGCA-CCTTGTTAAT	34.7928	34.8983	35.2899	35.4462	35.6188	35.747	35.6557	35.7536	35.7466	35.9287	35.8923	35.8973	35.9305	35.9485	35.9696	35.9925	35.9625	36.0116	36.0265	36.0287	36.0274	36.0335	36.0253	36.0187	35.9368	35.9275	35.9105	35.9158	35.8939	35.887	35.8861	35.8654	35.8618	35.8642	35.8507	35.8425	35.8415	35.8331	35.8213	35.8254	35.7984	35.7928	35.7973	35.7839	35.7557	35.7633	35.7384	35.6158	35.6928	35.7358	35.6224	35.6093	35.6902	35.5887	35.5763	35.6397	35.6252	35.5659	35.546	35.5425	35.6071	35.5168	35.5141	35.5783	35.4979	35.49	35.5472	35.5249	35.4577	35.5034	35.4788	35.4662	35.4297	35.4211	35.433	35.4778	35.4995	35.5046	35.5157	35.5113	35.4855	35.4858	35.471	35.459	35.4698	35.4553	35.441	35.4315	35.4195	35.4021	35.4008	35.3771	35.3638	35.3485	35.3444	35.3444	35.3234	35.2985	35.2849	35.2764
FGC2634_s_2_1_GCAACATGGA-CTTGTCTTAA_FGC2634_s_2_2_GCAACATGGA-CTTGTCTTAA	34.7885	34.9025	35.304	35.4574	35.6308	35.7586	35.6705	35.7639	35.7575	35.9395	35.8975	35.9044	35.9333	35.9582	35.9803	35.9929	36.0009	36.024	36.0378	36.0395	36.0393	36.0465	36.0378	36.0339	35.9562	35.942	35.926	35.9306	35.9142	35.9091	35.9021	35.8917	35.8825	35.8846	35.8744	35.8657	35.8666	35.8555	35.8443	35.8418	35.8266	35.8217	35.8213	35.8128	35.8031	35.8026	35.7843	35.765	35.7778	35.7664	35.7556	35.7592	35.7475	35.7394	35.7288	35.7252	35.7183	35.7101	35.7064	35.6957	35.697	35.6863	35.6711	35.674	35.6632	35.6571	35.6565	35.6418	35.6332	35.6385	35.6189	35.62	35.6126	35.6006	35.5965	35.5976	35.5863	35.5817	35.5822	35.5799	35.5561	35.554	35.5413	35.5268	35.5414	35.5249	35.5172	35.5091	35.5033	35.4901	35.4909	35.4719	35.4653	35.4531	35.4496	35.4543	35.4376	35.4189	35.4102	35.4101
FGC2634_s_2_1_GCCGCACTCT-TCCGACCTCG_FGC2634_s_2_2_GCCGCACTCT-TCCGACCTCG	34.8132	34.904	35.2857	35.4387	35.5934	35.7351	35.6396	35.7282	35.7181	35.9065	35.853	35.8623	35.9031	35.9262	35.9504	35.971	35.9625	35.9938	36.0066	36.0074	36.0072	36.0136	36.001	35.999	35.9187	35.8998	35.8905	35.8941	35.8774	35.8676	35.87	35.8468	35.8378	35.8465	35.831	35.8218	35.8268	35.8165	35.8063	35.8121	35.7877	35.7872	35.783	35.7698	35.7546	35.7587	35.7335	35.6842	35.7188	35.7242	35.7151	35.7214	35.7088	35.6976	35.6864	35.6803	35.6777	35.6657	35.6594	35.6512	35.6569	35.6246	35.617	35.6355	35.6075	35.6001	35.6043	35.6004	35.5711	35.5905	35.5484	35.538	35.5278	35.5148	35.523	35.5381	35.5315	35.5292	35.5272	35.5237	35.5004	35.5019	35.4858	35.4737	35.4848	35.4654	35.4583	35.4494	35.4337	35.4214	35.4232	35.3998	35.3933	35.383	35.3752	35.3826	35.3614	35.3378	35.3277	35.3259
FGC2634_s_2_1_GCGTGGATGG-TTGACCAATG_FGC2634_s_2_2_GCGTGGATGG-TTGACCAATG	34.8283	34.9335	35.3363	35.4973	35.6781	35.8036	35.7183	35.8123	35.82	35.987	35.9521	35.9577	35.9871	36.0106	36.0384	36.0612	36.0539	36.081	36.0932	36.0958	36.0957	36.1012	36.0903	36.0852	36.0188	36.0012	35.9906	35.9906	35.9748	35.9713	35.9674	35.95	35.9436	35.9437	35.9339	35.9211	35.9247	35.9158	35.9046	35.9064	35.8913	35.8828	35.8793	35.8694	35.8533	35.854	35.8363	35.8021	35.821	35.824	35.8104	35.8089	35.8055	35.7867	35.7775	35.779	35.7721	35.7573	35.7495	35.7426	35.7522	35.7234	35.7157	35.7303	35.7038	35.6946	35.704	35.6909	35.6658	35.6859	35.6569	35.6537	35.6437	35.6333	35.6298	35.6382	35.631	35.6239	35.6239	35.6176	35.5983	35.5956	35.5845	35.5719	35.5837	35.5646	35.5542	35.5443	35.5337	35.5199	35.5221	35.5053	35.4977	35.4873	35.4817	35.4838	35.4634	35.4459	35.4326	35.4301
FGC2634_s_2_1_GCGTTGGTAT-ACATACTTCC_FGC2634_s_2_2_GCGTTGGTAT-ACATACTTCC	33.211	33.4438	33.6783	34.568	34.7247	34.7147	34.657	34.7649	34.7826	34.9099	34.9416	34.9695	34.9846	35.001	35.0557	35.0721	35.0523	35.0795	35.1141	35.1082	35.1068	35.121	35.0937	35.0884	34.9583	34.9197	34.9005	34.9152	34.8721	34.8745	34.8741	34.8494	34.8376	34.8476	34.8377	34.8107	34.837	34.8147	34.7918	34.7993	34.7712	34.7632	34.7754	34.7556	34.7419	34.747	34.7224	34.699	34.7266	34.6948	34.6943	34.7005	34.6784	34.6683	34.6682	34.6572	34.6403	34.6434	34.6319	34.6153	34.6359	34.597	34.567	34.5871	34.5719	34.558	34.5762	34.5404	34.5328	34.5595	34.5186	34.503	34.4986	34.4666	34.451	34.4626	34.4454	34.4404	34.4563	34.4326	34.3871	34.3928	34.3579	34.3245	34.3556	34.3312	34.3114	34.3103	34.2884	34.2664	34.2797	34.2429	34.216	34.2062	34.197	34.1961	34.1713	34.1327	34.1139	34.1262
FGC2634_s_2_1_GGAGCGTGTA-ATCCGTAAGT_FGC2634_s_2_2_GGAGCGTGTA-ATCCGTAAGT	34.794	34.9295	35.2615	35.4374	35.5947	35.6902	35.5898	35.68	35.6697	35.8383	35.8	35.7985	35.8277	35.847	35.8821	35.892	35.8772	35.9128	35.9273	35.9277	35.9258	35.9323	35.9194	35.9137	35.8267	35.8116	35.7973	35.7992	35.781	35.7778	35.7721	35.7546	35.7465	35.7479	35.7409	35.7278	35.7372	35.7214	35.7058	35.7096	35.6898	35.6891	35.6878	35.6762	35.6595	35.6605	35.6394	35.5987	35.6245	35.6299	35.611	35.6046	35.6085	35.5892	35.5721	35.5824	35.5763	35.5559	35.5454	35.5375	35.5532	35.516	35.5084	35.5312	35.4967	35.4889	35.5054	35.4953	35.4614	35.4846	35.4488	35.4435	35.4353	35.423	35.4253	35.437	35.4318	35.4258	35.4276	35.4223	35.3958	35.3966	35.3807	35.3654	35.3791	35.3622	35.3503	35.3371	35.33	35.3143	35.3168	35.2926	35.2837	35.2723	35.2679	35.2715	35.2475	35.2265	35.2114	35.207
FGC2634_s_2_1_GGCAAGCCAG-CAAGCATCCG_FGC2634_s_2_2_GGCAAGCCAG-CAAGCATCCG	34.7264	34.8329	35.2755	35.4309	35.6192	35.7507	35.6595	35.7566	35.7496	35.9362	35.9012	35.9033	35.9398	35.9706	35.9944	36.0133	36.01	36.0376	36.0483	36.0535	36.0556	36.0595	36.0522	36.049	35.9753	35.9597	35.9477	35.9469	35.933	35.9282	35.9233	35.9028	35.9003	35.8994	35.8897	35.8799	35.882	35.875	35.8653	35.8654	35.8476	35.8432	35.837	35.8324	35.8182	35.8144	35.7983	35.7665	35.7726	35.7856	35.7657	35.768	35.7647	35.7484	35.7364	35.7436	35.7366	35.7217	35.7159	35.7084	35.7212	35.6886	35.6869	35.6904	35.6696	35.6597	35.6707	35.6569	35.6374	35.6579	35.6282	35.6274	35.6136	35.6027	35.6019	35.6072	35.5998	35.598	35.5955	35.5921	35.5699	35.5708	35.5604	35.5469	35.5561	35.5396	35.5311	35.5186	35.511	35.4979	35.4985	35.4818	35.4736	35.4649	35.4577	35.4636	35.4429	35.4226	35.4119	35.4075
FGC2634_s_2_1_GGTAACTCGC-AAGTTGGTGA_FGC2634_s_2_2_GGTAACTCGC-AAGTTGGTGA	34.8889	34.9903	35.3584	35.5024	35.6505	35.7848	35.6841	35.774	35.7775	35.9528	35.9133	35.92	35.9562	35.9735	36.0035	36.0098	36.0114	36.0338	36.0486	36.0484	36.0461	36.048	36.0434	36.0362	35.9563	35.9404	35.9254	35.9301	35.9113	35.9088	35.9014	35.893	35.8785	35.8828	35.8715	35.8616	35.8657	35.8549	35.8494	35.8427	35.8263	35.8213	35.8172	35.8086	35.7955	35.7952	35.7785	35.7509	35.7702	35.7613	35.7511	35.7519	35.7472	35.7363	35.722	35.7219	35.7161	35.7016	35.698	35.6888	35.6922	35.6724	35.6612	35.6701	35.6513	35.6408	35.6513	35.6317	35.6196	35.6302	35.6044	35.6026	35.5917	35.5851	35.5819	35.5869	35.5777	35.5733	35.5701	35.5676	35.5436	35.5464	35.5302	35.5163	35.5345	35.5132	35.5046	35.4895	35.4873	35.4655	35.4753	35.4504	35.4395	35.4352	35.4299	35.4339	35.4159	35.3957	35.3841	35.3792
FGC2634_s_2_1_GGTTGCGAGG-AATAGAGCAA_FGC2634_s_2_2_GGTTGCGAGG-AATAGAGCAA	34.8876	35.0031	35.3887	35.537	35.6904	35.8352	35.7396	35.8233	35.8225	35.9956	35.9653	35.9626	36.0088	36.0321	36.0477	36.0633	36.0689	36.093	36.1046	36.1064	36.1073	36.115	36.1069	36.1002	36.0335	36.0182	36.0054	36.0045	35.9868	35.9843	35.9798	35.9619	35.956	35.9594	35.9478	35.9349	35.9375	35.9258	35.9148	35.9149	35.898	35.8935	35.888	35.8818	35.8689	35.87	35.85	35.8067	35.8314	35.8335	35.8172	35.8179	35.8138	35.8008	35.7897	35.7941	35.7849	35.7718	35.7612	35.7516	35.7604	35.7254	35.7206	35.7363	35.7079	35.7044	35.7144	35.7018	35.6743	35.6938	35.659	35.6522	35.637	35.6241	35.6304	35.6435	35.6398	35.6361	35.636	35.6303	35.6082	35.6066	35.5916	35.5769	35.5922	35.5737	35.5672	35.5586	35.55	35.5368	35.5406	35.5178	35.5109	35.5026	35.4941	35.5003	35.4839	35.4686	35.4571	35.4569
FGC2634_s_2_1_GTATTCCACC-ATGTAGACAA_FGC2634_s_2_2_GTATTCCACC-ATGTAGACAA	34.8546	34.9637	35.3295	35.4846	35.6445	35.7844	35.674	35.7725	35.7766	35.9567	35.9099	35.9247	35.9478	35.9759	35.9929	36.0088	36.0142	36.0341	36.0502	36.052	36.0528	36.0615	36.0524	36.0505	35.976	35.958	35.9455	35.9472	35.9281	35.9286	35.9192	35.9104	35.8979	35.9054	35.8951	35.8842	35.8899	35.8769	35.8695	35.8646	35.8455	35.8435	35.8411	35.8378	35.8251	35.8289	35.8113	35.7929	35.8022	35.7915	35.7813	35.7833	35.7746	35.7682	35.757	35.7575	35.7535	35.7386	35.7403	35.7286	35.728	35.7114	35.699	35.7048	35.6955	35.6871	35.695	35.6765	35.6673	35.6747	35.6512	35.6455	35.6438	35.6335	35.6275	35.6287	35.6214	35.6191	35.6153	35.6106	35.5861	35.5831	35.5688	35.5542	35.5722	35.5517	35.5447	35.5352	35.53	35.5171	35.5234	35.4999	35.4877	35.4837	35.4759	35.4826	35.4665	35.4478	35.437	35.4346
FGC2634_s_2_1_GTCCGTAAGC-CGTGTATCTT_FGC2634_s_2_2_GTCCGTAAGC-CGTGTATCTT	34.8117	34.9017	35.286	35.4478	35.6095	35.7505	35.6507	35.7519	35.7453	35.9238	35.8815	35.8798	35.9222	35.9475	35.973	35.9869	35.9891	36.0113	36.0266	36.0244	36.0259	36.0308	36.0218	36.021	35.9417	35.9246	35.9104	35.9115	35.8933	35.8887	35.8859	35.8733	35.8639	35.8659	35.8593	35.845	35.8477	35.8374	35.8257	35.8226	35.8074	35.8011	35.798	35.7921	35.7795	35.7802	35.7654	35.7453	35.7569	35.7434	35.7351	35.7403	35.7278	35.7177	35.7143	35.7071	35.7004	35.6956	35.6861	35.6781	35.6765	35.6637	35.6483	35.6514	35.6404	35.6333	35.6321	35.6196	35.6091	35.6161	35.5926	35.588	35.5815	35.5701	35.5616	35.5663	35.5555	35.5491	35.5516	35.5407	35.5168	35.5163	35.4998	35.4834	35.4974	35.4804	35.4706	35.4641	35.4552	35.4391	35.4433	35.4216	35.41	35.3988	35.389	35.3965	35.3775	35.3581	35.3477	35.3475
FGC2634_s_2_1_GTCCTGGATA-CGGTGGCGAA_FGC2634_s_2_2_GTCCTGGATA-CGGTGGCGAA	34.8516	34.9533	35.3477	35.5108	35.6742	35.8146	35.7126	35.8097	35.8082	35.9888	35.9521	35.9513	35.9794	36.0114	36.0228	36.0358	36.038	36.0627	36.0764	36.077	36.0748	36.0822	36.074	36.0687	35.9995	35.9798	35.9667	35.97	35.9534	35.952	35.9423	35.9358	35.9215	35.9284	35.9154	35.9075	35.9113	35.8989	35.8937	35.887	35.8702	35.8655	35.861	35.8532	35.8423	35.8458	35.8253	35.8011	35.8154	35.8101	35.803	35.8028	35.7953	35.7864	35.7701	35.7741	35.7704	35.757	35.7535	35.7485	35.7476	35.726	35.7162	35.7247	35.7106	35.6989	35.7108	35.6885	35.6773	35.6869	35.6632	35.6583	35.6487	35.6408	35.6398	35.6425	35.6309	35.6286	35.6245	35.6216	35.5996	35.602	35.5822	35.5719	35.5877	35.5637	35.5551	35.5402	35.5379	35.5187	35.5262	35.5022	35.485	35.483	35.4755	35.4834	35.4632	35.4415	35.4275	35.4205
FGC2634_s_2_1_GTCTAATGGC-AGTGGTCAGG_FGC2634_s_2_2_GTCTAATGGC-AGTGGTCAGG	34.8015	34.8914	35.2995	35.4586	35.6256	35.7624	35.6727	35.7805	35.7706	35.9529	35.9188	35.9204	35.9572	35.9728	36.0093	36.0298	36.0249	36.044	36.059	36.062	36.0613	36.0686	36.0589	36.0579	35.9827	35.9665	35.9545	35.9536	35.9408	35.9342	35.9313	35.9157	35.9097	35.9092	35.9008	35.8884	35.8898	35.8806	35.8703	35.8701	35.8515	35.8485	35.844	35.8368	35.8242	35.8248	35.8082	35.7894	35.7973	35.79	35.7791	35.7814	35.7712	35.7609	35.7544	35.7497	35.744	35.7336	35.7286	35.7216	35.7241	35.7028	35.6951	35.6996	35.6839	35.678	35.6791	35.6683	35.6542	35.6646	35.6378	35.6341	35.6325	35.6159	35.612	35.6154	35.6047	35.5972	35.596	35.5881	35.5662	35.5659	35.5511	35.5365	35.5452	35.5295	35.5214	35.512	35.5012	35.4872	35.4879	35.4663	35.4605	35.4482	35.4401	35.4416	35.4257	35.4044	35.3937	35.3937
FGC2634_s_2_1_GTGACACGCA-GCTTACGGAC_FGC2634_s_2_2_GTGACACGCA-GCTTACGGAC	34.4778	34.6195	34.8876	35.1924	35.3343	35.4106	35.3044	35.3891	35.3662	35.5241	35.4897	35.5012	35.5378	35.5631	35.5743	35.5948	35.5751	35.6082	35.6299	35.6263	35.6257	35.6327	35.6183	35.6084	35.5041	35.4818	35.4604	35.4683	35.4395	35.4405	35.4336	35.4175	35.4055	35.415	35.4044	35.3847	35.401	35.3843	35.3647	35.3717	35.3497	35.341	35.3423	35.3343	35.3147	35.3161	35.2961	35.2651	35.2898	35.2799	35.259	35.2656	35.2557	35.2424	35.2336	35.2323	35.2191	35.2087	35.2043	35.1896	35.2052	35.1732	35.1575	35.1672	35.1511	35.1432	35.1564	35.1341	35.1192	35.1342	35.0995	35.0969	35.0881	35.0699	35.0586	35.0667	35.0559	35.0534	35.0577	35.0463	35.0116	35.0102	34.9855	34.9632	34.981	34.9572	34.9398	34.9327	34.9169	34.8965	34.8931	34.8588	34.8479	34.8305	34.8183	34.8163	34.7902	34.7602	34.744	34.747
FGC2634_s_2_1_GTGCAGACAG-TACCATCCGT_FGC2634_s_2_2_GTGCAGACAG-TACCATCCGT	34.8063	34.9518	35.2585	35.425	35.5769	35.6863	35.5917	35.6707	35.6579	35.8275	35.7868	35.792	35.832	35.8565	35.8863	35.8911	35.8889	35.913	35.9277	35.9272	35.9295	35.9359	35.9207	35.9183	35.8297	35.8146	35.8006	35.7998	35.7837	35.7794	35.7744	35.7596	35.7495	35.7496	35.7399	35.7258	35.7327	35.722	35.7077	35.709	35.6909	35.6891	35.683	35.6749	35.6611	35.6591	35.64	35.6176	35.6294	35.6229	35.6179	35.6196	35.6067	35.5971	35.5886	35.5844	35.5721	35.5659	35.5593	35.5495	35.5569	35.5328	35.523	35.5296	35.5091	35.5005	35.505	35.492	35.4733	35.4903	35.4614	35.4569	35.4543	35.4386	35.4321	35.4384	35.4249	35.4187	35.4196	35.4147	35.3851	35.385	35.3689	35.3541	35.3704	35.3528	35.3413	35.3319	35.3208	35.3056	35.3093	35.2817	35.2744	35.2617	35.2586	35.2628	35.2438	35.2222	35.2061	35.206
FGC2634_s_2_1_TAAGCATCCA-TCAATCCATT_FGC2634_s_2_2_TAAGCATCCA-TCAATCCATT	34.8524	34.937	35.3454	35.504	35.6691	35.8027	35.7077	35.7989	35.7876	35.975	35.9317	35.9388	35.9757	35.9914	36.0191	36.0372	36.0301	36.0587	36.0714	36.0711	36.0705	36.0745	36.0653	36.0612	35.9867	35.9721	35.9571	35.9622	35.9424	35.9365	35.9338	35.9158	35.9103	35.915	35.8972	35.8895	35.8935	35.8761	35.8716	35.8714	35.8487	35.8458	35.8456	35.8354	35.8213	35.8172	35.7953	35.7157	35.7674	35.7822	35.7018	35.6994	35.743	35.6774	35.6693	35.6984	35.6816	35.6465	35.6417	35.6322	35.6676	35.612	35.6083	35.6335	35.5948	35.5847	35.6191	35.5893	35.5606	35.5851	35.5658	35.56	35.5346	35.5199	35.5228	35.5465	35.5547	35.5652	35.5714	35.5702	35.5463	35.5444	35.5283	35.5172	35.5329	35.5144	35.5069	35.4959	35.489	35.4764	35.474	35.449	35.4434	35.4369	35.4259	35.4321	35.4182	35.3964	35.386	35.3834
FGC2634_s_2_1_TAGCATAACC-GCTATGCGCA_FGC2634_s_2_2_TAGCATAACC-GCTATGCGCA	34.738	34.8382	35.2218	35.3712	35.5384	35.6834	35.5984	35.6822	35.6701	35.8489	35.8157	35.8311	35.8654	35.8938	35.9173	35.926	35.9297	35.9538	35.9709	35.973	35.9734	35.9817	35.9719	35.9684	35.8789	35.864	35.8534	35.8547	35.8362	35.8335	35.8296	35.8121	35.8033	35.8051	35.7947	35.782	35.7894	35.7786	35.7668	35.7674	35.7505	35.748	35.7453	35.7318	35.7185	35.7185	35.6997	35.6795	35.6963	35.6878	35.6804	35.684	35.6697	35.6595	35.653	35.6437	35.6386	35.6302	35.6265	35.6172	35.625	35.6028	35.5959	35.5995	35.5786	35.5707	35.572	35.5589	35.5455	35.5595	35.5336	35.5322	35.5273	35.5139	35.509	35.5106	35.4987	35.4908	35.4906	35.4855	35.4625	35.4642	35.4475	35.4341	35.4486	35.4296	35.4191	35.4121	35.397	35.3858	35.3862	35.3647	35.3602	35.35	35.3443	35.3456	35.3296	35.3062	35.2964	35.2948
FGC2634_s_2_1_TAGTTCGGTA-CCATGTGTAG_FGC2634_s_2_2_TAGTTCGGTA-CCATGTGTAG	34.7051	34.8141	35.2613	35.436	35.6231	35.7577	35.6697	35.767	35.7588	35.9402	35.9094	35.9112	35.9533	35.9729	35.9931	36.0169	36.0179	36.0428	36.0547	36.0571	36.0571	36.0617	36.0505	36.0508	35.975	35.9601	35.946	35.9468	35.9344	35.9297	35.927	35.9112	35.9038	35.9022	35.8864	35.8757	35.8745	35.8687	35.8605	35.8646	35.8492	35.84	35.8337	35.8261	35.808	35.8079	35.79	35.7711	35.782	35.7757	35.7715	35.7729	35.7629	35.7501	35.7395	35.732	35.7234	35.7143	35.7088	35.702	35.7078	35.6908	35.678	35.6854	35.6632	35.6557	35.6541	35.6372	35.6251	35.6375	35.6123	35.6131	35.6114	35.5961	35.5885	35.5883	35.5755	35.5655	35.5678	35.561	35.5403	35.5427	35.5265	35.5151	35.5239	35.5058	35.4926	35.4803	35.4688	35.4534	35.4552	35.4403	35.4344	35.4234	35.4179	35.4195	35.3947	35.3749	35.3583	35.3565
FGC2634_s_2_1_TATGCCTTAC-AGACACATTA_FGC2634_s_2_2_TATGCCTTAC-AGACACATTA	34.8433	34.936	35.3454	35.5084	35.685	35.8122	35.7222	35.8258	35.8097	35.9925	35.9434	35.9571	35.9871	36.0131	36.0378	36.049	36.0534	36.0775	36.0914	36.0919	36.0907	36.0984	36.0888	36.0859	36.014	35.9997	35.9849	35.9861	35.9684	35.9622	35.958	35.9439	35.9365	35.9355	35.928	35.914	35.917	35.906	35.8911	35.8909	35.8731	35.8661	35.8665	35.8554	35.8438	35.8425	35.8257	35.7995	35.8154	35.8047	35.7979	35.8047	35.7881	35.7806	35.7725	35.7666	35.756	35.7485	35.7443	35.7318	35.7326	35.7132	35.7011	35.7077	35.6917	35.6856	35.6841	35.6724	35.6538	35.6645	35.6321	35.6287	35.6225	35.6102	35.6063	35.6104	35.6004	35.5939	35.5936	35.5879	35.5619	35.5561	35.5403	35.5252	35.5367	35.5189	35.5105	35.4995	35.4886	35.4755	35.4723	35.4498	35.4433	35.4289	35.4228	35.4232	35.4067	35.3872	35.3736	35.3732
FGC2634_s_2_1_TATGTAGTCA-CGCACTAATG_FGC2634_s_2_2_TATGTAGTCA-CGCACTAATG	34.824	34.9262	35.3349	35.494	35.6696	35.8037	35.7163	35.818	35.8112	35.9854	35.945	35.9499	35.983	36.0049	36.0354	36.058	36.0531	36.0803	36.0926	36.0948	36.0949	36.0989	36.0902	36.0882	36.0194	36.0027	35.9918	35.9904	35.9764	35.9717	35.9678	35.9523	35.9447	35.9448	35.9326	35.9193	35.9224	35.9113	35.9028	35.904	35.8883	35.8817	35.8743	35.8653	35.8518	35.8524	35.834	35.8076	35.8224	35.8184	35.8052	35.804	35.8011	35.7815	35.7732	35.7739	35.7623	35.7518	35.744	35.737	35.7438	35.7203	35.7111	35.7188	35.697	35.6883	35.692	35.6757	35.6616	35.6756	35.6483	35.6485	35.6388	35.6243	35.6204	35.6256	35.6125	35.6067	35.6101	35.5997	35.5759	35.5743	35.5623	35.546	35.5577	35.5388	35.5273	35.5161	35.5032	35.4915	35.4929	35.47	35.463	35.4491	35.4423	35.4423	35.4241	35.4005	35.3871	35.3861
FGC2634_s_2_1_TATTGCGCTC-CTGTGTTAGG_FGC2634_s_2_2_TATTGCGCTC-CTGTGTTAGG	34.834	34.9281	35.3282	35.4838	35.6461	35.786	35.7021	35.7936	35.8014	35.9682	35.937	35.9373	35.9726	35.9919	36.0273	36.0448	36.0423	36.0633	36.0762	36.0766	36.0771	36.0833	36.0728	36.0704	35.9967	35.979	35.9658	35.9677	35.9535	35.9491	35.9458	35.9293	35.9203	35.9216	35.9081	35.8961	35.8993	35.8884	35.8779	35.8801	35.8621	35.8569	35.8515	35.8448	35.8292	35.8296	35.8118	35.7914	35.8028	35.7972	35.789	35.7913	35.7777	35.7706	35.7619	35.7543	35.7451	35.7352	35.7344	35.7227	35.7261	35.7082	35.6978	35.7033	35.6823	35.6735	35.6733	35.6581	35.6449	35.6579	35.6307	35.631	35.6264	35.6082	35.6033	35.6045	35.5917	35.5867	35.5838	35.5755	35.5556	35.5531	35.5405	35.5274	35.5369	35.517	35.5052	35.4943	35.481	35.4702	35.4715	35.4485	35.4397	35.4285	35.4221	35.4244	35.4023	35.379	35.3677	35.3631
FGC2634_s_2_1_TCAGAAGGCG-GGCCATCATA_FGC2634_s_2_2_TCAGAAGGCG-GGCCATCATA	34.7557	34.8669	35.253	35.407	35.5808	35.7218	35.63	35.7263	35.7108	35.8876	35.8474	35.8548	35.8954	35.9107	35.9436	35.953	35.9618	35.9833	35.9996	35.9977	36.0018	36.0115	36.0011	35.999	35.9159	35.9012	35.8888	35.8898	35.8705	35.8669	35.8618	35.8506	35.8421	35.8409	35.8348	35.8251	35.8294	35.8165	35.8057	35.8038	35.7881	35.7836	35.7802	35.7736	35.7633	35.7625	35.7469	35.7298	35.7414	35.7304	35.7224	35.727	35.7094	35.706	35.699	35.6971	35.688	35.6804	35.6759	35.666	35.6701	35.6503	35.639	35.6451	35.6321	35.6276	35.6284	35.6164	35.6057	35.6156	35.5893	35.5863	35.5835	35.5727	35.5661	35.5645	35.5565	35.5517	35.5501	35.5428	35.52	35.5197	35.5042	35.4903	35.5032	35.4869	35.4801	35.4744	35.4627	35.4478	35.4512	35.4286	35.4228	35.4112	35.4085	35.4091	35.3941	35.3756	35.3676	35.3669
FGC2634_s_2_1_TCATAGATTG-GATTAAGGTG_FGC2634_s_2_2_TCATAGATTG-GATTAAGGTG	34.7578	34.8584	35.2734	35.442	35.6181	35.7613	35.6788	35.7647	35.7642	35.9383	35.9031	35.9083	35.9553	35.9817	36.0021	36.0216	36.0171	36.0438	36.0543	36.0605	36.0597	36.0668	36.0572	36.0541	35.9788	35.9642	35.9513	35.9515	35.9388	35.9333	35.9295	35.9153	35.9056	35.9043	35.8952	35.884	35.8868	35.8777	35.8707	35.8722	35.8553	35.8491	35.8445	35.8369	35.8212	35.8207	35.8045	35.788	35.7972	35.7929	35.7878	35.7926	35.7771	35.7686	35.7595	35.7522	35.7469	35.7386	35.7363	35.7297	35.734	35.7144	35.707	35.7078	35.693	35.6822	35.6839	35.673	35.658	35.6737	35.6467	35.6487	35.6431	35.631	35.6238	35.6249	35.6109	35.6057	35.603	35.5985	35.5771	35.5803	35.5691	35.5556	35.5657	35.5453	35.5338	35.5232	35.5151	35.5038	35.5067	35.4894	35.4837	35.4743	35.4696	35.4744	35.4531	35.4318	35.4203	35.4179
FGC2634_s_2_1_TCCATTGCCG-GAATGCACGA_FGC2634_s_2_2_TCCATTGCCG-GAATGCACGA	34.8657	34.9656	35.3349	35.4922	35.6415	35.7724	35.6886	35.7664	35.7545	35.9358	35.9012	35.9064	35.9341	35.9613	35.9949	35.9985	35.988	36.0269	36.0406	36.0421	36.0426	36.0491	36.0369	36.0313	35.9576	35.9409	35.929	35.9347	35.9149	35.9118	35.9091	35.8901	35.8811	35.8794	35.8685	35.8557	35.863	35.8546	35.8377	35.8431	35.8251	35.8205	35.8186	35.8101	35.7916	35.7873	35.769	35.7125	35.7444	35.7593	35.7321	35.7302	35.7376	35.7017	35.6911	35.7068	35.6966	35.6749	35.6604	35.6551	35.6829	35.6321	35.631	35.657	35.6124	35.6029	35.6238	35.6069	35.5665	35.6016	35.5694	35.5647	35.5495	35.5356	35.5387	35.5527	35.5472	35.5444	35.5452	35.5401	35.518	35.5226	35.5069	35.4922	35.5047	35.4856	35.4695	35.4583	35.4444	35.4294	35.4331	35.4111	35.4025	35.3951	35.3848	35.3897	35.3648	35.3404	35.3262	35.3224
FGC2634_s_2_1_TCTCATGATA-AACACGTGGA_FGC2634_s_2_2_TCTCATGATA-AACACGTGGA	34.7852	34.8953	35.3208	35.4955	35.6897	35.8118	35.7324	35.8225	35.8251	35.9988	35.9648	35.9835	36.0123	36.0386	36.0659	36.0729	36.0564	36.1001	36.1078	36.1147	36.1137	36.1198	36.1082	36.1028	36.0402	36.0249	36.0131	36.0143	35.9964	35.9947	35.9908	35.9692	35.9664	35.962	35.9524	35.945	35.9451	35.9392	35.9264	35.9242	35.9111	35.9074	35.9026	35.8931	35.879	35.8779	35.8544	35.7864	35.8273	35.8502	35.836	35.8291	35.8278	35.807	35.7946	35.8037	35.7979	35.7824	35.7647	35.7588	35.7718	35.721	35.7265	35.7525	35.7071	35.7034	35.7223	35.7125	35.6599	35.6992	35.6459	35.6387	35.6136	35.6054	35.62	35.6412	35.6406	35.6409	35.6416	35.637	35.6162	35.6152	35.6024	35.59	35.5993	35.5832	35.5716	35.5601	35.55	35.5392	35.5374	35.5152	35.5059	35.4952	35.4902	35.4902	35.4707	35.4508	35.4356	35.4327
FGC2634_s_2_1_TCTGGTATCC-CGTTGCTTAC_FGC2634_s_2_2_TCTGGTATCC-CGTTGCTTAC	34.3919	34.6226	34.8717	35.1865	35.3375	35.4082	35.3195	35.3956	35.3808	35.5481	35.5132	35.5307	35.5469	35.5782	35.5905	35.6248	35.3573	35.624	35.6358	35.6419	35.642	35.6444	35.6345	35.6056	35.5267	35.5066	35.4867	35.5027	35.4642	35.4514	35.4546	35.4204	35.4165	35.4161	35.4134	35.3983	35.4168	35.4002	35.3787	35.3884	35.353	35.3603	35.3562	35.3207	35.3027	35.2918	35.2434	35.0158	35.1296	35.2975	35.2247	35.1631	35.2623	35.2	35.1187	35.1791	35.235	35.1554	35.0832	35.1023	35.1514	34.9689	35.0184	35.1613	34.9744	35.0131	35.0844	35.1177	34.9203	35.0187	34.908	34.87	34.8086	34.8117	34.8943	34.9819	35.0178	35.0443	35.0671	35.0681	35.0405	35.0519	35.0275	35.0065	35.0277	35.0128	34.9974	34.995	34.9838	34.9654	34.9747	34.9411	34.9251	34.9113	34.9042	34.9064	34.8838	34.8586	34.8421	34.8489
FGC2634_s_2_1_TGATGTAAGA-GTGCGTCCTT_FGC2634_s_2_2_TGATGTAAGA-GTGCGTCCTT	34.7604	34.8867	35.2941	35.4466	35.6279	35.759	35.6826	35.771	35.7743	35.9436	35.9093	35.9154	35.9492	35.9766	35.9995	36.013	36.011	36.0374	36.0503	36.0521	36.054	36.0604	36.0524	36.0493	35.9716	35.9586	35.9457	35.9463	35.9289	35.9249	35.9185	35.9047	35.8968	35.8985	35.892	35.8806	35.8841	35.8721	35.859	35.8584	35.8423	35.8381	35.837	35.8315	35.8178	35.819	35.8021	35.7744	35.7911	35.7837	35.763	35.7666	35.761	35.7463	35.7385	35.7396	35.7335	35.7215	35.7177	35.7053	35.7123	35.6905	35.6805	35.6841	35.6728	35.6656	35.6702	35.6555	35.643	35.6527	35.6262	35.6262	35.6199	35.6088	35.601	35.6037	35.5991	35.5947	35.5952	35.5885	35.5666	35.5649	35.5505	35.5353	35.5459	35.5334	35.5223	35.5127	35.5074	35.4918	35.4928	35.4694	35.4613	35.4485	35.4403	35.4451	35.4286	35.4108	35.3982	35.3949
FGC2634_s_2_1_TGATTATACG-GTCGATTACA_FGC2634_s_2_2_TGATTATACG-GTCGATTACA	34.8105	34.9186	35.2969	35.441	35.6116	35.7444	35.6678	35.7519	35.7444	35.9325	35.8828	35.8931	35.9292	35.9489	35.9781	35.9916	35.9943	36.02	36.0344	36.0353	36.0369	36.0439	36.0366	36.0312	35.9535	35.9381	35.9254	35.9277	35.9094	35.9041	35.9004	35.8857	35.8749	35.8773	35.8673	35.8579	35.8622	35.8518	35.8388	35.8382	35.8187	35.8139	35.8129	35.8051	35.791	35.7915	35.7754	35.7528	35.7652	35.7591	35.7422	35.7451	35.7362	35.7214	35.7153	35.7131	35.7061	35.6966	35.691	35.6814	35.6896	35.6658	35.6572	35.6615	35.6458	35.6358	35.6405	35.6248	35.611	35.6244	35.599	35.5962	35.5899	35.5753	35.5704	35.5736	35.5626	35.5581	35.5567	35.5531	35.5274	35.5265	35.5113	35.4952	35.5085	35.4892	35.4812	35.4709	35.4634	35.4461	35.4475	35.4277	35.4142	35.4051	35.3964	35.3976	35.3806	35.359	35.3478	35.3457
FGC2634_s_2_1_TGGTACCTAA-CATGAGTACT_FGC2634_s_2_2_TGGTACCTAA-CATGAGTACT	34.8288	34.936	35.3259	35.4923	35.6727	35.7881	35.7096	35.796	35.7941	35.9773	35.9218	35.9443	35.9738	35.9906	36.0199	36.0349	36.0239	36.0598	36.0734	36.0732	36.072	36.0778	36.0693	36.0641	35.9906	35.9776	35.9632	35.9632	35.9473	35.9402	35.9378	35.9207	35.9123	35.9133	35.9019	35.8892	35.8908	35.881	35.8683	35.8692	35.8516	35.8449	35.8419	35.8315	35.8178	35.8163	35.7968	35.7415	35.7709	35.7832	35.7279	35.7275	35.7504	35.7059	35.6966	35.7098	35.698	35.6742	35.6683	35.6557	35.6819	35.6408	35.6285	35.6459	35.6161	35.6066	35.6243	35.6025	35.5791	35.596	35.5754	35.5706	35.5543	35.5378	35.5316	35.5486	35.5493	35.5491	35.5522	35.5478	35.5226	35.5214	35.5061	35.4892	35.4996	35.4807	35.4679	35.4601	35.4437	35.4309	35.4287	35.4063	35.3961	35.3828	35.3728	35.3694	35.3534	35.3261	35.3136	35.3098
FGC2634_s_2_1_TGTAATCGAC-GATCACCGCG_FGC2634_s_2_2_TGTAATCGAC-GATCACCGCG	34.7638	34.8854	35.2501	35.4163	35.5845	35.6984	35.612	35.6879	35.6822	35.8641	35.8112	35.8187	35.8576	35.8867	35.907	35.9251	35.8946	35.9419	35.9558	35.9609	35.9563	35.9564	35.9475	35.9407	35.8531	35.8357	35.8183	35.8223	35.8057	35.8026	35.7928	35.7827	35.771	35.7737	35.7559	35.7453	35.7461	35.7396	35.7332	35.7255	35.715	35.7054	35.6982	35.686	35.6688	35.6685	35.644	35.5748	35.6101	35.6345	35.6246	35.6239	35.6175	35.6067	35.5863	35.5861	35.5786	35.5636	35.5587	35.548	35.5486	35.5207	35.5109	35.5308	35.498	35.4865	35.4927	35.4811	35.4503	35.4649	35.4183	35.4082	35.3879	35.3791	35.39	35.4089	35.4006	35.3982	35.3949	35.3953	35.3681	35.3726	35.3582	35.3394	35.3526	35.3311	35.3134	35.2953	35.2874	35.268	35.2717	35.2495	35.2353	35.2275	35.218	35.2174	35.1936	35.1647	35.1456	35.1381
FGC2634_s_2_1_TGTCGCTGGT-TCGTCTGACT_FGC2634_s_2_2_TGTCGCTGGT-TCGTCTGACT	34.8068	34.9134	35.3216	35.4814	35.659	35.8001	35.7178	35.8111	35.8122	35.9816	35.9472	35.9555	35.9958	36.0138	36.0428	36.0579	36.0542	36.0801	36.0914	36.0938	36.0941	36.101	36.0908	36.0872	36.0191	36.006	35.9932	35.9927	35.9761	35.9698	35.9673	35.9496	35.9423	35.9449	35.933	35.9249	35.928	35.917	35.9056	35.9015	35.8818	35.8827	35.8796	35.8698	35.8524	35.857	35.8345	35.8035	35.82	35.8225	35.808	35.8076	35.8009	35.787	35.7767	35.7791	35.7749	35.7621	35.7526	35.7427	35.7509	35.7223	35.7162	35.7308	35.7004	35.6967	35.7041	35.6926	35.6679	35.6865	35.6529	35.6498	35.6368	35.63	35.63	35.6388	35.6284	35.6232	35.6247	35.6187	35.5966	35.5946	35.5815	35.5658	35.5778	35.5628	35.5545	35.5428	35.5361	35.5225	35.524	35.5033	35.497	35.4824	35.4784	35.484	35.4663	35.4452	35.4389	35.4342
FGC2634_s_2_1_TTCACGAGAC-AGATTGTTAC_FGC2634_s_2_2_TTCACGAGAC-AGATTGTTAC	34.6616	34.797	35.0878	35.3155	35.468	35.5413	35.4424	35.5337	35.5137	35.6661	35.6363	35.6524	35.6719	35.6922	35.7116	35.7319	35.7145	35.7487	35.7654	35.7624	35.763	35.7719	35.7567	35.7488	35.6422	35.6288	35.6123	35.617	35.5914	35.5877	35.5834	35.5643	35.5575	35.5575	35.5522	35.5365	35.5454	35.5289	35.5134	35.5131	35.4962	35.4891	35.4946	35.4781	35.4673	35.4657	35.4479	35.406	35.4338	35.4313	35.4268	35.4283	35.4143	35.4079	35.3942	35.3886	35.385	35.3733	35.3666	35.3561	35.3607	35.3355	35.3237	35.3327	35.3117	35.3082	35.3079	35.2963	35.2757	35.2919	35.2484	35.2456	35.2353	35.2215	35.2196	35.2313	35.2229	35.2165	35.2231	35.2144	35.1864	35.1878	35.1705	35.1515	35.1649	35.1487	35.1353	35.1263	35.1142	35.1024	35.1031	35.0801	35.0704	35.0556	35.0481	35.0507	35.0305	35.0069	34.9926	34.9953
FGC2634_s_2_1_TTCTACATAC-CTAACTGTAA_FGC2634_s_2_2_TTCTACATAC-CTAACTGTAA	34.8763	34.9604	35.3416	35.5015	35.6595	35.808	35.7192	35.8023	35.7943	35.975	35.9414	35.9481	35.9908	36.0091	36.0292	36.044	36.0493	36.0753	36.0887	36.0887	36.0911	36.0969	36.0872	36.0837	36.0126	36.0006	35.9883	35.9918	35.9743	35.97	35.9679	35.9489	35.9387	35.941	35.9336	35.924	35.9274	35.9185	35.9076	35.9098	35.8918	35.8866	35.8846	35.8763	35.8596	35.8618	35.8446	35.8237	35.8406	35.833	35.8263	35.8347	35.815	35.8082	35.8012	35.7916	35.7864	35.7817	35.776	35.7682	35.7721	35.7532	35.7459	35.7456	35.7308	35.7229	35.7241	35.7122	35.6973	35.71	35.6813	35.6783	35.6739	35.66	35.6561	35.6588	35.6461	35.641	35.6375	35.6323	35.6109	35.6119	35.5979	35.5839	35.5948	35.5755	35.5685	35.5568	35.5454	35.5319	35.5354	35.5138	35.5059	35.4993	35.4889	35.4929	35.4738	35.4509	35.4415	35.4383
FGC2634_s_2_1_TTGGAATTCC-ACGTCAATAC_FGC2634_s_2_2_TTGGAATTCC-ACGTCAATAC	34.5038	34.6961	34.9538	35.2598	35.401	35.4637	35.343	35.4442	35.4346	35.5881	35.5579	35.5468	35.5732	35.6005	35.6192	35.6448	35.6218	35.6588	35.6794	35.6749	35.6732	35.6842	35.667	35.6556	35.5579	35.5374	35.5171	35.5267	35.4962	35.4955	35.4846	35.4773	35.4583	35.4655	35.4589	35.4398	35.4536	35.4355	35.4188	35.4184	35.3979	35.395	35.3987	35.3849	35.3721	35.3712	35.3494	35.3174	35.3442	35.3302	35.3231	35.3238	35.3124	35.3029	35.2935	35.2926	35.2813	35.2764	35.2632	35.2518	35.2618	35.2305	35.2147	35.2321	35.2086	35.2013	35.2138	35.1932	35.1708	35.1917	35.151	35.1418	35.1336	35.1197	35.1179	35.1264	35.1141	35.111	35.1142	35.1018	35.0704	35.0728	35.0474	35.0236	35.0448	35.0248	35.0098	34.9994	34.9872	34.9696	34.9741	34.9398	34.9233	34.9127	34.9002	34.9031	34.8803	34.8532	34.8328	34.8322
FGC2639_s_1_1_AACATCGCGC-GTCCACTTGT_FGC2639_s_1_2_AACATCGCGC-GTCCACTTGT	36.2524	36.2055	36.3435	36.3366	36.3513	36.3459	36.299	36.3581	36.3376	36.3737	36.4203	36.4071	36.4123	36.4071	36.4165	36.4219	36.3782	36.4138	36.4025	36.4031	36.3968	36.3887	36.3719	36.3738	36.3321	36.3207	36.3035	36.3057	36.2895	36.2836	36.2813	36.2669	36.2537	36.2646	36.245	36.2446	36.2453	36.2258	36.2138	36.2182	36.1955	36.1949	36.1959	36.1884	36.1736	36.1748	36.1611	36.1264	36.15	36.1452	36.1298	36.1291	36.1234	36.1184	36.1065	36.0977	36.0922	36.0793	36.0675	36.0634	36.0669	36.0471	36.0456	36.0529	36.0114	36.0088	36.0195	36.0169	35.9969	36.0093	35.9785	35.975	35.9725	35.953	35.9536	35.964	35.9459	35.9476	35.9367	35.9258	35.9126	35.9168	35.9004	35.895	35.9	35.8702	35.8693	35.8729	35.8467	35.8337	35.8199	35.8083	35.8084	35.8116	35.7973	35.7972	35.7604	35.7429	35.7226	35.7235
FGC2639_s_1_1_AACCATAGAA-GGCGAGATGG_FGC2639_s_1_2_AACCATAGAA-GGCGAGATGG	36.3497	36.3121	36.424	36.4264	36.4362	36.4365	36.3925	36.4398	36.4241	36.4606	36.4921	36.4821	36.4845	36.4847	36.4872	36.5016	36.4498	36.4873	36.4757	36.4789	36.4742	36.4666	36.451	36.4565	36.4172	36.4083	36.3916	36.3925	36.3804	36.3727	36.3707	36.3563	36.3416	36.358	36.3374	36.3387	36.3355	36.3175	36.3098	36.3111	36.2921	36.2839	36.2893	36.2907	36.2707	36.272	36.26	36.2106	36.2144	36.2345	36.213	36.1921	36.2085	36.1759	36.1751	36.1906	36.1867	36.159	36.1338	36.1348	36.1543	36.1129	36.1141	36.1437	36.081	36.0835	36.1119	36.1096	36.0686	36.0966	36.0637	36.0512	36.0454	36.0275	36.0338	36.0524	36.0512	36.0554	36.0486	36.0316	36.0197	36.0288	36.0069	36.0011	36.009	35.9783	35.9799	35.9875	35.9697	35.9568	35.9383	35.9271	35.929	35.9313	35.917	35.9128	35.8829	35.8695	35.858	35.8572
FGC2639_s_1_1_ACAGTGTATG-GAACATACGG_FGC2639_s_1_2_ACAGTGTATG-GAACATACGG	36.3745	36.339	36.4521	36.4526	36.4622	36.4582	36.4126	36.462	36.4421	36.4845	36.5116	36.4965	36.504	36.5032	36.5087	36.5188	36.4865	36.5076	36.497	36.4935	36.4919	36.4823	36.4683	36.4681	36.4368	36.4275	36.4094	36.41	36.3971	36.3913	36.3908	36.3736	36.361	36.3724	36.3512	36.3533	36.3516	36.3336	36.3201	36.3271	36.3033	36.3018	36.3002	36.2971	36.2804	36.2848	36.2726	36.2432	36.2624	36.2469	36.2353	36.2324	36.2283	36.2232	36.2127	36.208	36.201	36.1897	36.1728	36.1648	36.1679	36.1542	36.1486	36.1548	36.1189	36.1156	36.132	36.1231	36.103	36.1156	36.0875	36.0782	36.0782	36.0614	36.0589	36.0634	36.0525	36.0479	36.0391	36.0308	36.0155	36.022	36.0041	35.9999	36.0045	35.9728	35.972	35.9731	35.9547	35.939	35.9211	35.9154	35.9144	35.9212	35.9045	35.8973	35.8685	35.8517	35.8387	35.8369
FGC2639_s_1_1_ACATATCCAG-TATGTGCAAT_FGC2639_s_1_2_ACATATCCAG-TATGTGCAAT	36.1263	36.0296	36.2117	36.2383	36.2374	36.2395	36.1719	36.2459	36.226	36.2666	36.3305	36.3162	36.3206	36.3111	36.3184	36.3336	36.296	36.3255	36.3112	36.3102	36.3078	36.3015	36.2804	36.2847	36.2411	36.2228	36.2027	36.2093	36.1855	36.1792	36.1828	36.1664	36.1477	36.1657	36.1425	36.1445	36.1426	36.1188	36.1108	36.1158	36.0887	36.0829	36.0901	36.0825	36.0642	36.072	36.0583	36.045	36.0554	36.0324	36.0182	36.0274	36.0082	36.0141	36.0082	35.9919	35.984	35.9792	35.9629	35.9599	35.9581	35.9499	35.9441	35.9414	35.9058	35.9053	35.9214	35.9078	35.9013	35.9108	35.8777	35.8776	35.8826	35.8588	35.8447	35.852	35.8312	35.8311	35.8197	35.8063	35.7916	35.8016	35.7755	35.7658	35.783	35.7395	35.7442	35.7534	35.7263	35.7117	35.7012	35.6849	35.6878	35.6962	35.6714	35.6739	35.638	35.6195	35.6022	35.6071
FGC2639_s_1_1_ACCACGACAT-TCGTATGCGG_FGC2639_s_1_2_ACCACGACAT-TCGTATGCGG	36.3843	36.3428	36.448	36.4469	36.4524	36.46	36.408	36.4562	36.4426	36.4786	36.5097	36.4962	36.5067	36.5017	36.5045	36.5153	36.4849	36.5046	36.4953	36.4935	36.4916	36.4849	36.4694	36.4705	36.4383	36.4246	36.4096	36.4146	36.3973	36.395	36.3946	36.3781	36.3654	36.3784	36.3582	36.3558	36.3595	36.3431	36.3359	36.3391	36.3178	36.3167	36.3142	36.3061	36.293	36.2956	36.2828	36.2564	36.2762	36.2637	36.2571	36.2616	36.2432	36.2443	36.2406	36.2234	36.2186	36.2131	36.2008	36.1968	36.1968	36.1848	36.1802	36.1842	36.1551	36.148	36.1546	36.1554	36.1365	36.1474	36.1164	36.1108	36.1126	36.0978	36.0983	36.1035	36.0876	36.0899	36.0791	36.0694	36.0575	36.0671	36.0503	36.0446	36.052	36.0249	36.0242	36.0268	36.0095	35.9965	35.9917	35.9748	35.9775	35.9835	35.9691	35.9669	35.9419	35.9249	35.9134	35.9153
FGC2639_s_1_1_ACCGGCCGTA-TGGCAATATT_FGC2639_s_1_2_ACCGGCCGTA-TGGCAATATT	36.4182	36.3943	36.4855	36.4852	36.4884	36.488	36.4431	36.4868	36.4692	36.5062	36.5346	36.5195	36.528	36.5228	36.5268	36.536	36.5024	36.5281	36.5171	36.5166	36.5131	36.5069	36.494	36.494	36.4615	36.4496	36.4365	36.4347	36.4207	36.4138	36.4155	36.3984	36.3846	36.3965	36.3788	36.3799	36.3803	36.3605	36.3518	36.3543	36.3341	36.3297	36.3303	36.3203	36.309	36.3099	36.298	36.255	36.2848	36.2793	36.2552	36.2468	36.2535	36.2375	36.2268	36.2333	36.2286	36.2073	36.1902	36.1843	36.1983	36.1678	36.1652	36.1853	36.1369	36.1343	36.1581	36.1555	36.1199	36.1433	36.1128	36.1036	36.0973	36.0826	36.0843	36.1001	36.0913	36.0918	36.0848	36.0765	36.0637	36.0652	36.0487	36.046	36.0522	36.0242	36.027	36.0269	36.0102	35.9977	35.9866	35.9758	35.9784	35.979	35.9642	35.9604	35.9385	35.923	35.9126	35.9139
FGC2639_s_1_1_ACCGTTACAA-CTCATAGCGA_FGC2639_s_1_2_ACCGTTACAA-CTCATAGCGA	36.4061	36.3663	36.4729	36.4724	36.4794	36.4788	36.4328	36.4821	36.4643	36.5027	36.5339	36.5178	36.5291	36.522	36.5283	36.5356	36.5059	36.5262	36.5174	36.5138	36.5112	36.5042	36.4912	36.4923	36.463	36.4495	36.4371	36.4365	36.4233	36.4203	36.4165	36.4062	36.391	36.4036	36.3826	36.3854	36.386	36.369	36.3595	36.3617	36.3416	36.34	36.342	36.3337	36.3231	36.3215	36.3064	36.2865	36.303	36.2939	36.2708	36.269	36.2722	36.2623	36.2517	36.252	36.2435	36.2292	36.2175	36.2154	36.2231	36.2076	36.2052	36.2079	36.1781	36.1736	36.1913	36.176	36.1664	36.175	36.1533	36.1514	36.1496	36.1331	36.1331	36.1373	36.122	36.1205	36.1183	36.1032	36.0938	36.0996	36.0814	36.0794	36.086	36.0541	36.0571	36.0589	36.042	36.027	36.0223	36.0073	36.0105	36.0194	36.0018	35.9995	35.9756	35.9576	35.9459	35.9477
FGC2639_s_1_1_ACGCCTTGTT-TAAGGAACGT_FGC2639_s_1_2_ACGCCTTGTT-TAAGGAACGT	36.374	36.3366	36.4494	36.4525	36.4518	36.4524	36.4068	36.4532	36.4353	36.476	36.5098	36.4925	36.5031	36.4984	36.5037	36.5122	36.469	36.5036	36.4921	36.49	36.4849	36.4791	36.4641	36.4632	36.4335	36.4206	36.4054	36.4051	36.391	36.3851	36.3852	36.3676	36.3519	36.3666	36.3444	36.3473	36.3467	36.3268	36.3109	36.3179	36.2972	36.295	36.2921	36.2897	36.2707	36.2737	36.2602	36.212	36.2435	36.2409	36.2274	36.2259	36.2225	36.218	36.2119	36.1988	36.1935	36.1795	36.1647	36.1576	36.1634	36.136	36.1369	36.1523	36.1054	36.1012	36.1193	36.118	36.0814	36.1033	36.0593	36.0531	36.0448	36.0325	36.0388	36.0519	36.0404	36.0385	36.0328	36.0255	36.0095	36.017	35.9964	35.9901	35.9962	35.9702	35.9708	35.9716	35.947	35.9361	35.9223	35.9091	35.9151	35.9167	35.9037	35.8994	35.8711	35.8487	35.8344	35.8378
FGC2639_s_1_1_ACGGTCAGGA-CGGCCTCGTT_FGC2639_s_1_2_ACGGTCAGGA-CGGCCTCGTT	36.3616	36.3357	36.4459	36.4486	36.4621	36.4617	36.4149	36.4712	36.4526	36.4874	36.5233	36.5066	36.5147	36.5097	36.511	36.5215	36.4911	36.5132	36.5031	36.5042	36.5006	36.4928	36.4768	36.4773	36.448	36.4358	36.4215	36.4209	36.4079	36.4009	36.4033	36.3857	36.3738	36.3857	36.3659	36.3697	36.3691	36.3487	36.3387	36.344	36.3211	36.3185	36.3196	36.3145	36.2953	36.305	36.2937	36.2702	36.2827	36.2711	36.2456	36.2501	36.2458	36.2365	36.2313	36.2192	36.2186	36.2072	36.1972	36.1866	36.1941	36.181	36.1783	36.1793	36.1496	36.1467	36.1555	36.1517	36.1407	36.1465	36.125	36.1202	36.1233	36.1042	36.0958	36.1022	36.0902	36.0923	36.0856	36.0737	36.0599	36.0675	36.0481	36.0441	36.0526	36.0246	36.0257	36.0299	36.015	35.9997	35.9925	35.98	35.9771	35.9856	35.9707	35.9698	35.9418	35.9252	35.9143	35.9164
FGC2639_s_1_1_ACTCGGCAAT-GACAACTGAA_FGC2639_s_1_2_ACTCGGCAAT-GACAACTGAA	36.4472	36.4195	36.5114	36.5115	36.5197	36.5153	36.4832	36.5163	36.4992	36.5347	36.5613	36.5512	36.5555	36.5527	36.5526	36.5624	36.5393	36.5534	36.5469	36.544	36.5392	36.533	36.5182	36.5158	36.4872	36.4775	36.4623	36.4597	36.4455	36.4429	36.4381	36.4253	36.4143	36.4246	36.4025	36.4034	36.4002	36.3828	36.3724	36.3745	36.3557	36.3505	36.3472	36.3449	36.3319	36.3304	36.3178	36.2767	36.3045	36.296	36.2839	36.2828	36.2734	36.2729	36.2619	36.2532	36.2453	36.2386	36.2222	36.2132	36.2109	36.2007	36.1924	36.2017	36.1659	36.1625	36.1702	36.1671	36.1465	36.1532	36.1171	36.1117	36.1114	36.0961	36.0995	36.1058	36.0968	36.0945	36.0877	36.0757	36.064	36.0681	36.0514	36.0425	36.0459	36.0223	36.0227	36.0285	36.0073	35.9936	35.9855	35.9776	35.975	35.9744	35.9673	35.9584	35.9343	35.9208	35.9107	35.9094
FGC2639_s_1_1_ACTCTATTGT-ATCGCATATG_FGC2639_s_1_2_ACTCTATTGT-ATCGCATATG	36.4418	36.4092	36.5005	36.503	36.5053	36.5041	36.4573	36.4994	36.4854	36.524	36.5522	36.533	36.546	36.5393	36.5434	36.5555	36.5269	36.5448	36.5352	36.5344	36.5293	36.521	36.5077	36.5057	36.4788	36.4686	36.4537	36.4523	36.4386	36.4339	36.4354	36.4166	36.4026	36.4122	36.3921	36.3939	36.39	36.3767	36.367	36.3712	36.3503	36.3484	36.3451	36.3398	36.323	36.3272	36.3114	36.2826	36.3029	36.2911	36.2841	36.2822	36.2726	36.2667	36.2635	36.2499	36.2408	36.2339	36.2196	36.2158	36.2183	36.2061	36.1984	36.2032	36.1674	36.1604	36.1709	36.1656	36.1448	36.1593	36.1276	36.1237	36.1205	36.1063	36.1046	36.1079	36.094	36.0854	36.0843	36.0713	36.0566	36.0697	36.0513	36.0436	36.0469	36.022	36.0149	36.0165	35.9969	35.9845	35.9761	35.9657	35.9638	35.9695	35.9551	35.9495	35.922	35.9011	35.8864	35.8891
FGC2639_s_1_1_ACTGGATCTA-TCGCCGCTAG_FGC2639_s_1_2_ACTGGATCTA-TCGCCGCTAG	36.3236	36.3138	36.4313	36.4362	36.462	36.4538	36.4113	36.4617	36.4496	36.482	36.5152	36.5024	36.5045	36.5008	36.5023	36.5147	36.4593	36.5064	36.494	36.494	36.4887	36.4825	36.4655	36.4656	36.4316	36.422	36.4037	36.4061	36.3938	36.3856	36.3839	36.3671	36.3578	36.3637	36.3417	36.3484	36.3391	36.327	36.3184	36.3199	36.3013	36.2958	36.2942	36.2862	36.2728	36.2736	36.2564	36.1908	36.2331	36.2424	36.1917	36.1716	36.2146	36.1645	36.1493	36.1846	36.1674	36.134	36.1103	36.11	36.1411	36.0972	36.093	36.1259	36.0582	36.0541	36.0913	36.0815	36.044	36.0716	36.0448	36.0364	36.0232	36.0104	36.0121	36.0323	36.0311	36.036	36.0282	36.0261	36.013	36.0186	36.0067	35.9976	36.0022	35.9748	35.9718	35.9702	35.9504	35.9393	35.9274	35.9199	35.9224	35.9215	35.9103	35.903	35.8753	35.855	35.8391	35.8377
FGC2639_s_1_1_ACTTCAAGCG-GAACCATGAA_FGC2639_s_1_2_ACTTCAAGCG-GAACCATGAA	36.3966	36.3671	36.4724	36.4804	36.4828	36.4812	36.4361	36.4804	36.4588	36.4972	36.53	36.5156	36.5244	36.5199	36.5195	36.5307	36.5083	36.5243	36.5163	36.5121	36.5093	36.5051	36.4903	36.4895	36.4603	36.447	36.4343	36.4313	36.4198	36.4127	36.4131	36.401	36.3891	36.399	36.3788	36.3796	36.3791	36.3614	36.3495	36.3542	36.3392	36.3283	36.3318	36.3268	36.3121	36.3181	36.3038	36.2917	36.3013	36.2832	36.2738	36.2716	36.2658	36.2642	36.2585	36.2492	36.2393	36.2291	36.2212	36.2174	36.2138	36.2105	36.2024	36.1989	36.1735	36.173	36.1817	36.1705	36.1643	36.1688	36.1482	36.1437	36.1451	36.1274	36.1186	36.1201	36.1063	36.105	36.0982	36.0813	36.0771	36.0821	36.064	36.0548	36.0627	36.0331	36.0356	36.0426	36.0226	36.0131	36.0046	35.993	35.9974	36.0002	35.9835	35.9833	35.9591	35.9443	35.9316	35.9347
FGC2639_s_1_1_AGAGGCAACC-CTAATGATGG_FGC2639_s_1_2_AGAGGCAACC-CTAATGATGG	36.4553	36.4066	36.4871	36.4948	36.5217	36.4766	36.4212	36.4727	36.4643	36.5133	36.512	36.502	36.5122	36.5132	36.505	36.4897	36.4365	36.5083	36.496	36.5076	36.487	36.485	36.4684	36.4706	36.4311	36.4104	36.4304	36.4266	36.4446	36.4203	36.4263	36.4099	36.4068	36.4167	36.3957	36.4149	36.402	36.3961	36.3834	36.4081	36.3858	36.375	36.3737	36.3689	36.3702	36.3624	36.3614	36.0527	36.2523	36.3718	36.2478	36.1477	36.3518	36.2436	36.1488	36.3137	36.3325	36.1758	36.1424	36.1246	36.2377	36.0603	36.0974	36.2927	36.0415	36.0436	36.1756	36.2598	35.9987	36.1404	36.0201	35.9998	35.9771	35.9957	36.0788	36.1912	36.241	36.2608	36.2723	36.2738	36.2678	36.2642	36.2606	36.275	36.2887	36.2508	36.2759	36.281	36.2721	36.2627	36.2454	36.2493	36.2532	36.2434	36.2545	36.2542	36.2298	36.1851	36.2006	36.1916
FGC2639_s_1_1_AGGTCAGATA-CTACAAGATA_FGC2639_s_1_2_AGGTCAGATA-CTACAAGATA	36.4173	36.4111	36.5166	36.5132	36.5268	36.5313	36.4836	36.5289	36.5107	36.548	36.5772	36.5652	36.5712	36.5649	36.5677	36.5767	36.5505	36.5715	36.5606	36.5595	36.5586	36.5515	36.5376	36.5369	36.5093	36.4979	36.4872	36.4873	36.4741	36.4697	36.4662	36.4518	36.4401	36.4505	36.4307	36.4341	36.4306	36.4126	36.4063	36.4083	36.3882	36.3894	36.3832	36.3805	36.3666	36.3692	36.3532	36.3049	36.3345	36.3351	36.3198	36.3066	36.3142	36.3067	36.2912	36.2943	36.2922	36.2729	36.2545	36.2466	36.2575	36.2255	36.2273	36.2478	36.1962	36.1951	36.2174	36.2202	36.1769	36.1985	36.1619	36.1547	36.1501	36.1342	36.1459	36.1613	36.1531	36.1552	36.1465	36.1392	36.1309	36.1317	36.119	36.1132	36.1165	36.0926	36.0917	36.0924	36.0747	36.0646	36.0531	36.0452	36.0463	36.0479	36.0354	36.0338	36.0079	35.9945	35.9817	35.9832
FGC2639_s_1_1_AGTCAGACGA-ACCAGCGACA_FGC2639_s_1_2_AGTCAGACGA-ACCAGCGACA	36.4355	36.3853	36.5017	36.4975	36.5058	36.5163	36.4565	36.5058	36.4886	36.5284	36.5605	36.5446	36.5561	36.5448	36.5488	36.5589	36.5337	36.5529	36.5403	36.5418	36.5374	36.534	36.5169	36.5149	36.4894	36.4763	36.4666	36.4633	36.4479	36.4441	36.4415	36.4256	36.4144	36.4277	36.4072	36.4075	36.406	36.3929	36.3827	36.3871	36.3653	36.362	36.3603	36.3558	36.339	36.3457	36.3295	36.3005	36.3179	36.3124	36.2798	36.2747	36.2791	36.2636	36.2577	36.2505	36.2407	36.2336	36.2212	36.2182	36.218	36.2083	36.1994	36.2067	36.1771	36.1688	36.1803	36.1763	36.1649	36.1686	36.1501	36.1457	36.143	36.1253	36.1186	36.1276	36.1199	36.1258	36.1203	36.1089	36.0984	36.1009	36.0884	36.0766	36.088	36.0573	36.0632	36.0666	36.0474	36.0381	36.0282	36.0152	36.0174	36.0172	36.0079	36.0005	35.9829	35.9643	35.9522	35.9546
FGC2639_s_1_1_AGTGTTGCAC-CTGGTACACG_FGC2639_s_1_2_AGTGTTGCAC-CTGGTACACG	36.4486	36.3888	36.4829	36.4899	36.4827	36.4829	36.4403	36.4796	36.4693	36.5105	36.5338	36.5181	36.5286	36.5193	36.5222	36.5376	36.5039	36.5269	36.5193	36.5161	36.5087	36.5041	36.4882	36.4853	36.4589	36.4456	36.4317	36.4352	36.4184	36.4104	36.4134	36.3934	36.3821	36.3931	36.3704	36.3718	36.3735	36.3589	36.3467	36.348	36.3325	36.3258	36.3245	36.3181	36.3019	36.3043	36.2898	36.2359	36.271	36.2746	36.2607	36.2587	36.2481	36.2456	36.2393	36.224	36.2214	36.2114	36.1959	36.1883	36.1927	36.1723	36.1663	36.1806	36.1361	36.1328	36.1461	36.1482	36.1133	36.1317	36.0919	36.0825	36.0771	36.0637	36.0708	36.0832	36.0775	36.0753	36.0712	36.0587	36.0426	36.0538	36.0347	36.0278	36.0357	36.008	36.0087	36.0082	35.9907	35.9781	35.973	35.9604	35.9594	35.9637	35.9522	35.9493	35.9302	35.9106	35.8974	35.8984
FGC2639_s_1_1_ATGGTTGACT-GGCCTGTCCT_FGC2639_s_1_2_ATGGTTGACT-GGCCTGTCCT	36.2681	36.2015	36.3405	36.3481	36.3482	36.3479	36.2976	36.3609	36.3356	36.3736	36.4223	36.4062	36.4145	36.4083	36.414	36.4237	36.3893	36.4116	36.403	36.4025	36.3996	36.3913	36.3726	36.374	36.3346	36.3229	36.3043	36.3082	36.2874	36.2822	36.2822	36.2619	36.2447	36.2662	36.2422	36.2411	36.2449	36.2245	36.2093	36.2159	36.1917	36.1837	36.19	36.1828	36.1659	36.171	36.1616	36.144	36.1594	36.1383	36.1245	36.1274	36.1145	36.1188	36.1105	36.0992	36.0873	36.0858	36.0686	36.0655	36.0674	36.0553	36.0467	36.0483	36.0164	36.015	36.0264	36.0164	36.0072	36.0165	35.9875	35.98	35.9843	35.9626	35.9529	35.9574	35.9438	35.943	35.9312	35.9214	35.9064	35.9138	35.8882	35.884	35.8902	35.8559	35.8578	35.8683	35.8411	35.8286	35.8184	35.8047	35.8056	35.8083	35.7885	35.7844	35.7532	35.7313	35.7214	35.7248
FGC2639_s_1_1_ATTCCATAAG-TGCCTGGTGG_FGC2639_s_1_2_ATTCCATAAG-TGCCTGGTGG	36.3721	36.3371	36.4559	36.4537	36.4671	36.4697	36.4227	36.474	36.4555	36.4883	36.5205	36.5091	36.5175	36.507	36.5127	36.5204	36.4863	36.5119	36.5011	36.5014	36.4979	36.4903	36.4748	36.473	36.4387	36.4247	36.4111	36.4098	36.3961	36.3927	36.3906	36.3741	36.3654	36.375	36.353	36.3545	36.3516	36.3329	36.3248	36.3277	36.3079	36.3019	36.3071	36.2979	36.2865	36.2862	36.2718	36.2408	36.2479	36.2464	36.235	36.2308	36.2278	36.2297	36.2194	36.2108	36.204	36.1899	36.172	36.1638	36.1632	36.1509	36.1483	36.1592	36.1228	36.1218	36.1298	36.1237	36.1012	36.1087	36.0771	36.0713	36.0688	36.0561	36.0594	36.0672	36.0551	36.0517	36.0433	36.0225	36.0152	36.0137	35.9972	35.9923	35.9987	35.9698	35.976	35.9744	35.9518	35.9386	35.9239	35.9092	35.9063	35.9099	35.9002	35.8976	35.8734	35.8528	35.8423	35.8402
FGC2639_s_1_1_CAATCGGCTG-GCTGTAGGAA_FGC2639_s_1_2_CAATCGGCTG-GCTGTAGGAA	36.3947	36.352	36.4432	36.4452	36.4427	36.4436	36.3995	36.4469	36.4213	36.4652	36.4978	36.4797	36.4929	36.4873	36.4874	36.4976	36.4635	36.4909	36.4794	36.4804	36.4709	36.4698	36.4519	36.4522	36.4194	36.4089	36.3905	36.3959	36.3766	36.3701	36.3717	36.3535	36.3414	36.3538	36.3362	36.334	36.3364	36.3185	36.3055	36.3106	36.2892	36.2806	36.2868	36.2807	36.2645	36.2675	36.2538	36.2142	36.2381	36.2318	36.2156	36.2158	36.2101	36.2075	36.2022	36.193	36.186	36.175	36.1604	36.1556	36.1554	36.1334	36.1322	36.1421	36.1041	36.1002	36.1192	36.1125	36.0846	36.1036	36.0693	36.0588	36.0557	36.0371	36.0414	36.0519	36.0423	36.0418	36.0313	36.0168	36.0081	36.01	35.9887	35.9837	35.9908	35.9643	35.9626	35.9686	35.9507	35.9325	35.923	35.9093	35.9058	35.9119	35.8971	35.8924	35.8637	35.8481	35.8361	35.8355
FGC2639_s_1_1_CACAATAGGA-TCCATCCGAG_FGC2639_s_1_2_CACAATAGGA-TCCATCCGAG	36.4046	36.3618	36.4689	36.4737	36.4791	36.4796	36.4312	36.4742	36.4576	36.4995	36.5251	36.509	36.5208	36.5147	36.5163	36.5263	36.4999	36.5183	36.5067	36.5063	36.5039	36.4959	36.4776	36.4789	36.4484	36.4392	36.4226	36.4191	36.4085	36.4021	36.4016	36.3898	36.3748	36.3861	36.3609	36.3681	36.3646	36.3476	36.3388	36.341	36.3241	36.3224	36.3157	36.3108	36.2966	36.2987	36.2892	36.2663	36.2801	36.2667	36.2476	36.2452	36.2386	36.2318	36.2223	36.213	36.2045	36.1973	36.1862	36.1803	36.1811	36.1765	36.1643	36.1634	36.1362	36.1307	36.1364	36.1286	36.1195	36.1231	36.1015	36.1053	36.0987	36.0782	36.0719	36.0725	36.0526	36.0513	36.0463	36.0355	36.0206	36.0261	36.0086	36.0042	36.0061	35.9774	35.9718	35.9739	35.9522	35.94	35.9243	35.9148	35.9155	35.9149	35.9048	35.897	35.8644	35.8439	35.8309	35.8319
FGC2639_s_1_1_CAGCCGCGTA-ACTAGCCGTG_FGC2639_s_1_2_CAGCCGCGTA-ACTAGCCGTG	36.4107	36.3671	36.4595	36.4618	36.4624	36.4597	36.4072	36.4546	36.4385	36.4756	36.5123	36.4965	36.5015	36.4991	36.5008	36.5123	36.486	36.5019	36.4938	36.491	36.4861	36.4789	36.4618	36.4603	36.4307	36.42	36.4011	36.4077	36.3931	36.3886	36.3845	36.3731	36.3553	36.3717	36.3475	36.3529	36.3494	36.3327	36.3282	36.3263	36.3121	36.3063	36.3032	36.299	36.2831	36.284	36.271	36.2562	36.2712	36.2538	36.245	36.2407	36.236	36.2318	36.2212	36.2116	36.2044	36.1946	36.1891	36.1827	36.1827	36.1808	36.1701	36.1683	36.1433	36.1335	36.1512	36.1338	36.1323	36.1327	36.1164	36.1119	36.1137	36.0997	36.0942	36.0973	36.0761	36.0756	36.0667	36.056	36.047	36.0559	36.0384	36.0361	36.0402	36.0056	36.0098	36.0036	35.9914	35.9793	35.9699	35.9608	35.9639	35.9713	35.9549	35.955	35.9251	35.9079	35.893	35.8958
FGC2639_s_1_1_CAGTGGCACT-TAACAATAGG_FGC2639_s_1_2_CAGTGGCACT-TAACAATAGG	36.3785	36.3607	36.4768	36.4689	36.4816	36.4789	36.4323	36.4822	36.4638	36.5022	36.5331	36.5198	36.528	36.5197	36.528	36.5396	36.5123	36.529	36.5223	36.5184	36.5149	36.5085	36.4936	36.4942	36.4624	36.451	36.4379	36.4388	36.4262	36.4188	36.4181	36.4044	36.3895	36.3984	36.3821	36.3825	36.3817	36.3641	36.3571	36.3584	36.342	36.3364	36.3359	36.3305	36.3155	36.3181	36.3056	36.2902	36.3	36.2896	36.2769	36.2748	36.2683	36.2648	36.259	36.2465	36.242	36.2311	36.222	36.2171	36.2158	36.2084	36.2055	36.2034	36.1755	36.1719	36.1797	36.174	36.1627	36.1711	36.1475	36.1426	36.1437	36.1265	36.1227	36.1219	36.1101	36.1073	36.0966	36.0881	36.0771	36.0841	36.0684	36.063	36.0694	36.0426	36.0426	36.0422	36.0274	36.0163	36.0069	35.9968	35.9996	35.9996	35.989	35.987	35.9578	35.9446	35.9348	35.936
FGC2639_s_1_1_CATTAGTGCG-TGACTACATA_FGC2639_s_1_2_CATTAGTGCG-TGACTACATA	36.3419	36.3112	36.4277	36.4254	36.4395	36.4346	36.3903	36.4445	36.4221	36.4583	36.4941	36.4789	36.4881	36.4799	36.485	36.4931	36.465	36.4855	36.4755	36.474	36.4687	36.4624	36.4473	36.4497	36.4127	36.403	36.3853	36.384	36.3732	36.3648	36.3643	36.3491	36.3375	36.3473	36.3276	36.3297	36.3234	36.3083	36.2946	36.2993	36.2807	36.2732	36.2728	36.2693	36.2566	36.2591	36.2475	36.2249	36.2387	36.2224	36.204	36.2002	36.2014	36.193	36.185	36.1808	36.1708	36.1572	36.1469	36.1436	36.1451	36.1333	36.1253	36.1277	36.0979	36.0926	36.1065	36.0987	36.0866	36.0951	36.0711	36.0638	36.0652	36.0441	36.0396	36.0421	36.0292	36.0289	36.022	36.0108	35.9949	36.0034	35.9838	35.9766	35.9832	35.9558	35.9545	35.9604	35.9393	35.9282	35.9177	35.9052	35.9033	35.9036	35.8915	35.8884	35.8588	35.8446	35.831	35.8351
FGC2639_s_1_1_CCACCAGGCA-CTTATGGAAT_FGC2639_s_1_2_CCACCAGGCA-CTTATGGAAT	36.3821	36.3424	36.4302	36.4322	36.4359	36.435	36.3854	36.4285	36.4122	36.4495	36.4884	36.4716	36.4797	36.4703	36.4749	36.4853	36.4519	36.4767	36.4654	36.4658	36.4595	36.4508	36.437	36.4346	36.3991	36.3879	36.3719	36.3714	36.3577	36.3529	36.3476	36.3361	36.3179	36.3322	36.3102	36.315	36.31	36.2925	36.2866	36.2834	36.2671	36.2598	36.2597	36.2544	36.2365	36.2388	36.2292	36.1986	36.218	36.2044	36.1791	36.1798	36.1848	36.1671	36.1572	36.1562	36.15	36.1312	36.1209	36.1164	36.1236	36.1101	36.0994	36.1065	36.0714	36.0679	36.083	36.0736	36.059	36.0639	36.0421	36.0394	36.0357	36.021	36.0121	36.0179	36.0087	36.006	35.9982	35.9875	35.9736	35.9821	35.962	35.9543	35.9614	35.9309	35.9279	35.9321	35.9118	35.896	35.8832	35.8706	35.8701	35.8735	35.8579	35.8578	35.8249	35.8064	35.7871	35.7887
FGC2639_s_1_1_CCATCATTAG-GGTTGCCTCT_FGC2639_s_1_2_CCATCATTAG-GGTTGCCTCT	36.2548	36.1808	36.3207	36.3306	36.3357	36.3361	36.2854	36.3453	36.3199	36.3534	36.4078	36.3948	36.3981	36.3912	36.3976	36.4093	36.3735	36.398	36.3874	36.3865	36.3801	36.3745	36.3581	36.3551	36.3175	36.3012	36.2834	36.287	36.2679	36.2593	36.261	36.2425	36.2301	36.2437	36.2188	36.2228	36.2221	36.2027	36.1882	36.193	36.1685	36.1619	36.1658	36.159	36.1432	36.151	36.1376	36.1208	36.1321	36.1118	36.0982	36.098	36.0871	36.0919	36.0863	36.0725	36.0632	36.0557	36.0407	36.0362	36.0355	36.0241	36.0152	36.0173	35.9803	35.9806	35.9914	35.9817	35.9717	35.9778	35.9476	35.9458	35.9478	35.9245	35.9122	35.9157	35.8968	35.9017	35.8906	35.8793	35.8639	35.872	35.8402	35.8383	35.8412	35.8084	35.8154	35.8175	35.7877	35.7795	35.7684	35.7532	35.7523	35.7526	35.7341	35.7278	35.6973	35.6711	35.6602	35.6616
FGC2639_s_1_1_CCATCTCGCC-TTCTATGGTT_FGC2639_s_1_2_CCATCTCGCC-TTCTATGGTT	35.8439	35.7527	36.0074	36.0613	36.0459	36.04	35.9829	36.0806	36.0586	36.0904	36.1877	36.1736	36.179	36.1735	36.1857	36.198	36.1593	36.1931	36.1804	36.183	36.1766	36.1677	36.1443	36.1483	36.1044	36.0842	36.062	36.0699	36.0465	36.0365	36.0418	36.0197	36.0035	36.0269	36.0014	36.0003	36.0021	35.9771	35.9635	35.9747	35.9397	35.9359	35.9475	35.941	35.9189	35.9291	35.9153	35.8997	35.9135	35.8855	35.8724	35.8831	35.8651	35.8675	35.8645	35.8479	35.8381	35.8318	35.8215	35.816	35.8184	35.808	35.8008	35.7984	35.7628	35.763	35.7786	35.7671	35.7605	35.7674	35.7379	35.733	35.7414	35.7115	35.7033	35.7116	35.6918	35.6904	35.6834	35.6662	35.6531	35.6648	35.6371	35.6289	35.6463	35.6059	35.6095	35.6231	35.5961	35.5795	35.5666	35.5539	35.5527	35.5641	35.5447	35.5469	35.5126	35.491	35.4777	35.4867
FGC2639_s_1_1_CCGTATGTTC-CATACACTGT_FGC2639_s_1_2_CCGTATGTTC-CATACACTGT	36.242	36.1679	36.3117	36.326	36.3164	36.3206	36.254	36.3203	36.2948	36.3383	36.389	36.3712	36.3854	36.377	36.3855	36.3971	36.3221	36.3864	36.3688	36.3744	36.3638	36.3566	36.3376	36.3379	36.2985	36.2848	36.2653	36.272	36.2538	36.2409	36.248	36.219	36.2074	36.2252	36.1981	36.1979	36.1952	36.1725	36.1616	36.1705	36.1469	36.1383	36.1415	36.1304	36.1086	36.1155	36.0955	36.0427	36.084	36.0809	36.0679	36.0676	36.0601	36.0568	36.0431	36.0281	36.0201	36.011	35.9902	35.9819	35.9913	35.9629	35.962	35.9814	35.9176	35.9208	35.933	35.9316	35.8955	35.9162	35.8676	35.8589	35.8597	35.8371	35.8436	35.8543	35.8427	35.8412	35.8365	35.8178	35.8095	35.8191	35.7892	35.7819	35.7969	35.7541	35.7501	35.7553	35.7217	35.7091	35.6968	35.6813	35.684	35.6914	35.6655	35.6583	35.6276	35.5965	35.5729	35.5719
FGC2639_s_1_1_CCTCCGTCCA-CACATCGGTG_FGC2639_s_1_2_CCTCCGTCCA-CACATCGGTG	36.3025	36.2465	36.3805	36.3895	36.39	36.3952	36.3252	36.387	36.3776	36.4112	36.4525	36.438	36.4477	36.4412	36.4446	36.4559	36.4255	36.4459	36.4354	36.4333	36.4306	36.4252	36.4067	36.409	36.3766	36.3593	36.3402	36.348	36.3359	36.3334	36.3284	36.3145	36.2983	36.3147	36.2912	36.2961	36.2955	36.2768	36.2741	36.2765	36.2534	36.2511	36.2517	36.245	36.2304	36.2367	36.2178	36.2091	36.2242	36.2066	36.1963	36.1952	36.1859	36.1874	36.1717	36.1668	36.1578	36.1469	36.1419	36.1433	36.1371	36.1382	36.1323	36.128	36.0966	36.0915	36.1058	36.0909	36.0957	36.0956	36.08	36.082	36.0828	36.0673	36.0573	36.0606	36.0411	36.0389	36.031	36.021	36.0141	36.0255	36.0093	36.0006	36.0158	35.9765	35.9797	35.9778	35.9619	35.9506	35.9512	35.9352	35.9387	35.9566	35.9405	35.9411	35.9084	35.8886	35.8791	35.8784
FGC2639_s_1_1_CCTCTACATG-GATACCTCCT_FGC2639_s_1_2_CCTCTACATG-GATACCTCCT	36.3416	36.3027	36.4158	36.4227	36.4358	36.4278	36.3847	36.4357	36.414	36.4529	36.4878	36.4708	36.4814	36.4753	36.4813	36.4901	36.4475	36.4821	36.4669	36.4698	36.4655	36.4598	36.4411	36.4425	36.4103	36.3978	36.3845	36.383	36.3657	36.3624	36.3606	36.346	36.329	36.3452	36.3235	36.3252	36.3247	36.3074	36.2973	36.2992	36.2771	36.2723	36.2734	36.2734	36.2549	36.2558	36.2462	36.207	36.2281	36.2263	36.2008	36.1913	36.2019	36.1852	36.1762	36.1803	36.1732	36.1556	36.1402	36.1346	36.1464	36.1217	36.1141	36.1319	36.0839	36.084	36.1037	36.0991	36.0738	36.091	36.0586	36.0551	36.049	36.036	36.0308	36.0369	36.0314	36.0303	36.0253	36.0115	36.0008	36.004	35.9858	35.9789	35.9829	35.9538	35.9574	35.9555	35.9376	35.9249	35.9129	35.8993	35.8996	35.9049	35.8871	35.8799	35.8519	35.8387	35.8202	35.8227
FGC2639_s_1_1_CCTGTCTGTC-ACTGTTGTGA_FGC2639_s_1_2_CCTGTCTGTC-ACTGTTGTGA	36.3873	36.3652	36.4636	36.4619	36.4688	36.4689	36.4237	36.4691	36.4509	36.4891	36.5209	36.507	36.5157	36.5102	36.5152	36.5218	36.4955	36.5133	36.5045	36.5041	36.4992	36.4941	36.4773	36.4766	36.4445	36.4339	36.4181	36.418	36.407	36.403	36.4011	36.3849	36.3712	36.3817	36.3621	36.366	36.3654	36.3479	36.3419	36.3384	36.3225	36.3169	36.3194	36.3126	36.2983	36.2997	36.2897	36.27	36.286	36.2711	36.261	36.2592	36.2511	36.2485	36.2429	36.2304	36.226	36.2164	36.2037	36.2021	36.2046	36.195	36.1866	36.1845	36.158	36.1532	36.1647	36.1603	36.1452	36.1563	36.1324	36.1279	36.1253	36.1116	36.107	36.1081	36.0928	36.0924	36.0832	36.0748	36.0624	36.0667	36.0459	36.0456	36.0508	36.0218	36.0246	36.0276	36.0067	35.9927	35.9865	35.9703	35.9757	35.9799	35.9674	35.9647	35.9375	35.9185	35.9102	35.911
FGC2639_s_1_1_CGACATCCGA-TACGTTCATT_FGC2639_s_1_2_CGACATCCGA-TACGTTCATT	36.417	36.3826	36.4863	36.4853	36.4898	36.492	36.4458	36.4851	36.4713	36.5099	36.5353	36.523	36.5288	36.5201	36.526	36.5369	36.5138	36.5245	36.5162	36.5122	36.5133	36.5066	36.4923	36.4906	36.4552	36.4431	36.4309	36.4271	36.4185	36.4058	36.4077	36.3803	36.3827	36.3916	36.371	36.3731	36.37	36.3562	36.343	36.3406	36.3264	36.3203	36.3199	36.3169	36.3011	36.305	36.2881	36.2227	36.2643	36.2657	36.211	36.1899	36.2082	36.1754	36.1729	36.1566	36.1604	36.1471	36.1314	36.1237	36.1289	36.1204	36.108	36.1127	36.082	36.0832	36.0903	36.0856	36.0722	36.0742	36.0578	36.0551	36.0484	36.0294	36.022	36.0222	36.0197	36.0312	36.0404	36.0381	36.0301	36.0374	36.0197	36.0092	36.0157	35.992	35.9913	35.9949	35.9734	35.9637	35.9509	35.9461	35.9367	35.9405	35.9259	35.9228	35.9007	35.8791	35.8672	35.8736
FGC2639_s_1_1_CGAGGCCAAG-GTGTTACCGG_FGC2639_s_1_2_CGAGGCCAAG-GTGTTACCGG	36.2056	36.1247	36.2852	36.2889	36.2962	36.2934	36.2487	36.3163	36.2979	36.3297	36.3871	36.371	36.3776	36.3681	36.3806	36.3915	36.3373	36.38	36.369	36.3678	36.3634	36.3567	36.3376	36.3417	36.3033	36.288	36.269	36.2726	36.2585	36.2473	36.2521	36.2283	36.2143	36.2346	36.2104	36.2111	36.2117	36.1905	36.1777	36.1874	36.1628	36.1492	36.1562	36.1538	36.1358	36.1379	36.1255	36.0889	36.1032	36.1045	36.0859	36.0873	36.085	36.0778	36.0652	36.0611	36.0531	36.0389	36.0212	36.0147	36.0252	36.0058	35.9985	36.0121	35.9686	35.9637	35.9818	35.9807	35.9517	35.9695	35.9388	35.932	35.9339	35.9148	35.9117	35.9217	35.9067	35.9038	35.9007	35.8841	35.8748	35.879	35.8586	35.8535	35.8629	35.8305	35.8294	35.8352	35.8119	35.7987	35.7849	35.7723	35.7737	35.7808	35.7633	35.7633	35.7278	35.709	35.694	35.6908
FGC2639_s_1_1_CGGTTACGGC-AAGACTATAG_FGC2639_s_1_2_CGGTTACGGC-AAGACTATAG	36.4346	36.402	36.4933	36.4953	36.4998	36.4955	36.4537	36.49	36.4836	36.5119	36.5408	36.5294	36.5348	36.5308	36.5314	36.5475	36.5214	36.5392	36.5278	36.5266	36.5209	36.515	36.4971	36.4969	36.4685	36.4546	36.4447	36.443	36.4306	36.4243	36.4234	36.4082	36.3937	36.4039	36.3834	36.3837	36.3815	36.3668	36.36	36.3601	36.3447	36.3366	36.3391	36.3286	36.3119	36.3177	36.3032	36.2852	36.2947	36.2812	36.2689	36.2666	36.2611	36.2553	36.2521	36.2442	36.233	36.2193	36.2105	36.2039	36.2099	36.1977	36.1909	36.1943	36.1606	36.155	36.1647	36.1562	36.1474	36.1538	36.1321	36.1284	36.1301	36.1097	36.1058	36.1089	36.0927	36.0887	36.0824	36.071	36.0595	36.0676	36.0495	36.0443	36.0508	36.0204	36.0215	36.023	36.0033	35.9933	35.9847	35.973	35.977	35.9805	35.9656	35.961	35.9386	35.9227	35.9101	35.9057
FGC2639_s_1_1_CGTTATTCTA-CCATAAGGTT_FGC2639_s_1_2_CGTTATTCTA-CCATAAGGTT	36.2995	36.2487	36.3718	36.3724	36.377	36.3754	36.3271	36.3845	36.3586	36.3979	36.439	36.4239	36.4376	36.4329	36.4365	36.45	36.4073	36.4399	36.4276	36.4277	36.4203	36.4181	36.3977	36.3989	36.3656	36.3507	36.3358	36.3396	36.3221	36.3176	36.3176	36.3007	36.2826	36.2989	36.2758	36.2768	36.2769	36.2596	36.2479	36.2561	36.2336	36.2285	36.2307	36.2191	36.2059	36.2101	36.1945	36.1674	36.1928	36.1797	36.1591	36.1614	36.1551	36.143	36.1378	36.1323	36.1233	36.1088	36.0983	36.0949	36.1047	36.0896	36.0838	36.0888	36.0436	36.048	36.0607	36.0559	36.0413	36.0538	36.025	36.025	36.023	36.0054	35.9977	36.0015	35.9883	35.9868	35.9804	35.9681	35.957	35.966	35.9491	35.9411	35.949	35.9129	35.9175	35.9166	35.8949	35.8832	35.8777	35.8618	35.8689	35.8713	35.8588	35.8518	35.8179	35.8027	35.7865	35.7897
FGC2639_s_1_1_CTAGTGCTCT-TGGAACAGTA_FGC2639_s_1_2_CTAGTGCTCT-TGGAACAGTA	36.3654	36.3429	36.4556	36.4525	36.4629	36.462	36.4163	36.464	36.4445	36.4781	36.5128	36.5033	36.5102	36.5036	36.5077	36.5155	36.4884	36.5095	36.4992	36.4976	36.4956	36.4901	36.4721	36.4739	36.4425	36.432	36.4153	36.4176	36.4049	36.3983	36.3952	36.3808	36.3683	36.3823	36.3583	36.3588	36.3621	36.3442	36.3356	36.3406	36.3189	36.3175	36.3126	36.307	36.2938	36.2936	36.2825	36.2645	36.2793	36.2617	36.258	36.2575	36.2446	36.2445	36.2375	36.2201	36.2184	36.2093	36.1991	36.1965	36.1943	36.187	36.1838	36.1792	36.1529	36.1477	36.1555	36.1457	36.1396	36.1455	36.1204	36.1179	36.1156	36.0992	36.0928	36.0908	36.077	36.075	36.0657	36.0571	36.0445	36.0481	36.0321	36.0274	36.0298	35.9964	35.996	35.9998	35.9749	35.9659	35.9552	35.9428	35.9459	35.9482	35.934	35.9311	35.8999	35.8815	35.8641	35.8662
FGC2639_s_1_1_CTATTACTAC-GAGTCTCTCC_FGC2639_s_1_2_CTATTACTAC-GAGTCTCTCC	35.7619	35.691	35.964	36.0358	36.019	36.0143	35.9621	36.0606	36.0334	36.0741	36.1727	36.1499	36.1567	36.1519	36.1648	36.1817	36.108	36.1706	36.1577	36.1616	36.1529	36.1473	36.1222	36.1178	36.0758	36.059	36.0306	36.0435	36.0157	36.0103	36.012	35.9808	35.9649	35.9887	35.9626	35.9649	35.9679	35.9385	35.9228	35.9385	35.8983	35.8952	35.9016	35.8964	35.8711	35.885	35.8658	35.8294	35.8578	35.849	35.8248	35.8319	35.8235	35.8191	35.8115	35.8016	35.7898	35.7794	35.7621	35.7509	35.7628	35.736	35.7268	35.7449	35.6947	35.6934	35.7135	35.7096	35.687	35.6989	35.6553	35.6455	35.6554	35.6211	35.6186	35.6357	35.6168	35.6172	35.6177	35.5975	35.5756	35.5906	35.5606	35.5499	35.5673	35.5199	35.5216	35.5391	35.5054	35.4826	35.473	35.454	35.4495	35.4572	35.4352	35.4254	35.3876	35.3637	35.3412	35.3524
FGC2639_s_1_1_CTGCGAGCCA-AATCCGGCCA_FGC2639_s_1_2_CTGCGAGCCA-AATCCGGCCA	33.2536	33.2309	34.0976	34.7666	34.8071	34.813	34.8569	35.0551	35.0854	35.14	35.3838	35.3853	35.384	35.3806	35.4235	35.4555	35.3793	35.4535	35.4578	35.4599	35.446	35.4483	35.4057	35.4191	35.3434	35.3087	35.2717	35.297	35.2516	35.2455	35.2576	35.2193	35.2078	35.2365	35.1974	35.1966	35.2042	35.1633	35.1448	35.1676	35.1241	35.1079	35.1336	35.1267	35.0947	35.1208	35.092	35.067	35.0999	35.0583	35.02	35.0467	35.0309	35.031	35.037	35.02	34.9915	34.9886	34.9644	34.948	34.9683	34.9521	34.9303	34.9511	34.892	34.8912	34.9263	34.905	34.9093	34.9157	34.861	34.8677	34.8798	34.8267	34.8177	34.8361	34.8088	34.8042	34.8143	34.7691	34.7525	34.7698	34.7188	34.72	34.7472	34.6832	34.6855	34.7238	34.6706	34.6455	34.624	34.5986	34.602	34.6045	34.5769	34.5696	34.518	34.4883	34.4607	34.4818
FGC2639_s_1_1_CTTGCCATTA-ATCACGAAGG_FGC2639_s_1_2_CTTGCCATTA-ATCACGAAGG	36.2593	36.1839	36.3235	36.3324	36.3294	36.33	36.2638	36.3347	36.3141	36.3518	36.4083	36.392	36.4017	36.39	36.402	36.4149	36.3746	36.4028	36.3918	36.3896	36.3823	36.3818	36.3607	36.3657	36.3273	36.3122	36.2938	36.299	36.2805	36.2751	36.2815	36.2594	36.2444	36.2587	36.2365	36.2392	36.2383	36.2172	36.2086	36.217	36.1879	36.1878	36.1926	36.1837	36.1639	36.1722	36.1537	36.1383	36.1596	36.1395	36.1244	36.1347	36.1202	36.1199	36.1135	36.0973	36.0917	36.0886	36.0713	36.0697	36.0751	36.0556	36.0544	36.0567	36.0225	36.0197	36.0359	36.025	36.0086	36.0222	35.9908	35.9858	35.9877	35.9683	35.9651	35.9702	35.9494	35.947	35.9424	35.9257	35.9117	35.9209	35.8967	35.8934	35.9031	35.8646	35.8671	35.873	35.8461	35.8292	35.8146	35.8011	35.8058	35.8136	35.7895	35.7904	35.7556	35.7322	35.7191	35.7207
FGC2639_s_1_1_GAACTGAGCG-TCGTGGAGCG_FGC2639_s_1_2_GAACTGAGCG-TCGTGGAGCG	36.3928	36.3664	36.4668	36.4692	36.4834	36.4812	36.4366	36.4789	36.4667	36.5035	36.5279	36.5173	36.5258	36.522	36.5201	36.5348	36.4381	36.5234	36.5102	36.5136	36.5095	36.4972	36.4847	36.4744	36.4541	36.4412	36.4253	36.4288	36.4199	36.4108	36.4085	36.3922	36.3794	36.395	36.3706	36.3753	36.3718	36.3572	36.3531	36.35	36.333	36.328	36.3242	36.3193	36.3044	36.294	36.2794	36.0753	36.1954	36.2721	36.1313	36.0811	36.2304	36.0901	36.057	36.1912	36.1697	36.0612	36.0184	36.0201	36.1251	35.9769	35.9964	36.1233	35.9572	35.9471	36.069	36.0493	35.9233	36.0198	35.9664	35.9411	35.8965	35.8898	35.9303	35.9984	36.0329	36.0559	36.0546	36.054	36.0433	36.0603	36.036	36.0355	36.0412	36.0053	36.0044	35.9969	35.9813	35.9671	35.9601	35.9482	35.9486	35.9511	35.9433	35.9316	35.8989	35.8831	35.859	35.8571
FGC2639_s_1_1_GAAGCGGCAC-CGGCTCTACT_FGC2639_s_1_2_GAAGCGGCAC-CGGCTCTACT	36.3871	36.3415	36.4562	36.4572	36.4565	36.4602	36.4081	36.4567	36.439	36.4775	36.5102	36.497	36.5065	36.4981	36.5027	36.515	36.4894	36.505	36.4963	36.4935	36.4896	36.4871	36.4692	36.4712	36.4406	36.4277	36.4146	36.4118	36.3978	36.3929	36.3907	36.3743	36.3631	36.3746	36.3567	36.3574	36.3588	36.3375	36.3278	36.3301	36.3103	36.3061	36.3101	36.3031	36.2891	36.2919	36.2804	36.252	36.2748	36.2573	36.25	36.2498	36.2339	36.2404	36.2336	36.2167	36.216	36.2076	36.1959	36.19	36.189	36.1756	36.1736	36.1743	36.1447	36.145	36.1503	36.1465	36.134	36.144	36.1099	36.103	36.0991	36.0835	36.085	36.0921	36.0779	36.0801	36.0706	36.0598	36.049	36.0549	36.0371	36.0301	36.0361	36.0071	36.0111	36.0144	35.9975	35.9862	35.9751	35.9624	35.9643	35.9687	35.9542	35.9516	35.9273	35.9096	35.9032	35.9067
FGC2639_s_1_1_GACACCATGT-TCAACGTGTA_FGC2639_s_1_2_GACACCATGT-TCAACGTGTA	36.4057	36.3722	36.4674	36.4703	36.4786	36.4775	36.4333	36.4733	36.4562	36.492	36.5237	36.515	36.522	36.5179	36.5204	36.5274	36.5034	36.5204	36.5113	36.5092	36.5089	36.5019	36.4831	36.4878	36.4542	36.4409	36.4289	36.431	36.4183	36.4152	36.414	36.3949	36.3824	36.3949	36.3734	36.3748	36.3749	36.3593	36.351	36.3564	36.3364	36.333	36.332	36.3273	36.3116	36.3147	36.3017	36.2899	36.2989	36.2869	36.278	36.279	36.2657	36.2669	36.2609	36.2444	36.2369	36.2323	36.2227	36.2167	36.2205	36.2158	36.2115	36.2088	36.1833	36.1765	36.1813	36.1749	36.1672	36.1767	36.1546	36.1499	36.1511	36.1364	36.1279	36.1294	36.1108	36.109	36.1015	36.0911	36.0823	36.087	36.074	36.0698	36.0751	36.0456	36.0434	36.0464	36.0267	36.0141	36.0079	35.9995	36.0046	36.0108	35.9988	35.9929	35.9645	35.9475	35.9338	35.9386
FGC2639_s_1_1_GACTGAGTAG-GTTGATAGTG_FGC2639_s_1_2_GACTGAGTAG-GTTGATAGTG	36.3382	36.2859	36.4181	36.4165	36.4248	36.4226	36.3736	36.4289	36.4072	36.4473	36.4816	36.4657	36.473	36.4695	36.474	36.4838	36.4522	36.4793	36.4671	36.4624	36.4572	36.4478	36.4304	36.4322	36.3994	36.3913	36.3741	36.3748	36.361	36.3563	36.3554	36.3399	36.3242	36.3348	36.3096	36.3147	36.3123	36.2924	36.2882	36.2939	36.2706	36.2664	36.2665	36.2588	36.2417	36.2449	36.2294	36.2069	36.2224	36.2116	36.2042	36.2029	36.191	36.1905	36.1822	36.1676	36.1581	36.1522	36.1369	36.1324	36.1371	36.1276	36.1202	36.1264	36.0864	36.0795	36.0889	36.0829	36.0662	36.0798	36.0522	36.0512	36.051	36.0284	36.0246	36.0274	36.0063	36.0052	35.9982	35.9839	35.9742	35.9802	35.967	35.9569	35.969	35.9358	35.9268	35.9329	35.9044	35.8986	35.8871	35.8745	35.8768	35.8785	35.8639	35.8589	35.8291	35.8009	35.7863	35.7914
FGC2639_s_1_1_GAGAATGGTT-TCGGCAGCAA_FGC2639_s_1_2_GAGAATGGTT-TCGGCAGCAA	36.4164	36.3759	36.4774	36.4808	36.4844	36.4893	36.4437	36.4852	36.4679	36.5062	36.5385	36.5193	36.5324	36.5265	36.5294	36.5361	36.5144	36.5301	36.5211	36.5189	36.5164	36.512	36.4948	36.4951	36.4694	36.4551	36.4421	36.4394	36.428	36.4216	36.4209	36.4074	36.3915	36.4059	36.3863	36.3895	36.3876	36.3691	36.3584	36.3624	36.3414	36.3378	36.3393	36.3351	36.3232	36.324	36.3096	36.3008	36.3107	36.2905	36.2841	36.2845	36.2734	36.2722	36.2695	36.2543	36.2502	36.2435	36.2297	36.2266	36.2244	36.2179	36.2131	36.21	36.1857	36.1833	36.1883	36.1838	36.1738	36.1803	36.1562	36.1519	36.1519	36.1337	36.1304	36.1304	36.1156	36.1153	36.1055	36.0919	36.0823	36.087	36.0672	36.0616	36.07	36.0461	36.0441	36.0472	36.0348	36.02	36.013	35.9985	36.0006	36.0015	35.9898	35.9904	35.9643	35.9494	35.9399	35.9425
FGC2639_s_1_1_GAGTCATAGG-GTGTGGCGCT_FGC2639_s_1_2_GAGTCATAGG-GTGTGGCGCT	36.2917	36.2207	36.3548	36.3644	36.3646	36.3696	36.3191	36.375	36.357	36.3949	36.4395	36.4255	36.433	36.425	36.4309	36.4418	36.3838	36.4298	36.4188	36.4188	36.4119	36.4066	36.3887	36.3886	36.3511	36.3412	36.3208	36.3264	36.3063	36.3	36.3037	36.2796	36.2742	36.2861	36.2586	36.264	36.2641	36.2436	36.2327	36.2353	36.2152	36.2069	36.2135	36.2057	36.1876	36.1904	36.1753	36.1143	36.1434	36.1595	36.0967	36.0889	36.1252	36.0864	36.0735	36.0933	36.0865	36.0522	36.0307	36.0281	36.0543	36.0147	36.0104	36.0425	35.9784	35.9764	36.0103	36.0044	35.9703	35.9911	35.96	35.9493	35.9502	35.9278	35.9305	35.9526	35.9512	35.9568	35.958	35.9419	35.9341	35.9419	35.9189	35.9153	35.9235	35.8905	35.8991	35.9025	35.8802	35.8694	35.8601	35.8456	35.8489	35.8508	35.8379	35.8331	35.8089	35.7872	35.7743	35.7823
FGC2639_s_1_1_GATAGGCCGA-CGCACATGGC_FGC2639_s_1_2_GATAGGCCGA-CGCACATGGC	35.3498	35.2481	35.6406	35.806	35.7885	35.786	35.7318	35.8564	35.8389	35.8735	36.0126	35.9864	35.9926	35.9878	36.0081	36.0314	35.9745	36.017	36.0077	36.0077	35.9983	35.995	35.9617	35.9704	35.9147	35.8894	35.8591	35.8713	35.8507	35.8382	35.8516	35.8235	35.8018	35.8288	35.7874	35.7889	35.795	35.7648	35.7511	35.7696	35.7333	35.7275	35.7298	35.7251	35.6972	35.7158	35.6929	35.6718	35.6995	35.6692	35.6443	35.6552	35.6418	35.6407	35.6385	35.6132	35.5984	35.5907	35.5764	35.5741	35.5815	35.5734	35.561	35.5619	35.5135	35.5098	35.5304	35.518	35.5162	35.5187	35.4896	35.4857	35.5	35.4663	35.4499	35.461	35.4284	35.4305	35.4323	35.4	35.3921	35.4129	35.3825	35.3721	35.3932	35.343	35.3406	35.3595	35.3222	35.304	35.2907	35.2796	35.2779	35.2914	35.265	35.2677	35.2214	35.1926	35.1687	35.182
FGC2639_s_1_1_GATCAAGGCA-CCTTGTTAAT_FGC2639_s_1_2_GATCAAGGCA-CCTTGTTAAT	36.3781	36.3518	36.4491	36.4475	36.459	36.455	36.4119	36.4551	36.4384	36.4762	36.5095	36.4942	36.5018	36.4954	36.4966	36.5066	36.4425	36.4975	36.4839	36.4884	36.4809	36.4729	36.46	36.4567	36.424	36.4144	36.3995	36.3984	36.3822	36.3741	36.3751	36.3578	36.3471	36.3602	36.3397	36.3398	36.3361	36.3196	36.3114	36.3143	36.2904	36.2859	36.2878	36.2765	36.2515	36.2593	36.2417	36.1049	36.193	36.2327	36.091	36.0773	36.1859	36.0742	36.0603	36.1237	36.1062	36.0366	36.0187	36.0131	36.0787	36.0044	36.002	36.0665	35.9685	35.9637	36.0239	36.0199	35.9566	35.9847	35.9593	35.9486	35.9297	35.918	35.9313	35.9764	36.0008	36.0172	36.0201	36.0099	35.9979	36.0026	35.9877	35.9776	35.9838	35.9572	35.9533	35.9554	35.9343	35.9238	35.9103	35.8961	35.8931	35.8919	35.8818	35.8722	35.8398	35.821	35.798	35.7982
FGC2639_s_1_1_GCAACATGGA-CTTGTCTTAA_FGC2639_s_1_2_GCAACATGGA-CTTGTCTTAA	36.3718	36.345	36.4583	36.4571	36.4686	36.4655	36.4187	36.4661	36.4463	36.4848	36.5184	36.502	36.5078	36.5032	36.5046	36.5158	36.4928	36.5072	36.4989	36.4968	36.4936	36.4876	36.473	36.4728	36.4391	36.4276	36.4102	36.4134	36.3994	36.3934	36.3923	36.384	36.362	36.3769	36.3608	36.3592	36.3575	36.3429	36.3333	36.3321	36.3145	36.3091	36.3093	36.3071	36.2938	36.2951	36.2862	36.2686	36.2794	36.2674	36.2484	36.2485	36.242	36.2395	36.2298	36.224	36.2184	36.2077	36.1991	36.1939	36.1922	36.1861	36.1788	36.1766	36.1544	36.1512	36.1594	36.1486	36.145	36.1483	36.1316	36.1276	36.1286	36.1181	36.1058	36.1051	36.0943	36.0908	36.086	36.0789	36.0663	36.0697	36.0565	36.0468	36.0598	36.0329	36.0343	36.0361	36.0218	36.0122	36.0028	35.9916	35.9956	35.9968	35.9869	35.9841	35.9633	35.9497	35.9407	35.9431
FGC2639_s_1_1_GCCGCACTCT-TCCGACCTCG_FGC2639_s_1_2_GCCGCACTCT-TCCGACCTCG	36.3462	36.2877	36.397	36.4003	36.4036	36.4054	36.3587	36.4047	36.387	36.431	36.4619	36.4491	36.4574	36.4493	36.4571	36.468	36.4346	36.4565	36.4527	36.4502	36.4443	36.4385	36.4209	36.4214	36.3866	36.3736	36.3597	36.3601	36.3451	36.3398	36.3424	36.316	36.3085	36.3234	36.2982	36.3029	36.3049	36.2868	36.278	36.2836	36.2591	36.2572	36.2559	36.2461	36.2292	36.2341	36.2237	36.1693	36.2108	36.2062	36.1943	36.194	36.1881	36.1801	36.1753	36.1633	36.1581	36.1447	36.1334	36.1253	36.1332	36.1052	36.102	36.1207	36.076	36.0729	36.0901	36.0867	36.0559	36.0766	36.0319	36.023	36.0141	36.0017	36.0069	36.0253	36.0139	36.0144	36.0119	35.9978	35.9903	36.0023	35.9741	35.9679	35.98	35.9462	35.9479	35.9547	35.9341	35.918	35.9058	35.8964	35.8957	35.9033	35.8895	35.8832	35.8578	35.8392	35.8293	35.8307
FGC2639_s_1_1_GCGTGGATGG-TTGACCAATG_FGC2639_s_1_2_GCGTGGATGG-TTGACCAATG	36.416	36.3989	36.4902	36.4881	36.5026	36.4972	36.4583	36.4995	36.4878	36.5187	36.5489	36.5366	36.5398	36.5351	36.5379	36.55	36.5195	36.5384	36.5304	36.5285	36.5256	36.5165	36.5031	36.5004	36.471	36.4622	36.4497	36.4464	36.4345	36.4291	36.4273	36.411	36.3981	36.4101	36.3915	36.3907	36.3901	36.3731	36.3655	36.3679	36.3535	36.3427	36.3468	36.3383	36.3218	36.3235	36.3133	36.2758	36.2957	36.2959	36.2756	36.2672	36.2743	36.2633	36.2501	36.2496	36.2427	36.2268	36.2127	36.2068	36.2172	36.1968	36.1922	36.2031	36.162	36.1578	36.1761	36.1752	36.1452	36.1635	36.1348	36.1302	36.1267	36.1144	36.1113	36.1192	36.1088	36.107	36.0998	36.0909	36.079	36.0875	36.073	36.064	36.0723	36.0422	36.0394	36.0467	36.0308	36.0111	36.0087	36.0017	36.0014	36.0063	35.9946	35.9857	35.9645	35.9466	35.9336	35.9336
FGC2639_s_1_1_GCGTTGGTAT-ACATACTTCC_FGC2639_s_1_2_GCGTTGGTAT-ACATACTTCC	31.5413	31.9648	32.8942	33.9247	34.0202	33.9992	34.1358	34.3937	34.4884	34.5127	34.8352	34.8477	34.8449	34.842	34.914	34.9684	34.8894	34.9658	34.9753	34.9877	34.9717	34.9746	34.9298	34.9447	34.8506	34.8027	34.7741	34.7919	34.7477	34.7269	34.7531	34.7143	34.685	34.7203	34.6904	34.6815	34.705	34.6558	34.6278	34.6646	34.6117	34.5989	34.6291	34.6229	34.5815	34.6244	34.5891	34.5735	34.612	34.558	34.5316	34.5651	34.5431	34.5419	34.55	34.5281	34.496	34.4992	34.481	34.4656	34.4782	34.4669	34.4384	34.4611	34.3996	34.3928	34.4367	34.4215	34.433	34.4385	34.385	34.3828	34.3978	34.3387	34.3196	34.3358	34.3082	34.2989	34.3097	34.267	34.2433	34.277	34.2172	34.2068	34.2442	34.1734	34.1812	34.2255	34.1768	34.1423	34.1353	34.1137	34.1161	34.1234	34.0933	34.0845	34.0255	33.9945	33.9714	34.0014
FGC2639_s_1_1_GGAGCGTGTA-ATCCGTAAGT_FGC2639_s_1_2_GGAGCGTGTA-ATCCGTAAGT	36.1687	36.0763	36.248	36.2574	36.2592	36.253	36.1988	36.2778	36.2523	36.2889	36.3484	36.3316	36.3356	36.3288	36.3431	36.3505	36.2939	36.3401	36.3297	36.3299	36.3241	36.3162	36.2967	36.2972	36.2583	36.2415	36.2215	36.2274	36.2097	36.202	36.1998	36.1817	36.1652	36.1863	36.1608	36.1629	36.1607	36.1422	36.131	36.1367	36.1043	36.1026	36.1102	36.0984	36.0801	36.0902	36.071	36.0292	36.0592	36.055	36.0212	36.0179	36.0294	36.0129	35.9975	36.0034	35.9976	35.9761	35.9486	35.9489	35.9682	35.9377	35.935	35.955	35.8959	35.8943	35.9179	35.9174	35.8868	35.902	35.8712	35.8682	35.8639	35.841	35.843	35.8567	35.8458	35.8435	35.8429	35.831	35.8116	35.8231	35.7985	35.7928	35.8065	35.7719	35.7706	35.7782	35.7525	35.7369	35.7241	35.7105	35.7128	35.7226	35.7057	35.6996	35.6685	35.6422	35.624	35.6329
FGC2639_s_1_1_GGCAAGCCAG-CAAGCATCCG_FGC2639_s_1_2_GGCAAGCCAG-CAAGCATCCG	36.3378	36.3132	36.4394	36.4359	36.4529	36.454	36.4053	36.4602	36.4404	36.4807	36.5151	36.5001	36.5066	36.5062	36.5055	36.5202	36.4886	36.5089	36.4987	36.4989	36.4965	36.4898	36.4734	36.4736	36.4439	36.4318	36.4177	36.4187	36.4076	36.4015	36.3963	36.3797	36.3708	36.3797	36.361	36.3619	36.3616	36.3452	36.341	36.3398	36.3208	36.3149	36.313	36.311	36.2967	36.2984	36.2896	36.2538	36.2577	36.264	36.2372	36.2349	36.2422	36.2333	36.216	36.2237	36.2146	36.2002	36.1852	36.1801	36.1913	36.1686	36.1713	36.1733	36.1328	36.1346	36.1506	36.1467	36.1221	36.1408	36.1128	36.1134	36.1029	36.091	36.0874	36.0938	36.0854	36.0843	36.0806	36.0692	36.0621	36.0672	36.0477	36.0439	36.0487	36.0227	36.0196	36.0249	36.0054	35.994	35.9874	35.974	35.981	35.9805	35.9719	35.9671	35.9398	35.9298	35.9135	35.9155
FGC2639_s_1_1_GGTAACTCGC-AAGTTGGTGA_FGC2639_s_1_2_GGTAACTCGC-AAGTTGGTGA	36.435	36.395	36.4791	36.4811	36.4837	36.4831	36.4379	36.4762	36.4622	36.4991	36.5259	36.5126	36.5212	36.5145	36.5176	36.5246	36.498	36.5178	36.5065	36.5036	36.5007	36.4903	36.4802	36.4717	36.4434	36.4281	36.4132	36.4162	36.3994	36.4	36.3942	36.3876	36.365	36.3807	36.3605	36.3597	36.3668	36.3476	36.3437	36.3385	36.32	36.3116	36.3135	36.3111	36.2972	36.2986	36.2849	36.2602	36.2809	36.2661	36.2541	36.2466	36.246	36.2407	36.2284	36.2288	36.221	36.2066	36.1935	36.1919	36.1934	36.1808	36.1736	36.1804	36.149	36.1396	36.162	36.1473	36.1337	36.1428	36.1238	36.1186	36.1163	36.1057	36.1027	36.1056	36.0967	36.0937	36.0855	36.0794	36.0639	36.0771	36.0546	36.0528	36.0638	36.0278	36.0361	36.0278	36.0181	35.9983	36	35.9855	35.9867	35.994	35.9823	35.9808	35.9554	35.9348	35.9243	35.9249
FGC2639_s_1_1_GGTTGCGAGG-AATAGAGCAA_FGC2639_s_1_2_GGTTGCGAGG-AATAGAGCAA	36.421	36.3903	36.4859	36.4887	36.4882	36.4908	36.4437	36.4858	36.4681	36.503	36.5383	36.5223	36.5316	36.5277	36.5305	36.538	36.5145	36.5291	36.5204	36.5201	36.5178	36.5098	36.4932	36.4932	36.4628	36.4504	36.4354	36.4349	36.4219	36.4143	36.416	36.398	36.385	36.3968	36.3791	36.3801	36.3776	36.3577	36.3475	36.351	36.332	36.3279	36.3258	36.3225	36.3089	36.3112	36.2992	36.2543	36.2806	36.2744	36.2563	36.2492	36.2539	36.2455	36.2367	36.2355	36.2285	36.2115	36.197	36.1866	36.1969	36.169	36.1657	36.1819	36.1394	36.1362	36.1585	36.153	36.1188	36.1383	36.1044	36.0982	36.0926	36.0791	36.0827	36.0921	36.0895	36.0898	36.0865	36.0718	36.0615	36.0665	36.0463	36.0445	36.0493	36.0227	36.0257	36.0268	36.0095	35.9999	35.9956	35.9794	35.9855	35.9857	35.9732	35.9741	35.948	35.9306	35.9224	35.9301
FGC2639_s_1_1_GTATTCCACC-ATGTAGACAA_FGC2639_s_1_2_GTATTCCACC-ATGTAGACAA	36.4266	36.3914	36.4854	36.4869	36.4903	36.4871	36.4358	36.4807	36.4694	36.5052	36.533	36.5176	36.5238	36.5212	36.522	36.5302	36.507	36.5209	36.5145	36.5128	36.5101	36.5045	36.4891	36.4904	36.463	36.45	36.4315	36.4354	36.4224	36.4178	36.4137	36.4043	36.3876	36.4015	36.384	36.3854	36.3867	36.3678	36.3593	36.3603	36.3387	36.3358	36.3362	36.3366	36.3229	36.3318	36.314	36.299	36.3105	36.2934	36.2766	36.28	36.2754	36.2751	36.2646	36.2586	36.2569	36.2444	36.2371	36.231	36.2247	36.22	36.2136	36.2127	36.1947	36.1875	36.2063	36.1942	36.1878	36.1885	36.1737	36.1664	36.1671	36.1555	36.1467	36.1535	36.1399	36.1416	36.1301	36.1232	36.1073	36.1182	36.0997	36.0881	36.1019	36.0738	36.0767	36.0786	36.0693	36.0541	36.0506	36.0336	36.0357	36.0456	36.0308	36.0286	36.0084	35.9901	35.9853	35.9862
FGC2639_s_1_1_GTCCGTAAGC-CGTGTATCTT_FGC2639_s_1_2_GTCCGTAAGC-CGTGTATCTT	36.3937	36.3619	36.4625	36.4679	36.4722	36.4718	36.4208	36.4698	36.4527	36.491	36.5205	36.503	36.5124	36.5076	36.5123	36.5219	36.4963	36.5088	36.5018	36.4988	36.4955	36.4883	36.4757	36.4707	36.4398	36.4313	36.416	36.4138	36.4032	36.3922	36.3917	36.3802	36.3679	36.3794	36.3615	36.3634	36.3606	36.3451	36.3299	36.3329	36.3179	36.3077	36.3082	36.306	36.293	36.2973	36.2849	36.2703	36.2779	36.2598	36.2499	36.2463	36.2421	36.2413	36.236	36.2256	36.2197	36.2121	36.2023	36.194	36.1928	36.1864	36.1748	36.175	36.1526	36.1469	36.1559	36.1524	36.1418	36.1447	36.1281	36.1167	36.117	36.1033	36.0919	36.096	36.0852	36.0802	36.078	36.0609	36.047	36.0548	36.0409	36.028	36.0358	36.0114	36.0124	36.0173	35.9967	35.9867	35.9777	35.9702	35.9666	35.9691	35.9564	35.9523	35.9293	35.9171	35.9042	35.9088
FGC2639_s_1_1_GTCCTGGATA-CGGTGGCGAA_FGC2639_s_1_2_GTCCTGGATA-CGGTGGCGAA	36.423	36.3861	36.4795	36.486	36.4904	36.492	36.4391	36.4846	36.4701	36.5078	36.5378	36.515	36.5243	36.5222	36.5197	36.5307	36.5022	36.5227	36.5133	36.5106	36.5064	36.4988	36.486	36.4801	36.4561	36.4417	36.426	36.4287	36.4151	36.4123	36.4038	36.3993	36.3751	36.3965	36.3729	36.3784	36.3776	36.3607	36.3565	36.3519	36.3346	36.3299	36.3301	36.3281	36.3133	36.3202	36.3044	36.2798	36.297	36.2819	36.2735	36.2714	36.2642	36.2675	36.2489	36.2501	36.2447	36.2337	36.2211	36.222	36.216	36.2084	36.2017	36.2057	36.1753	36.1699	36.1919	36.171	36.1659	36.1725	36.1507	36.1463	36.1415	36.1342	36.1316	36.1389	36.1207	36.122	36.1118	36.1072	36.0921	36.1036	36.078	36.0787	36.0821	36.052	36.0561	36.0469	36.0409	36.0228	36.0205	36.0071	36.0033	36.0131	36.0015	35.9989	35.9698	35.9525	35.9414	35.9421
FGC2639_s_1_1_GTCTAATGGC-AGTGGTCAGG_FGC2639_s_1_2_GTCTAATGGC-AGTGGTCAGG	36.3942	36.3604	36.467	36.4706	36.4756	36.4784	36.4269	36.4784	36.4635	36.4995	36.5307	36.5189	36.525	36.5165	36.5232	36.5329	36.5104	36.5254	36.5139	36.5135	36.5118	36.5043	36.4901	36.4912	36.4574	36.446	36.4345	36.4359	36.4214	36.4145	36.4154	36.4018	36.3895	36.3975	36.3808	36.3817	36.3811	36.3632	36.3574	36.357	36.3371	36.3349	36.3307	36.3273	36.3162	36.3172	36.3056	36.2945	36.2984	36.2852	36.2738	36.2709	36.2637	36.2625	36.2551	36.2486	36.2425	36.2321	36.2202	36.2107	36.219	36.2088	36.2009	36.2008	36.1744	36.1708	36.1794	36.1745	36.1634	36.1706	36.1489	36.1441	36.1422	36.1249	36.1212	36.1208	36.112	36.1059	36.0996	36.0872	36.0758	36.0826	36.06	36.0562	36.0622	36.0355	36.0337	36.0409	36.0215	36.0105	36.0001	35.9892	35.9887	35.9905	35.9778	35.9755	35.951	35.9348	35.9219	35.9263
FGC2639_s_1_1_GTGACACGCA-GCTTACGGAC_FGC2639_s_1_2_GTGACACGCA-GCTTACGGAC	35.1084	35.0179	35.4787	35.6734	35.67	35.6591	35.6204	35.769	35.7445	35.784	35.9291	35.9158	35.9227	35.9182	35.9326	35.9598	35.8901	35.9471	35.9412	35.949	35.937	35.9315	35.9015	35.9035	35.8529	35.8315	35.8006	35.8139	35.781	35.7746	35.7769	35.7503	35.7352	35.763	35.734	35.7312	35.7371	35.706	35.6913	35.7086	35.6697	35.6554	35.6689	35.6631	35.6319	35.6543	35.6294	35.5995	35.636	35.61	35.5655	35.5912	35.5737	35.5718	35.5617	35.5469	35.5364	35.5276	35.5088	35.4971	35.5156	35.4924	35.4849	35.4942	35.4373	35.445	35.4642	35.4544	35.4512	35.4544	35.4166	35.4145	35.4204	35.3839	35.3677	35.3803	35.353	35.3535	35.3577	35.3281	35.3111	35.3229	35.2836	35.2755	35.2897	35.2401	35.2387	35.2533	35.2217	35.1978	35.173	35.1557	35.1562	35.1622	35.1302	35.1252	35.0745	35.0441	35.0197	35.0317
FGC2639_s_1_1_GTGCAGACAG-TACCATCCGT_FGC2639_s_1_2_GTGCAGACAG-TACCATCCGT	36.1635	36.0864	36.2504	36.2602	36.2571	36.2539	36.1915	36.2712	36.2426	36.2864	36.3479	36.3307	36.3426	36.3316	36.3445	36.3545	36.3142	36.3435	36.3318	36.3326	36.3278	36.3197	36.2987	36.3013	36.2592	36.2469	36.2241	36.2312	36.2152	36.2039	36.2054	36.1875	36.1671	36.1874	36.1605	36.1626	36.1621	36.1435	36.1291	36.1373	36.1109	36.1073	36.1091	36.1019	36.0872	36.0896	36.0785	36.0542	36.0656	36.0523	36.035	36.0407	36.0265	36.0288	36.0209	36.0083	35.9983	35.9913	35.9743	35.97	35.9749	35.9596	35.9564	35.9589	35.919	35.9167	35.9325	35.9243	35.9088	35.9189	35.888	35.8886	35.8902	35.8668	35.8564	35.8684	35.8444	35.8451	35.8355	35.8244	35.8085	35.8157	35.7952	35.7904	35.7982	35.7623	35.7643	35.7729	35.7492	35.7324	35.7201	35.7054	35.71	35.716	35.7022	35.6973	35.6625	35.6428	35.6266	35.627
FGC2639_s_1_1_TAAGCATCCA-TCAATCCATT_FGC2639_s_1_2_TAAGCATCCA-TCAATCCATT	36.4266	36.3821	36.4794	36.4813	36.4884	36.4854	36.4427	36.4818	36.4661	36.5036	36.5281	36.5168	36.5245	36.518	36.5208	36.532	36.5052	36.5247	36.5132	36.5133	36.5057	36.5004	36.4862	36.4814	36.4531	36.4443	36.4249	36.4258	36.4115	36.4046	36.4063	36.3914	36.3788	36.3911	36.3681	36.3727	36.3737	36.3535	36.342	36.3464	36.3253	36.3187	36.3221	36.3116	36.2986	36.3025	36.2886	36.2011	36.2603	36.267	36.1742	36.1722	36.2265	36.164	36.1555	36.1754	36.1603	36.1283	36.1179	36.1163	36.1409	36.1038	36.0987	36.1204	36.0721	36.0639	36.0972	36.0868	36.057	36.0708	36.051	36.0496	36.0361	36.0184	36.0154	36.0418	36.0504	36.067	36.0664	36.06	36.0473	36.0569	36.0404	36.0317	36.041	36.0141	36.0147	36.0196	35.9971	35.9901	35.9769	35.9659	35.9694	35.9702	35.9591	35.9561	35.9339	35.9159	35.9071	35.9128
FGC2639_s_1_1_TAGCATAACC-GCTATGCGCA_FGC2639_s_1_2_TAGCATAACC-GCTATGCGCA	36.3504	36.3018	36.4074	36.4102	36.4167	36.418	36.3712	36.4185	36.3934	36.4367	36.4717	36.4617	36.466	36.4625	36.4654	36.4741	36.4451	36.4684	36.4588	36.4577	36.4534	36.4457	36.4284	36.4303	36.3931	36.3846	36.3703	36.3683	36.354	36.3485	36.3479	36.3332	36.3142	36.3277	36.3088	36.3134	36.3079	36.2938	36.2833	36.2906	36.2667	36.2636	36.2655	36.256	36.2419	36.2456	36.2315	36.2113	36.2282	36.2141	36.2064	36.2008	36.195	36.1871	36.1825	36.17	36.1666	36.1595	36.1449	36.1374	36.1479	36.1335	36.127	36.1309	36.0946	36.0917	36.1044	36.0984	36.0863	36.0926	36.0723	36.0676	36.067	36.0518	36.0443	36.0492	36.0315	36.0316	36.023	36.0116	36.0022	36.0094	35.9913	35.985	35.9917	35.9622	35.9602	35.9641	35.9441	35.9325	35.9227	35.9174	35.9182	35.923	35.909	35.9058	35.8811	35.8639	35.849	35.85
FGC2639_s_1_1_TAGTTCGGTA-CCATGTGTAG_FGC2639_s_1_2_TAGTTCGGTA-CCATGTGTAG	36.359	36.344	36.4574	36.4579	36.4734	36.4714	36.4227	36.4702	36.4536	36.4866	36.5195	36.5068	36.515	36.5112	36.5118	36.5225	36.495	36.513	36.5034	36.5026	36.4976	36.4909	36.4741	36.4761	36.4397	36.4308	36.4154	36.4148	36.4048	36.3978	36.3946	36.3822	36.3676	36.3761	36.3568	36.3567	36.3551	36.3377	36.3302	36.3323	36.3173	36.3087	36.3075	36.3003	36.2841	36.2864	36.2742	36.2547	36.2678	36.2532	36.2481	36.2438	36.2378	36.2326	36.2222	36.2107	36.2012	36.1922	36.1821	36.1786	36.1781	36.1703	36.1635	36.1633	36.134	36.1269	36.134	36.1254	36.1115	36.1265	36.1023	36.1008	36.0953	36.0826	36.0762	36.0727	36.0576	36.0521	36.0484	36.0344	36.0268	36.0357	36.0188	36.0132	36.018	35.9884	35.989	35.9833	35.9661	35.9559	35.9474	35.9374	35.944	35.9409	35.9325	35.9255	35.898	35.8811	35.8678	35.8652
FGC2639_s_1_1_TATGCCTTAC-AGACACATTA_FGC2639_s_1_2_TATGCCTTAC-AGACACATTA	36.395	36.3538	36.4579	36.4616	36.4717	36.4672	36.423	36.4721	36.4511	36.4864	36.5154	36.5044	36.5085	36.5045	36.5103	36.5174	36.4916	36.5089	36.4982	36.4973	36.4915	36.4847	36.4708	36.4718	36.4374	36.4267	36.4112	36.4094	36.3952	36.3882	36.3844	36.3727	36.3577	36.369	36.3512	36.3516	36.3474	36.3297	36.318	36.3204	36.3011	36.292	36.2941	36.2909	36.2749	36.2768	36.2672	36.2391	36.2576	36.2426	36.2314	36.2313	36.223	36.2208	36.2154	36.2041	36.196	36.1875	36.1747	36.1651	36.1646	36.1556	36.1451	36.1464	36.1204	36.1163	36.1254	36.1186	36.1037	36.1113	36.081	36.0737	36.0731	36.0572	36.0564	36.0586	36.0461	36.0419	36.0345	36.0185	36.007	36.011	35.9926	35.984	35.9904	35.9591	35.9644	35.964	35.9439	35.9321	35.9216	35.9063	35.9081	35.9059	35.8958	35.8902	35.863	35.849	35.8333	35.8383
FGC2639_s_1_1_TATGTAGTCA-CGCACTAATG_FGC2639_s_1_2_TATGTAGTCA-CGCACTAATG	36.4101	36.3825	36.4802	36.4862	36.4939	36.4894	36.443	36.4904	36.474	36.509	36.5375	36.523	36.5313	36.5234	36.5307	36.5405	36.5121	36.5324	36.5207	36.5215	36.516	36.5102	36.4928	36.4938	36.4619	36.4515	36.4363	36.4367	36.4264	36.4187	36.4198	36.4038	36.3902	36.4009	36.3791	36.383	36.3782	36.3603	36.3515	36.3557	36.3389	36.3319	36.3292	36.3238	36.3101	36.3101	36.3008	36.2724	36.2911	36.2806	36.2604	36.2545	36.256	36.2425	36.2358	36.2335	36.2193	36.2075	36.1988	36.193	36.1994	36.1864	36.1771	36.1814	36.1471	36.1406	36.1592	36.1469	36.1324	36.1443	36.1208	36.1181	36.1151	36.0996	36.0916	36.0948	36.0817	36.0805	36.0754	36.0622	36.0535	36.0603	36.0374	36.0315	36.0374	36.0098	36.0068	36.0101	35.9886	35.9759	35.9666	35.9562	35.956	35.9572	35.9449	35.9398	35.9133	35.8953	35.8796	35.8796
FGC2639_s_1_1_TATTGCGCTC-CTGTGTTAGG_FGC2639_s_1_2_TATTGCGCTC-CTGTGTTAGG	36.4113	36.381	36.4769	36.4756	36.485	36.4856	36.4417	36.4857	36.4706	36.5029	36.5365	36.5213	36.5267	36.5205	36.5243	36.5351	36.512	36.5258	36.5171	36.5157	36.5097	36.5007	36.487	36.4861	36.4558	36.4442	36.43	36.4291	36.416	36.4098	36.4098	36.395	36.3815	36.3902	36.3706	36.3697	36.371	36.3547	36.3437	36.3501	36.332	36.3259	36.3235	36.3151	36.3025	36.3013	36.2902	36.2703	36.283	36.2721	36.2599	36.2598	36.2493	36.2465	36.2445	36.2277	36.2212	36.2121	36.2012	36.1955	36.1942	36.1872	36.1762	36.1803	36.1532	36.1478	36.1536	36.1448	36.1303	36.139	36.1197	36.1141	36.1125	36.0958	36.0881	36.0944	36.0753	36.0734	36.0621	36.051	36.0417	36.0483	36.0286	36.0256	36.032	35.9995	35.9962	36.0001	35.9792	35.9676	35.9565	35.9505	35.9483	35.9489	35.9389	35.9316	35.9035	35.8863	35.8728	35.874
FGC2639_s_1_1_TCAGAAGGCG-GGCCATCATA_FGC2639_s_1_2_TCAGAAGGCG-GGCCATCATA	36.341	36.3034	36.4182	36.4212	36.426	36.4318	36.3774	36.4316	36.406	36.4469	36.4818	36.4667	36.4785	36.469	36.4751	36.4842	36.4592	36.4782	36.4667	36.4658	36.462	36.4574	36.4416	36.4425	36.4091	36.397	36.3807	36.381	36.3667	36.3597	36.3561	36.3487	36.3293	36.3433	36.3259	36.3267	36.3272	36.3102	36.297	36.3036	36.2823	36.2781	36.2767	36.2784	36.2604	36.2635	36.2558	36.2388	36.2513	36.2292	36.2204	36.2256	36.2119	36.213	36.2058	36.1962	36.1941	36.1816	36.176	36.1667	36.1665	36.1623	36.155	36.1515	36.1252	36.1226	36.1316	36.1259	36.1176	36.1236	36.1033	36.0992	36.098	36.0803	36.0755	36.0783	36.063	36.0597	36.0516	36.0406	36.0334	36.0337	36.0196	36.0124	36.0212	35.9932	35.995	35.997	35.9786	35.9709	35.9611	35.9499	35.9519	35.9554	35.944	35.9416	35.9149	35.9009	35.8931	35.891
FGC2639_s_1_1_TCATAGATTG-GATTAAGGTG_FGC2639_s_1_2_TCATAGATTG-GATTAAGGTG	36.3752	36.3457	36.4589	36.4596	36.4687	36.4726	36.4269	36.4716	36.4566	36.4921	36.5264	36.5103	36.5187	36.5179	36.5186	36.5286	36.5031	36.5208	36.5097	36.5092	36.5072	36.5011	36.4852	36.4846	36.453	36.441	36.4288	36.4296	36.4173	36.4116	36.4088	36.3962	36.3808	36.3948	36.3737	36.3773	36.3754	36.3581	36.3506	36.3545	36.3366	36.3317	36.3289	36.3262	36.311	36.3124	36.2994	36.2853	36.2967	36.2842	36.2751	36.2775	36.2637	36.2631	36.2545	36.2429	36.2377	36.2314	36.22	36.2201	36.2185	36.2105	36.2072	36.2086	36.1776	36.1697	36.1789	36.1714	36.1632	36.1733	36.1502	36.15	36.1498	36.1332	36.1264	36.1294	36.1141	36.1117	36.1022	36.0946	36.0857	36.092	36.0769	36.0706	36.0774	36.0469	36.0494	36.0469	36.0315	36.0197	36.0171	36.0041	36.0101	36.0129	36.0045	36.0002	35.9729	35.9564	35.9457	35.9475
FGC2639_s_1_1_TCCATTGCCG-GAATGCACGA_FGC2639_s_1_2_TCCATTGCCG-GAATGCACGA	36.3687	36.3198	36.4268	36.4284	36.4339	36.4307	36.3806	36.4307	36.4051	36.4474	36.4827	36.4701	36.4758	36.4713	36.4783	36.4879	36.4409	36.4768	36.4683	36.4722	36.4634	36.4587	36.4393	36.438	36.404	36.3922	36.3791	36.382	36.3679	36.3584	36.3607	36.3438	36.3246	36.3406	36.3165	36.3186	36.3176	36.2993	36.2916	36.296	36.2751	36.2711	36.27	36.2622	36.2472	36.2461	36.2346	36.177	36.2057	36.2176	36.1806	36.1685	36.1895	36.1588	36.1452	36.167	36.1503	36.1242	36.1003	36.1019	36.1297	36.0856	36.0852	36.1124	36.049	36.0436	36.0776	36.0724	36.032	36.0622	36.031	36.0205	36.0151	35.9998	36	36.0137	36.0108	36.0104	36.001	35.9942	35.9855	35.9946	35.9731	35.9681	35.9738	35.9405	35.94	35.944	35.9138	35.9017	35.8942	35.8808	35.8899	35.8936	35.8722	35.8726	35.838	35.8132	35.8019	35.8
FGC2639_s_1_1_TCTCATGATA-AACACGTGGA_FGC2639_s_1_2_TCTCATGATA-AACACGTGGA	36.3821	36.3625	36.4635	36.4675	36.4875	36.4796	36.4452	36.4882	36.4725	36.5092	36.5413	36.5295	36.5352	36.5301	36.5331	36.5412	36.4937	36.533	36.52	36.521	36.5168	36.5121	36.498	36.4937	36.4673	36.4553	36.44	36.4423	36.4303	36.4237	36.4224	36.4019	36.3926	36.4017	36.3814	36.388	36.3827	36.369	36.3581	36.3577	36.3427	36.3389	36.3378	36.3303	36.3144	36.3185	36.3038	36.2266	36.2746	36.2907	36.2743	36.2566	36.2663	36.2467	36.2373	36.2445	36.2403	36.2186	36.1929	36.1855	36.2054	36.154	36.1599	36.1972	36.1298	36.1281	36.1591	36.1614	36.0996	36.1426	36.0901	36.0805	36.066	36.0532	36.066	36.0897	36.0884	36.0913	36.0886	36.0772	36.0661	36.0734	36.0596	36.0521	36.0555	36.0289	36.0254	36.0287	36.0082	35.9994	35.9866	35.9745	35.977	35.9813	35.9669	35.9618	35.9331	35.9158	35.9035	35.9015
FGC2639_s_1_1_TCTGGTATCC-CGTTGCTTAC_FGC2639_s_1_2_TCTGGTATCC-CGTTGCTTAC	34.9802	35.0678	35.4942	35.6652	35.6871	35.6621	35.6496	35.776	35.7555	35.8081	35.9452	35.9402	35.9319	35.9295	35.941	35.9748	35.6309	35.9565	35.9368	35.956	35.9417	35.9347	35.9095	35.884	35.8671	35.8407	35.8105	35.8304	35.7939	35.7725	35.7801	35.7285	35.7208	35.752	35.7205	35.7283	35.733	35.7108	35.6889	35.7072	35.6514	35.6561	35.6687	35.6415	35.5971	35.61	35.565	35.3533	35.4552	35.6105	35.5134	35.4505	35.5661	35.4844	35.4193	35.4774	35.5263	35.4356	35.3553	35.3697	35.4334	35.2606	35.3103	35.4593	35.2382	35.2737	35.3677	35.4098	35.2246	35.3215	35.2058	35.1693	35.139	35.122	35.1852	35.268	35.2995	35.3269	35.3548	35.3441	35.3273	35.3495	35.3227	35.3076	35.3353	35.292	35.2903	35.3134	35.2872	35.2635	35.2543	35.2352	35.235	35.245	35.2187	35.2125	35.1699	35.1447	35.1233	35.1417
FGC2639_s_1_1_TGATGTAAGA-GTGCGTCCTT_FGC2639_s_1_2_TGATGTAAGA-GTGCGTCCTT	36.3447	36.3231	36.4357	36.4349	36.4452	36.4413	36.4007	36.4489	36.4346	36.4685	36.505	36.4911	36.4953	36.4911	36.4948	36.5037	36.4717	36.4935	36.4835	36.4815	36.4791	36.4741	36.4559	36.4587	36.425	36.4159	36.3988	36.3999	36.3853	36.3764	36.3775	36.3595	36.3483	36.3599	36.343	36.3469	36.3433	36.3271	36.3146	36.3171	36.2984	36.2906	36.2932	36.2921	36.2772	36.2794	36.2731	36.2419	36.261	36.2486	36.2181	36.2229	36.2223	36.212	36.2051	36.1972	36.1965	36.1834	36.1732	36.1677	36.1671	36.1583	36.1525	36.1533	36.1242	36.1212	36.1316	36.1257	36.1176	36.122	36.0973	36.0973	36.0921	36.0773	36.0681	36.0726	36.0645	36.0644	36.0596	36.0477	36.0388	36.042	36.022	36.0167	36.0251	35.9952	35.997	36.0012	35.9877	35.9725	35.9619	35.9495	35.9513	35.9504	35.935	35.9344	35.9082	35.893	35.8789	35.8824
FGC2639_s_1_1_TGATTATACG-GTCGATTACA_FGC2639_s_1_2_TGATTATACG-GTCGATTACA	36.3867	36.3545	36.4522	36.4501	36.4584	36.4519	36.4108	36.4577	36.4366	36.4767	36.5066	36.492	36.5004	36.495	36.4994	36.5074	36.4834	36.4998	36.4894	36.4903	36.4857	36.4803	36.4645	36.4633	36.4309	36.4203	36.4065	36.406	36.3921	36.3858	36.3826	36.3701	36.3507	36.3655	36.3475	36.3511	36.3475	36.33	36.3206	36.322	36.3007	36.2977	36.2975	36.2939	36.2799	36.283	36.272	36.2513	36.2655	36.2484	36.2274	36.2299	36.2262	36.2169	36.2115	36.2046	36.2	36.1868	36.1706	36.1673	36.1724	36.1612	36.1559	36.155	36.1269	36.1235	36.1372	36.1258	36.116	36.1214	36.1007	36.0956	36.0966	36.0782	36.0715	36.0748	36.0626	36.0604	36.0514	36.0421	36.0332	36.0351	36.0136	36.0122	36.0131	35.9859	35.9862	35.99	35.9734	35.958	35.9516	35.936	35.9356	35.9357	35.9271	35.9206	35.8937	35.8795	35.8672	35.8682
FGC2639_s_1_1_TGGTACCTAA-CATGAGTACT_FGC2639_s_1_2_TGGTACCTAA-CATGAGTACT	36.3709	36.3396	36.4376	36.443	36.4538	36.4441	36.4046	36.453	36.4348	36.4742	36.5017	36.4932	36.4946	36.4895	36.4935	36.5053	36.4567	36.496	36.4848	36.4827	36.474	36.4701	36.4563	36.4506	36.4184	36.4083	36.3923	36.3906	36.3794	36.3711	36.3676	36.353	36.3383	36.3503	36.3276	36.3295	36.3244	36.3125	36.2945	36.3008	36.2808	36.2723	36.272	36.2643	36.2485	36.2535	36.2399	36.1788	36.2139	36.2198	36.1543	36.1546	36.1846	36.1387	36.1333	36.1387	36.1264	36.1059	36.0915	36.0865	36.1042	36.0786	36.0665	36.0826	36.0375	36.0326	36.056	36.0458	36.0213	36.0329	36.0156	36.0062	35.9981	35.9789	35.9727	35.985	35.9906	35.9934	35.9894	35.9816	35.9676	35.9734	35.9541	35.941	35.9496	35.9186	35.9139	35.9212	35.8964	35.8856	35.8739	35.8605	35.8595	35.8614	35.8421	35.8324	35.8045	35.7831	35.7683	35.7687
FGC2639_s_1_1_TGTAATCGAC-GATCACCGCG_FGC2639_s_1_2_TGTAATCGAC-GATCACCGCG	36.2682	36.2123	36.3403	36.3462	36.3537	36.3493	36.2977	36.3562	36.3353	36.3765	36.4151	36.4018	36.4091	36.4085	36.4099	36.4203	36.3461	36.4133	36.3981	36.4003	36.3944	36.3824	36.3692	36.3614	36.3277	36.3119	36.2912	36.2975	36.2826	36.2757	36.269	36.2622	36.2381	36.2572	36.2263	36.2336	36.2294	36.2116	36.2074	36.202	36.1841	36.1766	36.1747	36.1681	36.1468	36.1479	36.1383	36.0586	36.1008	36.1185	36.099	36.0999	36.0941	36.0939	36.0731	36.0702	36.061	36.0446	36.0294	36.0222	36.022	35.9997	35.9933	36.0176	35.9646	35.9558	35.9697	35.9721	35.9344	35.9474	35.8955	35.8842	35.8746	35.8651	35.8767	35.8959	35.8829	35.8913	35.8807	35.8691	35.8569	35.8689	35.8482	35.8396	35.8467	35.8107	35.8043	35.8044	35.7812	35.7599	35.7521	35.7399	35.738	35.7425	35.7257	35.7192	35.6824	35.657	35.6331	35.6336
FGC2639_s_1_1_TGTCGCTGGT-TCGTCTGACT_FGC2639_s_1_2_TGTCGCTGGT-TCGTCTGACT	36.3736	36.3452	36.4539	36.4546	36.4642	36.4662	36.4199	36.4661	36.4482	36.4854	36.52	36.5075	36.5131	36.5049	36.5126	36.5206	36.4904	36.5118	36.5022	36.5005	36.4948	36.4916	36.4749	36.4765	36.4435	36.4285	36.4173	36.4159	36.4021	36.3941	36.3935	36.3792	36.3656	36.3778	36.3585	36.3614	36.3604	36.3417	36.334	36.3339	36.3091	36.3092	36.3113	36.3017	36.2861	36.2922	36.2771	36.2428	36.2623	36.2582	36.2399	36.2319	36.2334	36.2262	36.2147	36.2144	36.2139	36.1947	36.1805	36.1764	36.1807	36.1585	36.1557	36.1679	36.1253	36.1219	36.1404	36.1411	36.1169	36.1259	36.0972	36.0942	36.0914	36.077	36.0752	36.0847	36.0754	36.0714	36.0641	36.0552	36.0418	36.0464	36.0294	36.0264	36.0289	36.0049	36.0053	36.0092	35.9907	35.9796	35.9715	35.9582	35.959	35.9652	35.9509	35.9468	35.9239	35.9088	35.8972	35.9012
FGC2639_s_1_1_TTCACGAGAC-AGATTGTTAC_FGC2639_s_1_2_TTCACGAGAC-AGATTGTTAC	35.8217	35.6508	35.9313	36.0004	36.0036	35.992	35.9442	36.0482	36.0268	36.0551	36.1634	36.1516	36.1434	36.1369	36.1499	36.1704	36.1078	36.1613	36.1483	36.1484	36.1461	36.1377	36.1142	36.1179	36.0643	36.0459	36.0182	36.0301	36.0049	35.9939	35.998	35.9744	35.9536	35.9764	35.952	35.9536	35.9527	35.9319	35.912	35.9218	35.8932	35.8774	35.8952	35.8846	35.8657	35.8712	35.8574	35.8185	35.8447	35.8353	35.8202	35.8264	35.8116	35.816	35.8061	35.7874	35.7785	35.7724	35.7572	35.7522	35.7495	35.7367	35.7263	35.7354	35.6857	35.6897	35.7024	35.7008	35.6862	35.6937	35.6529	35.643	35.6484	35.6178	35.6162	35.6228	35.6058	35.6082	35.6065	35.5861	35.58	35.5871	35.5588	35.5557	35.5645	35.5229	35.526	35.5377	35.5092	35.4989	35.48	35.4714	35.4724	35.4766	35.4576	35.4522	35.4145	35.3903	35.3768	35.384
FGC2639_s_1_1_TTCTACATAC-CTAACTGTAA_FGC2639_s_1_2_TTCTACATAC-CTAACTGTAA	36.437	36.3922	36.4876	36.4914	36.4898	36.4952	36.4498	36.4894	36.4711	36.5077	36.5408	36.5276	36.5361	36.529	36.5339	36.5427	36.5149	36.5351	36.5258	36.5256	36.5197	36.517	36.5002	36.5	36.4676	36.4585	36.4494	36.4488	36.4342	36.4301	36.4292	36.4131	36.396	36.4104	36.3918	36.3935	36.3945	36.3783	36.3691	36.3736	36.3536	36.3472	36.3502	36.3454	36.3304	36.3357	36.3214	36.3033	36.3151	36.3035	36.2962	36.2974	36.2857	36.2857	36.2769	36.2612	36.2588	36.2523	36.2423	36.2375	36.239	36.2291	36.2218	36.2256	36.1954	36.1899	36.1991	36.1941	36.1822	36.1939	36.1627	36.1575	36.1579	36.1425	36.1421	36.1432	36.1262	36.1229	36.12	36.1057	36.098	36.1033	36.0882	36.0807	36.0881	36.0554	36.0581	36.0595	36.0396	36.0298	36.0188	36.01	36.0115	36.0167	36.0014	35.9949	35.9743	35.9505	35.9412	35.9436
FGC2639_s_1_1_TTGGAATTCC-ACGTCAATAC_FGC2639_s_1_2_TTGGAATTCC-ACGTCAATAC	35.2277	35.1477	35.5443	35.7342	35.7237	35.7022	35.6615	35.8036	35.793	35.824	35.9671	35.9367	35.9377	35.9374	35.9516	35.9819	35.908	35.9689	35.9588	35.9648	35.955	35.9522	35.9216	35.9222	35.8706	35.8502	35.8148	35.8312	35.8004	35.7931	35.7927	35.7715	35.7442	35.7735	35.7446	35.744	35.7491	35.7192	35.7026	35.71	35.6727	35.6675	35.6817	35.6708	35.6483	35.6667	35.6461	35.6144	35.647	35.6184	35.5985	35.6086	35.5969	35.598	35.5853	35.5777	35.5654	35.5498	35.5308	35.5256	35.5324	35.5132	35.5002	35.5197	35.4595	35.4594	35.4908	35.4772	35.4645	35.4728	35.4321	35.4233	35.4319	35.3972	35.3896	35.4032	35.3772	35.3803	35.3809	35.3589	35.3347	35.3545	35.3187	35.3066	35.3337	35.2774	35.2837	35.2944	35.2655	35.2415	35.2272	35.2015	35.2054	35.2144	35.1869	35.1857	35.1385	35.1132	35.0831	35.0973
FGC2639_s_2_1_AACATCGCGC-GTCCACTTGT_FGC2639_s_2_2_AACATCGCGC-GTCCACTTGT	36.0686	36.0385	36.201	36.2084	36.2394	36.248	36.185	36.2572	36.247	36.2779	36.3231	36.3128	36.3135	36.3179	36.3304	36.327	36.3008	36.3237	36.3329	36.3256	36.308	36.3073	36.2853	36.2742	36.2397	36.2189	36.2204	36.2236	36.198	36.1894	36.1911	36.1665	36.165	36.1638	36.1563	36.1442	36.1455	36.1315	36.1176	36.1246	36.1171	36.101	36.1096	36.0802	36.0845	36.0732	36.0629	36.0142	36.0418	36.0392	36.0273	36.0402	36.0204	36.0048	36.0101	35.9938	36.003	35.9899	35.9739	35.9719	35.9667	35.9478	35.9423	35.9489	35.921	35.9145	35.9201	35.906	35.8949	35.8993	35.8777	35.8738	35.8574	35.8528	35.8626	35.857	35.8476	35.8361	35.8319	35.8229	35.8088	35.8191	35.8062	35.7875	35.786	35.778	35.7665	35.7498	35.7327	35.7186	35.718	35.7078	35.6919	35.677	35.6634	35.6596	35.6284	35.6322	35.6155	35.6066
FGC2639_s_2_1_AACCATAGAA-GGCGAGATGG_FGC2639_s_2_2_AACCATAGAA-GGCGAGATGG	36.1724	36.152	36.2901	36.2989	36.3269	36.3424	36.2818	36.3355	36.3363	36.3672	36.3973	36.3886	36.3938	36.3971	36.4058	36.4086	36.3706	36.4042	36.4061	36.3991	36.3878	36.3836	36.367	36.36	36.3285	36.3095	36.3138	36.3113	36.2896	36.2816	36.2853	36.2594	36.2612	36.264	36.2523	36.2441	36.2487	36.2322	36.2208	36.2231	36.2141	36.1938	36.207	36.1857	36.1852	36.1765	36.1644	36.1056	36.1075	36.1424	36.1122	36.1055	36.1129	36.0705	36.0784	36.0887	36.0931	36.0691	36.0424	36.0386	36.055	36.0124	36.0086	36.0371	35.9944	35.9895	36.0135	35.9999	35.9743	35.9835	35.9657	35.9497	35.9379	35.9304	35.9429	35.9542	35.9538	35.9483	35.9452	35.938	35.9238	35.9298	35.915	35.896	35.8986	35.892	35.885	35.8697	35.8584	35.845	35.8395	35.8334	35.8073	35.8021	35.7832	35.7844	35.7623	35.7646	35.7542	35.75
FGC2639_s_2_1_ACAGTGTATG-GAACATACGG_FGC2639_s_2_2_ACAGTGTATG-GAACATACGG	36.2042	36.1862	36.3219	36.3339	36.3609	36.3701	36.3097	36.3686	36.3582	36.3978	36.4304	36.4149	36.4166	36.4231	36.4296	36.4318	36.4176	36.4297	36.4353	36.4291	36.416	36.408	36.3892	36.385	36.3565	36.3427	36.3391	36.3389	36.3167	36.3096	36.3119	36.2906	36.2853	36.285	36.2716	36.265	36.2698	36.2494	36.2419	36.2484	36.2368	36.2189	36.2271	36.2043	36.2008	36.1989	36.1833	36.1477	36.1623	36.1565	36.1421	36.1508	36.1351	36.1176	36.1244	36.113	36.1195	36.1091	36.0897	36.0827	36.0795	36.0592	36.0536	36.0604	36.0354	36.0262	36.0353	36.0208	36.0118	36.0091	35.9956	35.9896	35.9749	35.9676	35.9732	35.9695	35.9605	35.9451	35.946	35.9367	35.9182	35.9303	35.9163	35.8926	35.8979	35.89	35.8791	35.8625	35.848	35.8386	35.8346	35.8241	35.8034	35.7943	35.7766	35.7783	35.749	35.7533	35.7423	35.7387
FGC2639_s_2_1_ACATATCCAG-TATGTGCAAT_FGC2639_s_2_2_ACATATCCAG-TATGTGCAAT	35.9465	35.8617	36.0639	36.1073	36.1302	36.1473	36.0617	36.138	36.14	36.169	36.2333	36.2182	36.2209	36.223	36.233	36.2382	36.2224	36.234	36.2437	36.2355	36.216	36.2156	36.1934	36.1848	36.1464	36.1231	36.1219	36.1237	36.0935	36.0875	36.093	36.0631	36.0639	36.0627	36.0517	36.042	36.0459	36.0224	36.0149	36.019	36.0093	35.9885	36.0034	35.9729	35.9791	35.9754	35.9583	35.9314	35.9448	35.9303	35.9155	35.9378	35.9044	35.8967	35.9078	35.8851	35.8908	35.8878	35.8728	35.8683	35.8567	35.844	35.8384	35.837	35.8202	35.8108	35.818	35.7912	35.8014	35.7916	35.7784	35.7744	35.7642	35.7528	35.7553	35.7496	35.7311	35.7207	35.7149	35.7049	35.6886	35.6971	35.6837	35.6556	35.6623	35.6489	35.6424	35.6253	35.608	35.5944	35.5996	35.5833	35.5588	35.5517	35.5334	35.5373	35.506	35.5131	35.4983	35.499
FGC2639_s_2_1_ACCACGACAT-TCGTATGCGG_FGC2639_s_2_2_ACCACGACAT-TCGTATGCGG	36.2172	36.1876	36.3203	36.327	36.3453	36.3683	36.3033	36.3592	36.3549	36.3891	36.419	36.4072	36.4192	36.4188	36.4255	36.43	36.413	36.4224	36.4295	36.4213	36.4092	36.4064	36.3865	36.3824	36.3526	36.3344	36.3349	36.3348	36.3131	36.3067	36.309	36.288	36.2833	36.2865	36.2775	36.2668	36.2719	36.2556	36.2471	36.2531	36.2451	36.2251	36.2373	36.2099	36.2112	36.2066	36.1941	36.1589	36.1779	36.1719	36.1628	36.174	36.1489	36.1424	36.1516	36.1318	36.1343	36.1301	36.1139	36.1123	36.1037	36.0881	36.0818	36.089	36.0683	36.0595	36.0641	36.0495	36.0421	36.0437	36.0241	36.0172	36.0144	36.0031	36.0137	36.0087	35.9977	35.9878	35.987	35.9786	35.9654	35.9716	35.9609	35.9445	35.9471	35.9378	35.9283	35.9185	35.9045	35.8924	35.892	35.8814	35.8615	35.8622	35.8461	35.8472	35.8247	35.8207	35.8154	35.8141
FGC2639_s_2_1_ACCGGCCGTA-TGGCAATATT_FGC2639_s_2_2_ACCGGCCGTA-TGGCAATATT	36.2579	36.251	36.365	36.37	36.3891	36.4027	36.3435	36.3961	36.3903	36.4235	36.4491	36.4378	36.4419	36.4447	36.4525	36.4542	36.4327	36.4522	36.4561	36.4499	36.439	36.4329	36.4176	36.4095	36.3832	36.367	36.3628	36.3623	36.342	36.3358	36.3371	36.3144	36.3111	36.3099	36.3033	36.2927	36.2965	36.2804	36.2702	36.2746	36.2639	36.2485	36.2552	36.2314	36.2305	36.226	36.2113	36.1594	36.1928	36.1896	36.166	36.1667	36.163	36.1388	36.138	36.1412	36.1464	36.1271	36.1064	36.1011	36.1083	36.0742	36.0711	36.0931	36.057	36.0493	36.0692	36.0549	36.0321	36.0383	36.0204	36.0112	35.9954	35.9932	36.0012	36.0089	36.0043	35.9947	35.9937	35.9875	35.9727	35.9768	35.9663	35.9469	35.9492	35.9419	35.9354	35.9217	35.9104	35.8956	35.8923	35.885	35.8641	35.8572	35.8434	35.8434	35.8232	35.8247	35.8161	35.8143
FGC2639_s_2_1_ACCGTTACAA-CTCATAGCGA_FGC2639_s_2_2_ACCGTTACAA-CTCATAGCGA	36.2423	36.2169	36.3448	36.3577	36.3771	36.393	36.3365	36.3896	36.3848	36.417	36.4522	36.4385	36.4435	36.445	36.4507	36.4528	36.4401	36.4523	36.4553	36.4469	36.4346	36.4347	36.4145	36.4072	36.3853	36.3657	36.3622	36.3649	36.3409	36.3379	36.3411	36.32	36.3135	36.3183	36.3087	36.3021	36.3033	36.2865	36.2804	36.2816	36.2727	36.2571	36.2696	36.2418	36.2427	36.2359	36.2224	36.1904	36.2066	36.2042	36.1823	36.1934	36.1834	36.165	36.1665	36.1619	36.1609	36.1503	36.138	36.137	36.1331	36.1219	36.1131	36.1156	36.0996	36.0901	36.1003	36.0803	36.0788	36.0743	36.0661	36.0617	36.052	36.0466	36.0477	36.0463	36.0375	36.0247	36.023	36.0181	36.0004	36.0116	36.0003	35.982	35.9888	35.976	35.9684	35.9507	35.9449	35.9286	35.9269	35.9188	35.9007	35.9013	35.8828	35.8863	35.859	35.8571	35.8507	35.8523
FGC2639_s_2_1_ACGCCTTGTT-TAAGGAACGT_FGC2639_s_2_2_ACGCCTTGTT-TAAGGAACGT	36.2081	36.1842	36.3209	36.3339	36.3518	36.3684	36.3043	36.3618	36.3521	36.3896	36.4261	36.4116	36.4179	36.4221	36.4285	36.4297	36.399	36.4259	36.4324	36.4233	36.4089	36.4082	36.3854	36.3783	36.3521	36.3349	36.3326	36.3325	36.3115	36.3038	36.3054	36.283	36.2769	36.2773	36.268	36.2574	36.2577	36.2424	36.228	36.2304	36.2227	36.211	36.2165	36.1926	36.1927	36.1902	36.1731	36.1159	36.1467	36.1492	36.1368	36.1441	36.1286	36.1157	36.1186	36.1021	36.1092	36.0987	36.0804	36.0724	36.0707	36.0428	36.0415	36.0545	36.0213	36.0132	36.0251	36.0124	35.9905	35.9998	35.9706	35.9588	35.9458	35.9417	35.9537	35.9557	35.9532	35.9407	35.9384	35.9297	35.9175	35.9252	35.9111	35.8907	35.8923	35.884	35.8711	35.8558	35.8435	35.8312	35.827	35.819	35.799	35.7921	35.7782	35.7782	35.7523	35.7505	35.7366	35.738
FGC2639_s_2_1_ACGGTCAGGA-CGGCCTCGTT_FGC2639_s_2_2_ACGGTCAGGA-CGGCCTCGTT	36.1878	36.186	36.3193	36.3332	36.3644	36.3774	36.3229	36.3787	36.3765	36.4038	36.4405	36.4278	36.4346	36.4344	36.4412	36.4404	36.4269	36.44	36.4436	36.4363	36.4269	36.4191	36.4014	36.3961	36.371	36.3548	36.3526	36.3517	36.3292	36.3282	36.3275	36.3052	36.3013	36.3027	36.2944	36.2855	36.2899	36.2708	36.264	36.266	36.257	36.2408	36.247	36.2277	36.2255	36.2205	36.2144	36.1788	36.1929	36.1859	36.1623	36.1747	36.1616	36.1433	36.1521	36.1333	36.1433	36.1364	36.1223	36.1159	36.1121	36.0995	36.0941	36.0944	36.0796	36.0699	36.0747	36.0569	36.0599	36.0555	36.0418	36.0364	36.0287	36.0149	36.0195	36.0184	36.0105	36	36.001	35.9947	35.9784	35.9877	35.9741	35.9531	35.9574	35.9484	35.9413	35.9303	35.9182	35.9076	35.9038	35.8959	35.8781	35.8696	35.8602	35.8556	35.8388	35.8343	35.8247	35.8243
FGC2639_s_2_1_ACTCGGCAAT-GACAACTGAA_FGC2639_s_2_2_ACTCGGCAAT-GACAACTGAA	36.2909	36.281	36.3969	36.4056	36.4254	36.438	36.3876	36.4283	36.4202	36.4546	36.4789	36.4719	36.4771	36.4795	36.4822	36.4849	36.4723	36.484	36.4882	36.4833	36.4704	36.464	36.4461	36.4406	36.414	36.3983	36.3962	36.393	36.3731	36.3699	36.3708	36.3476	36.3466	36.3433	36.3313	36.326	36.3243	36.3102	36.2997	36.3016	36.2928	36.2754	36.2819	36.2584	36.2594	36.2539	36.239	36.1929	36.2148	36.2137	36.2014	36.2074	36.1919	36.1834	36.1854	36.1721	36.1714	36.165	36.1481	36.1387	36.1283	36.1126	36.1037	36.1129	36.0921	36.0817	36.0872	36.0747	36.0606	36.0563	36.0389	36.0283	36.0212	36.0163	36.0246	36.0222	36.0169	36.0044	36.0009	35.9943	35.9808	35.9856	35.9732	35.9548	35.9556	35.9485	35.9375	35.9284	35.9149	35.904	35.8986	35.8944	35.8745	35.8639	35.8522	35.8523	35.8296	35.8316	35.8272	35.8212
FGC2639_s_2_1_ACTCTATTGT-ATCGCATATG_FGC2639_s_2_2_ACTCTATTGT-ATCGCATATG	36.2845	36.2682	36.382	36.394	36.4062	36.4206	36.3629	36.4103	36.409	36.4427	36.4695	36.4573	36.4655	36.4634	36.4724	36.4735	36.4615	36.4716	36.4781	36.4678	36.458	36.4545	36.4324	36.4284	36.4026	36.3876	36.3839	36.3834	36.3632	36.3598	36.3622	36.335	36.3335	36.3316	36.3228	36.3109	36.3151	36.3018	36.2901	36.2953	36.2859	36.2692	36.2775	36.2528	36.2491	36.2456	36.2299	36.1976	36.2128	36.2082	36.1986	36.2061	36.1878	36.1759	36.1793	36.1647	36.1633	36.1569	36.143	36.1414	36.1355	36.1197	36.1097	36.1151	36.0898	36.0811	36.0856	36.0748	36.0615	36.0634	36.0456	36.0386	36.029	36.0229	36.0255	36.0192	36.0104	35.9955	35.9981	35.9883	35.9727	35.9854	35.9725	35.9526	35.9502	35.9399	35.9316	35.9202	35.8969	35.8901	35.8846	35.8799	35.8643	35.8554	35.8396	35.8334	35.8139	35.8086	35.7958	35.7945
FGC2639_s_2_1_ACTGGATCTA-TCGCCGCTAG_FGC2639_s_2_2_ACTGGATCTA-TCGCCGCTAG	36.1407	36.1565	36.3	36.3216	36.3584	36.3682	36.3083	36.3682	36.3655	36.3997	36.4286	36.42	36.4217	36.4222	36.4282	36.4294	36.389	36.4292	36.4325	36.4248	36.4127	36.405	36.3851	36.378	36.3506	36.3379	36.3314	36.3324	36.3116	36.3048	36.3078	36.2814	36.2832	36.2806	36.2667	36.256	36.2567	36.2446	36.236	36.2389	36.2344	36.2155	36.2206	36.1932	36.1971	36.1871	36.1718	36.0979	36.1394	36.1542	36.1019	36.091	36.1221	36.0664	36.0653	36.0884	36.0864	36.0498	36.0293	36.0295	36.0502	36.0088	36.0025	36.037	35.9838	35.976	36.0036	35.9833	35.9577	35.967	35.9533	35.9472	35.925	35.9219	35.9325	35.9408	35.9423	35.9351	35.9425	35.9333	35.9217	35.9303	35.9188	35.9034	35.9034	35.8924	35.8811	35.8641	35.8479	35.8417	35.835	35.8299	35.8153	35.8029	35.7883	35.7864	35.7565	35.7572	35.742	35.7395
FGC2639_s_2_1_ACTTCAAGCG-GAACCATGAA_FGC2639_s_2_2_ACTTCAAGCG-GAACCATGAA	36.2345	36.2208	36.3528	36.3669	36.3827	36.4008	36.3407	36.3878	36.3798	36.4149	36.4501	36.4339	36.4397	36.4471	36.447	36.4491	36.4413	36.4476	36.4528	36.4498	36.4365	36.4323	36.4156	36.4105	36.3809	36.3662	36.3635	36.3623	36.3435	36.339	36.3396	36.3214	36.3187	36.3182	36.307	36.2986	36.2985	36.2818	36.2732	36.2778	36.2711	36.254	36.259	36.2386	36.2387	36.2344	36.226	36.2049	36.2122	36.1974	36.1885	36.1979	36.1796	36.1723	36.1817	36.1607	36.1641	36.1557	36.1473	36.141	36.1334	36.1275	36.1146	36.1139	36.1013	36.0926	36.0969	36.0785	36.0839	36.0764	36.066	36.0609	36.0526	36.0395	36.0428	36.0384	36.0259	36.0161	36.0159	36.0042	35.9899	35.9992	35.9881	35.9656	35.9701	35.9639	35.9494	35.9425	35.9299	35.9221	35.9118	35.9143	35.8906	35.8844	35.8713	35.8759	35.8517	35.8524	35.8432	35.8454
FGC2639_s_2_1_AGAGGCAACC-CTAATGATGG_FGC2639_s_2_2_AGAGGCAACC-CTAATGATGG	36.3027	36.255	36.3657	36.388	36.425	36.393	36.3231	36.375	36.3854	36.4374	36.4269	36.4223	36.422	36.4281	36.4243	36.4082	36.3525	36.4259	36.4307	36.4324	36.4029	36.4016	36.3833	36.3753	36.34	36.3161	36.3452	36.3449	36.354	36.3314	36.3406	36.3147	36.321	36.3152	36.3103	36.318	36.3071	36.3075	36.2966	36.3227	36.3073	36.2871	36.2942	36.2666	36.2874	36.2627	36.263	35.9655	36.1476	36.2751	36.1449	36.0455	36.2527	36.1305	36.0419	36.2002	36.2455	36.0832	36.0471	36.0365	36.1297	35.9602	36.001	36.1868	35.9521	35.9517	36.0614	36.1454	35.8974	36.0144	35.9195	35.8977	35.8721	35.915	36.002	36.0886	36.1391	36.1545	36.1645	36.1685	36.1656	36.1583	36.1649	36.162	36.1761	36.1654	36.1726	36.1639	36.1593	36.1513	36.1447	36.1489	36.1313	36.1102	36.1226	36.1267	36.1048	36.0784	36.0948	36.0789
FGC2639_s_2_1_AGGTCAGATA-CTACAAGATA_FGC2639_s_2_2_AGGTCAGATA-CTACAAGATA	36.2525	36.2613	36.3983	36.4011	36.4301	36.4491	36.3858	36.4384	36.4292	36.4673	36.4959	36.4876	36.4925	36.49	36.4968	36.5006	36.4834	36.4992	36.5029	36.5011	36.4882	36.4825	36.4649	36.4605	36.4413	36.4233	36.4219	36.4219	36.4009	36.3934	36.3946	36.3728	36.3722	36.3712	36.3614	36.355	36.3555	36.3372	36.3325	36.3324	36.3278	36.312	36.3168	36.2951	36.2964	36.289	36.2771	36.2178	36.25	36.2546	36.2376	36.2328	36.2328	36.2098	36.2097	36.2091	36.2149	36.1893	36.1772	36.1698	36.1757	36.1347	36.1358	36.1613	36.1178	36.114	36.1309	36.1251	36.0903	36.0995	36.0766	36.0688	36.0555	36.0517	36.0678	36.0723	36.0706	36.0597	36.0602	36.0546	36.0393	36.0503	36.0376	36.0217	36.0246	36.0143	36.0061	35.9918	35.9821	35.9723	35.9686	35.9595	35.9405	35.9373	35.9236	35.925	35.8955	35.9016	35.8953	35.8903
FGC2639_s_2_1_AGTCAGACGA-ACCAGCGACA_FGC2639_s_2_2_AGTCAGACGA-ACCAGCGACA	36.2771	36.2409	36.379	36.3876	36.4073	36.4322	36.3568	36.4122	36.4075	36.4432	36.4763	36.4658	36.4761	36.4713	36.4779	36.4772	36.4686	36.4783	36.483	36.4758	36.4668	36.4608	36.4418	36.4375	36.414	36.3945	36.3968	36.3985	36.3711	36.3677	36.3698	36.3453	36.3433	36.3456	36.3342	36.3275	36.3292	36.3131	36.3056	36.3078	36.2979	36.2844	36.2926	36.2717	36.269	36.2693	36.2512	36.2118	36.2265	36.226	36.1955	36.201	36.1985	36.1727	36.1775	36.1631	36.1651	36.1603	36.1406	36.1407	36.1398	36.1198	36.1152	36.1181	36.1046	36.0948	36.1001	36.086	36.081	36.0783	36.0618	36.0606	36.0473	36.0376	36.0455	36.041	36.039	36.0338	36.0355	36.0271	36.0162	36.0197	36.0103	35.9885	35.993	35.9809	35.9765	35.967	35.9533	35.9427	35.9389	35.9282	35.9129	35.9072	35.892	35.8962	35.874	35.8724	35.8669	35.8653
FGC2639_s_2_1_AGTGTTGCAC-CTGGTACACG_FGC2639_s_2_2_AGTGTTGCAC-CTGGTACACG	36.3011	36.2426	36.3571	36.3785	36.3819	36.3959	36.3368	36.3865	36.3858	36.4239	36.448	36.4365	36.4449	36.4424	36.4477	36.4521	36.4323	36.4497	36.4549	36.4493	36.4345	36.4321	36.4113	36.4032	36.3768	36.3628	36.3612	36.3602	36.3384	36.3324	36.3377	36.3081	36.3039	36.3079	36.2953	36.2846	36.2871	36.2762	36.2614	36.2683	36.2636	36.2409	36.2559	36.224	36.2272	36.2181	36.2034	36.1493	36.1783	36.1825	36.1717	36.178	36.1633	36.1494	36.1517	36.135	36.1409	36.133	36.1161	36.1068	36.1025	36.078	36.0746	36.0886	36.0579	36.0481	36.0587	36.0468	36.0247	36.0325	36.0029	35.9919	35.9821	35.9758	35.9873	35.9924	35.9863	35.9803	35.9798	35.9674	35.9555	35.9625	35.9502	35.9323	35.9347	35.9244	35.9195	35.905	35.8897	35.8807	35.8805	35.8693	35.8538	35.8529	35.835	35.8323	35.8124	35.8138	35.7999	35.8046
FGC2639_s_2_1_ATGGTTGACT-GGCCTGTCCT_FGC2639_s_2_2_ATGGTTGACT-GGCCTGTCCT	36.0895	36.0377	36.1987	36.2177	36.2386	36.2524	36.1916	36.2585	36.2513	36.2824	36.3272	36.3147	36.3179	36.3206	36.3281	36.3308	36.3135	36.3266	36.3344	36.3268	36.3093	36.3069	36.2854	36.275	36.2396	36.2261	36.2207	36.2253	36.1966	36.1917	36.1922	36.167	36.1614	36.1634	36.1574	36.1445	36.1501	36.131	36.1198	36.1213	36.1141	36.0889	36.1048	36.0782	36.0803	36.0734	36.0607	36.0351	36.0497	36.0354	36.0236	36.0379	36.0114	36.0039	36.0162	35.9954	35.9967	35.9994	35.9829	35.9757	35.9656	35.9517	35.9421	35.9421	35.9279	35.9232	35.9281	35.9044	35.9097	35.9023	35.8894	35.8789	35.8707	35.8589	35.8611	35.8529	35.8457	35.8346	35.8358	35.8197	35.8047	35.8129	35.7948	35.7772	35.7767	35.7645	35.7579	35.7455	35.7276	35.7173	35.7126	35.7046	35.6787	35.6655	35.6548	35.6499	35.6212	35.6232	35.613	35.6175
FGC2639_s_2_1_ATTCCATAAG-TGCCTGGTGG_FGC2639_s_2_2_ATTCCATAAG-TGCCTGGTGG	36.1942	36.1825	36.3251	36.3318	36.3636	36.3798	36.3168	36.3771	36.3699	36.4026	36.4335	36.4213	36.4297	36.4278	36.4367	36.4372	36.416	36.4328	36.4357	36.4319	36.4177	36.4115	36.3911	36.3888	36.3539	36.3379	36.3345	36.3363	36.3126	36.3069	36.3113	36.2872	36.2838	36.2878	36.2762	36.2636	36.2642	36.2532	36.2373	36.2459	36.231	36.219	36.2279	36.2042	36.2063	36.1967	36.1827	36.1436	36.1509	36.1516	36.1425	36.1482	36.1372	36.1262	36.1308	36.1154	36.1161	36.1064	36.0865	36.0793	36.0729	36.0583	36.0529	36.0581	36.0441	36.0307	36.0413	36.0231	36.0078	36.0084	35.9886	35.9779	35.9674	35.9597	35.9722	35.9704	35.9618	35.9493	35.9461	35.9341	35.9181	35.9234	35.9053	35.8934	35.8938	35.8849	35.8812	35.8665	35.8461	35.8327	35.829	35.8164	35.7938	35.7869	35.7761	35.7771	35.7523	35.7539	35.7439	35.7363
FGC2639_s_2_1_CAATCGGCTG-GCTGTAGGAA_FGC2639_s_2_2_CAATCGGCTG-GCTGTAGGAA	36.2254	36.2005	36.3114	36.3247	36.3326	36.3549	36.2946	36.3463	36.3332	36.3746	36.4028	36.3891	36.3977	36.4013	36.4048	36.4073	36.3876	36.404	36.4117	36.4076	36.3912	36.3876	36.3684	36.3623	36.3326	36.3193	36.3129	36.3156	36.2884	36.2841	36.2875	36.2623	36.2558	36.2591	36.2529	36.2399	36.2439	36.2266	36.2163	36.2215	36.2108	36.1928	36.2025	36.1814	36.1792	36.1711	36.159	36.1152	36.1341	36.1367	36.1197	36.1302	36.1132	36.1016	36.1076	36.0961	36.101	36.0916	36.0704	36.0624	36.06	36.0344	36.0276	36.0437	36.0172	36.0076	36.0207	36.0096	35.9862	35.9946	35.9696	35.9593	35.9479	35.9436	35.9487	35.9515	35.9458	35.9334	35.9324	35.9214	35.907	35.9133	35.8996	35.8803	35.8818	35.87	35.8659	35.8526	35.8369	35.8228	35.8206	35.8123	35.7859	35.7814	35.7623	35.7604	35.7425	35.7396	35.7284	35.7321
FGC2639_s_2_1_CACAATAGGA-TCCATCCGAG_FGC2639_s_2_2_CACAATAGGA-TCCATCCGAG	36.2384	36.2102	36.3426	36.3583	36.3747	36.3921	36.3259	36.3764	36.3756	36.4111	36.4374	36.4215	36.4345	36.4368	36.441	36.4441	36.4314	36.439	36.4448	36.4364	36.425	36.4211	36.3984	36.3955	36.3661	36.3487	36.3478	36.3486	36.3283	36.3194	36.3217	36.3019	36.2974	36.2949	36.2844	36.2758	36.2772	36.2583	36.2518	36.2572	36.2512	36.2353	36.2425	36.2156	36.2145	36.2106	36.1967	36.1671	36.183	36.1702	36.1555	36.1634	36.1531	36.1318	36.1341	36.1224	36.1203	36.1163	36.0995	36.1	36.0942	36.0812	36.0716	36.0706	36.056	36.0406	36.0443	36.0286	36.027	36.0183	36.0103	36.01	35.9959	35.9868	35.9846	35.9757	35.9628	35.9501	35.9511	35.9392	35.928	35.9341	35.9204	35.9049	35.8983	35.89	35.8718	35.8628	35.8449	35.8345	35.8256	35.8203	35.7973	35.7897	35.7738	35.7718	35.7454	35.7452	35.7313	35.7305
FGC2639_s_2_1_CAGCCGCGTA-ACTAGCCGTG_FGC2639_s_2_2_CAGCCGCGTA-ACTAGCCGTG	36.2459	36.2149	36.3289	36.3461	36.3579	36.3719	36.3049	36.361	36.3568	36.3908	36.4237	36.4094	36.4121	36.4177	36.423	36.4256	36.4146	36.4242	36.43	36.4217	36.4062	36.4032	36.3836	36.3753	36.3461	36.3307	36.3296	36.331	36.3094	36.3056	36.304	36.2876	36.2779	36.28	36.269	36.2608	36.2625	36.2482	36.2431	36.2438	36.239	36.2196	36.225	36.2033	36.203	36.1931	36.1796	36.1585	36.1698	36.1591	36.1504	36.1594	36.1453	36.1315	36.1315	36.12	36.1214	36.1131	36.1011	36.1007	36.093	36.0865	36.0727	36.0719	36.0606	36.0468	36.0549	36.0331	36.0408	36.0297	36.0268	36.0217	36.0099	36.0053	36.0086	35.9966	35.9858	35.973	35.9734	35.9619	35.9498	35.9624	35.9528	35.9354	35.9329	35.922	35.9142	35.8946	35.8872	35.8724	35.8727	35.8661	35.8501	35.8463	35.8331	35.8345	35.8069	35.8049	35.7933	35.7932
FGC2639_s_2_1_CAGTGGCACT-TAACAATAGG_FGC2639_s_2_2_CAGTGGCACT-TAACAATAGG	36.2048	36.2097	36.351	36.3507	36.3776	36.3935	36.3317	36.3863	36.3844	36.4184	36.4475	36.4379	36.445	36.4467	36.4558	36.4593	36.4467	36.4573	36.4592	36.4533	36.4429	36.4372	36.417	36.4149	36.3879	36.3704	36.3711	36.3684	36.3493	36.3467	36.3443	36.3223	36.3202	36.3165	36.3094	36.2988	36.3016	36.2879	36.2773	36.2819	36.275	36.2585	36.2632	36.2416	36.2406	36.2368	36.2225	36.2001	36.2091	36.1975	36.1895	36.2017	36.1817	36.1716	36.1733	36.1592	36.1666	36.1533	36.1443	36.1388	36.1342	36.1206	36.1166	36.1132	36.0999	36.0883	36.0929	36.0735	36.0738	36.0755	36.0582	36.0558	36.0446	36.04	36.0393	36.0346	36.0269	36.0145	36.0101	36.0013	35.9915	35.9957	35.9882	35.9673	35.9695	35.9595	35.9515	35.9393	35.9254	35.9197	35.9156	35.909	35.894	35.885	35.8724	35.8773	35.8489	35.8508	35.8432	35.8365
FGC2639_s_2_1_CATTAGTGCG-TGACTACATA_FGC2639_s_2_2_CATTAGTGCG-TGACTACATA	36.1728	36.159	36.3021	36.3086	36.34	36.3482	36.2891	36.3472	36.3416	36.3714	36.4079	36.3959	36.3991	36.3994	36.4085	36.4074	36.3968	36.4092	36.4121	36.4063	36.3906	36.388	36.3681	36.3611	36.3318	36.3164	36.3121	36.3135	36.2896	36.2828	36.2857	36.263	36.2589	36.2624	36.2513	36.2388	36.243	36.2247	36.2143	36.2167	36.2082	36.1892	36.2008	36.1765	36.1795	36.1712	36.1608	36.1312	36.1421	36.1325	36.1114	36.1223	36.1117	36.0914	36.1014	36.0864	36.0912	36.0828	36.0674	36.0625	36.0553	36.0433	36.0328	36.0337	36.0203	36.0093	36.0156	35.9981	36.0004	35.9918	35.9809	35.9723	35.9643	35.9533	35.9561	35.9469	35.9426	35.9313	35.933	35.919	35.9051	35.9152	35.8985	35.8755	35.8776	35.8732	35.8656	35.8516	35.8363	35.8297	35.8212	35.8138	35.7932	35.784	35.7692	35.7686	35.7438	35.7478	35.7347	35.7368
FGC2639_s_2_1_CCACCAGGCA-CTTATGGAAT_FGC2639_s_2_2_CCACCAGGCA-CTTATGGAAT	36.2129	36.1878	36.2981	36.3085	36.3273	36.3447	36.2779	36.3277	36.3251	36.3564	36.3908	36.3776	36.386	36.3866	36.3897	36.394	36.3762	36.3926	36.397	36.3876	36.3749	36.369	36.3504	36.3424	36.3137	36.2925	36.2902	36.29	36.2692	36.2628	36.264	36.241	36.2348	36.238	36.2296	36.2161	36.2193	36.2042	36.1935	36.1947	36.1855	36.1668	36.1763	36.1537	36.1494	36.1497	36.136	36.0974	36.1165	36.1079	36.087	36.094	36.0892	36.0637	36.0675	36.0582	36.0582	36.0481	36.0346	36.0306	36.0293	36.0124	36.0008	36.0067	35.9847	35.9768	35.9878	35.963	35.9646	35.9549	35.9476	35.9431	35.9285	35.923	35.9253	35.9211	35.9126	35.8994	35.8984	35.8914	35.8733	35.8818	35.8686	35.8448	35.8502	35.8405	35.8289	35.8149	35.7977	35.7864	35.7831	35.7697	35.7515	35.7464	35.7265	35.7232	35.6994	35.7002	35.6842	35.6854
FGC2639_s_2_1_CCATCATTAG-GGTTGCCTCT_FGC2639_s_2_2_CCATCATTAG-GGTTGCCTCT	36.0787	36.0148	36.1761	36.2046	36.2252	36.24	36.175	36.2419	36.2351	36.2591	36.312	36.3002	36.3022	36.3061	36.3125	36.317	36.2984	36.3092	36.3207	36.3084	36.2921	36.2919	36.2658	36.2628	36.2251	36.2028	36.2035	36.2061	36.1793	36.1727	36.1728	36.1481	36.1458	36.1478	36.1369	36.1245	36.1286	36.1083	36.0956	36.0982	36.088	36.0654	36.079	36.0536	36.0558	36.0494	36.0374	36.0106	36.0223	36.0097	35.9983	36.0099	35.9847	35.9744	35.987	35.9684	35.9666	35.9641	35.9469	35.9444	35.9309	35.9214	35.9096	35.9133	35.8941	35.8867	35.8888	35.8659	35.8712	35.8653	35.8494	35.8458	35.8312	35.8173	35.8223	35.8135	35.804	35.7879	35.7902	35.7693	35.7649	35.7699	35.7503	35.7344	35.7272	35.7207	35.7104	35.6951	35.6735	35.6657	35.6626	35.6481	35.6253	35.6154	35.5974	35.5952	35.5616	35.5652	35.5495	35.5526
FGC2639_s_2_1_CCATCTCGCC-TTCTATGGTT_FGC2639_s_2_2_CCATCTCGCC-TTCTATGGTT	35.6272	35.5373	35.818	35.9149	35.9175	35.9305	35.8631	35.9608	35.9595	35.9756	36.0741	36.0606	36.0673	36.0751	36.083	36.0903	36.0711	36.091	36.0996	36.0936	36.0717	36.0699	36.0415	36.0359	35.9934	35.9639	35.967	35.9701	35.9369	35.9293	35.9353	35.9048	35.9073	35.9098	35.8956	35.8804	35.8943	35.8648	35.855	35.8599	35.8506	35.8255	35.8461	35.8126	35.8209	35.818	35.7969	35.7684	35.7876	35.764	35.7522	35.7797	35.7506	35.7346	35.7561	35.7282	35.7344	35.7235	35.7134	35.7069	35.7019	35.6908	35.6785	35.6793	35.664	35.6583	35.6629	35.6366	35.6486	35.6426	35.6263	35.6199	35.6109	35.5928	35.5985	35.5914	35.581	35.5686	35.5649	35.5538	35.5349	35.5503	35.5311	35.5079	35.512	35.5087	35.4919	35.4851	35.4611	35.4488	35.4522	35.4332	35.4125	35.4021	35.388	35.3926	35.3623	35.3693	35.3608	35.3679
FGC2639_s_2_1_CCGTATGTTC-CATACACTGT_FGC2639_s_2_2_CCGTATGTTC-CATACACTGT	36.0631	36.0004	36.1686	36.1972	36.2058	36.2265	36.1499	36.2182	36.2087	36.2416	36.2961	36.276	36.2918	36.2906	36.2966	36.3012	36.2469	36.2997	36.3067	36.2939	36.2801	36.272	36.2514	36.2412	36.2095	36.1837	36.1845	36.1901	36.1611	36.1559	36.1599	36.1212	36.1245	36.1218	36.1094	36.1021	36.1044	36.0836	36.0662	36.0764	36.0731	36.0475	36.0596	36.0279	36.0246	36.0175	36.0015	35.9372	35.9752	35.9775	35.9655	35.9777	35.9614	35.9441	35.9471	35.927	35.9319	35.9163	35.9052	35.8968	35.8897	35.8579	35.8588	35.8749	35.833	35.8262	35.8333	35.8203	35.7937	35.7991	35.7683	35.758	35.7435	35.7328	35.7483	35.7549	35.7464	35.7306	35.7334	35.718	35.7038	35.7214	35.7002	35.677	35.6794	35.6623	35.6449	35.6308	35.6036	35.5959	35.5898	35.5774	35.5569	35.546	35.5264	35.5209	35.4929	35.4839	35.4625	35.4635
FGC2639_s_2_1_CCTCCGTCCA-CACATCGGTG_FGC2639_s_2_2_CCTCCGTCCA-CACATCGGTG	36.127	36.0897	36.245	36.265	36.2807	36.3048	36.2216	36.288	36.2918	36.3203	36.3654	36.3487	36.3561	36.3573	36.3642	36.3655	36.3557	36.3637	36.3716	36.3598	36.3479	36.345	36.3232	36.3195	36.287	36.2674	36.2662	36.2744	36.2464	36.2463	36.2469	36.2238	36.2199	36.223	36.2103	36.2023	36.2083	36.188	36.1859	36.1896	36.1825	36.1657	36.1715	36.1426	36.1477	36.1436	36.128	36.1101	36.1199	36.1074	36.1002	36.113	36.0964	36.0815	36.0821	36.0669	36.074	36.0617	36.0561	36.0559	36.0462	36.0431	36.0326	36.0309	36.0193	36.0052	36.0148	35.9877	36.0012	35.989	35.9874	35.9827	35.9784	35.9722	35.9708	35.965	35.9511	35.9384	35.9365	35.931	35.92	35.9326	35.9221	35.9022	35.9076	35.8925	35.8865	35.8614	35.8565	35.8492	35.8511	35.8487	35.8304	35.8305	35.8148	35.8192	35.7922	35.7894	35.7833	35.7811
FGC2639_s_2_1_CCTCTACATG-GATACCTCCT_FGC2639_s_2_2_CCTCTACATG-GATACCTCCT	36.1697	36.1445	36.2882	36.3029	36.3303	36.3384	36.2796	36.3356	36.3341	36.3659	36.3965	36.3889	36.3951	36.3943	36.4039	36.4039	36.3779	36.4044	36.4065	36.3988	36.3882	36.3796	36.3576	36.3548	36.3246	36.3091	36.3074	36.3067	36.2818	36.2778	36.2793	36.2588	36.2502	36.2555	36.242	36.2377	36.2402	36.22	36.209	36.2174	36.205	36.1874	36.1972	36.1729	36.1734	36.1662	36.155	36.1127	36.127	36.131	36.1062	36.111	36.1085	36.0828	36.0872	36.0854	36.0921	36.0774	36.0568	36.0514	36.0562	36.028	36.0227	36.0341	36.008	35.9982	36.0099	35.9925	35.9808	35.9815	35.9679	35.9592	35.9443	35.9366	35.9449	35.9471	35.9379	35.9271	35.9296	35.9206	35.9065	35.9129	35.8986	35.8797	35.8778	35.8683	35.8598	35.8457	35.83	35.8243	35.8174	35.8095	35.788	35.7758	35.7593	35.7563	35.7344	35.7344	35.7216	35.7206
FGC2639_s_2_1_CCTGTCTGTC-ACTGTTGTGA_FGC2639_s_2_2_CCTGTCTGTC-ACTGTTGTGA	36.2207	36.2117	36.3355	36.3449	36.3635	36.3804	36.3203	36.373	36.367	36.4027	36.4336	36.4217	36.4325	36.4283	36.4373	36.4358	36.4245	36.4337	36.4404	36.4306	36.4181	36.4159	36.3976	36.3907	36.3625	36.3466	36.3447	36.3445	36.3213	36.3213	36.3198	36.2949	36.2923	36.2912	36.2843	36.2759	36.2792	36.2625	36.2522	36.2575	36.2497	36.2336	36.2431	36.2198	36.2186	36.2088	36.1974	36.1757	36.1865	36.1745	36.1681	36.1773	36.1597	36.1458	36.1553	36.1356	36.1423	36.1343	36.1195	36.1158	36.1126	36.1006	36.0942	36.0904	36.0815	36.0681	36.0759	36.0592	36.0574	36.0523	36.0415	36.0366	36.0252	36.0177	36.0193	36.0132	36.0044	35.9915	35.9912	35.9796	35.9683	35.9735	35.9638	35.944	35.9462	35.9358	35.9294	35.9154	35.9021	35.8961	35.8929	35.8818	35.8649	35.8609	35.8461	35.8463	35.8212	35.8226	35.8106	35.8091
FGC2639_s_2_1_CGACATCCGA-TACGTTCATT_FGC2639_s_2_2_CGACATCCGA-TACGTTCATT	36.2506	36.2287	36.357	36.3651	36.3841	36.4016	36.3371	36.3909	36.3828	36.4211	36.4464	36.437	36.44	36.4394	36.4465	36.449	36.4409	36.4415	36.447	36.441	36.4292	36.4235	36.4075	36.4015	36.3709	36.3555	36.3519	36.35	36.3236	36.323	36.3233	36.2901	36.2992	36.298	36.287	36.2777	36.2791	36.2701	36.2533	36.2551	36.2508	36.2301	36.2354	36.2163	36.2174	36.2077	36.1942	36.1256	36.1591	36.1702	36.1166	36.1055	36.1149	36.078	36.0802	36.0662	36.0774	36.064	36.0465	36.041	36.0319	36.0231	36.0111	36.013	36.0049	35.9944	35.9934	35.9808	35.9809	35.9687	35.9594	35.9577	35.9485	35.933	35.9331	35.927	35.928	35.9324	35.9412	35.9389	35.9282	35.9366	35.9263	35.9072	35.9069	35.8971	35.8909	35.8828	35.8645	35.8529	35.847	35.8448	35.8217	35.8139	35.797	35.7939	35.7713	35.7735	35.7648	35.7641
FGC2639_s_2_1_CGAGGCCAAG-GTGTTACCGG_FGC2639_s_2_2_CGAGGCCAAG-GTGTTACCGG	36.022	35.9593	36.1382	36.1619	36.1907	36.2031	36.1405	36.2122	36.2118	36.2375	36.2939	36.2784	36.2828	36.2857	36.2963	36.3024	36.2651	36.2945	36.2985	36.2947	36.2794	36.2736	36.2514	36.2467	36.2129	36.1891	36.1924	36.191	36.1657	36.1594	36.1656	36.132	36.1399	36.1378	36.1255	36.1147	36.1193	36.1018	36.089	36.0962	36.0881	36.0632	36.0787	36.0504	36.0523	36.0405	36.0302	35.9882	35.9953	36.0033	35.9887	35.9992	35.9821	35.9662	35.9735	35.9617	35.9674	35.9516	35.9325	35.9318	35.9306	35.9026	35.8997	35.9125	35.8849	35.8765	35.8869	35.8714	35.8583	35.8593	35.8449	35.8337	35.8255	35.8162	35.8241	35.8233	35.8121	35.7983	35.7966	35.7886	35.7734	35.7835	35.7743	35.7522	35.7515	35.7437	35.7335	35.7178	35.6999	35.6859	35.6883	35.6775	35.658	35.6497	35.6321	35.6361	35.6012	35.6051	35.5913	35.5888
FGC2639_s_2_1_CGGTTACGGC-AAGACTATAG_FGC2639_s_2_2_CGGTTACGGC-AAGACTATAG	36.2795	36.2552	36.3693	36.3813	36.3973	36.4144	36.3574	36.3983	36.4019	36.4271	36.4579	36.4497	36.4536	36.457	36.4604	36.4632	36.4548	36.4601	36.4703	36.4619	36.4478	36.4437	36.4246	36.4199	36.3932	36.3755	36.3758	36.3699	36.3503	36.3458	36.3488	36.3263	36.3248	36.3205	36.3095	36.2998	36.3041	36.2873	36.2756	36.2811	36.2757	36.2553	36.2641	36.2361	36.2383	36.2304	36.2204	36.1893	36.201	36.1914	36.1773	36.1879	36.1732	36.1577	36.1634	36.1508	36.1502	36.1394	36.1262	36.1233	36.1188	36.1075	36.0969	36.0999	36.0802	36.0727	36.0812	36.0589	36.0567	36.0529	36.0422	36.0356	36.0273	36.0193	36.0206	36.0158	36.0058	35.994	35.9925	35.9808	35.9717	35.9809	35.9629	35.949	35.9526	35.9387	35.9342	35.9192	35.9073	35.8989	35.895	35.8854	35.8745	35.8624	35.8514	35.8466	35.8244	35.8249	35.8185	35.8144
FGC2639_s_2_1_CGTTATTCTA-CCATAAGGTT_FGC2639_s_2_2_CGTTATTCTA-CCATAAGGTT	36.1214	36.0904	36.236	36.2455	36.2622	36.2879	36.2186	36.2855	36.2686	36.3068	36.3473	36.3314	36.3437	36.3482	36.3565	36.3601	36.3318	36.3553	36.3621	36.354	36.3381	36.3344	36.314	36.3079	36.2759	36.257	36.2576	36.2617	36.2359	36.2324	36.2319	36.2029	36.2026	36.2007	36.193	36.1822	36.1877	36.1701	36.1591	36.1661	36.1606	36.1384	36.1495	36.1181	36.1216	36.11	36.1028	36.0646	36.0896	36.0801	36.0639	36.0725	36.0574	36.0397	36.046	36.0314	36.0345	36.0264	36.0106	36.0085	36.0136	35.99	35.9837	35.9887	35.9653	35.952	35.9627	35.9479	35.941	35.94	35.9276	35.9218	35.9137	35.904	35.9037	35.9034	35.8934	35.8804	35.8837	35.8699	35.8577	35.8706	35.8596	35.8344	35.8381	35.8265	35.8184	35.7997	35.7854	35.7744	35.7732	35.7643	35.748	35.7438	35.727	35.7266	35.6956	35.6971	35.6835	35.688
FGC2639_s_2_1_CTAGTGCTCT-TGGAACAGTA_FGC2639_s_2_2_CTAGTGCTCT-TGGAACAGTA	36.1937	36.189	36.3308	36.3309	36.3587	36.373	36.3119	36.3681	36.3649	36.3909	36.4257	36.4173	36.4237	36.4241	36.4326	36.4299	36.4205	36.4312	36.4342	36.429	36.4173	36.4137	36.3933	36.3882	36.3602	36.346	36.3407	36.3421	36.3205	36.3168	36.3156	36.2916	36.2916	36.2909	36.2783	36.2685	36.2741	36.2568	36.2505	36.2577	36.245	36.2293	36.238	36.2094	36.2101	36.2052	36.1925	36.1685	36.1795	36.171	36.1643	36.1753	36.1486	36.1424	36.1496	36.1288	36.136	36.1273	36.1152	36.1105	36.1056	36.0908	36.085	36.0845	36.0709	36.06	36.0639	36.0436	36.0458	36.0428	36.027	36.0207	36.0105	36.0018	36.0088	35.997	35.9867	35.9727	35.9702	35.9599	35.9485	35.9595	35.9431	35.922	35.9256	35.915	35.9019	35.8843	35.8676	35.8594	35.8558	35.8475	35.8301	35.8232	35.8072	35.8085	35.7788	35.7767	35.7706	35.7653
FGC2639_s_2_1_CTATTACTAC-GAGTCTCTCC_FGC2639_s_2_2_CTATTACTAC-GAGTCTCTCC	35.5545	35.4966	35.7859	35.8987	35.9047	35.9181	35.8496	35.9495	35.9464	35.9701	36.0651	36.0465	36.055	36.0574	36.0747	36.0808	36.0304	36.0775	36.0896	36.0811	36.0582	36.0535	36.0266	36.017	35.9764	35.9502	35.946	35.9562	35.919	35.9089	35.9103	35.8772	35.876	35.8761	35.8694	35.8563	35.8689	35.8466	35.8275	35.8357	35.8258	35.7953	35.8138	35.7748	35.7865	35.7802	35.762	35.7143	35.7436	35.7351	35.7147	35.741	35.7204	35.6972	35.7093	35.6932	35.7011	35.6866	35.666	35.6604	35.6588	35.6326	35.6235	35.6334	35.6038	35.5963	35.6098	35.5931	35.5787	35.5801	35.5571	35.5457	35.5286	35.5193	35.5269	35.5293	35.5237	35.5037	35.5066	35.497	35.474	35.4891	35.4686	35.4371	35.4485	35.4331	35.4211	35.4086	35.3808	35.3683	35.3688	35.3555	35.322	35.3084	35.2861	35.2842	35.248	35.2584	35.2415	35.2453
FGC2639_s_2_1_CTGCGAGCCA-AATCCGGCCA_FGC2639_s_2_2_CTGCGAGCCA-AATCCGGCCA	33.0453	32.9233	33.8272	34.6341	34.6877	34.703	34.7366	34.9278	34.9949	35.0214	35.2603	35.261	35.2627	35.2779	35.3212	35.3382	35.3032	35.3524	35.3882	35.3762	35.3475	35.3446	35.2942	35.294	35.2291	35.18	35.179	35.1934	35.1365	35.131	35.1476	35.0986	35.114	35.112	35.0889	35.0745	35.0967	35.0555	35.0326	35.0567	35.0414	35.0048	35.036	34.9758	35.0034	34.9954	34.9707	34.9333	34.9658	34.9251	34.9012	34.9533	34.9041	34.8909	34.9251	34.891	34.892	34.886	34.8655	34.8531	34.85	34.828	34.8095	34.8301	34.7944	34.7955	34.8088	34.7651	34.7859	34.7807	34.7591	34.751	34.7364	34.7041	34.7159	34.7138	34.6988	34.6763	34.679	34.655	34.6385	34.6636	34.6256	34.5907	34.6059	34.5914	34.5757	34.5645	34.5178	34.5046	34.5069	34.4879	34.4435	34.4251	34.3993	34.3921	34.3544	34.3577	34.3455	34.3602
FGC2639_s_2_1_CTTGCCATTA-ATCACGAAGG_FGC2639_s_2_2_CTTGCCATTA-ATCACGAAGG	36.0804	36.019	36.1773	36.2053	36.2206	36.2352	36.1529	36.2264	36.2283	36.2621	36.3117	36.2981	36.3065	36.305	36.317	36.3217	36.3008	36.3146	36.3258	36.3166	36.2992	36.2964	36.2728	36.2707	36.2399	36.2158	36.213	36.2178	36.1906	36.1889	36.1942	36.1644	36.1636	36.1631	36.1509	36.1437	36.1484	36.1243	36.1156	36.1262	36.1137	36.097	36.1096	36.0802	36.0806	36.0782	36.0608	36.0306	36.0536	36.0338	36.0277	36.0484	36.0184	36.0085	36.0223	35.9997	36.0038	35.9992	35.9853	35.9785	35.9742	35.9603	35.9529	35.9575	35.94	35.9318	35.9359	35.9134	35.915	35.9068	35.8928	35.8905	35.8817	35.8678	35.8769	35.8696	35.8529	35.8449	35.8441	35.8283	35.8156	35.8241	35.8107	35.7908	35.7923	35.7832	35.7669	35.7512	35.7339	35.7192	35.7207	35.7039	35.6839	35.6779	35.659	35.6618	35.6295	35.6293	35.6161	35.6154
FGC2639_s_2_1_GAACTGAGCG-TCGTGGAGCG_FGC2639_s_2_2_GAACTGAGCG-TCGTGGAGCG	36.2232	36.2154	36.3419	36.3559	36.3866	36.3919	36.3327	36.3832	36.3834	36.4191	36.4408	36.4321	36.4388	36.4434	36.445	36.4503	36.3601	36.4436	36.4437	36.4436	36.4337	36.4224	36.4092	36.3884	36.3713	36.3551	36.3504	36.3576	36.334	36.3312	36.3308	36.3008	36.3043	36.306	36.2901	36.2893	36.2855	36.2704	36.2719	36.2658	36.2599	36.2441	36.251	36.2249	36.2222	36.2032	36.193	35.9839	36.0972	36.1851	36.0321	35.9953	36.1377	35.9927	35.9626	36.0871	36.0864	35.9772	35.9347	35.9337	36.0279	35.8886	35.9059	36.0254	35.8697	35.8599	35.9656	35.952	35.8316	35.9001	35.8648	35.8435	35.797	35.8015	35.8474	35.9045	35.9443	35.9482	35.9558	35.9571	35.9461	35.9609	35.9492	35.9286	35.9324	35.9144	35.9082	35.8838	35.875	35.8606	35.8558	35.851	35.8297	35.8287	35.8099	35.8078	35.7742	35.7735	35.7524	35.7506
FGC2639_s_2_1_GAAGCGGCAC-CGGCTCTACT_FGC2639_s_2_2_GAAGCGGCAC-CGGCTCTACT	36.2194	36.1905	36.3253	36.3353	36.3507	36.3714	36.3033	36.3573	36.3559	36.389	36.4214	36.4102	36.4177	36.4196	36.4273	36.43	36.4182	36.4248	36.4283	36.4221	36.4117	36.4082	36.3904	36.3838	36.356	36.3366	36.3355	36.3384	36.3142	36.3077	36.3108	36.2865	36.2843	36.2854	36.2761	36.2676	36.2708	36.2509	36.2414	36.2481	36.2362	36.2208	36.2325	36.2054	36.207	36.2021	36.1899	36.1558	36.1752	36.161	36.1558	36.1648	36.1411	36.1351	36.1449	36.1263	36.1298	36.1272	36.1099	36.1042	36.0961	36.082	36.078	36.0784	36.0622	36.0531	36.0597	36.0434	36.0384	36.0394	36.015	36.0094	35.9984	35.9883	35.9985	35.9956	35.9853	35.9768	35.9773	35.9659	35.9564	35.9605	35.9468	35.9295	35.9323	35.9224	35.9158	35.9015	35.8913	35.8836	35.88	35.8704	35.8507	35.8429	35.8295	35.8316	35.8083	35.8125	35.8051	35.805
FGC2639_s_2_1_GACACCATGT-TCAACGTGTA_FGC2639_s_2_2_GACACCATGT-TCAACGTGTA	36.2414	36.2199	36.3378	36.3542	36.3724	36.3924	36.3325	36.3816	36.3733	36.4063	36.4393	36.4288	36.4355	36.4357	36.4441	36.4461	36.4342	36.4409	36.4496	36.4422	36.4289	36.4247	36.4059	36.4021	36.3723	36.3581	36.3562	36.3581	36.3381	36.3343	36.3358	36.3099	36.3064	36.3073	36.2952	36.2882	36.2926	36.2761	36.267	36.2748	36.2676	36.2518	36.258	36.2338	36.2339	36.2286	36.2138	36.1939	36.2069	36.1931	36.1907	36.1999	36.1798	36.1708	36.1751	36.155	36.1571	36.1556	36.1391	36.1378	36.132	36.1264	36.1166	36.1132	36.1025	36.0876	36.0906	36.0726	36.0744	36.0719	36.0603	36.0613	36.0554	36.0443	36.0452	36.0405	36.0215	36.0113	36.0084	35.998	35.9888	36	35.9883	35.9752	35.9745	35.9618	35.9508	35.9408	35.9235	35.9178	35.9109	35.9106	35.8935	35.8947	35.8763	35.8782	35.8519	35.8478	35.8385	35.8409
FGC2639_s_2_1_GACTGAGTAG-GTTGATAGTG_FGC2639_s_2_2_GACTGAGTAG-GTTGATAGTG	36.1696	36.129	36.2856	36.2975	36.3204	36.3321	36.2701	36.3289	36.3263	36.3558	36.3902	36.3793	36.3828	36.389	36.3973	36.4003	36.3837	36.3949	36.4013	36.3938	36.38	36.3732	36.3542	36.3474	36.3166	36.3021	36.2937	36.2998	36.2765	36.2702	36.2746	36.2501	36.2479	36.2436	36.2317	36.223	36.224	36.2105	36.2031	36.2084	36.2008	36.18	36.186	36.1609	36.1612	36.1542	36.1423	36.1098	36.12	36.1175	36.1079	36.1187	36.1018	36.0858	36.0901	36.0717	36.0718	36.0663	36.0539	36.0491	36.0456	36.0325	36.0237	36.0248	36.0038	35.9972	35.9959	35.9808	35.976	35.972	35.96	35.9545	35.9442	35.9389	35.9368	35.9304	35.916	35.9005	35.9031	35.8944	35.8829	35.891	35.8798	35.8606	35.8593	35.8464	35.8318	35.8161	35.7947	35.7917	35.787	35.7803	35.7611	35.7557	35.7355	35.7375	35.7064	35.7013	35.6842	35.6891
FGC2639_s_2_1_GAGAATGGTT-TCGGCAGCAA_FGC2639_s_2_2_GAGAATGGTT-TCGGCAGCAA	36.2527	36.2302	36.3561	36.3709	36.3814	36.4065	36.3443	36.3888	36.3831	36.4232	36.4546	36.4391	36.4497	36.4506	36.4541	36.4562	36.448	36.4532	36.4614	36.4525	36.4401	36.4392	36.4205	36.4164	36.3912	36.3752	36.3699	36.3699	36.3473	36.3414	36.3505	36.3246	36.3188	36.3219	36.3138	36.3016	36.3053	36.2917	36.2777	36.2823	36.2749	36.2587	36.2679	36.2482	36.2459	36.2421	36.2262	36.2107	36.2167	36.2008	36.1953	36.209	36.1823	36.1778	36.1831	36.1645	36.1696	36.1672	36.1528	36.1473	36.1401	36.1343	36.1215	36.1197	36.1102	36.0977	36.1036	36.0852	36.0896	36.0835	36.0674	36.0651	36.057	36.0474	36.0481	36.0453	36.0327	36.0214	36.0205	36.0079	35.9982	36.0053	35.9894	35.9724	35.9731	35.9686	35.9626	35.9464	35.9379	35.9255	35.9223	35.9118	35.8943	35.8894	35.8787	35.8762	35.8588	35.8595	35.8477	35.8474
FGC2639_s_2_1_GAGTCATAGG-GTGTGGCGCT_FGC2639_s_2_2_GAGTCATAGG-GTGTGGCGCT	36.1093	36.056	36.2099	36.2356	36.2557	36.2774	36.2082	36.2687	36.2701	36.3034	36.3438	36.336	36.3377	36.3403	36.3483	36.3477	36.3043	36.3411	36.3482	36.3401	36.3241	36.3234	36.3023	36.2957	36.2631	36.2437	36.2395	36.2414	36.2135	36.2084	36.2134	36.1806	36.189	36.1904	36.1768	36.1654	36.167	36.152	36.1358	36.1427	36.1339	36.1121	36.1276	36.0992	36.1045	36.0948	36.0775	36.009	36.0374	36.0552	35.9933	36.0044	36.0269	35.9763	35.9786	35.9877	35.9998	35.9645	35.9409	35.9425	35.9532	35.9171	35.9111	35.9407	35.8919	35.8881	35.9127	35.8917	35.8709	35.8816	35.8666	35.8549	35.8371	35.8309	35.8434	35.8536	35.853	35.8516	35.854	35.8448	35.8339	35.8408	35.8299	35.8042	35.8126	35.8041	35.7938	35.7839	35.7683	35.7619	35.7577	35.7449	35.7254	35.7197	35.7029	35.7076	35.6812	35.6814	35.6703	35.6758
FGC2639_s_2_1_GATAGGCCGA-CGCACATGGC_FGC2639_s_2_2_GATAGGCCGA-CGCACATGGC	35.1463	35.0232	35.4424	35.6747	35.6758	35.6856	35.6146	35.7389	35.749	35.7684	35.8957	35.8781	35.8829	35.8918	35.9126	35.9254	35.8992	35.9196	35.9354	35.9266	35.9016	35.8979	35.8617	35.8598	35.8054	35.7691	35.7692	35.7848	35.7438	35.7383	35.7471	35.7078	35.7131	35.71	35.6915	35.6806	35.6906	35.668	35.6495	35.6615	35.653	35.6186	35.6426	35.5928	35.6104	35.5978	35.5811	35.5446	35.5724	35.5486	35.5259	35.5665	35.5294	35.5105	35.5283	35.4982	35.5039	35.4946	35.4804	35.4758	35.4698	35.4624	35.4448	35.4527	35.4231	35.4123	35.4201	35.3846	35.4008	35.3973	35.3816	35.3809	35.3741	35.3467	35.354	35.3538	35.3305	35.3054	35.3125	35.2988	35.2858	35.3076	35.2837	35.2545	35.2613	35.2536	35.2328	35.218	35.1841	35.1783	35.1807	35.1727	35.1459	35.1403	35.1091	35.1084	35.08	35.0717	35.0546	35.0604
FGC2639_s_2_1_GATCAAGGCA-CCTTGTTAAT_FGC2639_s_2_2_GATCAAGGCA-CCTTGTTAAT	36.2058	36.1988	36.3182	36.3266	36.3558	36.3648	36.3058	36.3559	36.3514	36.386	36.4164	36.4075	36.4127	36.4117	36.4136	36.4196	36.3635	36.4153	36.4183	36.4148	36.4009	36.3935	36.3753	36.3632	36.3379	36.3234	36.3171	36.3165	36.2964	36.2859	36.2916	36.2609	36.2647	36.2646	36.2541	36.2458	36.2437	36.2337	36.2195	36.2262	36.2123	36.1953	36.204	36.1769	36.1636	36.1658	36.1472	36.0093	36.091	36.1362	35.9976	35.9969	36.0894	35.9726	35.9704	36.0182	36.0213	35.9542	35.9341	35.929	35.9816	35.9112	35.906	35.9736	35.8891	35.8812	35.9253	35.9144	35.8646	35.8745	35.861	35.849	35.824	35.8224	35.8446	35.8791	35.9055	35.9101	35.9139	35.9123	35.8978	35.9037	35.8889	35.8729	35.8762	35.8641	35.853	35.8398	35.8222	35.8094	35.8066	35.792	35.7683	35.76	35.7407	35.7428	35.7136	35.7139	35.6946	35.6883
FGC2639_s_2_1_GCAACATGGA-CTTGTCTTAA_FGC2639_s_2_2_GCAACATGGA-CTTGTCTTAA	36.2015	36.1962	36.3314	36.3407	36.3677	36.3768	36.3189	36.3697	36.3631	36.3961	36.4285	36.4174	36.4219	36.4249	36.428	36.431	36.4222	36.4287	36.4372	36.4275	36.4139	36.4108	36.3922	36.3872	36.3567	36.3409	36.3379	36.3409	36.3174	36.3136	36.3109	36.2911	36.2881	36.2871	36.2806	36.2745	36.2749	36.2563	36.2458	36.251	36.2414	36.2259	36.2347	36.2139	36.2121	36.21	36.2012	36.1732	36.1861	36.1751	36.1591	36.1692	36.1511	36.1404	36.1447	36.1324	36.1345	36.1295	36.1169	36.1137	36.102	36.0971	36.0867	36.0817	36.0757	36.0679	36.0703	36.0478	36.0561	36.0492	36.0374	36.034	36.0266	36.019	36.0197	36.0105	36.0008	35.9959	35.9954	35.9902	35.9727	35.9816	35.971	35.9498	35.9575	35.9462	35.9416	35.9266	35.9213	35.9124	35.9083	35.9042	35.8827	35.8802	35.8661	35.8696	35.8447	35.8513	35.8427	35.8433
FGC2639_s_2_1_GCCGCACTCT-TCCGACCTCG_FGC2639_s_2_2_GCCGCACTCT-TCCGACCTCG	36.1659	36.1181	36.265	36.2736	36.2884	36.3108	36.2455	36.3027	36.296	36.3343	36.3666	36.3571	36.363	36.3685	36.3734	36.3796	36.3568	36.373	36.385	36.3746	36.3593	36.3552	36.3373	36.3304	36.2977	36.2785	36.2789	36.2796	36.255	36.2522	36.256	36.228	36.2234	36.2273	36.2162	36.2067	36.211	36.1925	36.188	36.1978	36.1848	36.1674	36.174	36.1419	36.143	36.1407	36.1259	36.0671	36.1004	36.1029	36.0929	36.102	36.087	36.0732	36.073	36.0598	36.0651	36.0545	36.0411	36.0309	36.0327	36.0008	35.998	36.0163	35.9828	35.9772	35.9862	35.9768	35.9555	35.9651	35.9357	35.9228	35.9041	35.9025	35.9194	35.92	35.918	35.9084	35.9109	35.9009	35.8903	35.8953	35.8858	35.8641	35.8643	35.8594	35.8488	35.8315	35.8166	35.8081	35.8047	35.7986	35.7797	35.7677	35.758	35.7557	35.7322	35.7351	35.7219	35.7224
FGC2639_s_2_1_GCGTGGATGG-TTGACCAATG_FGC2639_s_2_2_GCGTGGATGG-TTGACCAATG	36.2509	36.2511	36.3637	36.3749	36.404	36.41	36.3553	36.4081	36.4051	36.4366	36.4656	36.455	36.4586	36.4585	36.4638	36.466	36.4553	36.4651	36.471	36.4636	36.4494	36.4457	36.4278	36.4222	36.3951	36.3779	36.3773	36.3777	36.357	36.3501	36.3531	36.3289	36.3283	36.3256	36.3201	36.306	36.3084	36.2939	36.2859	36.2921	36.2847	36.2659	36.2733	36.2495	36.2477	36.2407	36.229	36.1866	36.2025	36.2075	36.1852	36.1911	36.1893	36.1648	36.1655	36.1618	36.1636	36.15	36.1331	36.1268	36.1329	36.1069	36.102	36.1141	36.0857	36.0749	36.0909	36.077	36.0589	36.0644	36.0484	36.0415	36.0325	36.0269	36.0344	36.0307	36.0265	36.013	36.015	36.0029	35.9967	36.0005	35.9904	35.972	35.9764	35.9636	35.9545	35.9413	35.9293	35.9211	35.9185	35.9082	35.8972	35.8862	35.8761	35.8764	35.85	35.8539	35.8427	35.8412
FGC2639_s_2_1_GCGTTGGTAT-ACATACTTCC_FGC2639_s_2_2_GCGTTGGTAT-ACATACTTCC	31.3429	31.6847	32.627	33.8202	33.9308	33.8984	34.0329	34.2684	34.4106	34.4039	34.7097	34.7378	34.7296	34.7484	34.8235	34.8599	34.826	34.8788	34.9231	34.9193	34.8849	34.8799	34.8341	34.8278	34.7529	34.6881	34.6891	34.7091	34.6408	34.6351	34.6572	34.5964	34.601	34.613	34.5901	34.5726	34.6039	34.5537	34.541	34.5623	34.5503	34.5015	34.5465	34.4827	34.5111	34.5041	34.4772	34.4492	34.4846	34.4341	34.4124	34.4749	34.4153	34.4037	34.4524	34.4012	34.4116	34.4083	34.398	34.3668	34.3751	34.3545	34.3231	34.3516	34.3158	34.2973	34.3291	34.2823	34.3039	34.3028	34.2941	34.2658	34.2641	34.221	34.23	34.2309	34.1918	34.1713	34.1818	34.1624	34.1425	34.1757	34.1358	34.0826	34.1127	34.0955	34.0848	34.0712	34.0321	34.0106	34.0236	34.017	33.9617	33.9441	33.9196	33.9094	33.8702	33.8771	33.8676	33.8896
FGC2639_s_2_1_GGAGCGTGTA-ATCCGTAAGT_FGC2639_s_2_2_GGAGCGTGTA-ATCCGTAAGT	35.9839	35.8975	36.0979	36.1264	36.1478	36.1542	36.0819	36.1689	36.1628	36.1907	36.2528	36.2335	36.2354	36.2377	36.2489	36.2559	36.2196	36.2513	36.2567	36.2491	36.2348	36.2274	36.2035	36.1938	36.1597	36.1387	36.1359	36.142	36.1142	36.1055	36.1079	36.0775	36.0798	36.0776	36.0691	36.0582	36.06	36.0481	36.0282	36.0382	36.0244	36.0089	36.0217	35.9874	35.9913	35.9837	35.9667	35.9165	35.9398	35.9436	35.918	35.9218	35.9203	35.8942	35.8938	35.8903	35.9002	35.8785	35.8588	35.8528	35.8609	35.8305	35.8224	35.8455	35.8053	35.7968	35.8142	35.7983	35.7798	35.7816	35.7634	35.7569	35.7441	35.7349	35.748	35.7499	35.74	35.7265	35.7332	35.723	35.7075	35.7171	35.7071	35.6773	35.6829	35.6768	35.6615	35.647	35.6246	35.6127	35.6164	35.6079	35.5819	35.575	35.5604	35.5568	35.5246	35.531	35.5113	35.5127
FGC2639_s_2_1_GGCAAGCCAG-CAAGCATCCG_FGC2639_s_2_2_GGCAAGCCAG-CAAGCATCCG	36.1542	36.1529	36.3088	36.3145	36.3483	36.3594	36.2976	36.3589	36.356	36.3929	36.4287	36.4148	36.4179	36.4238	36.4289	36.4284	36.4197	36.4301	36.4334	36.4298	36.4183	36.4145	36.3925	36.3898	36.3609	36.3438	36.3409	36.3433	36.3232	36.3169	36.3191	36.2879	36.2932	36.2922	36.2824	36.2753	36.2777	36.2599	36.2549	36.2545	36.2499	36.2343	36.2409	36.2171	36.2176	36.2094	36.1974	36.1567	36.1617	36.1718	36.1483	36.1576	36.1519	36.133	36.1317	36.1299	36.1341	36.1171	36.1028	36.0977	36.1014	36.0796	36.0787	36.0829	36.0568	36.0471	36.0594	36.0441	36.0364	36.037	36.0228	36.0176	36.0045	35.9988	36.0058	36.0052	35.996	35.9876	35.9885	35.9809	35.9684	35.9727	35.9639	35.9489	35.9505	35.9383	35.9335	35.9177	35.9077	35.8958	35.8945	35.8863	35.8727	35.8627	35.8527	35.8552	35.8323	35.8307	35.8222	35.82
FGC2639_s_2_1_GGTAACTCGC-AAGTTGGTGA_FGC2639_s_2_2_GGTAACTCGC-AAGTTGGTGA	36.2752	36.2472	36.3534	36.362	36.3816	36.3977	36.3329	36.3783	36.378	36.4101	36.4375	36.4272	36.4323	36.4343	36.4373	36.4383	36.4267	36.4389	36.4436	36.4329	36.4234	36.4157	36.397	36.3868	36.3589	36.3387	36.3325	36.3415	36.3154	36.3178	36.3081	36.2966	36.2856	36.287	36.2781	36.2728	36.278	36.2564	36.256	36.2502	36.2464	36.2248	36.233	36.2111	36.2117	36.2058	36.1922	36.1608	36.1786	36.1672	36.1566	36.1602	36.1523	36.1404	36.1353	36.131	36.1359	36.1229	36.1079	36.1046	36.0997	36.0814	36.0774	36.0785	36.0616	36.0519	36.0684	36.0387	36.0389	36.0311	36.0235	36.0207	36.0079	36.0062	36.0122	36.0065	35.999	35.9919	35.988	35.9832	35.9688	35.9799	35.9641	35.9483	35.952	35.9372	35.9366	35.9178	35.9105	35.8924	35.901	35.8878	35.8667	35.8663	35.8525	35.8513	35.8315	35.8341	35.8193	35.8204
FGC2639_s_2_1_GGTTGCGAGG-AATAGAGCAA_FGC2639_s_2_2_GGTTGCGAGG-AATAGAGCAA	36.2571	36.2413	36.363	36.3779	36.3883	36.4129	36.3467	36.3912	36.385	36.4173	36.4519	36.4398	36.45	36.4491	36.4534	36.4548	36.4458	36.454	36.4598	36.4528	36.4397	36.438	36.4181	36.4127	36.3869	36.3679	36.365	36.3641	36.3435	36.3395	36.3385	36.3152	36.3139	36.3141	36.3048	36.295	36.2952	36.2787	36.2669	36.2706	36.2646	36.2445	36.2543	36.2284	36.234	36.2261	36.2125	36.1634	36.1868	36.1837	36.1638	36.1694	36.1656	36.1442	36.1478	36.1444	36.1476	36.135	36.1145	36.1105	36.1068	36.0778	36.0751	36.091	36.0604	36.0538	36.069	36.0544	36.0338	36.0404	36.0183	36.0082	35.9976	35.9901	36.0023	36.005	36.0043	35.9974	35.9966	35.9806	35.9759	35.9785	35.9699	35.9473	35.9496	35.9424	35.9343	35.9253	35.9139	35.9006	35.8989	35.8911	35.874	35.8684	35.8545	35.8559	35.8398	35.8386	35.8324	35.8321
FGC2639_s_2_1_GTATTCCACC-ATGTAGACAA_FGC2639_s_2_2_GTATTCCACC-ATGTAGACAA	36.2709	36.2523	36.3644	36.3742	36.3889	36.4059	36.335	36.3886	36.3866	36.4219	36.4476	36.436	36.4407	36.4421	36.4476	36.4468	36.4406	36.4447	36.4537	36.4476	36.4365	36.4315	36.4117	36.41	36.3826	36.3644	36.3613	36.3662	36.3402	36.3413	36.3372	36.3208	36.311	36.3187	36.3108	36.3045	36.3074	36.2886	36.2795	36.2811	36.2751	36.26	36.2677	36.2468	36.2514	36.2472	36.2348	36.2111	36.2205	36.2068	36.1949	36.2055	36.1889	36.181	36.1825	36.1739	36.1812	36.1714	36.1611	36.1527	36.144	36.1385	36.1269	36.1244	36.121	36.1086	36.1227	36.103	36.1069	36.0936	36.0879	36.0778	36.0728	36.0659	36.0687	36.0649	36.0565	36.0483	36.0451	36.0413	36.0219	36.0342	36.0185	35.9968	36.0108	35.9947	35.9891	35.9789	35.976	35.9602	35.9659	35.9505	35.9291	35.9339	35.9187	35.9204	35.8998	35.9026	35.896	35.8949
FGC2639_s_2_1_GTCCGTAAGC-CGTGTATCTT_FGC2639_s_2_2_GTCCGTAAGC-CGTGTATCTT	36.2286	36.2147	36.3376	36.3524	36.3639	36.383	36.3187	36.3737	36.3681	36.4008	36.4306	36.418	36.4237	36.4276	36.433	36.4364	36.4268	36.43	36.4375	36.4286	36.4143	36.412	36.392	36.392	36.3581	36.3442	36.3401	36.3365	36.3162	36.3129	36.3146	36.2926	36.288	36.2884	36.2813	36.2718	36.2717	36.2579	36.2455	36.2482	36.2438	36.2208	36.2308	36.2099	36.2142	36.2075	36.2001	36.1728	36.1804	36.1679	36.158	36.1636	36.1494	36.1376	36.1437	36.1331	36.1334	36.1293	36.1136	36.1095	36.1011	36.0887	36.0778	36.0761	36.0718	36.0578	36.0683	36.0452	36.0511	36.0415	36.0327	36.0245	36.0116	36.0074	36.0051	36.0027	35.9946	35.9786	35.9812	35.9702	35.9569	35.965	35.9498	35.9291	35.9305	35.9248	35.9171	35.9058	35.8924	35.8856	35.8864	35.8762	35.8578	35.8478	35.8341	35.8332	35.8123	35.8124	35.8059	35.811
FGC2639_s_2_1_GTCCTGGATA-CGGTGGCGAA_FGC2639_s_2_2_GTCCTGGATA-CGGTGGCGAA	36.2612	36.2393	36.3573	36.3723	36.3923	36.4053	36.3398	36.3913	36.388	36.4229	36.4504	36.4351	36.44	36.4444	36.4459	36.4451	36.4342	36.4437	36.4515	36.4422	36.4274	36.426	36.4078	36.3989	36.3751	36.3574	36.3503	36.3558	36.3322	36.3329	36.3259	36.3152	36.3013	36.3105	36.2965	36.292	36.2956	36.2775	36.2748	36.2726	36.2666	36.2469	36.255	36.2333	36.2368	36.2331	36.2173	36.1872	36.2023	36.1901	36.183	36.1872	36.1761	36.1676	36.1608	36.1571	36.161	36.1536	36.1375	36.1353	36.1241	36.1126	36.106	36.1091	36.0979	36.0824	36.1002	36.0729	36.0758	36.0664	36.0575	36.0522	36.04	36.0403	36.0443	36.0424	36.0309	36.0222	36.0173	36.0135	35.9963	36.0084	35.9925	35.9748	35.9801	35.966	35.9634	35.9423	35.9379	35.9231	35.9246	35.9137	35.8905	35.8884	35.8747	35.8779	35.8547	35.8519	35.8441	35.8383
FGC2639_s_2_1_GTCTAATGGC-AGTGGTCAGG_FGC2639_s_2_2_GTCTAATGGC-AGTGGTCAGG	36.2248	36.2091	36.3375	36.3502	36.37	36.3864	36.3247	36.3831	36.3774	36.4138	36.4455	36.4348	36.4392	36.4391	36.4485	36.4478	36.4373	36.445	36.4503	36.4422	36.4332	36.4284	36.4081	36.4061	36.3815	36.3628	36.3613	36.359	36.3399	36.3348	36.3362	36.3153	36.3094	36.31	36.3028	36.2941	36.2986	36.2804	36.2702	36.2741	36.2657	36.2497	36.2584	36.2337	36.2355	36.2327	36.2223	36.1964	36.204	36.1953	36.1835	36.1914	36.1741	36.1635	36.1678	36.1557	36.157	36.1519	36.1369	36.1333	36.1297	36.1165	36.1059	36.1059	36.0941	36.0832	36.0901	36.0752	36.0722	36.0699	36.058	36.0491	36.0428	36.0333	36.0364	36.0292	36.0204	36.0095	36.0081	35.9953	35.9821	35.9883	35.9786	35.9573	35.9611	35.9482	35.9461	35.9339	35.9202	35.9113	35.9076	35.8963	35.8826	35.875	35.856	35.858	35.8361	35.8325	35.8252	35.8303
FGC2639_s_2_1_GTGACACGCA-GCTTACGGAC_FGC2639_s_2_2_GTGACACGCA-GCTTACGGAC	34.8915	34.7628	35.257	35.5292	35.5496	35.5558	35.4964	35.6404	35.6482	35.6691	35.8106	35.7973	35.8039	35.8179	35.8308	35.8478	35.8091	35.8509	35.8641	35.8588	35.8315	35.8327	35.7928	35.7903	35.7436	35.7039	35.7086	35.7162	35.6699	35.6684	35.6738	35.636	35.6394	35.6421	35.6316	35.6196	35.6274	35.6008	35.5849	35.5913	35.5851	35.5488	35.5722	35.5338	35.5396	35.5301	35.5135	35.4703	35.5038	35.4789	35.4507	35.4848	35.4509	35.4342	35.4568	35.4259	35.4333	35.4256	35.4147	35.4019	35.3955	35.3784	35.3574	35.3708	35.3434	35.3348	35.3519	35.3224	35.3333	35.32	35.3069	35.2991	35.2797	35.2652	35.2607	35.265	35.2464	35.235	35.2307	35.2188	35.2004	35.2094	35.1872	35.1478	35.1532	35.1411	35.1248	35.1079	35.0755	35.0611	35.0575	35.0407	35.0012	34.9868	34.9671	34.9562	34.9098	34.922	34.8977	34.9083
FGC2639_s_2_1_GTGCAGACAG-TACCATCCGT_FGC2639_s_2_2_GTGCAGACAG-TACCATCCGT	35.9778	35.916	36.1049	36.1295	36.1431	36.1583	36.0828	36.1664	36.1524	36.1884	36.249	36.2331	36.2423	36.2474	36.2558	36.2592	36.2396	36.2581	36.2643	36.2573	36.2391	36.2329	36.2104	36.2042	36.1696	36.1452	36.1427	36.147	36.1193	36.1088	36.1156	36.0866	36.0842	36.0879	36.0776	36.0626	36.0668	36.0493	36.0352	36.0415	36.0337	36.012	36.023	35.9931	35.9971	35.9905	35.9735	35.9467	35.9552	35.9479	35.9319	35.9505	35.9263	35.9108	35.9223	35.9021	35.9067	35.9001	35.8839	35.8775	35.8735	35.8559	35.8494	35.8482	35.8314	35.8228	35.8253	35.8086	35.8078	35.8039	35.7902	35.7838	35.7704	35.7611	35.7615	35.7601	35.747	35.7323	35.732	35.7227	35.7028	35.7208	35.7028	35.6788	35.6792	35.675	35.6632	35.6437	35.6323	35.6176	35.6207	35.6077	35.5835	35.5763	35.561	35.5628	35.5341	35.5357	35.5229	35.5253
FGC2639_s_2_1_TAAGCATCCA-TCAATCCATT_FGC2639_s_2_2_TAAGCATCCA-TCAATCCATT	36.2634	36.2279	36.3546	36.368	36.3865	36.4029	36.3378	36.3906	36.3798	36.4197	36.4403	36.4317	36.4377	36.4382	36.4467	36.4472	36.4338	36.4443	36.4516	36.4421	36.4313	36.4259	36.4065	36.4014	36.3725	36.355	36.3529	36.3531	36.3292	36.3251	36.3316	36.3034	36.3022	36.3024	36.2875	36.2846	36.287	36.2678	36.258	36.2625	36.2523	36.2374	36.2406	36.2193	36.2186	36.2116	36.1985	36.1054	36.1645	36.1722	36.0834	36.0926	36.1385	36.0599	36.0669	36.0754	36.0768	36.0473	36.0299	36.0268	36.0502	36.0112	35.9999	36.0258	35.9926	35.9799	36.0037	35.9843	35.9687	35.9688	35.9605	35.9519	35.9311	35.9278	35.9352	35.9471	35.9586	35.9646	35.9745	35.9677	35.9524	35.965	35.9495	35.9306	35.9401	35.929	35.9198	35.9129	35.8969	35.8851	35.884	35.874	35.8578	35.8503	35.8384	35.8383	35.817	35.8162	35.8111	35.81
FGC2639_s_2_1_TAGCATAACC-GCTATGCGCA_FGC2639_s_2_2_TAGCATAACC-GCTATGCGCA	36.1733	36.1388	36.267	36.2785	36.3007	36.3213	36.2579	36.3134	36.303	36.3373	36.3731	36.3623	36.369	36.3713	36.3808	36.3794	36.367	36.3779	36.3843	36.3777	36.3666	36.3626	36.34	36.3335	36.2997	36.2835	36.2826	36.2841	36.2605	36.2558	36.2613	36.2304	36.2292	36.2293	36.2181	36.2112	36.214	36.1986	36.1898	36.1918	36.1839	36.1683	36.1782	36.1503	36.1515	36.1467	36.1326	36.1054	36.1227	36.1113	36.102	36.1115	36.0881	36.075	36.0831	36.0676	36.0739	36.0614	36.0503	36.0468	36.0461	36.0298	36.0229	36.0233	36.0043	35.9945	36.0036	35.9835	35.9816	35.9835	35.9694	35.9646	35.9525	35.9443	35.9511	35.9426	35.933	35.9207	35.9179	35.9099	35.8951	35.9072	35.8963	35.8764	35.878	35.8693	35.8588	35.8464	35.8318	35.8183	35.8226	35.8106	35.7964	35.7873	35.7763	35.776	35.7514	35.7509	35.7415	35.7392
FGC2639_s_2_1_TAGTTCGGTA-CCATGTGTAG_FGC2639_s_2_2_TAGTTCGGTA-CCATGTGTAG	36.1801	36.1818	36.3192	36.3397	36.3657	36.3809	36.3155	36.3706	36.367	36.3956	36.4302	36.421	36.4259	36.4282	36.4326	36.4343	36.4205	36.4303	36.4392	36.4304	36.4172	36.4109	36.3907	36.3877	36.3571	36.3389	36.3389	36.339	36.3172	36.312	36.3172	36.2924	36.2879	36.287	36.277	36.2666	36.2663	36.249	36.244	36.2504	36.2401	36.2233	36.2286	36.2019	36.2033	36.1956	36.1845	36.158	36.1679	36.1615	36.1537	36.1584	36.1427	36.1279	36.1309	36.1142	36.114	36.1091	36.0935	36.093	36.0856	36.0796	36.0697	36.0659	36.0486	36.0375	36.0413	36.0232	36.0215	36.0184	36.0124	36.0041	35.9965	35.9861	35.9887	35.9783	35.9643	35.9538	35.9519	35.9402	35.9322	35.939	35.9317	35.9126	35.9122	35.9044	35.8881	35.8754	35.8594	35.8521	35.8449	35.8452	35.8293	35.82	35.8079	35.8017	35.779	35.7773	35.7613	35.763
FGC2639_s_2_1_TATGCCTTAC-AGACACATTA_FGC2639_s_2_2_TATGCCTTAC-AGACACATTA	36.228	36.2018	36.3361	36.344	36.3699	36.3783	36.3194	36.3746	36.3691	36.3986	36.4289	36.4223	36.4226	36.4259	36.4309	36.4328	36.4218	36.4331	36.4374	36.4269	36.4144	36.4101	36.3943	36.3864	36.3557	36.3398	36.3365	36.336	36.3094	36.3055	36.3061	36.2824	36.2804	36.28	36.2714	36.2633	36.2626	36.2435	36.2325	36.2368	36.2285	36.2089	36.216	36.1924	36.1967	36.1878	36.1715	36.1434	36.1632	36.1502	36.1403	36.1492	36.1277	36.1197	36.1279	36.1067	36.1105	36.1056	36.087	36.0792	36.0722	36.0564	36.0489	36.0487	36.0357	36.0283	36.0337	36.0142	36.0086	36.0009	35.9889	35.9799	35.9694	35.9622	35.967	35.9595	35.9507	35.9442	35.9384	35.9258	35.9111	35.9148	35.9015	35.8839	35.8846	35.8716	35.8695	35.8525	35.8396	35.8265	35.819	35.81	35.7912	35.7833	35.7691	35.7692	35.7401	35.7431	35.7327	35.7344
FGC2639_s_2_1_TATGTAGTCA-CGCACTAATG_FGC2639_s_2_2_TATGTAGTCA-CGCACTAATG	36.2495	36.2348	36.3573	36.3721	36.3943	36.4049	36.3439	36.3959	36.3942	36.4238	36.4539	36.4393	36.4456	36.4481	36.4547	36.4601	36.4442	36.4575	36.4614	36.4536	36.4415	36.4352	36.4159	36.412	36.3851	36.3667	36.3661	36.3663	36.3455	36.3396	36.3423	36.3196	36.3182	36.3145	36.3063	36.2925	36.2957	36.2805	36.2713	36.2745	36.2698	36.2514	36.2565	36.2314	36.2326	36.2264	36.2136	36.1802	36.1958	36.1898	36.171	36.176	36.1689	36.1488	36.1515	36.1435	36.1449	36.1348	36.1175	36.1096	36.1135	36.0952	36.0862	36.0914	36.0745	36.0611	36.069	36.0475	36.0457	36.0453	36.0342	36.0276	36.0176	36.0065	36.0071	36.0032	35.9954	35.9835	35.9866	35.9752	35.959	35.9697	35.9567	35.9352	35.9353	35.9288	35.9158	35.9025	35.8859	35.8795	35.8735	35.8659	35.8473	35.8395	35.8282	35.8227	35.798	35.7966	35.7854	35.7844
FGC2639_s_2_1_TATTGCGCTC-CTGTGTTAGG_FGC2639_s_2_2_TATTGCGCTC-CTGTGTTAGG	36.2468	36.2322	36.3485	36.3637	36.3813	36.3941	36.3409	36.3899	36.3887	36.4177	36.4497	36.4403	36.441	36.444	36.4493	36.4541	36.4389	36.4505	36.4558	36.4451	36.4334	36.4271	36.4116	36.4021	36.3756	36.3559	36.3546	36.3572	36.3347	36.3298	36.3329	36.3107	36.3091	36.3076	36.2935	36.2833	36.2853	36.2698	36.2628	36.2671	36.2587	36.2395	36.2484	36.22	36.2244	36.2158	36.2038	36.1768	36.1874	36.18	36.1666	36.1777	36.1607	36.1504	36.1557	36.1346	36.1407	36.1318	36.1171	36.1101	36.108	36.0922	36.0848	36.0844	36.0716	36.0577	36.0619	36.0409	36.0444	36.0393	36.0257	36.0204	36.0128	36.001	36.0038	35.9976	35.9869	35.9683	35.9714	35.9585	35.948	35.9524	35.9416	35.9249	35.9253	35.9109	35.9035	35.8923	35.8725	35.862	35.8594	35.8519	35.8337	35.8284	35.8136	35.8121	35.787	35.786	35.7718	35.7699
FGC2639_s_2_1_TCAGAAGGCG-GGCCATCATA_FGC2639_s_2_2_TCAGAAGGCG-GGCCATCATA	36.1672	36.146	36.2822	36.2965	36.319	36.3415	36.2674	36.3322	36.3205	36.3542	36.3901	36.3796	36.3832	36.389	36.395	36.3914	36.3854	36.3957	36.4014	36.3934	36.3817	36.3793	36.3587	36.3555	36.3222	36.3048	36.3018	36.3042	36.2808	36.2733	36.276	36.2586	36.2536	36.2503	36.2488	36.2365	36.2393	36.2255	36.2124	36.2138	36.2071	36.1865	36.2009	36.1753	36.1782	36.1736	36.1609	36.1412	36.1515	36.1367	36.1257	36.1367	36.115	36.1079	36.1162	36.1046	36.1066	36.0998	36.0896	36.0806	36.071	36.065	36.057	36.0534	36.0472	36.0393	36.0417	36.0222	36.0259	36.0199	36.0103	36.0042	35.996	35.9892	35.9887	35.9839	35.9728	35.9591	35.9565	35.9478	35.9362	35.9413	35.9317	35.9097	35.914	35.9089	35.9024	35.888	35.879	35.8667	35.8605	35.8595	35.8369	35.833	35.8218	35.8184	35.7966	35.7988	35.7919	35.7933
FGC2639_s_2_1_TCATAGATTG-GATTAAGGTG_FGC2639_s_2_2_TCATAGATTG-GATTAAGGTG	36.2055	36.1946	36.3316	36.3423	36.3663	36.3872	36.3257	36.3778	36.3758	36.4075	36.4401	36.4263	36.4371	36.4385	36.4448	36.4455	36.4364	36.4445	36.4493	36.4443	36.4321	36.4264	36.4088	36.4041	36.3753	36.3593	36.3574	36.3588	36.3366	36.3341	36.3352	36.314	36.3101	36.3108	36.2973	36.2925	36.2923	36.2787	36.2694	36.2758	36.2705	36.2503	36.2589	36.2375	36.2352	36.2307	36.2172	36.1966	36.2048	36.1957	36.1876	36.2	36.1803	36.1688	36.1709	36.1556	36.1625	36.1552	36.1438	36.1429	36.132	36.1224	36.1163	36.1147	36.1026	36.0913	36.0939	36.0756	36.077	36.0738	36.0656	36.0592	36.0526	36.0427	36.0476	36.0358	36.0263	36.0167	36.0112	36.0088	35.9947	36.0063	35.9944	35.9761	35.9798	35.9671	35.9557	35.9428	35.9347	35.9231	35.9257	35.919	35.9013	35.8981	35.8859	35.8873	35.8608	35.8624	35.8545	35.8508
FGC2639_s_2_1_TCCATTGCCG-GAATGCACGA_FGC2639_s_2_2_TCCATTGCCG-GAATGCACGA	36.201	36.1682	36.2973	36.3092	36.327	36.3409	36.2775	36.3355	36.322	36.358	36.3955	36.3822	36.3849	36.3911	36.3989	36.4017	36.367	36.3993	36.4063	36.4	36.3822	36.3791	36.3591	36.3508	36.3226	36.3038	36.3034	36.3074	36.2806	36.2754	36.2778	36.2541	36.2497	36.2457	36.2405	36.2284	36.2321	36.2178	36.2049	36.209	36.2022	36.1864	36.1938	36.1669	36.1654	36.1509	36.1377	36.0791	36.1039	36.1219	36.0867	36.0871	36.1004	36.0538	36.0569	36.0615	36.0673	36.0408	36.0159	36.013	36.0324	35.9934	35.9888	36.0121	35.9689	35.9567	35.9825	35.9636	35.9408	35.9507	35.9343	35.9268	35.9126	35.9043	35.9164	35.9205	35.9173	35.9103	35.9077	35.8968	35.8887	35.8989	35.8834	35.8681	35.8677	35.8553	35.8463	35.8278	35.8064	35.7958	35.7954	35.7877	35.7673	35.7649	35.746	35.7484	35.7132	35.7139	35.6969	35.6924
FGC2639_s_2_1_TCTCATGATA-AACACGTGGA_FGC2639_s_2_2_TCTCATGATA-AACACGTGGA	36.2156	36.2122	36.3427	36.3558	36.3916	36.3972	36.3494	36.3987	36.3933	36.4266	36.4585	36.453	36.4544	36.457	36.4633	36.4631	36.4245	36.4598	36.4649	36.4583	36.4473	36.4415	36.4217	36.4144	36.3909	36.3739	36.3726	36.3741	36.3508	36.349	36.348	36.3196	36.3268	36.3205	36.3143	36.3036	36.306	36.2923	36.2813	36.28	36.2813	36.2607	36.2705	36.2435	36.2443	36.2345	36.2203	36.1391	36.1887	36.2044	36.1849	36.1769	36.182	36.1533	36.1506	36.1558	36.1634	36.1429	36.1136	36.1054	36.1192	36.0661	36.0727	36.1091	36.0504	36.0476	36.0702	36.0665	36.0107	36.038	36.0005	35.9894	35.9688	35.9649	35.9882	36.001	36.0057	35.997	36.0012	35.991	35.9817	35.989	35.9752	35.959	35.9567	35.9535	35.9377	35.9245	35.9107	35.903	35.8955	35.8902	35.8707	35.8634	35.8474	35.8513	35.823	35.8215	35.8094	35.8102
FGC2639_s_2_1_TCTGGTATCC-CGTTGCTTAC_FGC2639_s_2_2_TCTGGTATCC-CGTTGCTTAC	34.7541	34.8274	35.2835	35.5292	35.5748	35.5592	35.5337	35.6475	35.6636	35.6998	35.8231	35.8277	35.821	35.831	35.8459	35.8658	35.557	35.8609	35.8707	35.8783	35.8466	35.8393	35.8091	35.7684	35.7553	35.7207	35.7199	35.7343	35.6878	35.6704	35.6759	35.6149	35.6351	35.6306	35.622	35.6148	35.6321	35.6093	35.5864	35.6036	35.578	35.5602	35.5762	35.5099	35.5046	35.4935	35.4573	35.2371	35.339	35.488	35.3929	35.3438	35.444	35.3518	35.31	35.3599	35.435	35.3407	35.2514	35.2719	35.3203	35.149	35.1964	35.3425	35.1421	35.1776	35.2548	35.2844	35.1105	35.1826	35.1005	35.0635	35.0253	35.0251	35.1008	35.1656	35.1931	35.2053	35.2363	35.2364	35.2211	35.2441	35.2283	35.1921	35.203	35.2048	35.1892	35.1728	35.1521	35.135	35.1449	35.1313	35.0944	35.0837	35.0606	35.0583	35.0241	35.0305	35.0161	35.0267
FGC2639_s_2_1_TGATGTAAGA-GTGCGTCCTT_FGC2639_s_2_2_TGATGTAAGA-GTGCGTCCTT	36.1656	36.1702	36.3012	36.315	36.3406	36.3524	36.3	36.3519	36.3465	36.3778	36.4135	36.4032	36.4069	36.4111	36.4149	36.4159	36.4022	36.4131	36.4188	36.4102	36.3983	36.3957	36.3751	36.3704	36.3405	36.3236	36.3225	36.324	36.2998	36.2941	36.2933	36.27	36.268	36.2701	36.2639	36.2539	36.2545	36.2421	36.2286	36.2306	36.2247	36.2035	36.2165	36.1932	36.197	36.1889	36.1787	36.1461	36.159	36.1544	36.1285	36.1418	36.1271	36.1099	36.1138	36.1038	36.1097	36.1016	36.0861	36.0836	36.0746	36.065	36.0564	36.0541	36.0437	36.0358	36.04	36.0266	36.0255	36.0154	36.0059	36.0036	35.9901	35.9825	35.9815	35.9776	35.9745	35.9643	35.9632	35.9601	35.942	35.9489	35.937	35.9149	35.9193	35.9138	35.9092	35.8905	35.8805	35.8714	35.8666	35.8601	35.8351	35.8237	35.8142	35.8142	35.7881	35.7922	35.784	35.7842
FGC2639_s_2_1_TGATTATACG-GTCGATTACA_FGC2639_s_2_2_TGATTATACG-GTCGATTACA	36.2232	36.2003	36.3201	36.3278	36.3482	36.3644	36.3051	36.3538	36.3456	36.3831	36.4137	36.3999	36.408	36.4059	36.4176	36.4174	36.406	36.4178	36.4233	36.4162	36.4023	36.397	36.3798	36.3747	36.3446	36.3259	36.3241	36.3262	36.3029	36.2977	36.3	36.2775	36.2708	36.2738	36.2645	36.2584	36.259	36.2441	36.2345	36.2356	36.2277	36.2103	36.2167	36.1942	36.1986	36.1932	36.1814	36.1466	36.1613	36.1536	36.1335	36.1424	36.1287	36.1116	36.1181	36.1071	36.1093	36.0989	36.0847	36.0828	36.0784	36.0627	36.0564	36.0567	36.0424	36.0309	36.04	36.0179	36.0212	36.0155	36.0041	36.0002	35.9858	35.9786	35.9804	35.9759	35.9699	35.9598	35.9542	35.9471	35.932	35.9421	35.9263	35.9057	35.9082	35.896	35.8887	35.8798	35.8653	35.8549	35.8507	35.8416	35.8198	35.8127	35.7953	35.7949	35.773	35.7726	35.7613	35.7624
FGC2639_s_2_1_TGGTACCTAA-CATGAGTACT_FGC2639_s_2_2_TGGTACCTAA-CATGAGTACT	36.2012	36.1801	36.3068	36.3207	36.3496	36.3552	36.3008	36.3508	36.3481	36.3835	36.4094	36.4052	36.4073	36.4065	36.4137	36.4205	36.3835	36.4142	36.4184	36.4101	36.3955	36.3915	36.3716	36.3644	36.3351	36.3179	36.3134	36.3138	36.2902	36.2842	36.2863	36.262	36.2581	36.2571	36.2463	36.2364	36.2379	36.2247	36.2078	36.2135	36.2056	36.1856	36.1949	36.1655	36.1641	36.1591	36.1483	36.0826	36.1105	36.1263	36.0608	36.0705	36.09	36.0386	36.0431	36.0431	36.0386	36.0203	36.008	35.9978	36.0132	35.9804	35.9717	35.9823	35.956	35.9458	35.9593	35.937	35.9307	35.9212	35.9187	35.9064	35.8932	35.8817	35.8817	35.8897	35.8901	35.8866	35.8903	35.8864	35.8664	35.8776	35.8606	35.8376	35.8391	35.8293	35.8175	35.8026	35.786	35.7768	35.7695	35.7611	35.7395	35.7292	35.7113	35.7061	35.6772	35.6788	35.6622	35.6624
FGC2639_s_2_1_TGTAATCGAC-GATCACCGCG_FGC2639_s_2_2_TGTAATCGAC-GATCACCGCG	36.083	36.0463	36.1947	36.2148	36.2424	36.2511	36.1871	36.2512	36.2476	36.2819	36.3173	36.3081	36.3121	36.3189	36.3223	36.329	36.2655	36.3249	36.3298	36.3226	36.3049	36.2953	36.2767	36.2678	36.2317	36.2129	36.207	36.2136	36.1896	36.1834	36.1796	36.1609	36.1538	36.1526	36.1417	36.1313	36.1372	36.1182	36.1149	36.1094	36.1061	36.0808	36.0895	36.0634	36.0594	36.0501	36.0383	35.9523	35.9877	36.0162	35.9963	36.0059	35.9967	35.9793	35.9724	35.9619	35.9652	35.951	35.9351	35.9315	35.9185	35.8939	35.8873	35.9071	35.8699	35.8603	35.868	35.8532	35.8271	35.8272	35.7946	35.7859	35.7645	35.7615	35.7816	35.7867	35.7853	35.7734	35.7735	35.7686	35.7469	35.7614	35.7509	35.7275	35.7282	35.714	35.7004	35.6757	35.6586	35.6421	35.6452	35.633	35.6067	35.6033	35.5863	35.5785	35.5475	35.5401	35.5223	35.5172
FGC2639_s_2_1_TGTCGCTGGT-TCGTCTGACT_FGC2639_s_2_2_TGTCGCTGGT-TCGTCTGACT	36.2064	36.1979	36.327	36.3403	36.3637	36.3794	36.3199	36.3721	36.3691	36.3986	36.4353	36.4248	36.4321	36.4299	36.4351	36.439	36.4214	36.4354	36.4377	36.4319	36.4189	36.4149	36.3942	36.3904	36.3627	36.3444	36.3442	36.3442	36.3212	36.3151	36.3172	36.2962	36.2916	36.2905	36.2819	36.2719	36.275	36.2588	36.2467	36.2527	36.2376	36.227	36.2345	36.2084	36.2089	36.204	36.188	36.1508	36.1657	36.1675	36.1475	36.1484	36.1436	36.1271	36.1275	36.1227	36.1294	36.1165	36.0959	36.0905	36.0913	36.0684	36.0634	36.0758	36.0468	36.041	36.0515	36.0395	36.0226	36.0267	36.0074	35.9996	35.9925	35.9795	35.9907	35.9898	35.9847	35.9735	35.9717	35.9614	35.9539	35.9579	35.9448	35.9246	35.9286	35.9217	35.9178	35.9023	35.8949	35.8837	35.8799	35.871	35.852	35.8438	35.8338	35.831	35.811	35.8103	35.8044	35.8004
FGC2639_s_2_1_TTCACGAGAC-AGATTGTTAC_FGC2639_s_2_2_TTCACGAGAC-AGATTGTTAC	35.6209	35.4496	35.7517	35.8617	35.8867	35.8877	35.8296	35.9318	35.9351	35.9465	36.0552	36.0441	36.0374	36.0446	36.0545	36.0665	36.0295	36.0635	36.0745	36.0639	36.0455	36.0415	36.0137	36.0068	35.9599	35.9319	35.9303	35.9371	35.9017	35.891	35.8965	35.8605	35.8671	35.8629	35.8544	35.8387	35.8447	35.8252	35.806	35.815	35.8094	35.7816	35.7995	35.7575	35.7736	35.7584	35.747	35.6996	35.7251	35.7204	35.7078	35.7288	35.6982	35.6842	35.7005	35.6758	35.6827	35.6762	35.6592	35.6525	35.6443	35.6228	35.6087	35.6221	35.5939	35.5884	35.5955	35.5725	35.5736	35.565	35.545	35.5372	35.5227	35.5074	35.517	35.5189	35.5069	35.4908	35.4926	35.4833	35.4679	35.4826	35.4685	35.4354	35.4422	35.4306	35.4184	35.4086	35.3841	35.373	35.3737	35.3661	35.3383	35.3238	35.3052	35.3057	35.2713	35.2774	35.2664	35.2717
FGC2639_s_2_1_TTCTACATAC-CTAACTGTAA_FGC2639_s_2_2_TTCTACATAC-CTAACTGTAA	36.2777	36.245	36.3635	36.3779	36.3892	36.4134	36.3532	36.3941	36.3906	36.424	36.4583	36.4418	36.4532	36.4518	36.4576	36.4597	36.4488	36.46	36.4672	36.4561	36.4472	36.4418	36.4234	36.4179	36.3905	36.3739	36.3763	36.3756	36.3533	36.3498	36.3491	36.3278	36.3246	36.3253	36.3155	36.307	36.3137	36.2956	36.2856	36.2914	36.2842	36.2689	36.2767	36.2518	36.2496	36.2456	36.2352	36.2099	36.2244	36.2123	36.2072	36.2196	36.1947	36.1847	36.192	36.1737	36.1781	36.1711	36.1589	36.1602	36.1479	36.1375	36.1328	36.1292	36.1136	36.1031	36.1083	36.0941	36.0909	36.0901	36.0766	36.0668	36.0608	36.0522	36.0537	36.0498	36.04	36.0297	36.0249	36.0174	36.0047	36.0131	35.9983	35.9814	35.9823	35.9709	35.9642	35.9506	35.9394	35.9296	35.923	35.9186	35.9	35.8933	35.8806	35.8747	35.8523	35.8502	35.8436	35.8391
FGC2639_s_2_1_TTGGAATTCC-ACGTCAATAC_FGC2639_s_2_2_TTGGAATTCC-ACGTCAATAC	35.0153	34.9065	35.336	35.602	35.6094	35.6018	35.5396	35.6824	35.699	35.7175	35.8538	35.829	35.8278	35.8358	35.8571	35.8771	35.8319	35.8703	35.8928	35.8852	35.856	35.852	35.8235	35.8068	35.7681	35.7324	35.7272	35.743	35.697	35.691	35.6941	35.6559	35.6526	35.6557	35.6456	35.6306	35.6412	35.6185	35.6009	35.6035	35.5988	35.5727	35.5994	35.5439	35.5579	35.5513	35.5387	35.4876	35.5221	35.5005	35.4867	35.5095	35.4823	35.4605	35.4797	35.4588	35.4702	35.4537	35.4333	35.4279	35.4243	35.3978	35.3911	35.4056	35.3687	35.3663	35.3809	35.3501	35.3484	35.3538	35.3296	35.3186	35.3033	35.2884	35.296	35.2954	35.2793	35.2632	35.2608	35.2537	35.2314	35.249	35.2272	35.1887	35.203	35.189	35.1749	35.1543	35.1334	35.116	35.123	35.1031	35.0648	35.0516	35.032	35.0283	34.9924	34.9999	34.9802	34.9841
